param,material,process,system,color,n,median_abs_diff_pct,mean_abs_diff_pct,q25_abs_diff_pct,q75_abs_diff_pct
ra,14301,b,FV,blue,1,344.293315015186,344.293315015186,344.293315015186,344.293315015186
ra,14301,b,FV,green,1,125.835406540607,125.835406540607,125.835406540607,125.835406540607
ra,14301,b,FV,red,1,158.782107216207,158.782107216207,158.782107216207,158.782107216207
ra,14301,b,conf,blue,1,149.135238036735,149.135238036735,149.135238036735,149.135238036735
ra,14301,b,conf,green,1,148.504573846377,148.504573846377,148.504573846377,148.504573846377
ra,14301,b,conf,red,1,198.28508617171,198.28508617171,198.28508617171,198.28508617171
ra,14301,b,fusion,blue,1,197.048818353357,197.048818353357,197.048818353357,197.048818353357
ra,14301,b,fusion,green,1,192.416694772479,192.416694772479,192.416694772479,192.416694772479
ra,14301,b,fusion,red,1,253.637097142765,253.637097142765,253.637097142765,253.637097142765
ra,14301,b,int,blue,1,141.854425064477,141.854425064477,141.854425064477,141.854425064477
ra,14301,b,int,green,1,11.140832750516,11.140832750516,11.140832750516,11.140832750516
ra,14301,b,int,red,1,252.513834924244,252.513834924244,252.513834924244,252.513834924244
ra,14301,b,int,white,1,17.8046093200529,17.8046093200529,17.8046093200529,17.8046093200529
ra,14301,gla,FV,blue,1,6.12694688554963,6.12694688554963,6.12694688554963,6.12694688554963
ra,14301,gla,FV,green,1,17.0875366489345,17.0875366489345,17.0875366489345,17.0875366489345
ra,14301,gla,FV,red,1,0.791550096250212,0.791550096250212,0.791550096250212,0.791550096250212
ra,14301,gla,conf,blue,1,18.1464090754326,18.1464090754326,18.1464090754326,18.1464090754326
ra,14301,gla,conf,green,1,36.5405223841291,36.5405223841291,36.5405223841291,36.5405223841291
ra,14301,gla,conf,red,1,53.4519158101584,53.4519158101584,53.4519158101584,53.4519158101584
ra,14301,gla,fusion,blue,1,59.2761195619805,59.2761195619805,59.2761195619805,59.2761195619805
ra,14301,gla,fusion,green,1,70.7748628230854,70.7748628230854,70.7748628230854,70.7748628230854
ra,14301,gla,fusion,red,1,88.9102724165356,88.9102724165356,88.9102724165356,88.9102724165356
ra,14301,gla,int,blue,1,27.8391090159206,27.8391090159206,27.8391090159206,27.8391090159206
ra,14301,gla,int,green,1,39.9739768300296,39.9739768300296,39.9739768300296,39.9739768300296
ra,14301,gla,int,red,1,31.4815087889724,31.4815087889724,31.4815087889724,31.4815087889724
ra,14301,gla,int,white,1,40.9712929794712,40.9712929794712,40.9712929794712,40.9712929794712
ra,14301,gri,FV,blue,1,63.814152613516,63.814152613516,63.814152613516,63.814152613516
ra,14301,gri,FV,green,1,35.3668218151127,35.3668218151127,35.3668218151127,35.3668218151127
ra,14301,gri,FV,red,1,59.2421146865064,59.2421146865064,59.2421146865064,59.2421146865064
ra,14301,gri,conf,blue,1,28.7375404435786,28.7375404435786,28.7375404435786,28.7375404435786
ra,14301,gri,conf,green,1,34.9693889831063,34.9693889831063,34.9693889831063,34.9693889831063
ra,14301,gri,conf,red,1,44.6359706806324,44.6359706806324,44.6359706806324,44.6359706806324
ra,14301,gri,fusion,blue,1,47.8819300167161,47.8819300167161,47.8819300167161,47.8819300167161
ra,14301,gri,fusion,green,1,53.0813106126927,53.0813106126927,53.0813106126927,53.0813106126927
ra,14301,gri,fusion,red,1,64.8573959218929,64.8573959218929,64.8573959218929,64.8573959218929
ra,14301,gri,int,blue,1,16.3265705044063,16.3265705044063,16.3265705044063,16.3265705044063
ra,14301,gri,int,green,1,19.1463594852502,19.1463594852502,19.1463594852502,19.1463594852502
ra,14301,gri,int,red,1,13.3920304552239,13.3920304552239,13.3920304552239,13.3920304552239
ra,14301,gri,int,white,1,20.1754033934219,20.1754033934219,20.1754033934219,20.1754033934219
ra,14301,hon,FV,blue,1,37.1332088640977,37.1332088640977,37.1332088640977,37.1332088640977
ra,14301,hon,FV,green,1,51.8318588955148,51.8318588955148,51.8318588955148,51.8318588955148
ra,14301,hon,FV,red,1,106.749344806359,106.749344806359,106.749344806359,106.749344806359
ra,14301,hon,conf,blue,1,11.723009230651,11.723009230651,11.723009230651,11.723009230651
ra,14301,hon,conf,green,1,32.7181686323015,32.7181686323015,32.7181686323015,32.7181686323015
ra,14301,hon,conf,red,1,46.8630772424569,46.8630772424569,46.8630772424569,46.8630772424569
ra,14301,hon,fusion,blue,1,55.8846257631041,55.8846257631041,55.8846257631041,55.8846257631041
ra,14301,hon,fusion,green,1,68.2183519912376,68.2183519912376,68.2183519912376,68.2183519912376
ra,14301,hon,fusion,red,1,84.6733279232776,84.6733279232776,84.6733279232776,84.6733279232776
ra,14301,hon,int,blue,1,2.64459501501027,2.64459501501027,2.64459501501027,2.64459501501027
ra,14301,hon,int,green,1,6.13046852563489,6.13046852563489,6.13046852563489,6.13046852563489
ra,14301,hon,int,red,1,0.369447893329784,0.369447893329784,0.369447893329784,0.369447893329784
ra,14301,hon,int,white,1,6.89916630515209,6.89916630515209,6.89916630515209,6.89916630515209
ra,14301,mf,FV,blue,1,124.89243673727,124.89243673727,124.89243673727,124.89243673727
ra,14301,mf,FV,green,1,55.0057318803917,55.0057318803917,55.0057318803917,55.0057318803917
ra,14301,mf,FV,red,1,66.4908429318008,66.4908429318008,66.4908429318008,66.4908429318008
ra,14301,mf,conf,blue,1,80.1521618130216,80.1521618130216,80.1521618130216,80.1521618130216
ra,14301,mf,conf,green,1,95.1077932426705,95.1077932426705,95.1077932426705,95.1077932426705
ra,14301,mf,conf,red,1,123.057601889103,123.057601889103,123.057601889103,123.057601889103
ra,14301,mf,fusion,blue,1,98.3956624095943,98.3956624095943,98.3956624095943,98.3956624095943
ra,14301,mf,fusion,green,1,132.541896304907,132.541896304907,132.541896304907,132.541896304907
ra,14301,mf,fusion,red,1,163.512578120843,163.512578120843,163.512578120843,163.512578120843
ra,14301,mf,int,blue,1,167.36346173791,167.36346173791,167.36346173791,167.36346173791
ra,14301,mf,int,green,1,39.5660894271749,39.5660894271749,39.5660894271749,39.5660894271749
ra,14301,mf,int,red,1,80.6047162459345,80.6047162459345,80.6047162459345,80.6047162459345
ra,14301,mf,int,white,1,38.9380192751862,38.9380192751862,38.9380192751862,38.9380192751862
ra,14301,mr,FV,blue,1,73.4559199887733,73.4559199887733,73.4559199887733,73.4559199887733
ra,14301,mr,FV,green,1,80.8890120272335,80.8890120272335,80.8890120272335,80.8890120272335
ra,14301,mr,FV,red,1,80.9704690794978,80.9704690794978,80.9704690794978,80.9704690794978
ra,14301,mr,conf,blue,1,83.7390667121205,83.7390667121205,83.7390667121205,83.7390667121205
ra,14301,mr,conf,green,1,79.6899443049974,79.6899443049974,79.6899443049974,79.6899443049974
ra,14301,mr,conf,red,1,75.8689751638108,75.8689751638108,75.8689751638108,75.8689751638108
ra,14301,mr,fusion,blue,1,82.0091470855799,82.0091470855799,82.0091470855799,82.0091470855799
ra,14301,mr,fusion,green,1,77.5561620762261,77.5561620762261,77.5561620762261,77.5561620762261
ra,14301,mr,fusion,red,1,73.6583574903872,73.6583574903872,73.6583574903872,73.6583574903872
ra,14301,mr,int,blue,1,69.5136149849312,69.5136149849312,69.5136149849312,69.5136149849312
ra,14301,mr,int,green,1,88.9606559891129,88.9606559891129,88.9606559891129,88.9606559891129
ra,14301,mr,int,red,1,68.7728080900642,68.7728080900642,68.7728080900642,68.7728080900642
ra,14301,mr,int,white,1,89.4956469776037,89.4956469776037,89.4956469776037,89.4956469776037
ra,14301,tf,FV,blue,1,15.8612038742836,15.8612038742836,15.8612038742836,15.8612038742836
ra,14301,tf,FV,green,1,40.5284736295452,40.5284736295452,40.5284736295452,40.5284736295452
ra,14301,tf,FV,red,1,43.9255283875198,43.9255283875198,43.9255283875198,43.9255283875198
ra,14301,tf,conf,blue,1,47.0413335230854,47.0413335230854,47.0413335230854,47.0413335230854
ra,14301,tf,conf,green,1,43.3825992911465,43.3825992911465,43.3825992911465,43.3825992911465
ra,14301,tf,conf,red,1,40.9508424458344,40.9508424458344,40.9508424458344,40.9508424458344
ra,14301,tf,fusion,blue,1,42.3575591732061,42.3575591732061,42.3575591732061,42.3575591732061
ra,14301,tf,fusion,green,1,36.772603929056,36.772603929056,36.772603929056,36.772603929056
ra,14301,tf,fusion,red,1,33.6319093109447,33.6319093109447,33.6319093109447,33.6319093109447
ra,14301,tf,int,blue,1,46.5288902638031,46.5288902638031,46.5288902638031,46.5288902638031
ra,14301,tf,int,green,1,56.0632107480551,56.0632107480551,56.0632107480551,56.0632107480551
ra,14301,tf,int,red,1,50.3969397173515,50.3969397173515,50.3969397173515,50.3969397173515
ra,14301,tf,int,white,1,56.4573767045768,56.4573767045768,56.4573767045768,56.4573767045768
ra,14301,tr,FV,blue,1,42.0059258461871,42.0059258461871,42.0059258461871,42.0059258461871
ra,14301,tr,FV,green,1,58.0426420501938,58.0426420501938,58.0426420501938,58.0426420501938
ra,14301,tr,FV,red,1,58.7764291969623,58.7764291969623,58.7764291969623,58.7764291969623
ra,14301,tr,conf,blue,1,58.3441817087037,58.3441817087037,58.3441817087037,58.3441817087037
ra,14301,tr,conf,green,1,55.7152772389075,55.7152772389075,55.7152772389075,55.7152772389075
ra,14301,tr,conf,red,1,54.344484897329,54.344484897329,54.344484897329,54.344484897329
ra,14301,tr,fusion,blue,1,55.7363438158918,55.7363438158918,55.7363438158918,55.7363438158918
ra,14301,tr,fusion,green,1,51.8644700775104,51.8644700775104,51.8644700775104,51.8644700775104
ra,14301,tr,fusion,red,1,49.6100780089457,49.6100780089457,49.6100780089457,49.6100780089457
ra,14301,tr,int,blue,1,50.6070872438708,50.6070872438708,50.6070872438708,50.6070872438708
ra,14301,tr,int,green,1,60.1773816663922,60.1773816663922,60.1773816663922,60.1773816663922
ra,14301,tr,int,red,1,55.5448025087653,55.5448025087653,55.5448025087653,55.5448025087653
ra,14301,tr,int,white,1,60.1871437122612,60.1871437122612,60.1871437122612,60.1871437122612
ra,14301,wedm_f,FV,blue,1,32.9803158650808,32.9803158650808,32.9803158650808,32.9803158650808
ra,14301,wedm_f,FV,green,1,1.24459149132401,1.24459149132401,1.24459149132401,1.24459149132401
ra,14301,wedm_f,FV,red,1,22.6406629395838,22.6406629395838,22.6406629395838,22.6406629395838
ra,14301,wedm_f,conf,blue,1,46.8493492018148,46.8493492018148,46.8493492018148,46.8493492018148
ra,14301,wedm_f,conf,green,1,55.8994885157176,55.8994885157176,55.8994885157176,55.8994885157176
ra,14301,wedm_f,conf,red,1,77.4890386868856,77.4890386868856,77.4890386868856,77.4890386868856
ra,14301,wedm_f,fusion,blue,1,93.3335998971211,93.3335998971211,93.3335998971211,93.3335998971211
ra,14301,wedm_f,fusion,green,1,100.284581929348,100.284581929348,100.284581929348,100.284581929348
ra,14301,wedm_f,fusion,red,1,127.12712869378,127.12712869378,127.12712869378,127.12712869378
ra,14301,wedm_f,int,blue,1,21.3404624546262,21.3404624546262,21.3404624546262,21.3404624546262
ra,14301,wedm_f,int,green,1,10.7021873553114,10.7021873553114,10.7021873553114,10.7021873553114
ra,14301,wedm_f,int,red,1,17.0762204833089,17.0762204833089,17.0762204833089,17.0762204833089
ra,14301,wedm_f,int,white,1,10.5930217537381,10.5930217537381,10.5930217537381,10.5930217537381
ra,14301,wedm_r,FV,blue,1,7.14410356088411,7.14410356088411,7.14410356088411,7.14410356088411
ra,14301,wedm_r,FV,green,1,1.35766628685674,1.35766628685674,1.35766628685674,1.35766628685674
ra,14301,wedm_r,FV,red,1,0.209405732199418,0.209405732199418,0.209405732199418,0.209405732199418
ra,14301,wedm_r,conf,blue,1,2.99984111376968,2.99984111376968,2.99984111376968,2.99984111376968
ra,14301,wedm_r,conf,green,1,3.24063206592493,3.24063206592493,3.24063206592493,3.24063206592493
ra,14301,wedm_r,conf,red,1,5.74393158625355,5.74393158625355,5.74393158625355,5.74393158625355
ra,14301,wedm_r,fusion,blue,1,9.9582074324597,9.9582074324597,9.9582074324597,9.9582074324597
ra,14301,wedm_r,fusion,green,1,6.04918583848721,6.04918583848721,6.04918583848721,6.04918583848721
ra,14301,wedm_r,fusion,red,1,9.47623206237262,9.47623206237262,9.47623206237262,9.47623206237262
ra,14301,wedm_r,int,green,1,11.0380468335306,11.0380468335306,11.0380468335306,11.0380468335306
ra,14301,wedm_r,int,red,1,6.9596031117015,6.9596031117015,6.9596031117015,6.9596031117015
ra,14301,wedm_r,int,white,1,10.3357270203197,10.3357270203197,10.3357270203197,10.3357270203197
ra,al7075,b,FV,blue,1,342.144687994523,342.144687994523,342.144687994523,342.144687994523
ra,al7075,b,FV,green,1,128.508880366776,128.508880366776,128.508880366776,128.508880366776
ra,al7075,b,FV,red,1,137.191356087829,137.191356087829,137.191356087829,137.191356087829
ra,al7075,b,conf,blue,1,139.757171889541,139.757171889541,139.757171889541,139.757171889541
ra,al7075,b,conf,green,1,133.428940244121,133.428940244121,133.428940244121,133.428940244121
ra,al7075,b,conf,red,1,163.68509739247,163.68509739247,163.68509739247,163.68509739247
ra,al7075,b,fusion,blue,1,173.516494847041,173.516494847041,173.516494847041,173.516494847041
ra,al7075,b,fusion,green,1,162.837828587075,162.837828587075,162.837828587075,162.837828587075
ra,al7075,b,fusion,red,1,197.023680949666,197.023680949666,197.023680949666,197.023680949666
ra,al7075,b,int,blue,1,314.794058588336,314.794058588336,314.794058588336,314.794058588336
ra,al7075,b,int,green,1,52.3891623139716,52.3891623139716,52.3891623139716,52.3891623139716
ra,al7075,b,int,red,1,915.094899854739,915.094899854739,915.094899854739,915.094899854739
ra,al7075,b,int,white,1,22.5879655120824,22.5879655120824,22.5879655120824,22.5879655120824
ra,al7075,gla,FV,blue,1,15.8267738873313,15.8267738873313,15.8267738873313,15.8267738873313
ra,al7075,gla,FV,green,1,17.4100927689479,17.4100927689479,17.4100927689479,17.4100927689479
ra,al7075,gla,FV,red,1,2.96568817466986,2.96568817466986,2.96568817466986,2.96568817466986
ra,al7075,gla,conf,blue,1,7.26627245537553,7.26627245537553,7.26627245537553,7.26627245537553
ra,al7075,gla,conf,green,1,31.7602980556338,31.7602980556338,31.7602980556338,31.7602980556338
ra,al7075,gla,conf,red,1,49.5401094987197,49.5401094987197,49.5401094987197,49.5401094987197
ra,al7075,gla,fusion,blue,1,34.855539165732,34.855539165732,34.855539165732,34.855539165732
ra,al7075,gla,fusion,green,1,51.1520627250386,51.1520627250386,51.1520627250386,51.1520627250386
ra,al7075,gla,fusion,red,1,68.8009147900972,68.8009147900972,68.8009147900972,68.8009147900972
ra,al7075,gla,int,blue,1,11.2685213034861,11.2685213034861,11.2685213034861,11.2685213034861
ra,al7075,gla,int,green,1,8.09560258362423,8.09560258362423,8.09560258362423,8.09560258362423
ra,al7075,gla,int,red,1,10.7602492398193,10.7602492398193,10.7602492398193,10.7602492398193
ra,al7075,gla,int,white,1,8.06801440921043,8.06801440921043,8.06801440921043,8.06801440921043
ra,al7075,gri,FV,blue,1,87.3879103304465,87.3879103304465,87.3879103304465,87.3879103304465
ra,al7075,gri,FV,green,1,42.5612937688618,42.5612937688618,42.5612937688618,42.5612937688618
ra,al7075,gri,FV,red,1,65.5034562813063,65.5034562813063,65.5034562813063,65.5034562813063
ra,al7075,gri,conf,blue,1,16.615221072802,16.615221072802,16.615221072802,16.615221072802
ra,al7075,gri,conf,green,1,31.4587711726046,31.4587711726046,31.4587711726046,31.4587711726046
ra,al7075,gri,conf,red,1,47.3961547824289,47.3961547824289,47.3961547824289,47.3961547824289
ra,al7075,gri,fusion,blue,1,36.6147828051782,36.6147828051782,36.6147828051782,36.6147828051782
ra,al7075,gri,fusion,green,1,54.5583165104749,54.5583165104749,54.5583165104749,54.5583165104749
ra,al7075,gri,fusion,red,1,70.6962341497769,70.6962341497769,70.6962341497769,70.6962341497769
ra,al7075,gri,int,blue,1,6.67363867690772,6.67363867690772,6.67363867690772,6.67363867690772
ra,al7075,gri,int,green,1,17.5621830380557,17.5621830380557,17.5621830380557,17.5621830380557
ra,al7075,gri,int,red,1,2.57868982813595,2.57868982813595,2.57868982813595,2.57868982813595
ra,al7075,gri,int,white,1,18.9246199066266,18.9246199066266,18.9246199066266,18.9246199066266
ra,al7075,hon,FV,blue,1,8.12777316879399,8.12777316879399,8.12777316879399,8.12777316879399
ra,al7075,hon,FV,green,1,25.8782240047812,25.8782240047812,25.8782240047812,25.8782240047812
ra,al7075,hon,FV,red,1,6.0009881264271,6.0009881264271,6.0009881264271,6.0009881264271
ra,al7075,hon,conf,blue,1,44.4502948314108,44.4502948314108,44.4502948314108,44.4502948314108
ra,al7075,hon,conf,green,1,33.3544799986207,33.3544799986207,33.3544799986207,33.3544799986207
ra,al7075,hon,conf,red,1,25.0966160332082,25.0966160332082,25.0966160332082,25.0966160332082
ra,al7075,hon,fusion,blue,1,32.8036836474726,32.8036836474726,32.8036836474726,32.8036836474726
ra,al7075,hon,fusion,green,1,19.7192713225225,19.7192713225225,19.7192713225225,19.7192713225225
ra,al7075,hon,fusion,red,1,11.4160459605529,11.4160459605529,11.4160459605529,11.4160459605529
ra,al7075,hon,int,blue,1,51.5359747230621,51.5359747230621,51.5359747230621,51.5359747230621
ra,al7075,hon,int,green,1,57.3969041851939,57.3969041851939,57.3969041851939,57.3969041851939
ra,al7075,hon,int,red,1,51.4268227902706,51.4268227902706,51.4268227902706,51.4268227902706
ra,al7075,hon,int,white,1,57.683752108618,57.683752108618,57.683752108618,57.683752108618
ra,al7075,mf,FV,blue,1,215.637038517854,215.637038517854,215.637038517854,215.637038517854
ra,al7075,mf,FV,green,1,81.6073240344425,81.6073240344425,81.6073240344425,81.6073240344425
ra,al7075,mf,FV,red,1,92.866563137828,92.866563137828,92.866563137828,92.866563137828
ra,al7075,mf,conf,blue,1,85.8145457570519,85.8145457570519,85.8145457570519,85.8145457570519
ra,al7075,mf,conf,green,1,105.448314700607,105.448314700607,105.448314700607,105.448314700607
ra,al7075,mf,conf,red,1,144.659147260974,144.659147260974,144.659147260974,144.659147260974
ra,al7075,mf,fusion,blue,1,120.242091858471,120.242091858471,120.242091858471,120.242091858471
ra,al7075,mf,fusion,green,1,138.859757080858,138.859757080858,138.859757080858,138.859757080858
ra,al7075,mf,fusion,red,1,176.776761056208,176.776761056208,176.776761056208,176.776761056208
ra,al7075,mf,int,blue,1,109.092498265802,109.092498265802,109.092498265802,109.092498265802
ra,al7075,mf,int,green,1,21.100970864567,21.100970864567,21.100970864567,21.100970864567
ra,al7075,mf,int,red,1,326.61225242357,326.61225242357,326.61225242357,326.61225242357
ra,al7075,mf,int,white,1,33.4927674787668,33.4927674787668,33.4927674787668,33.4927674787668
ra,al7075,mr,FV,blue,1,278.791044232937,278.791044232937,278.791044232937,278.791044232937
ra,al7075,mr,FV,green,1,142.314251065407,142.314251065407,142.314251065407,142.314251065407
ra,al7075,mr,FV,red,1,97.357975361091,97.357975361091,97.357975361091,97.357975361091
ra,al7075,mr,conf,blue,1,57.8842887803918,57.8842887803918,57.8842887803918,57.8842887803918
ra,al7075,mr,conf,green,1,79.0342127102346,79.0342127102346,79.0342127102346,79.0342127102346
ra,al7075,mr,conf,red,1,97.1399164417483,97.1399164417483,97.1399164417483,97.1399164417483
ra,al7075,mr,fusion,blue,1,96.8906421462502,96.8906421462502,96.8906421462502,96.8906421462502
ra,al7075,mr,fusion,green,1,129.716077335982,129.716077335982,129.716077335982,129.716077335982
ra,al7075,mr,fusion,red,1,145.882316040098,145.882316040098,145.882316040098,145.882316040098
ra,al7075,mr,int,blue,1,53.6023037201248,53.6023037201248,53.6023037201248,53.6023037201248
ra,al7075,mr,int,green,1,42.7863388990324,42.7863388990324,42.7863388990324,42.7863388990324
ra,al7075,mr,int,red,1,182.047428541522,182.047428541522,182.047428541522,182.047428541522
ra,al7075,mr,int,white,1,49.5371548990939,49.5371548990939,49.5371548990939,49.5371548990939
ra,al7075,tf,FV,blue,1,2.45513718401794,2.45513718401794,2.45513718401794,2.45513718401794
ra,al7075,tf,FV,green,1,26.3814326072156,26.3814326072156,26.3814326072156,26.3814326072156
ra,al7075,tf,FV,red,1,27.8763594202811,27.8763594202811,27.8763594202811,27.8763594202811
ra,al7075,tf,conf,blue,1,37.8065305635832,37.8065305635832,37.8065305635832,37.8065305635832
ra,al7075,tf,conf,green,1,26.8236050713632,26.8236050713632,26.8236050713632,26.8236050713632
ra,al7075,tf,conf,red,1,18.0490632391343,18.0490632391343,18.0490632391343,18.0490632391343
ra,al7075,tf,fusion,blue,1,28.9060103396827,28.9060103396827,28.9060103396827,28.9060103396827
ra,al7075,tf,fusion,green,1,13.7361096140719,13.7361096140719,13.7361096140719,13.7361096140719
ra,al7075,tf,fusion,red,1,4.4129997135243,4.4129997135243,4.4129997135243,4.4129997135243
ra,al7075,tf,int,blue,1,27.5923589721983,27.5923589721983,27.5923589721983,27.5923589721983
ra,al7075,tf,int,green,1,45.784596198139,45.784596198139,45.784596198139,45.784596198139
ra,al7075,tf,int,red,1,13.0443965869145,13.0443965869145,13.0443965869145,13.0443965869145
ra,al7075,tf,int,white,1,47.4719727975258,47.4719727975258,47.4719727975258,47.4719727975258
ra,al7075,tr,FV,blue,1,65.7990810780424,65.7990810780424,65.7990810780424,65.7990810780424
ra,al7075,tr,FV,green,1,70.888104398402,70.888104398402,70.888104398402,70.888104398402
ra,al7075,tr,FV,red,1,70.9568433265427,70.9568433265427,70.9568433265427,70.9568433265427
ra,al7075,tr,conf,blue,1,70.0844428338544,70.0844428338544,70.0844428338544,70.0844428338544
ra,al7075,tr,conf,green,1,69.9074569794514,69.9074569794514,69.9074569794514,69.9074569794514
ra,al7075,tr,conf,red,1,68.6438221746473,68.6438221746473,68.6438221746473,68.6438221746473
ra,al7075,tr,fusion,blue,1,68.7970124762689,68.7970124762689,68.7970124762689,68.7970124762689
ra,al7075,tr,fusion,green,1,68.203087574476,68.203087574476,68.203087574476,68.203087574476
ra,al7075,tr,fusion,red,1,66.7822975559401,66.7822975559401,66.7822975559401,66.7822975559401
ra,al7075,tr,int,blue,1,68.2615942806926,68.2615942806926,68.2615942806926,68.2615942806926
ra,al7075,tr,int,green,1,73.0223960379787,73.0223960379787,73.0223960379787,73.0223960379787
ra,al7075,tr,int,red,1,71.8574323542234,71.8574323542234,71.8574323542234,71.8574323542234
ra,al7075,tr,int,white,1,73.0688394820217,73.0688394820217,73.0688394820217,73.0688394820217
ra,al7075,wedm_f,FV,blue,1,78.2390444129736,78.2390444129736,78.2390444129736,78.2390444129736
ra,al7075,wedm_f,FV,green,1,43.1222776344827,43.1222776344827,43.1222776344827,43.1222776344827
ra,al7075,wedm_f,FV,red,1,60.6089191882771,60.6089191882771,60.6089191882771,60.6089191882771
ra,al7075,wedm_f,conf,blue,1,99.3870190500584,99.3870190500584,99.3870190500584,99.3870190500584
ra,al7075,wedm_f,conf,green,1,96.6286230240909,96.6286230240909,96.6286230240909,96.6286230240909
ra,al7075,wedm_f,conf,red,1,126.039078610481,126.039078610481,126.039078610481,126.039078610481
ra,al7075,wedm_f,fusion,blue,1,183.140821899242,183.140821899242,183.140821899242,183.140821899242
ra,al7075,wedm_f,fusion,green,1,166.04758023728,166.04758023728,166.04758023728,166.04758023728
ra,al7075,wedm_f,fusion,red,1,210.300337505511,210.300337505511,210.300337505511,210.300337505511
ra,al7075,wedm_f,int,blue,1,35.7985458510849,35.7985458510849,35.7985458510849,35.7985458510849
ra,al7075,wedm_f,int,green,1,4.12337753915893,4.12337753915893,4.12337753915893,4.12337753915893
ra,al7075,wedm_f,int,red,1,3.19073260976706,3.19073260976706,3.19073260976706,3.19073260976706
ra,al7075,wedm_f,int,white,1,8.30820410655968,8.30820410655968,8.30820410655968,8.30820410655968
ra,al7075,wedm_r,FV,blue,1,13.8448241066791,13.8448241066791,13.8448241066791,13.8448241066791
ra,al7075,wedm_r,FV,green,1,7.25300113326929,7.25300113326929,7.25300113326929,7.25300113326929
ra,al7075,wedm_r,FV,red,1,3.10358605626855,3.10358605626855,3.10358605626855,3.10358605626855
ra,al7075,wedm_r,conf,blue,1,1.61552200658661,1.61552200658661,1.61552200658661,1.61552200658661
ra,al7075,wedm_r,conf,green,1,4.58135915628518,4.58135915628518,4.58135915628518,4.58135915628518
ra,al7075,wedm_r,conf,red,1,11.9509401884167,11.9509401884167,11.9509401884167,11.9509401884167
ra,al7075,wedm_r,fusion,blue,1,15.8533445768414,15.8533445768414,15.8533445768414,15.8533445768414
ra,al7075,wedm_r,fusion,green,1,26.9037454630398,26.9037454630398,26.9037454630398,26.9037454630398
ra,al7075,wedm_r,fusion,red,1,38.3621137143612,38.3621137143612,38.3621137143612,38.3621137143612
ra,al7075,wedm_r,int,blue,1,10.6476591277627,10.6476591277627,10.6476591277627,10.6476591277627
ra,al7075,wedm_r,int,green,1,4.74977630605428,4.74977630605428,4.74977630605428,4.74977630605428
ra,al7075,wedm_r,int,red,1,5.41961695603626,5.41961695603626,5.41961695603626,5.41961695603626
ra,al7075,wedm_r,int,white,1,3.9918026587578,3.9918026587578,3.9918026587578,3.9918026587578
ra,c45,b,FV,blue,1,276.258093072863,276.258093072863,276.258093072863,276.258093072863
ra,c45,b,FV,green,1,100.941902717151,100.941902717151,100.941902717151,100.941902717151
ra,c45,b,FV,red,1,149.163365271809,149.163365271809,149.163365271809,149.163365271809
ra,c45,b,conf,green,1,160.478156013958,160.478156013958,160.478156013958,160.478156013958
ra,c45,b,conf,red,1,216.092280394828,216.092280394828,216.092280394828,216.092280394828
ra,c45,b,fusion,blue,1,173.085485142269,173.085485142269,173.085485142269,173.085485142269
ra,c45,b,fusion,green,1,199.242742593517,199.242742593517,199.242742593517,199.242742593517
ra,c45,b,fusion,red,1,267.339069415089,267.339069415089,267.339069415089,267.339069415089
ra,c45,b,int,blue,2,590.914575179542,590.914575179542,588.9698192224605,592.8593311366235
ra,c45,b,int,green,1,2.8715360386855,2.8715360386855,2.8715360386855,2.8715360386855
ra,c45,b,int,red,1,71.2103504799368,71.2103504799368,71.2103504799368,71.2103504799368
ra,c45,b,int,white,1,1.19216757511038,1.19216757511038,1.19216757511038,1.19216757511038
ra,c45,gla,FV,blue,1,8.98952851184786,8.98952851184786,8.98952851184786,8.98952851184786
ra,c45,gla,FV,green,1,22.1458083150716,22.1458083150716,22.1458083150716,22.1458083150716
ra,c45,gla,FV,red,1,9.33433877981654,9.33433877981654,9.33433877981654,9.33433877981654
ra,c45,gla,conf,blue,1,5.63443129810873,5.63443129810873,5.63443129810873,5.63443129810873
ra,c45,gla,conf,green,1,30.1102623359625,30.1102623359625,30.1102623359625,30.1102623359625
ra,c45,gla,conf,red,1,48.3144778264733,48.3144778264733,48.3144778264733,48.3144778264733
ra,c45,gla,fusion,blue,1,29.6806858893203,29.6806858893203,29.6806858893203,29.6806858893203
ra,c45,gla,fusion,green,1,51.9493210836576,51.9493210836576,51.9493210836576,51.9493210836576
ra,c45,gla,fusion,red,1,72.6928986774418,72.6928986774418,72.6928986774418,72.6928986774418
ra,c45,gla,int,blue,1,22.5501680151096,22.5501680151096,22.5501680151096,22.5501680151096
ra,c45,gla,int,green,1,22.2006184321389,22.2006184321389,22.2006184321389,22.2006184321389
ra,c45,gla,int,red,1,19.9086429864234,19.9086429864234,19.9086429864234,19.9086429864234
ra,c45,gla,int,white,1,22.6906459622271,22.6906459622271,22.6906459622271,22.6906459622271
ra,c45,gri,FV,blue,1,147.921080941742,147.921080941742,147.921080941742,147.921080941742
ra,c45,gri,FV,green,1,95.7536383357018,95.7536383357018,95.7536383357018,95.7536383357018
ra,c45,gri,FV,red,1,134.231653858902,134.231653858902,134.231653858902,134.231653858902
ra,c45,gri,conf,blue,1,46.5213957675668,46.5213957675668,46.5213957675668,46.5213957675668
ra,c45,gri,conf,green,1,67.5670458733205,67.5670458733205,67.5670458733205,67.5670458733205
ra,c45,gri,conf,red,1,84.7940323665863,84.7940323665863,84.7940323665863,84.7940323665863
ra,c45,gri,fusion,blue,1,69.0480945920007,69.0480945920007,69.0480945920007,69.0480945920007
ra,c45,gri,fusion,green,1,93.2400908109817,93.2400908109817,93.2400908109817,93.2400908109817
ra,c45,gri,fusion,red,1,110.959996121252,110.959996121252,110.959996121252,110.959996121252
ra,c45,gri,int,blue,1,11.3040456441041,11.3040456441041,11.3040456441041,11.3040456441041
ra,c45,gri,int,green,1,1.80875684341368,1.80875684341368,1.80875684341368,1.80875684341368
ra,c45,gri,int,red,1,14.9246084371426,14.9246084371426,14.9246084371426,14.9246084371426
ra,c45,gri,int,white,1,0.589963833273956,0.589963833273956,0.589963833273956,0.589963833273956
ra,c45,hon,FV,blue,1,18.8546433395808,18.8546433395808,18.8546433395808,18.8546433395808
ra,c45,hon,FV,green,1,30.3052540545297,30.3052540545297,30.3052540545297,30.3052540545297
ra,c45,hon,FV,red,1,81.5676618895576,81.5676618895576,81.5676618895576,81.5676618895576
ra,c45,hon,conf,blue,1,4.11336548927176,4.11336548927176,4.11336548927176,4.11336548927176
ra,c45,hon,conf,green,1,12.7867820653212,12.7867820653212,12.7867820653212,12.7867820653212
ra,c45,hon,conf,red,1,24.4234554102743,24.4234554102743,24.4234554102743,24.4234554102743
ra,c45,hon,fusion,blue,1,26.9791417291484,26.9791417291484,26.9791417291484,26.9791417291484
ra,c45,hon,fusion,green,1,39.5564004529816,39.5564004529816,39.5564004529816,39.5564004529816
ra,c45,hon,fusion,red,1,52.3657777426164,52.3657777426164,52.3657777426164,52.3657777426164
ra,c45,hon,int,blue,1,10.7583022854949,10.7583022854949,10.7583022854949,10.7583022854949
ra,c45,hon,int,green,1,2.14858304077373,2.14858304077373,2.14858304077373,2.14858304077373
ra,c45,hon,int,red,1,7.87218771338354,7.87218771338354,7.87218771338354,7.87218771338354
ra,c45,hon,int,white,1,1.3552064757115,1.3552064757115,1.3552064757115,1.3552064757115
ra,c45,mf,FV,blue,1,22.1737632221992,22.1737632221992,22.1737632221992,22.1737632221992
ra,c45,mf,FV,green,1,32.5383337777272,32.5383337777272,32.5383337777272,32.5383337777272
ra,c45,mf,FV,red,1,23.0634478862901,23.0634478862901,23.0634478862901,23.0634478862901
ra,c45,mf,conf,green,1,12.363953002275201,12.363953002275201,12.363953002275201,12.363953002275201
ra,c45,mf,conf,red,1,1.26493636235549,1.26493636235549,1.26493636235549,1.26493636235549
ra,c45,mf,fusion,blue,1,15.7213860106013,15.7213860106013,15.7213860106013,15.7213860106013
ra,c45,mf,fusion,green,1,1.2335612787083,1.2335612787083,1.2335612787083,1.2335612787083
ra,c45,mf,fusion,red,1,11.0602259782697,11.0602259782697,11.0602259782697,11.0602259782697
ra,c45,mf,int,blue,1,26.0869862266919,26.0869862266919,26.0869862266919,26.0869862266919
ra,c45,mf,int,green,1,27.345434073068,27.345434073068,27.345434073068,27.345434073068
ra,c45,mf,int,red,1,24.1436233936037,24.1436233936037,24.1436233936037,24.1436233936037
ra,c45,mf,int,white,1,30.2994385280537,30.2994385280537,30.2994385280537,30.2994385280537
ra,c45,mr,FV,blue,1,48.4643120133412,48.4643120133412,48.4643120133412,48.4643120133412
ra,c45,mr,FV,green,1,53.2256481397638,53.2256481397638,53.2256481397638,53.2256481397638
ra,c45,mr,FV,red,1,50.9367959658017,50.9367959658017,50.9367959658017,50.9367959658017
ra,c45,mr,conf,green,1,46.6259346774947,46.6259346774947,46.6259346774947,46.6259346774947
ra,c45,mr,conf,red,1,42.5966258526177,42.5966258526177,42.5966258526177,42.5966258526177
ra,c45,mr,fusion,blue,1,45.97946015329,45.97946015329,45.97946015329,45.97946015329
ra,c45,mr,fusion,green,1,41.774657852721,41.774657852721,41.774657852721,41.774657852721
ra,c45,mr,fusion,red,1,37.0105008176241,37.0105008176241,37.0105008176241,37.0105008176241
ra,c45,mr,int,blue,1,45.065639223907,45.065639223907,45.065639223907,45.065639223907
ra,c45,mr,int,green,1,52.7848240283857,52.7848240283857,52.7848240283857,52.7848240283857
ra,c45,mr,int,red,1,52.2264036475756,52.2264036475756,52.2264036475756,52.2264036475756
ra,c45,mr,int,white,1,52.8654787942324,52.8654787942324,52.8654787942324,52.8654787942324
ra,c45,tf,FV,blue,1,64.3994385636263,64.3994385636263,64.3994385636263,64.3994385636263
ra,c45,tf,FV,green,1,66.6289917061015,66.6289917061015,66.6289917061015,66.6289917061015
ra,c45,tf,FV,red,1,63.9315959211752,63.9315959211752,63.9315959211752,63.9315959211752
ra,c45,tf,conf,green,1,62.1211898030397,62.1211898030397,62.1211898030397,62.1211898030397
ra,c45,tf,conf,red,1,59.3003028622063,59.3003028622063,59.3003028622063,59.3003028622063
ra,c45,tf,fusion,blue,1,61.5939021109977,61.5939021109977,61.5939021109977,61.5939021109977
ra,c45,tf,fusion,green,1,57.6662738453568,57.6662738453568,57.6662738453568,57.6662738453568
ra,c45,tf,fusion,red,1,54.2827325336984,54.2827325336984,54.2827325336984,54.2827325336984
ra,c45,tf,int,blue,1,61.7224088557729,61.7224088557729,61.7224088557729,61.7224088557729
ra,c45,tf,int,green,1,66.0838461999746,66.0838461999746,66.0838461999746,66.0838461999746
ra,c45,tf,int,red,1,66.0470408928818,66.0470408928818,66.0470408928818,66.0470408928818
ra,c45,tf,int,white,1,66.1321840845458,66.1321840845458,66.1321840845458,66.1321840845458
ra,c45,tr,FV,blue,1,80.0509661350495,80.0509661350495,80.0509661350495,80.0509661350495
ra,c45,tr,FV,green,1,86.62093717701,86.62093717701,86.62093717701,86.62093717701
ra,c45,tr,FV,red,1,86.5343877152992,86.5343877152992,86.5343877152992,86.5343877152992
ra,c45,tr,conf,green,1,84.9759415498794,84.9759415498794,84.9759415498794,84.9759415498794
ra,c45,tr,conf,red,1,83.2305209576431,83.2305209576431,83.2305209576431,83.2305209576431
ra,c45,tr,fusion,blue,1,84.9750431534861,84.9750431534861,84.9750431534861,84.9750431534861
ra,c45,tr,fusion,green,1,81.8348366944075,81.8348366944075,81.8348366944075,81.8348366944075
ra,c45,tr,fusion,red,1,80.2129913213055,80.2129913213055,80.2129913213055,80.2129913213055
ra,c45,tr,int,blue,1,85.5325803160426,85.5325803160426,85.5325803160426,85.5325803160426
ra,c45,tr,int,green,1,90.9092373625716,90.9092373625716,90.9092373625716,90.9092373625716
ra,c45,tr,int,red,1,86.9366849816131,86.9366849816131,86.9366849816131,86.9366849816131
ra,c45,tr,int,white,1,90.8963069376022,90.8963069376022,90.8963069376022,90.8963069376022
ra,c45,wedm_f,FV,blue,1,23.6204418185821,23.6204418185821,23.6204418185821,23.6204418185821
ra,c45,wedm_f,FV,green,1,12.984742048451,12.984742048451,12.984742048451,12.984742048451
ra,c45,wedm_f,FV,red,1,43.6633722621706,43.6633722621706,43.6633722621706,43.6633722621706
ra,c45,wedm_f,conf,blue,1,60.161255578651,60.161255578651,60.161255578651,60.161255578651
ra,c45,wedm_f,conf,green,1,87.6945852308907,87.6945852308907,87.6945852308907,87.6945852308907
ra,c45,wedm_f,conf,red,1,99.2301512389065,99.2301512389065,99.2301512389065,99.2301512389065
ra,c45,wedm_f,fusion,blue,1,107.13711983053,107.13711983053,107.13711983053,107.13711983053
ra,c45,wedm_f,fusion,green,1,130.087996795905,130.087996795905,130.087996795905,130.087996795905
ra,c45,wedm_f,fusion,red,1,140.897750276865,140.897750276865,140.897750276865,140.897750276865
ra,c45,wedm_f,int,blue,1,28.8202262165583,28.8202262165583,28.8202262165583,28.8202262165583
ra,c45,wedm_f,int,green,1,19.8579404307505,19.8579404307505,19.8579404307505,19.8579404307505
ra,c45,wedm_f,int,red,1,19.7475915495609,19.7475915495609,19.7475915495609,19.7475915495609
ra,c45,wedm_f,int,white,1,20.0086766261828,20.0086766261828,20.0086766261828,20.0086766261828
ra,c45,wedm_r,FV,blue,1,0.161494139254598,0.161494139254598,0.161494139254598,0.161494139254598
ra,c45,wedm_r,FV,green,1,2.35963533424109,2.35963533424109,2.35963533424109,2.35963533424109
ra,c45,wedm_r,FV,red,1,1.60792248290309,1.60792248290309,1.60792248290309,1.60792248290309
ra,c45,wedm_r,conf,blue,1,2.9119227118512,2.9119227118512,2.9119227118512,2.9119227118512
ra,c45,wedm_r,conf,green,1,7.15755752308339,7.15755752308339,7.15755752308339,7.15755752308339
ra,c45,wedm_r,conf,red,1,10.9542232781368,10.9542232781368,10.9542232781368,10.9542232781368
ra,c45,wedm_r,fusion,blue,1,9.48996323497304,9.48996323497304,9.48996323497304,9.48996323497304
ra,c45,wedm_r,fusion,green,1,13.5996510705422,13.5996510705422,13.5996510705422,13.5996510705422
ra,c45,wedm_r,fusion,red,1,22.8615285673692,22.8615285673692,22.8615285673692,22.8615285673692
ra,c45,wedm_r,int,blue,1,36.9002670507223,36.9002670507223,36.9002670507223,36.9002670507223
ra,c45,wedm_r,int,green,1,9.29869902561806,9.29869902561806,9.29869902561806,9.29869902561806
ra,c45,wedm_r,int,red,1,7.10664124730565,7.10664124730565,7.10664124730565,7.10664124730565
ra,c45,wedm_r,int,white,1,9.20333421768702,9.20333421768702,9.20333421768702,9.20333421768702
ra,ellor,gla,FV,blue,1,14.2485955647095,14.2485955647095,14.2485955647095,14.2485955647095
ra,ellor,gla,FV,green,1,12.9979548162384,12.9979548162384,12.9979548162384,12.9979548162384
ra,ellor,gla,FV,red,1,12.7328876887696,12.7328876887696,12.7328876887696,12.7328876887696
ra,ellor,gla,conf,blue,1,16.4300760050511,16.4300760050511,16.4300760050511,16.4300760050511
ra,ellor,gla,conf,green,1,18.3598166939507,18.3598166939507,18.3598166939507,18.3598166939507
ra,ellor,gla,conf,red,1,18.7297818580718,18.7297818580718,18.7297818580718,18.7297818580718
ra,ellor,gla,fusion,blue,1,19.4117582852834,19.4117582852834,19.4117582852834,19.4117582852834
ra,ellor,gla,fusion,green,1,19.0342680334551,19.0342680334551,19.0342680334551,19.0342680334551
ra,ellor,gla,fusion,red,1,21.0601426609733,21.0601426609733,21.0601426609733,21.0601426609733
ra,ellor,gla,int,blue,1,15.0732437637598,15.0732437637598,15.0732437637598,15.0732437637598
ra,ellor,gla,int,green,1,18.1589330650612,18.1589330650612,18.1589330650612,18.1589330650612
ra,ellor,gla,int,red,1,17.4683608460603,17.4683608460603,17.4683608460603,17.4683608460603
ra,ellor,gla,int,white,1,18.9151525059312,18.9151525059312,18.9151525059312,18.9151525059312
ra,ellor,gri,FV,blue,1,209.995504861144,209.995504861144,209.995504861144,209.995504861144
ra,ellor,gri,FV,green,1,193.253423926116,193.253423926116,193.253423926116,193.253423926116
ra,ellor,gri,FV,red,1,192.626187469869,192.626187469869,192.626187469869,192.626187469869
ra,ellor,gri,conf,blue,1,230.440207941505,230.440207941505,230.440207941505,230.440207941505
ra,ellor,gri,conf,green,1,241.431320761682,241.431320761682,241.431320761682,241.431320761682
ra,ellor,gri,conf,red,1,249.853096286127,249.853096286127,249.853096286127,249.853096286127
ra,ellor,gri,fusion,blue,1,223.918202150167,223.918202150167,223.918202150167,223.918202150167
ra,ellor,gri,fusion,green,1,245.494258519123,245.494258519123,245.494258519123,245.494258519123
ra,ellor,gri,fusion,red,1,251.543397846164,251.543397846164,251.543397846164,251.543397846164
ra,ellor,gri,int,blue,1,41.458237408676,41.458237408676,41.458237408676,41.458237408676
ra,ellor,gri,int,green,1,166.056328222203,166.056328222203,166.056328222203,166.056328222203
ra,ellor,gri,int,red,1,224.253828357706,224.253828357706,224.253828357706,224.253828357706
ra,ellor,gri,int,white,1,225.263915304454,225.263915304454,225.263915304454,225.263915304454
ra,ellor,hon,FV,blue,1,180.690445041762,180.690445041762,180.690445041762,180.690445041762
ra,ellor,hon,FV,green,1,60.6734952164825,60.6734952164825,60.6734952164825,60.6734952164825
ra,ellor,hon,FV,red,1,87.9563979091997,87.9563979091997,87.9563979091997,87.9563979091997
ra,ellor,hon,conf,blue,1,106.971151992051,106.971151992051,106.971151992051,106.971151992051
ra,ellor,hon,conf,green,1,135.646710151902,135.646710151902,135.646710151902,135.646710151902
ra,ellor,hon,conf,red,1,199.278061243964,199.278061243964,199.278061243964,199.278061243964
ra,ellor,hon,fusion,blue,1,171.496488123038,171.496488123038,171.496488123038,171.496488123038
ra,ellor,hon,fusion,green,1,194.712051399008,194.712051399008,194.712051399008,194.712051399008
ra,ellor,hon,fusion,red,1,273.107122838378,273.107122838378,273.107122838378,273.107122838378
ra,ellor,hon,int,blue,1,64.0893846736103,64.0893846736103,64.0893846736103,64.0893846736103
ra,ellor,hon,int,green,1,20.4365055893064,20.4365055893064,20.4365055893064,20.4365055893064
ra,ellor,hon,int,red,1,23.3974278628072,23.3974278628072,23.3974278628072,23.3974278628072
ra,ellor,hon,int,white,1,25.6728462963656,25.6728462963656,25.6728462963656,25.6728462963656
ra,ellor,mf,FV,blue,1,19.9310947452946,19.9310947452946,19.9310947452946,19.9310947452946
ra,ellor,mf,FV,green,1,41.4997919808839,41.4997919808839,41.4997919808839,41.4997919808839
ra,ellor,mf,FV,red,1,32.5356802995636,32.5356802995636,32.5356802995636,32.5356802995636
ra,ellor,mf,conf,blue,1,7.80707054724903,7.80707054724903,7.80707054724903,7.80707054724903
ra,ellor,mf,conf,green,1,12.9777482103192,12.9777482103192,12.9777482103192,12.9777482103192
ra,ellor,mf,conf,red,1,27.0766323665111,27.0766323665111,27.0766323665111,27.0766323665111
ra,ellor,mf,fusion,blue,1,0.416582343602304,0.416582343602304,0.416582343602304,0.416582343602304
ra,ellor,mf,fusion,green,1,12.8048939174268,12.8048939174268,12.8048939174268,12.8048939174268
ra,ellor,mf,fusion,red,1,37.2224531367515,37.2224531367515,37.2224531367515,37.2224531367515
ra,ellor,mf,int,blue,1,66.6929674977417,66.6929674977417,66.6929674977417,66.6929674977417
ra,ellor,mf,int,green,1,24.3123637531813,24.3123637531813,24.3123637531813,24.3123637531813
ra,ellor,mf,int,red,1,19.9727072092245,19.9727072092245,19.9727072092245,19.9727072092245
ra,ellor,mf,int,white,1,25.5847636700928,25.5847636700928,25.5847636700928,25.5847636700928
ra,ellor,mr,FV,blue,1,6.03079439808666,6.03079439808666,6.03079439808666,6.03079439808666
ra,ellor,mr,FV,green,1,16.3615590505089,16.3615590505089,16.3615590505089,16.3615590505089
ra,ellor,mr,FV,red,1,13.4287718415202,13.4287718415202,13.4287718415202,13.4287718415202
ra,ellor,mr,conf,blue,1,8.91603843921483,8.91603843921483,8.91603843921483,8.91603843921483
ra,ellor,mr,conf,green,1,18.2672401214155,18.2672401214155,18.2672401214155,18.2672401214155
ra,ellor,mr,conf,red,1,27.7702974399734,27.7702974399734,27.7702974399734,27.7702974399734
ra,ellor,mr,fusion,blue,1,10.7624705409092,10.7624705409092,10.7624705409092,10.7624705409092
ra,ellor,mr,fusion,green,1,21.8386966048144,21.8386966048144,21.8386966048144,21.8386966048144
ra,ellor,mr,fusion,red,1,33.1088195091507,33.1088195091507,33.1088195091507,33.1088195091507
ra,ellor,mr,int,blue,1,62.2946839346997,62.2946839346997,62.2946839346997,62.2946839346997
ra,ellor,mr,int,green,1,0.978407615390802,0.978407615390802,0.978407615390802,0.978407615390802
ra,ellor,mr,int,red,1,0.451829936317876,0.451829936317876,0.451829936317876,0.451829936317876
ra,ellor,mr,int,white,1,1.67352122890309,1.67352122890309,1.67352122890309,1.67352122890309
ra,ellor,tf,FV,blue,1,11.0306495176859,11.0306495176859,11.0306495176859,11.0306495176859
ra,ellor,tf,FV,green,1,17.9412323294964,17.9412323294964,17.9412323294964,17.9412323294964
ra,ellor,tf,FV,red,1,13.1324475241966,13.1324475241966,13.1324475241966,13.1324475241966
ra,ellor,tf,conf,blue,1,4.60955712473424,4.60955712473424,4.60955712473424,4.60955712473424
ra,ellor,tf,conf,green,1,11.5860283118433,11.5860283118433,11.5860283118433,11.5860283118433
ra,ellor,tf,conf,red,1,22.1722038079148,22.1722038079148,22.1722038079148,22.1722038079148
ra,ellor,tf,fusion,blue,1,20.2515277819964,20.2515277819964,20.2515277819964,20.2515277819964
ra,ellor,tf,fusion,green,1,25.4859883956195,25.4859883956195,25.4859883956195,25.4859883956195
ra,ellor,tf,fusion,red,1,41.5367056915581,41.5367056915581,41.5367056915581,41.5367056915581
ra,ellor,tf,int,blue,1,36.5848404530975,36.5848404530975,36.5848404530975,36.5848404530975
ra,ellor,tf,int,green,1,6.97267606970778,6.97267606970778,6.97267606970778,6.97267606970778
ra,ellor,tf,int,red,1,8.7045078074613,8.7045078074613,8.7045078074613,8.7045078074613
ra,ellor,tf,int,white,1,6.61830475920391,6.61830475920391,6.61830475920391,6.61830475920391
ra,ellor,tr,FV,blue,1,17.0749728941608,17.0749728941608,17.0749728941608,17.0749728941608
ra,ellor,tr,FV,green,1,19.2024880203181,19.2024880203181,19.2024880203181,19.2024880203181
ra,ellor,tr,FV,red,1,19.6202050918924,19.6202050918924,19.6202050918924,19.6202050918924
ra,ellor,tr,conf,blue,1,14.1573357374526,14.1573357374526,14.1573357374526,14.1573357374526
ra,ellor,tr,conf,green,1,13.4120095347504,13.4120095347504,13.4120095347504,13.4120095347504
ra,ellor,tr,conf,red,1,12.4592069728331,12.4592069728331,12.4592069728331,12.4592069728331
ra,ellor,tr,fusion,blue,1,12.3884713792164,12.3884713792164,12.3884713792164,12.3884713792164
ra,ellor,tr,fusion,green,1,11.8965464683131,11.8965464683131,11.8965464683131,11.8965464683131
ra,ellor,tr,fusion,red,1,10.0673435565085,10.0673435565085,10.0673435565085,10.0673435565085
ra,ellor,tr,int,blue,1,59.6522949475773,59.6522949475773,59.6522949475773,59.6522949475773
ra,ellor,tr,int,green,1,13.2397765328976,13.2397765328976,13.2397765328976,13.2397765328976
ra,ellor,tr,int,red,1,14.2604643636704,14.2604643636704,14.2604643636704,14.2604643636704
ra,ellor,tr,int,white,1,12.185479065509501,12.185479065509501,12.185479065509501,12.185479065509501
ra,ellor,wedm_f,FV,blue,1,20.0157005289421,20.0157005289421,20.0157005289421,20.0157005289421
ra,ellor,wedm_f,FV,green,1,9.29216495918331,9.29216495918331,9.29216495918331,9.29216495918331
ra,ellor,wedm_f,FV,red,1,12.3781934953838,12.3781934953838,12.3781934953838,12.3781934953838
ra,ellor,wedm_f,conf,blue,1,27.4362332019594,27.4362332019594,27.4362332019594,27.4362332019594
ra,ellor,wedm_f,conf,green,1,35.1622152600697,35.1622152600697,35.1622152600697,35.1622152600697
ra,ellor,wedm_f,conf,red,1,42.7858877910447,42.7858877910447,42.7858877910447,42.7858877910447
ra,ellor,wedm_f,fusion,blue,1,38.6382175846201,38.6382175846201,38.6382175846201,38.6382175846201
ra,ellor,wedm_f,fusion,green,1,43.0347900910423,43.0347900910423,43.0347900910423,43.0347900910423
ra,ellor,wedm_f,fusion,red,1,54.0480960142856,54.0480960142856,54.0480960142856,54.0480960142856
ra,ellor,wedm_f,int,green,1,12.055643757917,12.055643757917,12.055643757917,12.055643757917
ra,ellor,wedm_f,int,red,1,22.4242469907156,22.4242469907156,22.4242469907156,22.4242469907156
ra,ellor,wedm_f,int,white,1,19.9061216831781,19.9061216831781,19.9061216831781,19.9061216831781
ra,ellor,wedm_r,FV,blue,1,7.0179884192184,7.0179884192184,7.0179884192184,7.0179884192184
ra,ellor,wedm_r,FV,green,1,2.38664795045504,2.38664795045504,2.38664795045504,2.38664795045504
ra,ellor,wedm_r,FV,red,1,0.856552813854951,0.856552813854951,0.856552813854951,0.856552813854951
ra,ellor,wedm_r,conf,blue,1,15.5387603587418,15.5387603587418,15.5387603587418,15.5387603587418
ra,ellor,wedm_r,conf,green,1,23.3154058605197,23.3154058605197,23.3154058605197,23.3154058605197
ra,ellor,wedm_r,conf,red,1,29.0676434070974,29.0676434070974,29.0676434070974,29.0676434070974
ra,ellor,wedm_r,fusion,blue,1,18.2767264292969,18.2767264292969,18.2767264292969,18.2767264292969
ra,ellor,wedm_r,fusion,green,1,26.0954592563501,26.0954592563501,26.0954592563501,26.0954592563501
ra,ellor,wedm_r,fusion,red,1,33.9566603304599,33.9566603304599,33.9566603304599,33.9566603304599
ra,ellor,wedm_r,int,blue,1,43.0577702383042,43.0577702383042,43.0577702383042,43.0577702383042
ra,ellor,wedm_r,int,green,1,6.73905582866835,6.73905582866835,6.73905582866835,6.73905582866835
ra,ellor,wedm_r,int,red,1,17.5146051389132,17.5146051389132,17.5146051389132,17.5146051389132
ra,ellor,wedm_r,int,white,1,14.8743061568505,14.8743061568505,14.8743061568505,14.8743061568505
ra,mo58a,b,FV,blue,2,709.8253238202481,709.8253238202481,571.862149644391,847.788497996105
ra,mo58a,b,FV,green,1,375.831510106531,375.831510106531,375.831510106531,375.831510106531
ra,mo58a,b,FV,red,1,383.690354640879,383.690354640879,383.690354640879,383.690354640879
ra,mo58a,b,conf,blue,1,434.129126104726,434.129126104726,434.129126104726,434.129126104726
ra,mo58a,b,conf,green,1,374.994381605254,374.994381605254,374.994381605254,374.994381605254
ra,mo58a,b,conf,red,1,416.736285074941,416.736285074941,416.736285074941,416.736285074941
ra,mo58a,b,fusion,blue,1,539.700239825829,539.700239825829,539.700239825829,539.700239825829
ra,mo58a,b,fusion,green,1,460.880699739395,460.880699739395,460.880699739395,460.880699739395
ra,mo58a,b,fusion,red,1,510.760341827002,510.760341827002,510.760341827002,510.760341827002
ra,mo58a,b,int,blue,1,347.096298432034,347.096298432034,347.096298432034,347.096298432034
ra,mo58a,b,int,green,1,94.4986202941751,94.4986202941751,94.4986202941751,94.4986202941751
ra,mo58a,b,int,red,1,1684.12772208321,1684.12772208321,1684.12772208321,1684.12772208321
ra,mo58a,gla,FV,blue,1,12.1991503578126,12.1991503578126,12.1991503578126,12.1991503578126
ra,mo58a,gla,FV,green,1,12.4034439308901,12.4034439308901,12.4034439308901,12.4034439308901
ra,mo58a,gla,FV,red,1,31.7905177619381,31.7905177619381,31.7905177619381,31.7905177619381
ra,mo58a,gla,conf,blue,1,25.2306089944248,25.2306089944248,25.2306089944248,25.2306089944248
ra,mo58a,gla,conf,green,1,64.5968954094062,64.5968954094062,64.5968954094062,64.5968954094062
ra,mo58a,gla,conf,red,1,84.836963336962,84.836963336962,84.836963336962,84.836963336962
ra,mo58a,gla,fusion,blue,1,58.8046952160865,58.8046952160865,58.8046952160865,58.8046952160865
ra,mo58a,gla,fusion,green,1,84.2375845640445,84.2375845640445,84.2375845640445,84.2375845640445
ra,mo58a,gla,fusion,red,1,108.770320015408,108.770320015408,108.770320015408,108.770320015408
ra,mo58a,gla,int,blue,1,3.45282452329206,3.45282452329206,3.45282452329206,3.45282452329206
ra,mo58a,gla,int,green,1,14.2423585195909,14.2423585195909,14.2423585195909,14.2423585195909
ra,mo58a,gla,int,red,1,12.8103518610676,12.8103518610676,12.8103518610676,12.8103518610676
ra,mo58a,gla,int,white,1,13.568423243888,13.568423243888,13.568423243888,13.568423243888
ra,mo58a,gri,FV,blue,1,57.6519352277007,57.6519352277007,57.6519352277007,57.6519352277007
ra,mo58a,gri,FV,green,1,48.9726916295794,48.9726916295794,48.9726916295794,48.9726916295794
ra,mo58a,gri,FV,red,1,88.1480440691527,88.1480440691527,88.1480440691527,88.1480440691527
ra,mo58a,gri,conf,blue,1,30.6523913750664,30.6523913750664,30.6523913750664,30.6523913750664
ra,mo58a,gri,conf,green,1,45.4908896636662,45.4908896636662,45.4908896636662,45.4908896636662
ra,mo58a,gri,conf,red,1,53.6039782703605,53.6039782703605,53.6039782703605,53.6039782703605
ra,mo58a,gri,fusion,blue,1,98.2929051849275,98.2929051849275,98.2929051849275,98.2929051849275
ra,mo58a,gri,fusion,green,1,67.5436121015011,67.5436121015011,67.5436121015011,67.5436121015011
ra,mo58a,gri,fusion,red,1,77.18602324942,77.18602324942,77.18602324942,77.18602324942
ra,mo58a,gri,int,blue,1,14.5975958151313,14.5975958151313,14.5975958151313,14.5975958151313
ra,mo58a,gri,int,green,1,19.8223613311913,19.8223613311913,19.8223613311913,19.8223613311913
ra,mo58a,gri,int,red,1,13.8660570255142,13.8660570255142,13.8660570255142,13.8660570255142
ra,mo58a,gri,int,white,1,20.5393521435823,20.5393521435823,20.5393521435823,20.5393521435823
ra,mo58a,hon,FV,blue,1,29.1971014868367,29.1971014868367,29.1971014868367,29.1971014868367
ra,mo58a,hon,FV,green,1,33.3206555689219,33.3206555689219,33.3206555689219,33.3206555689219
ra,mo58a,hon,FV,red,1,82.9367214614041,82.9367214614041,82.9367214614041,82.9367214614041
ra,mo58a,hon,conf,blue,1,2.5613902209418,2.5613902209418,2.5613902209418,2.5613902209418
ra,mo58a,hon,conf,green,1,19.0471029583727,19.0471029583727,19.0471029583727,19.0471029583727
ra,mo58a,hon,conf,red,1,30.6984880382392,30.6984880382392,30.6984880382392,30.6984880382392
ra,mo58a,hon,fusion,blue,1,41.4205957596263,41.4205957596263,41.4205957596263,41.4205957596263
ra,mo58a,hon,fusion,green,1,44.3599365194667,44.3599365194667,44.3599365194667,44.3599365194667
ra,mo58a,hon,fusion,red,1,57.5716522200216,57.5716522200216,57.5716522200216,57.5716522200216
ra,mo58a,hon,int,blue,1,4.33719683737422,4.33719683737422,4.33719683737422,4.33719683737422
ra,mo58a,hon,int,green,1,9.82324391858137,9.82324391858137,9.82324391858137,9.82324391858137
ra,mo58a,hon,int,red,1,3.02893141561847,3.02893141561847,3.02893141561847,3.02893141561847
ra,mo58a,hon,int,white,1,10.2397218404036,10.2397218404036,10.2397218404036,10.2397218404036
ra,mo58a,mf,FV,blue,1,365.220936263183,365.220936263183,365.220936263183,365.220936263183
ra,mo58a,mf,FV,green,1,113.125487189628,113.125487189628,113.125487189628,113.125487189628
ra,mo58a,mf,FV,red,1,130.821431173406,130.821431173406,130.821431173406,130.821431173406
ra,mo58a,mf,conf,blue,1,150.156557378523,150.156557378523,150.156557378523,150.156557378523
ra,mo58a,mf,conf,green,1,169.262138967108,169.262138967108,169.262138967108,169.262138967108
ra,mo58a,mf,conf,red,1,213.440456000318,213.440456000318,213.440456000318,213.440456000318
ra,mo58a,mf,fusion,blue,1,193.002838102205,193.002838102205,193.002838102205,193.002838102205
ra,mo58a,mf,fusion,green,1,209.494662638726,209.494662638726,209.494662638726,209.494662638726
ra,mo58a,mf,fusion,red,1,273.847882083134,273.847882083134,273.847882083134,273.847882083134
ra,mo58a,mf,int,blue,1,82.4676487949194,82.4676487949194,82.4676487949194,82.4676487949194
ra,mo58a,mf,int,green,1,4.54089760519341,4.54089760519341,4.54089760519341,4.54089760519341
ra,mo58a,mf,int,red,1,382.230758010396,382.230758010396,382.230758010396,382.230758010396
ra,mo58a,mf,int,white,1,17.3234979264106,17.3234979264106,17.3234979264106,17.3234979264106
ra,mo58a,mr,FV,blue,1,18.3643999830254,18.3643999830254,18.3643999830254,18.3643999830254
ra,mo58a,mr,FV,green,1,57.0816013587805,57.0816013587805,57.0816013587805,57.0816013587805
ra,mo58a,mr,FV,red,1,59.2244518107146,59.2244518107146,59.2244518107146,59.2244518107146
ra,mo58a,mr,conf,blue,1,55.9883927759861,55.9883927759861,55.9883927759861,55.9883927759861
ra,mo58a,mr,conf,green,1,53.9873701665996,53.9873701665996,53.9873701665996,53.9873701665996
ra,mo58a,mr,conf,red,1,49.8292469725201,49.8292469725201,49.8292469725201,49.8292469725201
ra,mo58a,mr,fusion,blue,1,45.5182011071399,45.5182011071399,45.5182011071399,45.5182011071399
ra,mo58a,mr,fusion,green,1,44.6900222012059,44.6900222012059,44.6900222012059,44.6900222012059
ra,mo58a,mr,fusion,red,1,39.8518546220179,39.8518546220179,39.8518546220179,39.8518546220179
ra,mo58a,mr,int,blue,1,56.4107952425117,56.4107952425117,56.4107952425117,56.4107952425117
ra,mo58a,mr,int,green,1,67.6613447497765,67.6613447497765,67.6613447497765,67.6613447497765
ra,mo58a,mr,int,red,1,63.5767890084072,63.5767890084072,63.5767890084072,63.5767890084072
ra,mo58a,mr,int,white,1,67.600918504053,67.600918504053,67.600918504053,67.600918504053
ra,mo58a,tf,FV,blue,1,54.1887634068038,54.1887634068038,54.1887634068038,54.1887634068038
ra,mo58a,tf,FV,green,1,60.5704307369855,60.5704307369855,60.5704307369855,60.5704307369855
ra,mo58a,tf,FV,red,1,58.4774926464816,58.4774926464816,58.4774926464816,58.4774926464816
ra,mo58a,tf,conf,blue,1,58.2418835710488,58.2418835710488,58.2418835710488,58.2418835710488
ra,mo58a,tf,conf,green,1,56.7671034651877,56.7671034651877,56.7671034651877,56.7671034651877
ra,mo58a,tf,conf,red,1,53.9098929064817,53.9098929064817,53.9098929064817,53.9098929064817
ra,mo58a,tf,fusion,blue,1,50.4806657992802,50.4806657992802,50.4806657992802,50.4806657992802
ra,mo58a,tf,fusion,green,1,52.2100672453507,52.2100672453507,52.2100672453507,52.2100672453507
ra,mo58a,tf,fusion,red,1,48.8032932012631,48.8032932012631,48.8032932012631,48.8032932012631
ra,mo58a,tf,int,blue,1,54.3824258132976,54.3824258132976,54.3824258132976,54.3824258132976
ra,mo58a,tf,int,green,1,57.3776202854573,57.3776202854573,57.3776202854573,57.3776202854573
ra,mo58a,tf,int,red,1,57.3550127233609,57.3550127233609,57.3550127233609,57.3550127233609
ra,mo58a,tf,int,white,1,57.204372929272,57.204372929272,57.204372929272,57.204372929272
ra,mo58a,tr,FV,blue,1,15.548145528707,15.548145528707,15.548145528707,15.548145528707
ra,mo58a,tr,FV,green,1,22.6204213530183,22.6204213530183,22.6204213530183,22.6204213530183
ra,mo58a,tr,FV,red,1,20.184103928701,20.184103928701,20.184103928701,20.184103928701
ra,mo58a,tr,conf,blue,1,24.1182032742713,24.1182032742713,24.1182032742713,24.1182032742713
ra,mo58a,tr,conf,green,1,21.4338868838012,21.4338868838012,21.4338868838012,21.4338868838012
ra,mo58a,tr,conf,red,1,18.5093569667489,18.5093569667489,18.5093569667489,18.5093569667489
ra,mo58a,tr,fusion,blue,1,16.9859790390054,16.9859790390054,16.9859790390054,16.9859790390054
ra,mo58a,tr,fusion,green,1,17.0360026309403,17.0360026309403,17.0360026309403,17.0360026309403
ra,mo58a,tr,fusion,red,1,13.4139688678033,13.4139688678033,13.4139688678033,13.4139688678033
ra,mo58a,tr,int,blue,1,20.0996355533097,20.0996355533097,20.0996355533097,20.0996355533097
ra,mo58a,tr,int,green,1,21.8589285095609,21.8589285095609,21.8589285095609,21.8589285095609
ra,mo58a,tr,int,red,1,21.2829253377834,21.2829253377834,21.2829253377834,21.2829253377834
ra,mo58a,tr,int,white,1,21.3585394521198,21.3585394521198,21.3585394521198,21.3585394521198
ra,mo58a,wedm_f,FV,blue,1,35.8243519633523,35.8243519633523,35.8243519633523,35.8243519633523
ra,mo58a,wedm_f,FV,green,1,12.1000920193773,12.1000920193773,12.1000920193773,12.1000920193773
ra,mo58a,wedm_f,FV,red,1,32.3860955085513,32.3860955085513,32.3860955085513,32.3860955085513
ra,mo58a,wedm_f,conf,blue,1,23.1255923410189,23.1255923410189,23.1255923410189,23.1255923410189
ra,mo58a,wedm_f,conf,green,1,48.8350412742626,48.8350412742626,48.8350412742626,48.8350412742626
ra,mo58a,wedm_f,conf,red,1,67.3925542619367,67.3925542619367,67.3925542619367,67.3925542619367
ra,mo58a,wedm_f,fusion,blue,1,112.955226613006,112.955226613006,112.955226613006,112.955226613006
ra,mo58a,wedm_f,fusion,green,1,92.1023254430769,92.1023254430769,92.1023254430769,92.1023254430769
ra,mo58a,wedm_f,fusion,red,1,114.920859771768,114.920859771768,114.920859771768,114.920859771768
ra,mo58a,wedm_f,int,blue,1,2.89024096030875,2.89024096030875,2.89024096030875,2.89024096030875
ra,mo58a,wedm_f,int,green,1,2.9712351392016,2.9712351392016,2.9712351392016,2.9712351392016
ra,mo58a,wedm_f,int,red,1,2.84397846719863,2.84397846719863,2.84397846719863,2.84397846719863
ra,mo58a,wedm_f,int,white,1,3.83367362674581,3.83367362674581,3.83367362674581,3.83367362674581
ra,mo58a,wedm_r,FV,blue,1,32.2376632379682,32.2376632379682,32.2376632379682,32.2376632379682
ra,mo58a,wedm_r,FV,green,1,28.6688497735066,28.6688497735066,28.6688497735066,28.6688497735066
ra,mo58a,wedm_r,FV,red,1,24.8314844576932,24.8314844576932,24.8314844576932,24.8314844576932
ra,mo58a,wedm_r,conf,blue,1,34.7563059739238,34.7563059739238,34.7563059739238,34.7563059739238
ra,mo58a,wedm_r,conf,green,1,18.3710342520008,18.3710342520008,18.3710342520008,18.3710342520008
ra,mo58a,wedm_r,conf,red,1,13.5354132672504,13.5354132672504,13.5354132672504,13.5354132672504
ra,mo58a,wedm_r,fusion,blue,1,24.9186392118296,24.9186392118296,24.9186392118296,24.9186392118296
ra,mo58a,wedm_r,fusion,green,1,15.9337582885993,15.9337582885993,15.9337582885993,15.9337582885993
ra,mo58a,wedm_r,fusion,red,1,9.81671957298616,9.81671957298616,9.81671957298616,9.81671957298616
ra,mo58a,wedm_r,int,blue,1,35.1812360918808,35.1812360918808,35.1812360918808,35.1812360918808
ra,mo58a,wedm_r,int,green,1,19.7254490383962,19.7254490383962,19.7254490383962,19.7254490383962
ra,mo58a,wedm_r,int,red,1,21.2020531031126,21.2020531031126,21.2020531031126,21.2020531031126
ra,mo58a,wedm_r,int,white,1,19.5797775792818,19.5797775792818,19.5797775792818,19.5797775792818
ra,ti6al4v,b,FV,blue,1,175.300290788108,175.300290788108,175.300290788108,175.300290788108
ra,ti6al4v,b,FV,green,1,88.3029588435391,88.3029588435391,88.3029588435391,88.3029588435391
ra,ti6al4v,b,FV,red,1,79.6252383514694,79.6252383514694,79.6252383514694,79.6252383514694
ra,ti6al4v,b,conf,blue,1,94.2560566622982,94.2560566622982,94.2560566622982,94.2560566622982
ra,ti6al4v,b,conf,green,1,138.277728898476,138.277728898476,138.277728898476,138.277728898476
ra,ti6al4v,b,conf,red,1,183.679842496927,183.679842496927,183.679842496927,183.679842496927
ra,ti6al4v,b,fusion,blue,1,107.531510822191,107.531510822191,107.531510822191,107.531510822191
ra,ti6al4v,b,fusion,green,1,151.458396099889,151.458396099889,151.458396099889,151.458396099889
ra,ti6al4v,b,fusion,red,1,198.694811516823,198.694811516823,198.694811516823,198.694811516823
ra,ti6al4v,b,int,blue,1,48.9152023711809,48.9152023711809,48.9152023711809,48.9152023711809
ra,ti6al4v,b,int,green,1,22.4643427585022,22.4643427585022,22.4643427585022,22.4643427585022
ra,ti6al4v,b,int,red,1,63.2155064537468,63.2155064537468,63.2155064537468,63.2155064537468
ra,ti6al4v,b,int,white,1,18.1279163715876,18.1279163715876,18.1279163715876,18.1279163715876
ra,ti6al4v,gla,FV,blue,1,20.208822727081,20.208822727081,20.208822727081,20.208822727081
ra,ti6al4v,gla,FV,green,1,8.18284466086562,8.18284466086562,8.18284466086562,8.18284466086562
ra,ti6al4v,gla,FV,red,1,39.6701459722574,39.6701459722574,39.6701459722574,39.6701459722574
ra,ti6al4v,gla,conf,blue,1,52.5939219989475,52.5939219989475,52.5939219989475,52.5939219989475
ra,ti6al4v,gla,conf,green,1,77.5435351519081,77.5435351519081,77.5435351519081,77.5435351519081
ra,ti6al4v,gla,conf,red,1,104.913101226417,104.913101226417,104.913101226417,104.913101226417
ra,ti6al4v,gla,fusion,blue,1,101.399490524746,101.399490524746,101.399490524746,101.399490524746
ra,ti6al4v,gla,fusion,green,1,119.886436602701,119.886436602701,119.886436602701,119.886436602701
ra,ti6al4v,gla,fusion,red,1,153.658782740676,153.658782740676,153.658782740676,153.658782740676
ra,ti6al4v,gla,int,blue,1,7.56032617309386,7.56032617309386,7.56032617309386,7.56032617309386
ra,ti6al4v,gla,int,green,1,20.0337611730686,20.0337611730686,20.0337611730686,20.0337611730686
ra,ti6al4v,gla,int,red,1,9.0607074507626,9.0607074507626,9.0607074507626,9.0607074507626
ra,ti6al4v,gla,int,white,1,20.7378952646953,20.7378952646953,20.7378952646953,20.7378952646953
ra,ti6al4v,gri,FV,blue,1,127.293290775166,127.293290775166,127.293290775166,127.293290775166
ra,ti6al4v,gri,FV,green,1,78.1699543883456,78.1699543883456,78.1699543883456,78.1699543883456
ra,ti6al4v,gri,FV,red,1,83.6776859066996,83.6776859066996,83.6776859066996,83.6776859066996
ra,ti6al4v,gri,conf,blue,1,87.3146327319135,87.3146327319135,87.3146327319135,87.3146327319135
ra,ti6al4v,gri,conf,green,1,108.15305329658,108.15305329658,108.15305329658,108.15305329658
ra,ti6al4v,gri,conf,red,1,126.885335640792,126.885335640792,126.885335640792,126.885335640792
ra,ti6al4v,gri,fusion,blue,1,104.075561759153,104.075561759153,104.075561759153,104.075561759153
ra,ti6al4v,gri,fusion,green,1,128.484138192091,128.484138192091,128.484138192091,128.484138192091
ra,ti6al4v,gri,fusion,red,1,151.505707449065,151.505707449065,151.505707449065,151.505707449065
ra,ti6al4v,gri,int,blue,1,73.3567991207547,73.3567991207547,73.3567991207547,73.3567991207547
ra,ti6al4v,gri,int,green,1,69.8710133230331,69.8710133230331,69.8710133230331,69.8710133230331
ra,ti6al4v,gri,int,red,1,72.0411106551521,72.0411106551521,72.0411106551521,72.0411106551521
ra,ti6al4v,gri,int,white,1,66.2988630766762,66.2988630766762,66.2988630766762,66.2988630766762
ra,ti6al4v,hon,FV,blue,1,131.80805972929,131.80805972929,131.80805972929,131.80805972929
ra,ti6al4v,hon,FV,green,1,115.037344095239,115.037344095239,115.037344095239,115.037344095239
ra,ti6al4v,hon,FV,red,1,195.139237835612,195.139237835612,195.139237835612,195.139237835612
ra,ti6al4v,hon,conf,blue,1,60.7517603622263,60.7517603622263,60.7517603622263,60.7517603622263
ra,ti6al4v,hon,conf,green,1,95.7301275958345,95.7301275958345,95.7301275958345,95.7301275958345
ra,ti6al4v,hon,conf,red,1,117.550777895498,117.550777895498,117.550777895498,117.550777895498
ra,ti6al4v,hon,fusion,blue,1,100.374345877479,100.374345877479,100.374345877479,100.374345877479
ra,ti6al4v,hon,fusion,green,1,146.910179630556,146.910179630556,146.910179630556,146.910179630556
ra,ti6al4v,hon,fusion,red,1,172.542055834369,172.542055834369,172.542055834369,172.542055834369
ra,ti6al4v,hon,int,blue,1,27.5630780537031,27.5630780537031,27.5630780537031,27.5630780537031
ra,ti6al4v,hon,int,green,1,24.8214011781049,24.8214011781049,24.8214011781049,24.8214011781049
ra,ti6al4v,hon,int,red,1,24.2596130134239,24.2596130134239,24.2596130134239,24.2596130134239
ra,ti6al4v,hon,int,white,1,24.3304453075173,24.3304453075173,24.3304453075173,24.3304453075173
ra,ti6al4v,mf,FV,blue,1,66.5008077748016,66.5008077748016,66.5008077748016,66.5008077748016
ra,ti6al4v,mf,FV,green,1,32.4136129283986,32.4136129283986,32.4136129283986,32.4136129283986
ra,ti6al4v,mf,FV,red,1,34.0912106040196,34.0912106040196,34.0912106040196,34.0912106040196
ra,ti6al4v,mf,conf,blue,1,36.1795606607987,36.1795606607987,36.1795606607987,36.1795606607987
ra,ti6al4v,mf,conf,green,1,51.6936470994426,51.6936470994426,51.6936470994426,51.6936470994426
ra,ti6al4v,mf,conf,red,1,64.7506744862043,64.7506744862043,64.7506744862043,64.7506744862043
ra,ti6al4v,mf,fusion,blue,1,48.5322499243988,48.5322499243988,48.5322499243988,48.5322499243988
ra,ti6al4v,mf,fusion,green,1,64.4573106019408,64.4573106019408,64.4573106019408,64.4573106019408
ra,ti6al4v,mf,fusion,red,1,78.0385556270735,78.0385556270735,78.0385556270735,78.0385556270735
ra,ti6al4v,mf,int,blue,1,15.5109338092623,15.5109338092623,15.5109338092623,15.5109338092623
ra,ti6al4v,mf,int,green,1,14.1012247754597,14.1012247754597,14.1012247754597,14.1012247754597
ra,ti6al4v,mf,int,red,1,21.1518343011252,21.1518343011252,21.1518343011252,21.1518343011252
ra,ti6al4v,mf,int,white,1,13.518971698162,13.518971698162,13.518971698162,13.518971698162
ra,ti6al4v,mr,FV,blue,1,61.2787634210297,61.2787634210297,61.2787634210297,61.2787634210297
ra,ti6al4v,mr,FV,green,1,10.4977827769305,10.4977827769305,10.4977827769305,10.4977827769305
ra,ti6al4v,mr,FV,red,1,10.3428384584679,10.3428384584679,10.3428384584679,10.3428384584679
ra,ti6al4v,mr,conf,blue,1,9.5262855137311,9.5262855137311,9.5262855137311,9.5262855137311
ra,ti6al4v,mr,conf,green,1,7.63529513048007,7.63529513048007,7.63529513048007,7.63529513048007
ra,ti6al4v,mr,conf,red,1,22.9769260230087,22.9769260230087,22.9769260230087,22.9769260230087
ra,ti6al4v,mr,fusion,blue,1,9.98837391704945,9.98837391704945,9.98837391704945,9.98837391704945
ra,ti6al4v,mr,fusion,green,1,28.2248603309939,28.2248603309939,28.2248603309939,28.2248603309939
ra,ti6al4v,mr,fusion,red,1,41.1325109016125,41.1325109016125,41.1325109016125,41.1325109016125
ra,ti6al4v,mr,int,blue,1,5.74001856157168,5.74001856157168,5.74001856157168,5.74001856157168
ra,ti6al4v,mr,int,green,1,45.339851167157,45.339851167157,45.339851167157,45.339851167157
ra,ti6al4v,mr,int,red,1,67.1712011467193,67.1712011467193,67.1712011467193,67.1712011467193
ra,ti6al4v,mr,int,white,1,44.2669920995845,44.2669920995845,44.2669920995845,44.2669920995845
ra,ti6al4v,tf,FV,blue,1,24.1004817531142,24.1004817531142,24.1004817531142,24.1004817531142
ra,ti6al4v,tf,FV,green,1,25.6284128418146,25.6284128418146,25.6284128418146,25.6284128418146
ra,ti6al4v,tf,FV,red,1,17.018182444559,17.018182444559,17.018182444559,17.018182444559
ra,ti6al4v,tf,conf,blue,1,29.386201483364,29.386201483364,29.386201483364,29.386201483364
ra,ti6al4v,tf,conf,green,1,25.7529737478677,25.7529737478677,25.7529737478677,25.7529737478677
ra,ti6al4v,tf,conf,red,1,16.5904637890337,16.5904637890337,16.5904637890337,16.5904637890337
ra,ti6al4v,tf,fusion,blue,1,24.2238380193012,24.2238380193012,24.2238380193012,24.2238380193012
ra,ti6al4v,tf,fusion,green,1,19.1975890007384,19.1975890007384,19.1975890007384,19.1975890007384
ra,ti6al4v,tf,fusion,red,1,10.0478601900836,10.0478601900836,10.0478601900836,10.0478601900836
ra,ti6al4v,tf,int,blue,1,15.2523402569831,15.2523402569831,15.2523402569831,15.2523402569831
ra,ti6al4v,tf,int,green,1,23.9016048533836,23.9016048533836,23.9016048533836,23.9016048533836
ra,ti6al4v,tf,int,red,1,17.5348611168574,17.5348611168574,17.5348611168574,17.5348611168574
ra,ti6al4v,tf,int,white,1,23.5868332280673,23.5868332280673,23.5868332280673,23.5868332280673
ra,ti6al4v,tr,FV,blue,1,72.8316150263797,72.8316150263797,72.8316150263797,72.8316150263797
ra,ti6al4v,tr,FV,green,1,72.6619907712514,72.6619907712514,72.6619907712514,72.6619907712514
ra,ti6al4v,tr,FV,red,1,70.1897633621597,70.1897633621597,70.1897633621597,70.1897633621597
ra,ti6al4v,tr,conf,blue,1,73.3154827242273,73.3154827242273,73.3154827242273,73.3154827242273
ra,ti6al4v,tr,conf,green,1,70.015617771579,70.015617771579,70.015617771579,70.015617771579
ra,ti6al4v,tr,conf,red,1,66.2112882602426,66.2112882602426,66.2112882602426,66.2112882602426
ra,ti6al4v,tr,fusion,blue,1,70.1291199429622,70.1291199429622,70.1291199429622,70.1291199429622
ra,ti6al4v,tr,fusion,green,1,66.7392320872316,66.7392320872316,66.7392320872316,66.7392320872316
ra,ti6al4v,tr,fusion,red,1,62.7230090165748,62.7230090165748,62.7230090165748,62.7230090165748
ra,ti6al4v,tr,int,blue,1,66.8444568395437,66.8444568395437,66.8444568395437,66.8444568395437
ra,ti6al4v,tr,int,green,1,73.7250973709551,73.7250973709551,73.7250973709551,73.7250973709551
ra,ti6al4v,tr,int,red,1,73.8534486435049,73.8534486435049,73.8534486435049,73.8534486435049
ra,ti6al4v,tr,int,white,1,74.2157673556268,74.2157673556268,74.2157673556268,74.2157673556268
ra,ti6al4v,wedm_f,FV,blue,1,82.9501722869581,82.9501722869581,82.9501722869581,82.9501722869581
ra,ti6al4v,wedm_f,FV,green,1,59.3451143155473,59.3451143155473,59.3451143155473,59.3451143155473
ra,ti6al4v,wedm_f,FV,red,1,107.903517396971,107.903517396971,107.903517396971,107.903517396971
ra,ti6al4v,wedm_f,conf,blue,1,102.282614244741,102.282614244741,102.282614244741,102.282614244741
ra,ti6al4v,wedm_f,conf,green,1,132.630891821026,132.630891821026,132.630891821026,132.630891821026
ra,ti6al4v,wedm_f,conf,red,1,156.309996213605,156.309996213605,156.309996213605,156.309996213605
ra,ti6al4v,wedm_f,fusion,blue,1,173.896102320361,173.896102320361,173.896102320361,173.896102320361
ra,ti6al4v,wedm_f,fusion,green,1,208.496461348142,208.496461348142,208.496461348142,208.496461348142
ra,ti6al4v,wedm_f,fusion,red,1,239.112811422403,239.112811422403,239.112811422403,239.112811422403
ra,ti6al4v,wedm_f,int,blue,1,8.29135373430735,8.29135373430735,8.29135373430735,8.29135373430735
ra,ti6al4v,wedm_f,int,green,1,21.8541198912135,21.8541198912135,21.8541198912135,21.8541198912135
ra,ti6al4v,wedm_f,int,red,1,17.4205995875886,17.4205995875886,17.4205995875886,17.4205995875886
ra,ti6al4v,wedm_f,int,white,1,23.3161664398837,23.3161664398837,23.3161664398837,23.3161664398837
ra,ti6al4v,wedm_r,FV,blue,1,7.56635916987141,7.56635916987141,7.56635916987141,7.56635916987141
ra,ti6al4v,wedm_r,FV,green,1,7.06555324075441,7.06555324075441,7.06555324075441,7.06555324075441
ra,ti6al4v,wedm_r,FV,red,1,5.80694484347838,5.80694484347838,5.80694484347838,5.80694484347838
ra,ti6al4v,wedm_r,conf,blue,1,3.92538450524705,3.92538450524705,3.92538450524705,3.92538450524705
ra,ti6al4v,wedm_r,conf,green,1,7.22588419517566,7.22588419517566,7.22588419517566,7.22588419517566
ra,ti6al4v,wedm_r,conf,red,1,11.4850968845464,11.4850968845464,11.4850968845464,11.4850968845464
ra,ti6al4v,wedm_r,fusion,blue,1,14.1007565668503,14.1007565668503,14.1007565668503,14.1007565668503
ra,ti6al4v,wedm_r,fusion,green,1,24.7417123061132,24.7417123061132,24.7417123061132,24.7417123061132
ra,ti6al4v,wedm_r,fusion,red,1,35.3573942991111,35.3573942991111,35.3573942991111,35.3573942991111
ra,ti6al4v,wedm_r,int,blue,1,30.8137969767114,30.8137969767114,30.8137969767114,30.8137969767114
ra,ti6al4v,wedm_r,int,green,1,3.75990380543341,3.75990380543341,3.75990380543341,3.75990380543341
ra,ti6al4v,wedm_r,int,red,1,2.56224245122463,2.56224245122463,2.56224245122463,2.56224245122463
ra,ti6al4v,wedm_r,int,white,1,4.18049204306045,4.18049204306045,4.18049204306045,4.18049204306045
rq,14301,b,FV,blue,1,279.719897855277,279.719897855277,279.719897855277,279.719897855277
rq,14301,b,FV,green,1,94.0700648701976,94.0700648701976,94.0700648701976,94.0700648701976
rq,14301,b,FV,red,1,122.884220565241,122.884220565241,122.884220565241,122.884220565241
rq,14301,b,conf,blue,1,118.569598728481,118.569598728481,118.569598728481,118.569598728481
rq,14301,b,conf,green,1,123.02983020647,123.02983020647,123.02983020647,123.02983020647
rq,14301,b,conf,red,1,169.125098302478,169.125098302478,169.125098302478,169.125098302478
rq,14301,b,fusion,blue,1,166.059741591735,166.059741591735,166.059741591735,166.059741591735
rq,14301,b,fusion,green,1,167.410462610293,167.410462610293,167.410462610293,167.410462610293
rq,14301,b,fusion,red,1,225.593884626124,225.593884626124,225.593884626124,225.593884626124
rq,14301,b,int,blue,1,112.279848535222,112.279848535222,112.279848535222,112.279848535222
rq,14301,b,int,green,1,24.15278893874,24.15278893874,24.15278893874,24.15278893874
rq,14301,b,int,red,1,192.566035282288,192.566035282288,192.566035282288,192.566035282288
rq,14301,b,int,white,1,29.5192569928081,29.5192569928081,29.5192569928081,29.5192569928081
rq,14301,gla,FV,blue,1,7.28661456690898,7.28661456690898,7.28661456690898,7.28661456690898
rq,14301,gla,FV,green,1,16.4138228273351,16.4138228273351,16.4138228273351,16.4138228273351
rq,14301,gla,FV,red,1,1.02366330143366,1.02366330143366,1.02366330143366,1.02366330143366
rq,14301,gla,conf,blue,1,22.5102275978832,22.5102275978832,22.5102275978832,22.5102275978832
rq,14301,gla,conf,green,1,39.8103602237287,39.8103602237287,39.8103602237287,39.8103602237287
rq,14301,gla,conf,red,1,56.3059037038514,56.3059037038514,56.3059037038514,56.3059037038514
rq,14301,gla,fusion,blue,1,73.0083053638519,73.0083053638519,73.0083053638519,73.0083053638519
rq,14301,gla,fusion,green,1,79.2045914996103,79.2045914996103,79.2045914996103,79.2045914996103
rq,14301,gla,fusion,red,1,97.9141716249969,97.9141716249969,97.9141716249969,97.9141716249969
rq,14301,gla,int,blue,1,26.9886992592057,26.9886992592057,26.9886992592057,26.9886992592057
rq,14301,gla,int,green,1,38.1294977917037,38.1294977917037,38.1294977917037,38.1294977917037
rq,14301,gla,int,red,1,30.7409380768862,30.7409380768862,30.7409380768862,30.7409380768862
rq,14301,gla,int,white,1,39.2137308971395,39.2137308971395,39.2137308971395,39.2137308971395
rq,14301,gri,FV,blue,1,56.3957176786078,56.3957176786078,56.3957176786078,56.3957176786078
rq,14301,gri,FV,green,1,30.2616371172825,30.2616371172825,30.2616371172825,30.2616371172825
rq,14301,gri,FV,red,1,53.7647892789169,53.7647892789169,53.7647892789169,53.7647892789169
rq,14301,gri,conf,blue,1,24.0069325087032,24.0069325087032,24.0069325087032,24.0069325087032
rq,14301,gri,conf,green,1,29.2265276678907,29.2265276678907,29.2265276678907,29.2265276678907
rq,14301,gri,conf,red,1,38.085647343125,38.085647343125,38.085647343125,38.085647343125
rq,14301,gri,fusion,blue,1,46.2818914913261,46.2818914913261,46.2818914913261,46.2818914913261
rq,14301,gri,fusion,green,1,47.2335429119783,47.2335429119783,47.2335429119783,47.2335429119783
rq,14301,gri,fusion,red,1,58.343039583233,58.343039583233,58.343039583233,58.343039583233
rq,14301,gri,int,blue,1,12.6660964466483,12.6660964466483,12.6660964466483,12.6660964466483
rq,14301,gri,int,green,1,16.3742348999466,16.3742348999466,16.3742348999466,16.3742348999466
rq,14301,gri,int,red,1,10.9948248034705,10.9948248034705,10.9948248034705,10.9948248034705
rq,14301,gri,int,white,1,17.3764287571918,17.3764287571918,17.3764287571918,17.3764287571918
rq,14301,hon,FV,blue,1,32.9978759061937,32.9978759061937,32.9978759061937,32.9978759061937
rq,14301,hon,FV,green,1,47.2381994396729,47.2381994396729,47.2381994396729,47.2381994396729
rq,14301,hon,FV,red,1,98.6559828704797,98.6559828704797,98.6559828704797,98.6559828704797
rq,14301,hon,conf,blue,1,10.3654579682979,10.3654579682979,10.3654579682979,10.3654579682979
rq,14301,hon,conf,green,1,31.2866965336205,31.2866965336205,31.2866965336205,31.2866965336205
rq,14301,hon,conf,red,1,45.5891238325497,45.5891238325497,45.5891238325497,45.5891238325497
rq,14301,hon,fusion,blue,1,68.1032144843059,68.1032144843059,68.1032144843059,68.1032144843059
rq,14301,hon,fusion,green,1,69.4760873746905,69.4760873746905,69.4760873746905,69.4760873746905
rq,14301,hon,fusion,red,1,84.8624431713748,84.8624431713748,84.8624431713748,84.8624431713748
rq,14301,hon,int,blue,1,5.00315554115871,5.00315554115871,5.00315554115871,5.00315554115871
rq,14301,hon,int,green,1,5.20762836638706,5.20762836638706,5.20762836638706,5.20762836638706
rq,14301,hon,int,red,1,1.54374353590113,1.54374353590113,1.54374353590113,1.54374353590113
rq,14301,hon,int,white,1,5.90659603617192,5.90659603617192,5.90659603617192,5.90659603617192
rq,14301,mf,FV,blue,1,114.93543658301,114.93543658301,114.93543658301,114.93543658301
rq,14301,mf,FV,green,1,45.60142580485,45.60142580485,45.60142580485,45.60142580485
rq,14301,mf,FV,red,1,56.806352320785,56.806352320785,56.806352320785,56.806352320785
rq,14301,mf,conf,blue,1,69.7816175251194,69.7816175251194,69.7816175251194,69.7816175251194
rq,14301,mf,conf,green,1,86.847518574786,86.847518574786,86.847518574786,86.847518574786
rq,14301,mf,conf,red,1,115.566300382512,115.566300382512,115.566300382512,115.566300382512
rq,14301,mf,fusion,blue,1,88.8065303847491,88.8065303847491,88.8065303847491,88.8065303847491
rq,14301,mf,fusion,green,1,125.186107059609,125.186107059609,125.186107059609,125.186107059609
rq,14301,mf,fusion,red,1,157.894373540262,157.894373540262,157.894373540262,157.894373540262
rq,14301,mf,int,blue,1,154.339065479213,154.339065479213,154.339065479213,154.339065479213
rq,14301,mf,int,green,1,25.5806494842133,25.5806494842133,25.5806494842133,25.5806494842133
rq,14301,mf,int,red,1,66.9761726456345,66.9761726456345,66.9761726456345,66.9761726456345
rq,14301,mf,int,white,1,24.5239623611835,24.5239623611835,24.5239623611835,24.5239623611835
rq,14301,mr,FV,blue,1,70.9237592992592,70.9237592992592,70.9237592992592,70.9237592992592
rq,14301,mr,FV,green,1,79.300710914112,79.300710914112,79.300710914112,79.300710914112
rq,14301,mr,FV,red,1,79.3803615748723,79.3803615748723,79.3803615748723,79.3803615748723
rq,14301,mr,conf,blue,1,82.2829840397752,82.2829840397752,82.2829840397752,82.2829840397752
rq,14301,mr,conf,green,1,77.9285712143719,77.9285712143719,77.9285712143719,77.9285712143719
rq,14301,mr,conf,red,1,73.7727263884944,73.7727263884944,73.7727263884944,73.7727263884944
rq,14301,mr,fusion,blue,1,80.1628265852563,80.1628265852563,80.1628265852563,80.1628265852563
rq,14301,mr,fusion,green,1,75.4581291648165,75.4581291648165,75.4581291648165,75.4581291648165
rq,14301,mr,fusion,red,1,71.2536653899401,71.2536653899401,71.2536653899401,71.2536653899401
rq,14301,mr,int,blue,1,64.778192935098,64.778192935098,64.778192935098,64.778192935098
rq,14301,mr,int,green,1,88.032907947467,88.032907947467,88.032907947467,88.032907947467
rq,14301,mr,int,red,1,65.5393431463569,65.5393431463569,65.5393431463569,65.5393431463569
rq,14301,mr,int,white,1,88.5898033783116,88.5898033783116,88.5898033783116,88.5898033783116
rq,14301,tf,FV,blue,1,20.5682534752589,20.5682534752589,20.5682534752589,20.5682534752589
rq,14301,tf,FV,green,1,40.06925337,40.06925337,40.06925337,40.06925337
rq,14301,tf,FV,red,1,43.8929891007655,43.8929891007655,43.8929891007655,43.8929891007655
rq,14301,tf,conf,blue,1,47.083009920175,47.083009920175,47.083009920175,47.083009920175
rq,14301,tf,conf,green,1,44.023084777704,44.023084777704,44.023084777704,44.023084777704
rq,14301,tf,conf,red,1,41.7876149361569,41.7876149361569,41.7876149361569,41.7876149361569
rq,14301,tf,fusion,blue,1,42.5045623199479,42.5045623199479,42.5045623199479,42.5045623199479
rq,14301,tf,fusion,green,1,37.5932026159575,37.5932026159575,37.5932026159575,37.5932026159575
rq,14301,tf,fusion,red,1,34.5524542715247,34.5524542715247,34.5524542715247,34.5524542715247
rq,14301,tf,int,blue,1,44.6963806276909,44.6963806276909,44.6963806276909,44.6963806276909
rq,14301,tf,int,green,1,56.8031788614631,56.8031788614631,56.8031788614631,56.8031788614631
rq,14301,tf,int,red,1,50.607330389883,50.607330389883,50.607330389883,50.607330389883
rq,14301,tf,int,white,1,57.0710691397496,57.0710691397496,57.0710691397496,57.0710691397496
rq,14301,tr,FV,blue,1,37.2142312168571,37.2142312168571,37.2142312168571,37.2142312168571
rq,14301,tr,FV,green,1,54.1770327678148,54.1770327678148,54.1770327678148,54.1770327678148
rq,14301,tr,FV,red,1,54.7876676254021,54.7876676254021,54.7876676254021,54.7876676254021
rq,14301,tr,conf,blue,1,54.0975268123251,54.0975268123251,54.0975268123251,54.0975268123251
rq,14301,tr,conf,green,1,51.3471309696064,51.3471309696064,51.3471309696064,51.3471309696064
rq,14301,tr,conf,red,1,49.8750230403426,49.8750230403426,49.8750230403426,49.8750230403426
rq,14301,tr,fusion,blue,1,51.1190259768113,51.1190259768113,51.1190259768113,51.1190259768113
rq,14301,tr,fusion,green,1,47.1222700044477,47.1222700044477,47.1222700044477,47.1222700044477
rq,14301,tr,fusion,red,1,44.6368991606353,44.6368991606353,44.6368991606353,44.6368991606353
rq,14301,tr,int,blue,1,45.9410350172319,45.9410350172319,45.9410350172319,45.9410350172319
rq,14301,tr,int,green,1,55.03370025968,55.03370025968,55.03370025968,55.03370025968
rq,14301,tr,int,red,1,50.3988057370908,50.3988057370908,50.3988057370908,50.3988057370908
rq,14301,tr,int,white,1,55.0114661886648,55.0114661886648,55.0114661886648,55.0114661886648
rq,14301,wedm_f,FV,blue,1,32.7557532244636,32.7557532244636,32.7557532244636,32.7557532244636
rq,14301,wedm_f,FV,green,1,1.73830630641958,1.73830630641958,1.73830630641958,1.73830630641958
rq,14301,wedm_f,FV,red,1,23.7750667951306,23.7750667951306,23.7750667951306,23.7750667951306
rq,14301,wedm_f,conf,blue,1,48.1008601579963,48.1008601579963,48.1008601579963,48.1008601579963
rq,14301,wedm_f,conf,green,1,58.3633026929403,58.3633026929403,58.3633026929403,58.3633026929403
rq,14301,wedm_f,conf,red,1,81.1898963324122,81.1898963324122,81.1898963324122,81.1898963324122
rq,14301,wedm_f,fusion,blue,1,101.041561764776,101.041561764776,101.041561764776,101.041561764776
rq,14301,wedm_f,fusion,green,1,104.901001632568,104.901001632568,104.901001632568,104.901001632568
rq,14301,wedm_f,fusion,red,1,132.806199465758,132.806199465758,132.806199465758,132.806199465758
rq,14301,wedm_f,int,blue,1,22.0356653068472,22.0356653068472,22.0356653068472,22.0356653068472
rq,14301,wedm_f,int,green,1,10.5177789497127,10.5177789497127,10.5177789497127,10.5177789497127
rq,14301,wedm_f,int,red,1,17.1881029583875,17.1881029583875,17.1881029583875,17.1881029583875
rq,14301,wedm_f,int,white,1,10.3372735805471,10.3372735805471,10.3372735805471,10.3372735805471
rq,14301,wedm_r,FV,blue,1,5.38090815797424,5.38090815797424,5.38090815797424,5.38090815797424
rq,14301,wedm_r,FV,green,1,0.58014113632052,0.58014113632052,0.58014113632052,0.58014113632052
rq,14301,wedm_r,FV,red,1,0.658195934224594,0.658195934224594,0.658195934224594,0.658195934224594
rq,14301,wedm_r,conf,blue,1,2.08798323808385,2.08798323808385,2.08798323808385,2.08798323808385
rq,14301,wedm_r,conf,green,1,2.86142062761149,2.86142062761149,2.86142062761149,2.86142062761149
rq,14301,wedm_r,conf,red,1,5.62467596925604,5.62467596925604,5.62467596925604,5.62467596925604
rq,14301,wedm_r,fusion,blue,1,8.76051750609983,8.76051750609983,8.76051750609983,8.76051750609983
rq,14301,wedm_r,fusion,green,1,6.75416308827634,6.75416308827634,6.75416308827634,6.75416308827634
rq,14301,wedm_r,fusion,red,1,11.0704893900757,11.0704893900757,11.0704893900757,11.0704893900757
rq,14301,wedm_r,int,green,1,9.31123632843059,9.31123632843059,9.31123632843059,9.31123632843059
rq,14301,wedm_r,int,red,1,5.7405790290807,5.7405790290807,5.7405790290807,5.7405790290807
rq,14301,wedm_r,int,white,1,8.7840313298818309,8.7840313298818309,8.7840313298818309,8.7840313298818309
rq,al7075,b,FV,blue,1,321.537494527088,321.537494527088,321.537494527088,321.537494527088
rq,al7075,b,FV,green,1,111.403505706984,111.403505706984,111.403505706984,111.403505706984
rq,al7075,b,FV,red,1,120.712627076966,120.712627076966,120.712627076966,120.712627076966
rq,al7075,b,conf,blue,1,121.581577385277,121.581577385277,121.581577385277,121.581577385277
rq,al7075,b,conf,green,1,118.518459859516,118.518459859516,118.518459859516,118.518459859516
rq,al7075,b,conf,red,1,152.215219736515,152.215219736515,152.215219736515,152.215219736515
rq,al7075,b,fusion,blue,1,155.00709722817,155.00709722817,155.00709722817,155.00709722817
rq,al7075,b,fusion,green,1,148.353140063532,148.353140063532,148.353140063532,148.353140063532
rq,al7075,b,fusion,red,1,188.53215395032,188.53215395032,188.53215395032,188.53215395032
rq,al7075,b,int,blue,1,277.18600551774,277.18600551774,277.18600551774,277.18600551774
rq,al7075,b,int,green,1,35.8937058867851,35.8937058867851,35.8937058867851,35.8937058867851
rq,al7075,b,int,red,1,805.524821501696,805.524821501696,805.524821501696,805.524821501696
rq,al7075,b,int,white,1,7.98239796856328,7.98239796856328,7.98239796856328,7.98239796856328
rq,al7075,gla,FV,blue,1,14.5350580020133,14.5350580020133,14.5350580020133,14.5350580020133
rq,al7075,gla,FV,green,1,17.1309839831305,17.1309839831305,17.1309839831305,17.1309839831305
rq,al7075,gla,FV,red,1,3.28167645043082,3.28167645043082,3.28167645043082,3.28167645043082
rq,al7075,gla,conf,blue,1,9.27958762288054,9.27958762288054,9.27958762288054,9.27958762288054
rq,al7075,gla,conf,green,1,34.5811744032659,34.5811744032659,34.5811744032659,34.5811744032659
rq,al7075,gla,conf,red,1,53.3539328028937,53.3539328028937,53.3539328028937,53.3539328028937
rq,al7075,gla,fusion,blue,1,35.4452825746705,35.4452825746705,35.4452825746705,35.4452825746705
rq,al7075,gla,fusion,green,1,57.9630111910248,57.9630111910248,57.9630111910248,57.9630111910248
rq,al7075,gla,fusion,red,1,75.8471676412939,75.8471676412939,75.8471676412939,75.8471676412939
rq,al7075,gla,int,blue,1,11.6611908796485,11.6611908796485,11.6611908796485,11.6611908796485
rq,al7075,gla,int,green,1,8.23667638884593,8.23667638884593,8.23667638884593,8.23667638884593
rq,al7075,gla,int,red,1,10.5702242432879,10.5702242432879,10.5702242432879,10.5702242432879
rq,al7075,gla,int,white,1,8.1923837040228,8.1923837040228,8.1923837040228,8.1923837040228
rq,al7075,gri,FV,blue,1,74.5474580222142,74.5474580222142,74.5474580222142,74.5474580222142
rq,al7075,gri,FV,green,1,33.6916811852085,33.6916811852085,33.6916811852085,33.6916811852085
rq,al7075,gri,FV,red,1,57.5864319662441,57.5864319662441,57.5864319662441,57.5864319662441
rq,al7075,gri,conf,blue,1,8.57880401201827,8.57880401201827,8.57880401201827,8.57880401201827
rq,al7075,gri,conf,green,1,22.3456308924886,22.3456308924886,22.3456308924886,22.3456308924886
rq,al7075,gri,conf,red,1,37.727128039294,37.727128039294,37.727128039294,37.727128039294
rq,al7075,gri,fusion,blue,1,27.893248020111,27.893248020111,27.893248020111,27.893248020111
rq,al7075,gri,fusion,green,1,44.1630944326924,44.1630944326924,44.1630944326924,44.1630944326924
rq,al7075,gri,fusion,red,1,59.6703814417771,59.6703814417771,59.6703814417771,59.6703814417771
rq,al7075,gri,int,blue,1,11.4825409936134,11.4825409936134,11.4825409936134,11.4825409936134
rq,al7075,gri,int,green,1,20.2505907878941,20.2505907878941,20.2505907878941,20.2505907878941
rq,al7075,gri,int,red,1,8.13938053629963,8.13938053629963,8.13938053629963,8.13938053629963
rq,al7075,gri,int,white,1,21.3175159935659,21.3175159935659,21.3175159935659,21.3175159935659
rq,al7075,hon,FV,blue,1,9.60919388128935,9.60919388128935,9.60919388128935,9.60919388128935
rq,al7075,hon,FV,green,1,25.5640451920804,25.5640451920804,25.5640451920804,25.5640451920804
rq,al7075,hon,FV,red,1,2.87178947219126,2.87178947219126,2.87178947219126,2.87178947219126
rq,al7075,hon,conf,blue,1,45.5412548142242,45.5412548142242,45.5412548142242,45.5412548142242
rq,al7075,hon,conf,green,1,34.6490057385737,34.6490057385737,34.6490057385737,34.6490057385737
rq,al7075,hon,conf,red,1,26.4393653444394,26.4393653444394,26.4393653444394,26.4393653444394
rq,al7075,hon,fusion,blue,1,33.4105683357283,33.4105683357283,33.4105683357283,33.4105683357283
rq,al7075,hon,fusion,green,1,20.762504946381,20.762504946381,20.762504946381,20.762504946381
rq,al7075,hon,fusion,red,1,12.3759886573076,12.3759886573076,12.3759886573076,12.3759886573076
rq,al7075,hon,int,blue,1,51.6423011000318,51.6423011000318,51.6423011000318,51.6423011000318
rq,al7075,hon,int,green,1,56.4019152154632,56.4019152154632,56.4019152154632,56.4019152154632
rq,al7075,hon,int,red,1,51.8201841683054,51.8201841683054,51.8201841683054,51.8201841683054
rq,al7075,hon,int,white,1,56.5252681075817,56.5252681075817,56.5252681075817,56.5252681075817
rq,al7075,mf,FV,blue,1,132.387773824816,132.387773824816,132.387773824816,132.387773824816
rq,al7075,mf,FV,green,1,29.6185493492974,29.6185493492974,29.6185493492974,29.6185493492974
rq,al7075,mf,FV,red,1,38.027229299436,38.027229299436,38.027229299436,38.027229299436
rq,al7075,mf,conf,blue,1,33.9171042250911,33.9171042250911,33.9171042250911,33.9171042250911
rq,al7075,mf,conf,green,1,50.5996934017701,50.5996934017701,50.5996934017701,50.5996934017701
rq,al7075,mf,conf,red,1,80.3176606420626,80.3176606420626,80.3176606420626,80.3176606420626
rq,al7075,mf,fusion,blue,1,59.8408220310089,59.8408220310089,59.8408220310089,59.8408220310089
rq,al7075,mf,fusion,green,1,76.1420494401757,76.1420494401757,76.1420494401757,76.1420494401757
rq,al7075,mf,fusion,red,1,105.941314823587,105.941314823587,105.941314823587,105.941314823587
rq,al7075,mf,int,blue,1,47.2988818479342,47.2988818479342,47.2988818479342,47.2988818479342
rq,al7075,mf,int,green,1,45.096199206864,45.096199206864,45.096199206864,45.096199206864
rq,al7075,mf,int,red,1,196.561195825856,196.561195825856,196.561195825856,196.561195825856
rq,al7075,mf,int,white,1,53.0514252095521,53.0514252095521,53.0514252095521,53.0514252095521
rq,al7075,mr,FV,blue,1,279.414494304632,279.414494304632,279.414494304632,279.414494304632
rq,al7075,mr,FV,green,1,138.977387307228,138.977387307228,138.977387307228,138.977387307228
rq,al7075,mr,FV,red,1,94.6241548912837,94.6241548912837,94.6241548912837,94.6241548912837
rq,al7075,mr,conf,blue,1,58.6211341725327,58.6211341725327,58.6211341725327,58.6211341725327
rq,al7075,mr,conf,green,1,79.8866238519952,79.8866238519952,79.8866238519952,79.8866238519952
rq,al7075,mr,conf,red,1,99.0286306400737,99.0286306400737,99.0286306400737,99.0286306400737
rq,al7075,mr,fusion,blue,1,99.5861440244476,99.5861440244476,99.5861440244476,99.5861440244476
rq,al7075,mr,fusion,green,1,132.524150173863,132.524150173863,132.524150173863,132.524150173863
rq,al7075,mr,fusion,red,1,149.693721602754,149.693721602754,149.693721602754,149.693721602754
rq,al7075,mr,int,blue,1,58.5116818053431,58.5116818053431,58.5116818053431,58.5116818053431
rq,al7075,mr,int,green,1,42.6355007738218,42.6355007738218,42.6355007738218,42.6355007738218
rq,al7075,mr,int,red,1,184.680559958237,184.680559958237,184.680559958237,184.680559958237
rq,al7075,mr,int,white,1,49.384048722692,49.384048722692,49.384048722692,49.384048722692
rq,al7075,tf,FV,blue,1,3.00227922326047,3.00227922326047,3.00227922326047,3.00227922326047
rq,al7075,tf,FV,green,1,28.750186967084,28.750186967084,28.750186967084,28.750186967084
rq,al7075,tf,FV,red,1,29.9961397390069,29.9961397390069,29.9961397390069,29.9961397390069
rq,al7075,tf,conf,blue,1,39.4806873616835,39.4806873616835,39.4806873616835,39.4806873616835
rq,al7075,tf,conf,green,1,28.3296604435163,28.3296604435163,28.3296604435163,28.3296604435163
rq,al7075,tf,conf,red,1,19.0704990284794,19.0704990284794,19.0704990284794,19.0704990284794
rq,al7075,tf,fusion,blue,1,30.1810603488478,30.1810603488478,30.1810603488478,30.1810603488478
rq,al7075,tf,fusion,green,1,14.5707509396313,14.5707509396313,14.5707509396313,14.5707509396313
rq,al7075,tf,fusion,red,1,4.36949905698885,4.36949905698885,4.36949905698885,4.36949905698885
rq,al7075,tf,int,blue,1,28.0530749777189,28.0530749777189,28.0530749777189,28.0530749777189
rq,al7075,tf,int,green,1,49.3099133332232,49.3099133332232,49.3099133332232,49.3099133332232
rq,al7075,tf,int,red,1,14.6824019758759,14.6824019758759,14.6824019758759,14.6824019758759
rq,al7075,tf,int,white,1,50.9611970017344,50.9611970017344,50.9611970017344,50.9611970017344
rq,al7075,tr,FV,blue,1,62.1595140284249,62.1595140284249,62.1595140284249,62.1595140284249
rq,al7075,tr,FV,green,1,68.6262628467497,68.6262628467497,68.6262628467497,68.6262628467497
rq,al7075,tr,FV,red,1,68.7447343923554,68.7447343923554,68.7447343923554,68.7447343923554
rq,al7075,tr,conf,blue,1,68.1523260620119,68.1523260620119,68.1523260620119,68.1523260620119
rq,al7075,tr,conf,green,1,67.5181447808574,67.5181447808574,67.5181447808574,67.5181447808574
rq,al7075,tr,conf,red,1,65.8601084275594,65.8601084275594,65.8601084275594,65.8601084275594
rq,al7075,tr,fusion,blue,1,66.6051361449142,66.6051361449142,66.6051361449142,66.6051361449142
rq,al7075,tr,fusion,green,1,65.5603682946392,65.5603682946392,65.5603682946392,65.5603682946392
rq,al7075,tr,fusion,red,1,63.7249544625061,63.7249544625061,63.7249544625061,63.7249544625061
rq,al7075,tr,int,blue,1,65.5109261654153,65.5109261654153,65.5109261654153,65.5109261654153
rq,al7075,tr,int,green,1,71.1267130853722,71.1267130853722,71.1267130853722,71.1267130853722
rq,al7075,tr,int,red,1,69.818723532616,69.818723532616,69.818723532616,69.818723532616
rq,al7075,tr,int,white,1,71.1454390946223,71.1454390946223,71.1454390946223,71.1454390946223
rq,al7075,wedm_f,FV,blue,1,77.5450687251128,77.5450687251128,77.5450687251128,77.5450687251128
rq,al7075,wedm_f,FV,green,1,42.5941990561184,42.5941990561184,42.5941990561184,42.5941990561184
rq,al7075,wedm_f,FV,red,1,59.6365779703707,59.6365779703707,59.6365779703707,59.6365779703707
rq,al7075,wedm_f,conf,blue,1,103.852693468464,103.852693468464,103.852693468464,103.852693468464
rq,al7075,wedm_f,conf,green,1,98.8013838727199,98.8013838727199,98.8013838727199,98.8013838727199
rq,al7075,wedm_f,conf,red,1,128.787412788401,128.787412788401,128.787412788401,128.787412788401
rq,al7075,wedm_f,fusion,blue,1,183.764177062305,183.764177062305,183.764177062305,183.764177062305
rq,al7075,wedm_f,fusion,green,1,168.919432774409,168.919432774409,168.919432774409,168.919432774409
rq,al7075,wedm_f,fusion,red,1,210.932861540809,210.932861540809,210.932861540809,210.932861540809
rq,al7075,wedm_f,int,blue,1,33.3410188867784,33.3410188867784,33.3410188867784,33.3410188867784
rq,al7075,wedm_f,int,green,1,2.91308684765022,2.91308684765022,2.91308684765022,2.91308684765022
rq,al7075,wedm_f,int,red,1,2.16284391167135,2.16284391167135,2.16284391167135,2.16284391167135
rq,al7075,wedm_f,int,white,1,6.41577766416561,6.41577766416561,6.41577766416561,6.41577766416561
rq,al7075,wedm_r,FV,blue,1,14.0287784568346,14.0287784568346,14.0287784568346,14.0287784568346
rq,al7075,wedm_r,FV,green,1,7.92184500763972,7.92184500763972,7.92184500763972,7.92184500763972
rq,al7075,wedm_r,FV,red,1,4.04568200266513,4.04568200266513,4.04568200266513,4.04568200266513
rq,al7075,wedm_r,conf,blue,1,3.46219730562423,3.46219730562423,3.46219730562423,3.46219730562423
rq,al7075,wedm_r,conf,green,1,7.48932950698333,7.48932950698333,7.48932950698333,7.48932950698333
rq,al7075,wedm_r,conf,red,1,19.9792356155548,19.9792356155548,19.9792356155548,19.9792356155548
rq,al7075,wedm_r,fusion,blue,1,30.4395745093778,30.4395745093778,30.4395745093778,30.4395745093778
rq,al7075,wedm_r,fusion,green,1,52.1170679191098,52.1170679191098,52.1170679191098,52.1170679191098
rq,al7075,wedm_r,fusion,red,1,69.2239784164665,69.2239784164665,69.2239784164665,69.2239784164665
rq,al7075,wedm_r,int,blue,1,7.53552271216797,7.53552271216797,7.53552271216797,7.53552271216797
rq,al7075,wedm_r,int,green,1,5.36854273858241,5.36854273858241,5.36854273858241,5.36854273858241
rq,al7075,wedm_r,int,red,1,6.04710826319487,6.04710826319487,6.04710826319487,6.04710826319487
rq,al7075,wedm_r,int,white,1,4.32454292033769,4.32454292033769,4.32454292033769,4.32454292033769
rq,c45,b,FV,blue,1,261.1988815941,261.1988815941,261.1988815941,261.1988815941
rq,c45,b,FV,green,1,92.3180815935003,92.3180815935003,92.3180815935003,92.3180815935003
rq,c45,b,FV,red,1,138.15681666212,138.15681666212,138.15681666212,138.15681666212
rq,c45,b,conf,green,1,154.280332639641,154.280332639641,154.280332639641,154.280332639641
rq,c45,b,conf,red,1,211.50246764286,211.50246764286,211.50246764286,211.50246764286
rq,c45,b,fusion,blue,1,168.934162172944,168.934162172944,168.934162172944,168.934162172944
rq,c45,b,fusion,green,1,196.925278238469,196.925278238469,196.925278238469,196.925278238469
rq,c45,b,fusion,red,1,268.811710332504,268.811710332504,268.811710332504,268.811710332504
rq,c45,b,int,blue,2,549.2599676211595,549.2599676211595,547.5599713945742,550.9599638477448
rq,c45,b,int,green,1,2.86690894379413,2.86690894379413,2.86690894379413,2.86690894379413
rq,c45,b,int,red,1,65.2436744413649,65.2436744413649,65.2436744413649,65.2436744413649
rq,c45,b,int,white,1,4.58056760408519,4.58056760408519,4.58056760408519,4.58056760408519
rq,c45,gla,FV,blue,1,7.22296316645531,7.22296316645531,7.22296316645531,7.22296316645531
rq,c45,gla,FV,green,1,21.0994173284303,21.0994173284303,21.0994173284303,21.0994173284303
rq,c45,gla,FV,red,1,7.43030314548483,7.43030314548483,7.43030314548483,7.43030314548483
rq,c45,gla,conf,blue,1,8.98301553211627,8.98301553211627,8.98301553211627,8.98301553211627
rq,c45,gla,conf,green,1,33.4757348064612,33.4757348064612,33.4757348064612,33.4757348064612
rq,c45,gla,conf,red,1,52.26310374696,52.26310374696,52.26310374696,52.26310374696
rq,c45,gla,fusion,blue,1,35.4715075451189,35.4715075451189,35.4715075451189,35.4715075451189
rq,c45,gla,fusion,green,1,57.7562880002013,57.7562880002013,57.7562880002013,57.7562880002013
rq,c45,gla,fusion,red,1,80.2012538214994,80.2012538214994,80.2012538214994,80.2012538214994
rq,c45,gla,int,blue,1,22.2266315898878,22.2266315898878,22.2266315898878,22.2266315898878
rq,c45,gla,int,green,1,21.420437447338,21.420437447338,21.420437447338,21.420437447338
rq,c45,gla,int,red,1,19.7842688402316,19.7842688402316,19.7842688402316,19.7842688402316
rq,c45,gla,int,white,1,22.0277088918671,22.0277088918671,22.0277088918671,22.0277088918671
rq,c45,gri,FV,blue,1,134.589176831788,134.589176831788,134.589176831788,134.589176831788
rq,c45,gri,FV,green,1,86.0062240606841,86.0062240606841,86.0062240606841,86.0062240606841
rq,c45,gri,FV,red,1,126.612405546728,126.612405546728,126.612405546728,126.612405546728
rq,c45,gri,conf,blue,1,38.9920032513928,38.9920032513928,38.9920032513928,38.9920032513928
rq,c45,gri,conf,green,1,58.6351531101022,58.6351531101022,58.6351531101022,58.6351531101022
rq,c45,gri,conf,red,1,75.2465253908766,75.2465253908766,75.2465253908766,75.2465253908766
rq,c45,gri,fusion,blue,1,61.2352608851388,61.2352608851388,61.2352608851388,61.2352608851388
rq,c45,gri,fusion,green,1,82.9690735181566,82.9690735181566,82.9690735181566,82.9690735181566
rq,c45,gri,fusion,red,1,100.291693663106,100.291693663106,100.291693663106,100.291693663106
rq,c45,gri,int,blue,1,8.50882806652013,8.50882806652013,8.50882806652013,8.50882806652013
rq,c45,gri,int,green,1,0.602484456040458,0.602484456040458,0.602484456040458,0.602484456040458
rq,c45,gri,int,red,1,11.8253138558973,11.8253138558973,11.8253138558973,11.8253138558973
rq,c45,gri,int,white,1,0.157895225024561,0.157895225024561,0.157895225024561,0.157895225024561
rq,c45,hon,FV,blue,1,16.4498812985029,16.4498812985029,16.4498812985029,16.4498812985029
rq,c45,hon,FV,green,1,27.572753094779902,27.572753094779902,27.572753094779902,27.572753094779902
rq,c45,hon,FV,red,1,75.951670860987,75.951670860987,75.951670860987,75.951670860987
rq,c45,hon,conf,blue,1,4.45064688810036,4.45064688810036,4.45064688810036,4.45064688810036
rq,c45,hon,conf,green,1,12.643436187773,12.643436187773,12.643436187773,12.643436187773
rq,c45,hon,conf,red,1,24.5801894031962,24.5801894031962,24.5801894031962,24.5801894031962
rq,c45,hon,fusion,blue,1,31.1683779046582,31.1683779046582,31.1683779046582,31.1683779046582
rq,c45,hon,fusion,green,1,40.3450845707087,40.3450845707087,40.3450845707087,40.3450845707087
rq,c45,hon,fusion,red,1,52.6307541003356,52.6307541003356,52.6307541003356,52.6307541003356
rq,c45,hon,int,blue,1,11.7934411615273,11.7934411615273,11.7934411615273,11.7934411615273
rq,c45,hon,int,green,1,1.3527657231067,1.3527657231067,1.3527657231067,1.3527657231067
rq,c45,hon,int,red,1,7.56254934577229,7.56254934577229,7.56254934577229,7.56254934577229
rq,c45,hon,int,white,1,0.590891109475945,0.590891109475945,0.590891109475945,0.590891109475945
rq,c45,mf,FV,blue,1,22.0088055891654,22.0088055891654,22.0088055891654,22.0088055891654
rq,c45,mf,FV,green,1,32.2273145040411,32.2273145040411,32.2273145040411,32.2273145040411
rq,c45,mf,FV,red,1,21.4105505818743,21.4105505818743,21.4105505818743,21.4105505818743
rq,c45,mf,conf,green,1,12.7382557204592,12.7382557204592,12.7382557204592,12.7382557204592
rq,c45,mf,conf,red,1,1.87194385903235,1.87194385903235,1.87194385903235,1.87194385903235
rq,c45,mf,fusion,blue,1,12.8977400355889,12.8977400355889,12.8977400355889,12.8977400355889
rq,c45,mf,fusion,green,1,0.192235887788273,0.192235887788273,0.192235887788273,0.192235887788273
rq,c45,mf,fusion,red,1,12.2955784277387,12.2955784277387,12.2955784277387,12.2955784277387
rq,c45,mf,int,blue,1,27.0005040715743,27.0005040715743,27.0005040715743,27.0005040715743
rq,c45,mf,int,green,1,21.2704326274057,21.2704326274057,21.2704326274057,21.2704326274057
rq,c45,mf,int,red,1,17.9482307720082,17.9482307720082,17.9482307720082,17.9482307720082
rq,c45,mf,int,white,1,26.9645982045646,26.9645982045646,26.9645982045646,26.9645982045646
rq,c45,mr,FV,blue,1,47.0086542526725,47.0086542526725,47.0086542526725,47.0086542526725
rq,c45,mr,FV,green,1,51.6012979169185,51.6012979169185,51.6012979169185,51.6012979169185
rq,c45,mr,FV,red,1,49.4845014866517,49.4845014866517,49.4845014866517,49.4845014866517
rq,c45,mr,conf,green,1,44.4573670879433,44.4573670879433,44.4573670879433,44.4573670879433
rq,c45,mr,conf,red,1,40.3448064400296,40.3448064400296,40.3448064400296,40.3448064400296
rq,c45,mr,fusion,blue,1,43.338219130121,43.338219130121,43.338219130121,43.338219130121
rq,c45,mr,fusion,green,1,39.4377080102065,39.4377080102065,39.4377080102065,39.4377080102065
rq,c45,mr,fusion,red,1,34.5144649142337,34.5144649142337,34.5144649142337,34.5144649142337
rq,c45,mr,int,blue,1,42.928015237027,42.928015237027,42.928015237027,42.928015237027
rq,c45,mr,int,green,1,50.5271644179885,50.5271644179885,50.5271644179885,50.5271644179885
rq,c45,mr,int,red,1,50.2471179484623,50.2471179484623,50.2471179484623,50.2471179484623
rq,c45,mr,int,white,1,50.6527518194373,50.6527518194373,50.6527518194373,50.6527518194373
rq,c45,tf,FV,blue,1,65.3614084106825,65.3614084106825,65.3614084106825,65.3614084106825
rq,c45,tf,FV,green,1,67.6780237853033,67.6780237853033,67.6780237853033,67.6780237853033
rq,c45,tf,FV,red,1,65.2793659464846,65.2793659464846,65.2793659464846,65.2793659464846
rq,c45,tf,conf,green,1,62.8052059330104,62.8052059330104,62.8052059330104,62.8052059330104
rq,c45,tf,conf,red,1,60.0106695049928,60.0106695049928,60.0106695049928,60.0106695049928
rq,c45,tf,fusion,blue,1,62.184214046989,62.184214046989,62.184214046989,62.184214046989
rq,c45,tf,fusion,green,1,58.4012090899513,58.4012090899513,58.4012090899513,58.4012090899513
rq,c45,tf,fusion,red,1,55.0386871984375,55.0386871984375,55.0386871984375,55.0386871984375
rq,c45,tf,int,blue,1,62.6121976160377,62.6121976160377,62.6121976160377,62.6121976160377
rq,c45,tf,int,green,1,66.65205256165,66.65205256165,66.65205256165,66.65205256165
rq,c45,tf,int,red,1,66.7104300685079,66.7104300685079,66.7104300685079,66.7104300685079
rq,c45,tf,int,white,1,66.7310440559751,66.7310440559751,66.7310440559751,66.7310440559751
rq,c45,tr,FV,blue,1,85.4580141715004,85.4580141715004,85.4580141715004,85.4580141715004
rq,c45,tr,FV,green,1,90.3241377040584,90.3241377040584,90.3241377040584,90.3241377040584
rq,c45,tr,FV,red,1,90.1874665321925,90.1874665321925,90.1874665321925,90.1874665321925
rq,c45,tr,conf,green,1,88.9126500362157,88.9126500362157,88.9126500362157,88.9126500362157
rq,c45,tr,conf,red,1,87.6882854512532,87.6882854512532,87.6882854512532,87.6882854512532
rq,c45,tr,fusion,blue,1,88.7451835925172,88.7451835925172,88.7451835925172,88.7451835925172
rq,c45,tr,fusion,green,1,86.5485190396299,86.5485190396299,86.5485190396299,86.5485190396299
rq,c45,tr,fusion,red,1,85.3392977248463,85.3392977248463,85.3392977248463,85.3392977248463
rq,c45,tr,int,blue,1,89.2014594752635,89.2014594752635,89.2014594752635,89.2014594752635
rq,c45,tr,int,green,1,93.1281285901625,93.1281285901625,93.1281285901625,93.1281285901625
rq,c45,tr,int,red,1,90.5129412238462,90.5129412238462,90.5129412238462,90.5129412238462
rq,c45,tr,int,white,1,93.1299070112728,93.1299070112728,93.1299070112728,93.1299070112728
rq,c45,wedm_f,FV,blue,1,24.2639102466963,24.2639102466963,24.2639102466963,24.2639102466963
rq,c45,wedm_f,FV,green,1,13.2979156733886,13.2979156733886,13.2979156733886,13.2979156733886
rq,c45,wedm_f,FV,red,1,43.6980292759328,43.6980292759328,43.6980292759328,43.6980292759328
rq,c45,wedm_f,conf,blue,1,65.523518126274,65.523518126274,65.523518126274,65.523518126274
rq,c45,wedm_f,conf,green,1,96.1857806651697,96.1857806651697,96.1857806651697,96.1857806651697
rq,c45,wedm_f,conf,red,1,108.787120344292,108.787120344292,108.787120344292,108.787120344292
rq,c45,wedm_f,fusion,blue,1,125.381156779508,125.381156779508,125.381156779508,125.381156779508
rq,c45,wedm_f,fusion,green,1,137.999779821235,137.999779821235,137.999779821235,137.999779821235
rq,c45,wedm_f,fusion,red,1,149.299442437309,149.299442437309,149.299442437309,149.299442437309
rq,c45,wedm_f,int,blue,1,28.7129557874179,28.7129557874179,28.7129557874179,28.7129557874179
rq,c45,wedm_f,int,green,1,19.4398121759727,19.4398121759727,19.4398121759727,19.4398121759727
rq,c45,wedm_f,int,red,1,19.5813081912544,19.5813081912544,19.5813081912544,19.5813081912544
rq,c45,wedm_f,int,white,1,19.5611377288444,19.5611377288444,19.5611377288444,19.5611377288444
rq,c45,wedm_r,FV,blue,1,0.953873215428021,0.953873215428021,0.953873215428021,0.953873215428021
rq,c45,wedm_r,FV,green,1,3.10053822763671,3.10053822763671,3.10053822763671,3.10053822763671
rq,c45,wedm_r,FV,red,1,2.15387277580727,2.15387277580727,2.15387277580727,2.15387277580727
rq,c45,wedm_r,conf,blue,1,2.28806941376539,2.28806941376539,2.28806941376539,2.28806941376539
rq,c45,wedm_r,conf,green,1,6.3305007418775,6.3305007418775,6.3305007418775,6.3305007418775
rq,c45,wedm_r,conf,red,1,10.0923233661775,10.0923233661775,10.0923233661775,10.0923233661775
rq,c45,wedm_r,fusion,blue,1,11.1797225932781,11.1797225932781,11.1797225932781,11.1797225932781
rq,c45,wedm_r,fusion,green,1,17.6308500785376,17.6308500785376,17.6308500785376,17.6308500785376
rq,c45,wedm_r,fusion,red,1,31.9615286268962,31.9615286268962,31.9615286268962,31.9615286268962
rq,c45,wedm_r,int,blue,1,34.3085858510871,34.3085858510871,34.3085858510871,34.3085858510871
rq,c45,wedm_r,int,green,1,7.69903248600006,7.69903248600006,7.69903248600006,7.69903248600006
rq,c45,wedm_r,int,red,1,5.61914180443881,5.61914180443881,5.61914180443881,5.61914180443881
rq,c45,wedm_r,int,white,1,7.54942701456449,7.54942701456449,7.54942701456449,7.54942701456449
rq,ellor,gla,FV,blue,1,9.75285627704789,9.75285627704789,9.75285627704789,9.75285627704789
rq,ellor,gla,FV,green,1,8.63394306859205,8.63394306859205,8.63394306859205,8.63394306859205
rq,ellor,gla,FV,red,1,8.33719387349765,8.33719387349765,8.33719387349765,8.33719387349765
rq,ellor,gla,conf,blue,1,11.6489370768598,11.6489370768598,11.6489370768598,11.6489370768598
rq,ellor,gla,conf,green,1,13.8860495291888,13.8860495291888,13.8860495291888,13.8860495291888
rq,ellor,gla,conf,red,1,13.8522646937885,13.8522646937885,13.8522646937885,13.8522646937885
rq,ellor,gla,fusion,blue,1,14.5861725360151,14.5861725360151,14.5861725360151,14.5861725360151
rq,ellor,gla,fusion,green,1,14.3751743525457,14.3751743525457,14.3751743525457,14.3751743525457
rq,ellor,gla,fusion,red,1,16.321874958584,16.321874958584,16.321874958584,16.321874958584
rq,ellor,gla,int,blue,1,16.4751993839024,16.4751993839024,16.4751993839024,16.4751993839024
rq,ellor,gla,int,green,1,13.7615765536798,13.7615765536798,13.7615765536798,13.7615765536798
rq,ellor,gla,int,red,1,13.1167384310818,13.1167384310818,13.1167384310818,13.1167384310818
rq,ellor,gla,int,white,1,14.6154190263952,14.6154190263952,14.6154190263952,14.6154190263952
rq,ellor,gri,FV,blue,1,224.107848630902,224.107848630902,224.107848630902,224.107848630902
rq,ellor,gri,FV,green,1,213.219369875882,213.219369875882,213.219369875882,213.219369875882
rq,ellor,gri,FV,red,1,212.398158216638,212.398158216638,212.398158216638,212.398158216638
rq,ellor,gri,conf,blue,1,239.591969479671,239.591969479671,239.591969479671,239.591969479671
rq,ellor,gri,conf,green,1,247.656704759129,247.656704759129,247.656704759129,247.656704759129
rq,ellor,gri,conf,red,1,253.253131536268,253.253131536268,253.253131536268,253.253131536268
rq,ellor,gri,fusion,blue,1,235.957499798009,235.957499798009,235.957499798009,235.957499798009
rq,ellor,gri,fusion,green,1,251.374371207674,251.374371207674,251.374371207674,251.374371207674
rq,ellor,gri,fusion,red,1,256.254582097528,256.254582097528,256.254582097528,256.254582097528
rq,ellor,gri,int,blue,1,82.9985095144709,82.9985095144709,82.9985095144709,82.9985095144709
rq,ellor,gri,int,green,1,187.446160101839,187.446160101839,187.446160101839,187.446160101839
rq,ellor,gri,int,red,1,238.440742432675,238.440742432675,238.440742432675,238.440742432675
rq,ellor,gri,int,white,1,239.758285635885,239.758285635885,239.758285635885,239.758285635885
rq,ellor,hon,FV,blue,1,133.323971470526,133.323971470526,133.323971470526,133.323971470526
rq,ellor,hon,FV,green,1,34.5265868162317,34.5265868162317,34.5265868162317,34.5265868162317
rq,ellor,hon,FV,red,1,56.9924459037057,56.9924459037057,56.9924459037057,56.9924459037057
rq,ellor,hon,conf,blue,1,77.0244695647489,77.0244695647489,77.0244695647489,77.0244695647489
rq,ellor,hon,conf,green,1,101.431953712468,101.431953712468,101.431953712468,101.431953712468
rq,ellor,hon,conf,red,1,155.801393199266,155.801393199266,155.801393199266,155.801393199266
rq,ellor,hon,fusion,blue,1,139.745521624748,139.745521624748,139.745521624748,139.745521624748
rq,ellor,hon,fusion,green,1,154.989959771356,154.989959771356,154.989959771356,154.989959771356
rq,ellor,hon,fusion,red,1,223.597480773675,223.597480773675,223.597480773675,223.597480773675
rq,ellor,hon,int,blue,1,43.0443602312888,43.0443602312888,43.0443602312888,43.0443602312888
rq,ellor,hon,int,green,1,25.6476240201424,25.6476240201424,25.6476240201424,25.6476240201424
rq,ellor,hon,int,red,1,7.37799806884879,7.37799806884879,7.37799806884879,7.37799806884879
rq,ellor,hon,int,white,1,29.9367021656099,29.9367021656099,29.9367021656099,29.9367021656099
rq,ellor,mf,FV,blue,1,24.8998914205829,24.8998914205829,24.8998914205829,24.8998914205829
rq,ellor,mf,FV,green,1,40.4534714902537,40.4534714902537,40.4534714902537,40.4534714902537
rq,ellor,mf,FV,red,1,37.7370919952592,37.7370919952592,37.7370919952592,37.7370919952592
rq,ellor,mf,conf,blue,1,11.7436718828562,11.7436718828562,11.7436718828562,11.7436718828562
rq,ellor,mf,conf,green,1,2.43734916317126,2.43734916317126,2.43734916317126,2.43734916317126
rq,ellor,mf,conf,red,1,8.5952315875176,8.5952315875176,8.5952315875176,8.5952315875176
rq,ellor,mf,fusion,blue,1,7.53870009013128,7.53870009013128,7.53870009013128,7.53870009013128
rq,ellor,mf,fusion,green,1,1.04664225372099,1.04664225372099,1.04664225372099,1.04664225372099
rq,ellor,mf,fusion,red,1,25.1624500579992,25.1624500579992,25.1624500579992,25.1624500579992
rq,ellor,mf,int,blue,1,73.1970827881055,73.1970827881055,73.1970827881055,73.1970827881055
rq,ellor,mf,int,green,1,11.8063974892914,11.8063974892914,11.8063974892914,11.8063974892914
rq,ellor,mf,int,red,1,12.9205142815072,12.9205142815072,12.9205142815072,12.9205142815072
rq,ellor,mf,int,white,1,13.7378033296714,13.7378033296714,13.7378033296714,13.7378033296714
rq,ellor,mr,FV,blue,1,5.151661146128,5.151661146128,5.151661146128,5.151661146128
rq,ellor,mr,FV,green,1,12.810496976269,12.810496976269,12.810496976269,12.810496976269
rq,ellor,mr,FV,red,1,12.4524080680016,12.4524080680016,12.4524080680016,12.4524080680016
rq,ellor,mr,conf,blue,1,7.76016296689874,7.76016296689874,7.76016296689874,7.76016296689874
rq,ellor,mr,conf,green,1,13.5706337740641,13.5706337740641,13.5706337740641,13.5706337740641
rq,ellor,mr,conf,red,1,18.6883992053462,18.6883992053462,18.6883992053462,18.6883992053462
rq,ellor,mr,fusion,blue,1,8.73376304102229,8.73376304102229,8.73376304102229,8.73376304102229
rq,ellor,mr,fusion,green,1,15.6028832799325,15.6028832799325,15.6028832799325,15.6028832799325
rq,ellor,mr,fusion,red,1,23.3623034846948,23.3623034846948,23.3623034846948,23.3623034846948
rq,ellor,mr,int,blue,1,67.5758513456314,67.5758513456314,67.5758513456314,67.5758513456314
rq,ellor,mr,int,green,1,4.53947647146655,4.53947647146655,4.53947647146655,4.53947647146655
rq,ellor,mr,int,red,1,3.08606497592766,3.08606497592766,3.08606497592766,3.08606497592766
rq,ellor,mr,int,white,1,4.1332845869805,4.1332845869805,4.1332845869805,4.1332845869805
rq,ellor,tf,FV,blue,1,15.3999991093461,15.3999991093461,15.3999991093461,15.3999991093461
rq,ellor,tf,FV,green,1,21.473373134144,21.473373134144,21.473373134144,21.473373134144
rq,ellor,tf,FV,red,1,18.4068894679696,18.4068894679696,18.4068894679696,18.4068894679696
rq,ellor,tf,conf,blue,1,0.538197893325502,0.538197893325502,0.538197893325502,0.538197893325502
rq,ellor,tf,conf,green,1,5.00732971486628,5.00732971486628,5.00732971486628,5.00732971486628
rq,ellor,tf,conf,red,1,12.6411158460404,12.6411158460404,12.6411158460404,12.6411158460404
rq,ellor,tf,fusion,blue,1,11.18473692602,11.18473692602,11.18473692602,11.18473692602
rq,ellor,tf,fusion,green,1,15.9028482810215,15.9028482810215,15.9028482810215,15.9028482810215
rq,ellor,tf,fusion,red,1,29.1350827166432,29.1350827166432,29.1350827166432,29.1350827166432
rq,ellor,tf,int,blue,1,44.4585177097162,44.4585177097162,44.4585177097162,44.4585177097162
rq,ellor,tf,int,green,1,6.53029195530804,6.53029195530804,6.53029195530804,6.53029195530804
rq,ellor,tf,int,red,1,9.13481338435711,9.13481338435711,9.13481338435711,9.13481338435711
rq,ellor,tf,int,white,1,5.90024147272108,5.90024147272108,5.90024147272108,5.90024147272108
rq,ellor,tr,FV,blue,1,13.6091791482896,13.6091791482896,13.6091791482896,13.6091791482896
rq,ellor,tr,FV,green,1,15.2015401465733,15.2015401465733,15.2015401465733,15.2015401465733
rq,ellor,tr,FV,red,1,15.5619671869368,15.5619671869368,15.5619671869368,15.5619671869368
rq,ellor,tr,conf,blue,1,11.2506432819053,11.2506432819053,11.2506432819053,11.2506432819053
rq,ellor,tr,conf,green,1,10.7801888170021,10.7801888170021,10.7801888170021,10.7801888170021
rq,ellor,tr,conf,red,1,10.0175057565226,10.0175057565226,10.0175057565226,10.0175057565226
rq,ellor,tr,fusion,blue,1,9.25488512063651,9.25488512063651,9.25488512063651,9.25488512063651
rq,ellor,tr,fusion,green,1,9.04820924888363,9.04820924888363,9.04820924888363,9.04820924888363
rq,ellor,tr,fusion,red,1,7.28141733182135,7.28141733182135,7.28141733182135,7.28141733182135
rq,ellor,tr,int,blue,1,58.1746742525745,58.1746742525745,58.1746742525745,58.1746742525745
rq,ellor,tr,int,green,1,9.95710946613156,9.95710946613156,9.95710946613156,9.95710946613156
rq,ellor,tr,int,red,1,10.8237850493405,10.8237850493405,10.8237850493405,10.8237850493405
rq,ellor,tr,int,white,1,8.95295280475156,8.95295280475156,8.95295280475156,8.95295280475156
rq,ellor,wedm_f,FV,blue,1,19.1737620084192,19.1737620084192,19.1737620084192,19.1737620084192
rq,ellor,wedm_f,FV,green,1,10.1223211467704,10.1223211467704,10.1223211467704,10.1223211467704
rq,ellor,wedm_f,FV,red,1,11.9190513496491,11.9190513496491,11.9190513496491,11.9190513496491
rq,ellor,wedm_f,conf,blue,1,26.1593174848123,26.1593174848123,26.1593174848123,26.1593174848123
rq,ellor,wedm_f,conf,green,1,31.5036040940637,31.5036040940637,31.5036040940637,31.5036040940637
rq,ellor,wedm_f,conf,red,1,35.9413124099651,35.9413124099651,35.9413124099651,35.9413124099651
rq,ellor,wedm_f,fusion,blue,1,35.0425556149389,35.0425556149389,35.0425556149389,35.0425556149389
rq,ellor,wedm_f,fusion,green,1,38.0428885086006,38.0428885086006,38.0428885086006,38.0428885086006
rq,ellor,wedm_f,fusion,red,1,46.0612397344144,46.0612397344144,46.0612397344144,46.0612397344144
rq,ellor,wedm_f,int,green,1,15.1580602789829,15.1580602789829,15.1580602789829,15.1580602789829
rq,ellor,wedm_f,int,red,1,25.4813988428815,25.4813988428815,25.4813988428815,25.4813988428815
rq,ellor,wedm_f,int,white,1,22.0133187210168,22.0133187210168,22.0133187210168,22.0133187210168
rq,ellor,wedm_r,FV,blue,1,1.55365637815849,1.55365637815849,1.55365637815849,1.55365637815849
rq,ellor,wedm_r,FV,green,1,5.3141470368648704,5.3141470368648704,5.3141470368648704,5.3141470368648704
rq,ellor,wedm_r,FV,red,1,4.32730790720984,4.32730790720984,4.32730790720984,4.32730790720984
rq,ellor,wedm_r,conf,blue,1,9.29061696276478,9.29061696276478,9.29061696276478,9.29061696276478
rq,ellor,wedm_r,conf,green,1,16.001770986836,16.001770986836,16.001770986836,16.001770986836
rq,ellor,wedm_r,conf,red,1,19.25662324038,19.25662324038,19.25662324038,19.25662324038
rq,ellor,wedm_r,fusion,blue,1,11.2835460127618,11.2835460127618,11.2835460127618,11.2835460127618
rq,ellor,wedm_r,fusion,green,1,17.2948384782225,17.2948384782225,17.2948384782225,17.2948384782225
rq,ellor,wedm_r,fusion,red,1,23.0517123393154,23.0517123393154,23.0517123393154,23.0517123393154
rq,ellor,wedm_r,int,blue,1,58.2855241286054,58.2855241286054,58.2855241286054,58.2855241286054
rq,ellor,wedm_r,int,green,1,7.50441111536981,7.50441111536981,7.50441111536981,7.50441111536981
rq,ellor,wedm_r,int,red,1,15.4434103829899,15.4434103829899,15.4434103829899,15.4434103829899
rq,ellor,wedm_r,int,white,1,11.6758806362985,11.6758806362985,11.6758806362985,11.6758806362985
rq,mo58a,b,FV,blue,2,363.04803443897697,363.04803443897697,284.24249833990496,441.853570538049
rq,mo58a,b,FV,green,1,168.203807200259,168.203807200259,168.203807200259,168.203807200259
rq,mo58a,b,FV,red,1,172.631203685418,172.631203685418,172.631203685418,172.631203685418
rq,mo58a,b,conf,blue,1,201.430388662596,201.430388662596,201.430388662596,201.430388662596
rq,mo58a,b,conf,green,1,175.86471781024,175.86471781024,175.86471781024,175.86471781024
rq,mo58a,b,conf,red,1,203.001768711934,203.001768711934,203.001768711934,203.001768711934
rq,mo58a,b,fusion,blue,1,262.344618571861,262.344618571861,262.344618571861,262.344618571861
rq,mo58a,b,fusion,green,1,228.630794553325,228.630794553325,228.630794553325,228.630794553325
rq,mo58a,b,fusion,red,1,264.049033865628,264.049033865628,264.049033865628,264.049033865628
rq,mo58a,b,int,blue,1,150.377592805384,150.377592805384,150.377592805384,150.377592805384
rq,mo58a,b,int,green,1,5.85054569358116,5.85054569358116,5.85054569358116,5.85054569358116
rq,mo58a,b,int,red,1,856.259748009307,856.259748009307,856.259748009307,856.259748009307
rq,mo58a,gla,FV,blue,1,13.3861942089032,13.3861942089032,13.3861942089032,13.3861942089032
rq,mo58a,gla,FV,green,1,12.8957240562258,12.8957240562258,12.8957240562258,12.8957240562258
rq,mo58a,gla,FV,red,1,32.7383978423521,32.7383978423521,32.7383978423521,32.7383978423521
rq,mo58a,gla,conf,blue,1,27.6020381945427,27.6020381945427,27.6020381945427,27.6020381945427
rq,mo58a,gla,conf,green,1,68.5734847815664,68.5734847815664,68.5734847815664,68.5734847815664
rq,mo58a,gla,conf,red,1,90.3288776074361,90.3288776074361,90.3288776074361,90.3288776074361
rq,mo58a,gla,fusion,blue,1,57.3066168696312,57.3066168696312,57.3066168696312,57.3066168696312
rq,mo58a,gla,fusion,green,1,89.5195164782671,89.5195164782671,89.5195164782671,89.5195164782671
rq,mo58a,gla,fusion,red,1,119.667650802761,119.667650802761,119.667650802761,119.667650802761
rq,mo58a,gla,int,blue,1,3.78055055915993,3.78055055915993,3.78055055915993,3.78055055915993
rq,mo58a,gla,int,green,1,14.8310146901872,14.8310146901872,14.8310146901872,14.8310146901872
rq,mo58a,gla,int,red,1,13.0585591619763,13.0585591619763,13.0585591619763,13.0585591619763
rq,mo58a,gla,int,white,1,14.1951770530793,14.1951770530793,14.1951770530793,14.1951770530793
rq,mo58a,gri,FV,blue,1,52.7969471119329,52.7969471119329,52.7969471119329,52.7969471119329
rq,mo58a,gri,FV,green,1,44.9360748622278,44.9360748622278,44.9360748622278,44.9360748622278
rq,mo58a,gri,FV,red,1,82.7508224072882,82.7508224072882,82.7508224072882,82.7508224072882
rq,mo58a,gri,conf,blue,1,26.8456150344285,26.8456150344285,26.8456150344285,26.8456150344285
rq,mo58a,gri,conf,green,1,40.525621097946,40.525621097946,40.525621097946,40.525621097946
rq,mo58a,gri,conf,red,1,48.7545921218936,48.7545921218936,48.7545921218936,48.7545921218936
rq,mo58a,gri,fusion,blue,1,89.4958118114101,89.4958118114101,89.4958118114101,89.4958118114101
rq,mo58a,gri,fusion,green,1,62.391627107024,62.391627107024,62.391627107024,62.391627107024
rq,mo58a,gri,fusion,red,1,72.1933574181172,72.1933574181172,72.1933574181172,72.1933574181172
rq,mo58a,gri,int,blue,1,11.4843959748618,11.4843959748618,11.4843959748618,11.4843959748618
rq,mo58a,gri,int,green,1,17.3696389355311,17.3696389355311,17.3696389355311,17.3696389355311
rq,mo58a,gri,int,red,1,12.016587875149,12.016587875149,12.016587875149,12.016587875149
rq,mo58a,gri,int,white,1,17.887099102897,17.887099102897,17.887099102897,17.887099102897
rq,mo58a,hon,FV,blue,1,25.006552407717,25.006552407717,25.006552407717,25.006552407717
rq,mo58a,hon,FV,green,1,29.3963901616164,29.3963901616164,29.3963901616164,29.3963901616164
rq,mo58a,hon,FV,red,1,75.1547341730262,75.1547341730262,75.1547341730262,75.1547341730262
rq,mo58a,hon,conf,blue,1,0.0873568097525594,0.0873568097525594,0.0873568097525594,0.0873568097525594
rq,mo58a,hon,conf,green,1,16.9358833692073,16.9358833692073,16.9358833692073,16.9358833692073
rq,mo58a,hon,conf,red,1,28.4759360589986,28.4759360589986,28.4759360589986,28.4759360589986
rq,mo58a,hon,fusion,blue,1,42.0762306364739,42.0762306364739,42.0762306364739,42.0762306364739
rq,mo58a,hon,fusion,green,1,43.2369760340695,43.2369760340695,43.2369760340695,43.2369760340695
rq,mo58a,hon,fusion,red,1,55.9201918623253,55.9201918623253,55.9201918623253,55.9201918623253
rq,mo58a,hon,int,blue,1,1.17963871887085,1.17963871887085,1.17963871887085,1.17963871887085
rq,mo58a,hon,int,green,1,5.08574020234367,5.08574020234367,5.08574020234367,5.08574020234367
rq,mo58a,hon,int,red,1,0.693113429114918,0.693113429114918,0.693113429114918,0.693113429114918
rq,mo58a,hon,int,white,1,5.3344128405803,5.3344128405803,5.3344128405803,5.3344128405803
rq,mo58a,mf,FV,blue,1,317.14860180512,317.14860180512,317.14860180512,317.14860180512
rq,mo58a,mf,FV,green,1,94.4697343485592,94.4697343485592,94.4697343485592,94.4697343485592
rq,mo58a,mf,FV,red,1,112.599973299051,112.599973299051,112.599973299051,112.599973299051
rq,mo58a,mf,conf,blue,1,131.37504198498,131.37504198498,131.37504198498,131.37504198498
rq,mo58a,mf,conf,green,1,153.85012594565,153.85012594565,153.85012594565,153.85012594565
rq,mo58a,mf,conf,red,1,195.307102288408,195.307102288408,195.307102288408,195.307102288408
rq,mo58a,mf,fusion,blue,1,174.747423305972,174.747423305972,174.747423305972,174.747423305972
rq,mo58a,mf,fusion,green,1,195.793984946133,195.793984946133,195.793984946133,195.793984946133
rq,mo58a,mf,fusion,red,1,257.686554317782,257.686554317782,257.686554317782,257.686554317782
rq,mo58a,mf,int,blue,1,60.5409475171891,60.5409475171891,60.5409475171891,60.5409475171891
rq,mo58a,mf,int,green,1,10.6886879010934,10.6886879010934,10.6886879010934,10.6886879010934
rq,mo58a,mf,int,red,1,310.738158273353,310.738158273353,310.738158273353,310.738158273353
rq,mo58a,mf,int,white,1,21.3002367086321,21.3002367086321,21.3002367086321,21.3002367086321
rq,mo58a,mr,FV,blue,1,17.270827945022,17.270827945022,17.270827945022,17.270827945022
rq,mo58a,mr,FV,green,1,56.8302630669146,56.8302630669146,56.8302630669146,56.8302630669146
rq,mo58a,mr,FV,red,1,59.0617559472573,59.0617559472573,59.0617559472573,59.0617559472573
rq,mo58a,mr,conf,blue,1,54.6642135637289,54.6642135637289,54.6642135637289,54.6642135637289
rq,mo58a,mr,conf,green,1,52.9354787536974,52.9354787536974,52.9354787536974,52.9354787536974
rq,mo58a,mr,conf,red,1,48.6674493189629,48.6674493189629,48.6674493189629,48.6674493189629
rq,mo58a,mr,fusion,blue,1,42.9924791019107,42.9924791019107,42.9924791019107,42.9924791019107
rq,mo58a,mr,fusion,green,1,42.9011803057739,42.9011803057739,42.9011803057739,42.9011803057739
rq,mo58a,mr,fusion,red,1,37.9031000716239,37.9031000716239,37.9031000716239,37.9031000716239
rq,mo58a,mr,int,blue,1,55.5614362862471,55.5614362862471,55.5614362862471,55.5614362862471
rq,mo58a,mr,int,green,1,67.6988867569366,67.6988867569366,67.6988867569366,67.6988867569366
rq,mo58a,mr,int,red,1,63.8360008090687,63.8360008090687,63.8360008090687,63.8360008090687
rq,mo58a,mr,int,white,1,67.6545559074456,67.6545559074456,67.6545559074456,67.6545559074456
rq,mo58a,tf,FV,blue,1,55.8333356380612,55.8333356380612,55.8333356380612,55.8333356380612
rq,mo58a,tf,FV,green,1,62.4651367883691,62.4651367883691,62.4651367883691,62.4651367883691
rq,mo58a,tf,FV,red,1,60.4086488717919,60.4086488717919,60.4086488717919,60.4086488717919
rq,mo58a,tf,conf,blue,1,59.7004574634145,59.7004574634145,59.7004574634145,59.7004574634145
rq,mo58a,tf,conf,green,1,58.2222816752004,58.2222816752004,58.2222816752004,58.2222816752004
rq,mo58a,tf,conf,red,1,55.260373101563,55.260373101563,55.260373101563,55.260373101563
rq,mo58a,tf,fusion,blue,1,51.8495851000167,51.8495851000167,51.8495851000167,51.8495851000167
rq,mo58a,tf,fusion,green,1,53.4268073422991,53.4268073422991,53.4268073422991,53.4268073422991
rq,mo58a,tf,fusion,red,1,49.8300180539769,49.8300180539769,49.8300180539769,49.8300180539769
rq,mo58a,tf,int,blue,1,56.4231730895415,56.4231730895415,56.4231730895415,56.4231730895415
rq,mo58a,tf,int,green,1,59.6889564455814,59.6889564455814,59.6889564455814,59.6889564455814
rq,mo58a,tf,int,red,1,59.7313399334656,59.7313399334656,59.7313399334656,59.7313399334656
rq,mo58a,tf,int,white,1,59.5164172656212,59.5164172656212,59.5164172656212,59.5164172656212
rq,mo58a,tr,FV,blue,1,17.007222928326,17.007222928326,17.007222928326,17.007222928326
rq,mo58a,tr,FV,green,1,24.5689072372266,24.5689072372266,24.5689072372266,24.5689072372266
rq,mo58a,tr,FV,red,1,21.8623590098709,21.8623590098709,21.8623590098709,21.8623590098709
rq,mo58a,tr,conf,blue,1,25.9867846569171,25.9867846569171,25.9867846569171,25.9867846569171
rq,mo58a,tr,conf,green,1,23.2312644659541,23.2312644659541,23.2312644659541,23.2312644659541
rq,mo58a,tr,conf,red,1,20.0137049452766,20.0137049452766,20.0137049452766,20.0137049452766
rq,mo58a,tr,fusion,blue,1,17.1214691474443,17.1214691474443,17.1214691474443,17.1214691474443
rq,mo58a,tr,fusion,green,1,18.3353182733946,18.3353182733946,18.3353182733946,18.3353182733946
rq,mo58a,tr,fusion,red,1,14.2006957345988,14.2006957345988,14.2006957345988,14.2006957345988
rq,mo58a,tr,int,blue,1,22.3869154407115,22.3869154407115,22.3869154407115,22.3869154407115
rq,mo58a,tr,int,green,1,24.3606074531157,24.3606074531157,24.3606074531157,24.3606074531157
rq,mo58a,tr,int,red,1,23.4614720868666,23.4614720868666,23.4614720868666,23.4614720868666
rq,mo58a,tr,int,white,1,23.8833123968148,23.8833123968148,23.8833123968148,23.8833123968148
rq,mo58a,wedm_f,FV,blue,1,38.6773060965731,38.6773060965731,38.6773060965731,38.6773060965731
rq,mo58a,wedm_f,FV,green,1,15.0053174251622,15.0053174251622,15.0053174251622,15.0053174251622
rq,mo58a,wedm_f,FV,red,1,36.5800677272317,36.5800677272317,36.5800677272317,36.5800677272317
rq,mo58a,wedm_f,conf,blue,1,29.1528102979897,29.1528102979897,29.1528102979897,29.1528102979897
rq,mo58a,wedm_f,conf,green,1,52.2002043848508,52.2002043848508,52.2002043848508,52.2002043848508
rq,mo58a,wedm_f,conf,red,1,71.5420843278983,71.5420843278983,71.5420843278983,71.5420843278983
rq,mo58a,wedm_f,fusion,blue,1,109.321994513365,109.321994513365,109.321994513365,109.321994513365
rq,mo58a,wedm_f,fusion,green,1,98.3637451981466,98.3637451981466,98.3637451981466,98.3637451981466
rq,mo58a,wedm_f,fusion,red,1,123.093864229967,123.093864229967,123.093864229967,123.093864229967
rq,mo58a,wedm_f,int,blue,1,2.91255201782855,2.91255201782855,2.91255201782855,2.91255201782855
rq,mo58a,wedm_f,int,green,1,2.92495636154436,2.92495636154436,2.92495636154436,2.92495636154436
rq,mo58a,wedm_f,int,red,1,2.54758876184916,2.54758876184916,2.54758876184916,2.54758876184916
rq,mo58a,wedm_f,int,white,1,3.63119914345415,3.63119914345415,3.63119914345415,3.63119914345415
rq,mo58a,wedm_r,FV,blue,1,32.5913145068886,32.5913145068886,32.5913145068886,32.5913145068886
rq,mo58a,wedm_r,FV,green,1,29.2178797806226,29.2178797806226,29.2178797806226,29.2178797806226
rq,mo58a,wedm_r,FV,red,1,25.2482866166461,25.2482866166461,25.2482866166461,25.2482866166461
rq,mo58a,wedm_r,conf,blue,1,34.6389312293151,34.6389312293151,34.6389312293151,34.6389312293151
rq,mo58a,wedm_r,conf,green,1,17.9408071603483,17.9408071603483,17.9408071603483,17.9408071603483
rq,mo58a,wedm_r,conf,red,1,12.2626378339377,12.2626378339377,12.2626378339377,12.2626378339377
rq,mo58a,wedm_r,fusion,blue,1,25.0302012266991,25.0302012266991,25.0302012266991,25.0302012266991
rq,mo58a,wedm_r,fusion,green,1,15.5633723963661,15.5633723963661,15.5633723963661,15.5633723963661
rq,mo58a,wedm_r,fusion,red,1,7.67917363436174,7.67917363436174,7.67917363436174,7.67917363436174
rq,mo58a,wedm_r,int,blue,1,35.3115738033523,35.3115738033523,35.3115738033523,35.3115738033523
rq,mo58a,wedm_r,int,green,1,20.2798899198976,20.2798899198976,20.2798899198976,20.2798899198976
rq,mo58a,wedm_r,int,red,1,21.7284855841339,21.7284855841339,21.7284855841339,21.7284855841339
rq,mo58a,wedm_r,int,white,1,20.1428987909221,20.1428987909221,20.1428987909221,20.1428987909221
rq,ti6al4v,b,FV,blue,1,172.160661865859,172.160661865859,172.160661865859,172.160661865859
rq,ti6al4v,b,FV,green,1,84.4569581087033,84.4569581087033,84.4569581087033,84.4569581087033
rq,ti6al4v,b,FV,red,1,71.0109779314885,71.0109779314885,71.0109779314885,71.0109779314885
rq,ti6al4v,b,conf,blue,1,92.2124844204634,92.2124844204634,92.2124844204634,92.2124844204634
rq,ti6al4v,b,conf,green,1,132.165990291743,132.165990291743,132.165990291743,132.165990291743
rq,ti6al4v,b,conf,red,1,174.857005470407,174.857005470407,174.857005470407,174.857005470407
rq,ti6al4v,b,fusion,blue,1,106.972436086391,106.972436086391,106.972436086391,106.972436086391
rq,ti6al4v,b,fusion,green,1,146.02900862952,146.02900862952,146.02900862952,146.02900862952
rq,ti6al4v,b,fusion,red,1,190.092380430251,190.092380430251,190.092380430251,190.092380430251
rq,ti6al4v,b,int,blue,1,59.6382697148125,59.6382697148125,59.6382697148125,59.6382697148125
rq,ti6al4v,b,int,green,1,38.33961925816,38.33961925816,38.33961925816,38.33961925816
rq,ti6al4v,b,int,red,1,65.900272995568,65.900272995568,65.900272995568,65.900272995568
rq,ti6al4v,b,int,white,1,34.0747175539102,34.0747175539102,34.0747175539102,34.0747175539102
rq,ti6al4v,gla,FV,blue,1,16.9450481837326,16.9450481837326,16.9450481837326,16.9450481837326
rq,ti6al4v,gla,FV,green,1,4.84328779066432,4.84328779066432,4.84328779066432,4.84328779066432
rq,ti6al4v,gla,FV,red,1,36.069946117383,36.069946117383,36.069946117383,36.069946117383
rq,ti6al4v,gla,conf,blue,1,52.4578843031202,52.4578843031202,52.4578843031202,52.4578843031202
rq,ti6al4v,gla,conf,green,1,75.4426442476174,75.4426442476174,75.4426442476174,75.4426442476174
rq,ti6al4v,gla,conf,red,1,101.049357779127,101.049357779127,101.049357779127,101.049357779127
rq,ti6al4v,gla,fusion,blue,1,105.640368004957,105.640368004957,105.640368004957,105.640368004957
rq,ti6al4v,gla,fusion,green,1,121.400447776473,121.400447776473,121.400447776473,121.400447776473
rq,ti6al4v,gla,fusion,red,1,155.018409561907,155.018409561907,155.018409561907,155.018409561907
rq,ti6al4v,gla,int,blue,1,9.70646927855938,9.70646927855938,9.70646927855938,9.70646927855938
rq,ti6al4v,gla,int,green,1,19.6356816650167,19.6356816650167,19.6356816650167,19.6356816650167
rq,ti6al4v,gla,int,red,1,10.8506221667787,10.8506221667787,10.8506221667787,10.8506221667787
rq,ti6al4v,gla,int,white,1,20.2160080786977,20.2160080786977,20.2160080786977,20.2160080786977
rq,ti6al4v,gri,FV,blue,1,114.453162878499,114.453162878499,114.453162878499,114.453162878499
rq,ti6al4v,gri,FV,green,1,71.12062030403,71.12062030403,71.12062030403,71.12062030403
rq,ti6al4v,gri,FV,red,1,77.8202044184031,77.8202044184031,77.8202044184031,77.8202044184031
rq,ti6al4v,gri,conf,blue,1,79.5950427448445,79.5950427448445,79.5950427448445,79.5950427448445
rq,ti6al4v,gri,conf,green,1,98.8304662241896,98.8304662241896,98.8304662241896,98.8304662241896
rq,ti6al4v,gri,conf,red,1,116.733613844325,116.733613844325,116.733613844325,116.733613844325
rq,ti6al4v,gri,fusion,blue,1,96.8753045250552,96.8753045250552,96.8753045250552,96.8753045250552
rq,ti6al4v,gri,fusion,green,1,118.733941775177,118.733941775177,118.733941775177,118.733941775177
rq,ti6al4v,gri,fusion,red,1,140.836103775147,140.836103775147,140.836103775147,140.836103775147
rq,ti6al4v,gri,int,blue,1,68.6057868001598,68.6057868001598,68.6057868001598,68.6057868001598
rq,ti6al4v,gri,int,green,1,64.1390205924647,64.1390205924647,64.1390205924647,64.1390205924647
rq,ti6al4v,gri,int,red,1,67.0374401509307,67.0374401509307,67.0374401509307,67.0374401509307
rq,ti6al4v,gri,int,white,1,60.9055335158899,60.9055335158899,60.9055335158899,60.9055335158899
rq,ti6al4v,hon,FV,blue,1,123.669485716499,123.669485716499,123.669485716499,123.669485716499
rq,ti6al4v,hon,FV,green,1,107.768520911663,107.768520911663,107.768520911663,107.768520911663
rq,ti6al4v,hon,FV,red,1,183.802881058006,183.802881058006,183.802881058006,183.802881058006
rq,ti6al4v,hon,conf,blue,1,57.5985992099405,57.5985992099405,57.5985992099405,57.5985992099405
rq,ti6al4v,hon,conf,green,1,91.8760951368828,91.8760951368828,91.8760951368828,91.8760951368828
rq,ti6al4v,hon,conf,red,1,113.402717605406,113.402717605406,113.402717605406,113.402717605406
rq,ti6al4v,hon,fusion,blue,1,101.770293749432,101.770293749432,101.770293749432,101.770293749432
rq,ti6al4v,hon,fusion,green,1,143.762210041275,143.762210041275,143.762210041275,143.762210041275
rq,ti6al4v,hon,fusion,red,1,168.086003264821,168.086003264821,168.086003264821,168.086003264821
rq,ti6al4v,hon,int,blue,1,24.163056404018,24.163056404018,24.163056404018,24.163056404018
rq,ti6al4v,hon,int,green,1,22.3175678599617,22.3175678599617,22.3175678599617,22.3175678599617
rq,ti6al4v,hon,int,red,1,20.9386344454526,20.9386344454526,20.9386344454526,20.9386344454526
rq,ti6al4v,hon,int,white,1,21.8515767113611,21.8515767113611,21.8515767113611,21.8515767113611
rq,ti6al4v,mf,FV,blue,1,59.7511964965106,59.7511964965106,59.7511964965106,59.7511964965106
rq,ti6al4v,mf,FV,green,1,22.8113261614867,22.8113261614867,22.8113261614867,22.8113261614867
rq,ti6al4v,mf,FV,red,1,24.9971080905076,24.9971080905076,24.9971080905076,24.9971080905076
rq,ti6al4v,mf,conf,blue,1,28.4226492216114,28.4226492216114,28.4226492216114,28.4226492216114
rq,ti6al4v,mf,conf,green,1,44.3147338464983,44.3147338464983,44.3147338464983,44.3147338464983
rq,ti6al4v,mf,conf,red,1,58.2378895701703,58.2378895701703,58.2378895701703,58.2378895701703
rq,ti6al4v,mf,fusion,blue,1,42.6411624638856,42.6411624638856,42.6411624638856,42.6411624638856
rq,ti6al4v,mf,fusion,green,1,58.7725887129972,58.7725887129972,58.7725887129972,58.7725887129972
rq,ti6al4v,mf,fusion,red,1,73.421278591895,73.421278591895,73.421278591895,73.421278591895
rq,ti6al4v,mf,int,blue,1,8.20487359259892,8.20487359259892,8.20487359259892,8.20487359259892
rq,ti6al4v,mf,int,green,1,5.04513218728387,5.04513218728387,5.04513218728387,5.04513218728387
rq,ti6al4v,mf,int,red,1,13.2798350653436,13.2798350653436,13.2798350653436,13.2798350653436
rq,ti6al4v,mf,int,white,1,4.42163525100068,4.42163525100068,4.42163525100068,4.42163525100068
rq,ti6al4v,mr,FV,blue,1,28.6191141079496,28.6191141079496,28.6191141079496,28.6191141079496
rq,ti6al4v,mr,FV,green,1,29.1036017063276,29.1036017063276,29.1036017063276,29.1036017063276
rq,ti6al4v,mr,FV,red,1,28.6311107835739,28.6311107835739,28.6311107835739,28.6311107835739
rq,ti6al4v,mr,conf,blue,1,27.2419240933557,27.2419240933557,27.2419240933557,27.2419240933557
rq,ti6al4v,mr,conf,green,1,13.9696416018109,13.9696416018109,13.9696416018109,13.9696416018109
rq,ti6al4v,mr,conf,red,1,1.98418525316298,1.98418525316298,1.98418525316298,1.98418525316298
rq,ti6al4v,mr,fusion,blue,1,10.7445642592131,10.7445642592131,10.7445642592131,10.7445642592131
rq,ti6al4v,mr,fusion,green,1,3.31892803014653,3.31892803014653,3.31892803014653,3.31892803014653
rq,ti6al4v,mr,fusion,red,1,13.5720670221368,13.5720670221368,13.5720670221368,13.5720670221368
rq,ti6al4v,mr,int,blue,1,12.0373094169215,12.0373094169215,12.0373094169215,12.0373094169215
rq,ti6al4v,mr,int,green,1,57.0398569655555,57.0398569655555,57.0398569655555,57.0398569655555
rq,ti6al4v,mr,int,red,1,34.8401862367047,34.8401862367047,34.8401862367047,34.8401862367047
rq,ti6al4v,mr,int,white,1,56.2639045302366,56.2639045302366,56.2639045302366,56.2639045302366
rq,ti6al4v,tf,FV,blue,1,19.6170892289835,19.6170892289835,19.6170892289835,19.6170892289835
rq,ti6al4v,tf,FV,green,1,23.669833656632,23.669833656632,23.669833656632,23.669833656632
rq,ti6al4v,tf,FV,red,1,14.8951542613749,14.8951542613749,14.8951542613749,14.8951542613749
rq,ti6al4v,tf,conf,blue,1,26.9118065426624,26.9118065426624,26.9118065426624,26.9118065426624
rq,ti6al4v,tf,conf,green,1,21.0190026926882,21.0190026926882,21.0190026926882,21.0190026926882
rq,ti6al4v,tf,conf,red,1,10.617411580586,10.617411580586,10.617411580586,10.617411580586
rq,ti6al4v,tf,fusion,blue,1,20.5282513199868,20.5282513199868,20.5282513199868,20.5282513199868
rq,ti6al4v,tf,fusion,green,1,13.5207091914038,13.5207091914038,13.5207091914038,13.5207091914038
rq,ti6al4v,tf,fusion,red,1,2.97673659016319,2.97673659016319,2.97673659016319,2.97673659016319
rq,ti6al4v,tf,int,blue,1,12.5219716806855,12.5219716806855,12.5219716806855,12.5219716806855
rq,ti6al4v,tf,int,green,1,24.1363284841319,24.1363284841319,24.1363284841319,24.1363284841319
rq,ti6al4v,tf,int,red,1,15.6523431360541,15.6523431360541,15.6523431360541,15.6523431360541
rq,ti6al4v,tf,int,white,1,23.9703285342771,23.9703285342771,23.9703285342771,23.9703285342771
rq,ti6al4v,tr,FV,blue,1,69.7776633645169,69.7776633645169,69.7776633645169,69.7776633645169
rq,ti6al4v,tr,FV,green,1,68.8323524278854,68.8323524278854,68.8323524278854,68.8323524278854
rq,ti6al4v,tr,FV,red,1,65.6780367042905,65.6780367042905,65.6780367042905,65.6780367042905
rq,ti6al4v,tr,conf,blue,1,69.7162814927209,69.7162814927209,69.7162814927209,69.7162814927209
rq,ti6al4v,tr,conf,green,1,65.3905480964904,65.3905480964904,65.3905480964904,65.3905480964904
rq,ti6al4v,tr,conf,red,1,61.049739362362,61.049739362362,61.049739362362,61.049739362362
rq,ti6al4v,tr,fusion,blue,1,65.6177162678646,65.6177162678646,65.6177162678646,65.6177162678646
rq,ti6al4v,tr,fusion,green,1,61.4615875834851,61.4615875834851,61.4615875834851,61.4615875834851
rq,ti6al4v,tr,fusion,red,1,56.8692163363402,56.8692163363402,56.8692163363402,56.8692163363402
rq,ti6al4v,tr,int,blue,1,62.9944814606341,62.9944814606341,62.9944814606341,62.9944814606341
rq,ti6al4v,tr,int,green,1,70.2339392810016,70.2339392810016,70.2339392810016,70.2339392810016
rq,ti6al4v,tr,int,red,1,70.3185765398349,70.3185765398349,70.3185765398349,70.3185765398349
rq,ti6al4v,tr,int,white,1,70.5795059161694,70.5795059161694,70.5795059161694,70.5795059161694
rq,ti6al4v,wedm_f,FV,blue,1,81.1690408337458,81.1690408337458,81.1690408337458,81.1690408337458
rq,ti6al4v,wedm_f,FV,green,1,58.2911047396575,58.2911047396575,58.2911047396575,58.2911047396575
rq,ti6al4v,wedm_f,FV,red,1,106.684196132167,106.684196132167,106.684196132167,106.684196132167
rq,ti6al4v,wedm_f,conf,blue,1,101.803687476384,101.803687476384,101.803687476384,101.803687476384
rq,ti6al4v,wedm_f,conf,green,1,132.359960533519,132.359960533519,132.359960533519,132.359960533519
rq,ti6al4v,wedm_f,conf,red,1,156.144390683406,156.144390683406,156.144390683406,156.144390683406
rq,ti6al4v,wedm_f,fusion,blue,1,177.222906416343,177.222906416343,177.222906416343,177.222906416343
rq,ti6al4v,wedm_f,fusion,green,1,209.455243635013,209.455243635013,209.455243635013,209.455243635013
rq,ti6al4v,wedm_f,fusion,red,1,241.124111303743,241.124111303743,241.124111303743,241.124111303743
rq,ti6al4v,wedm_f,int,blue,1,7.43154626858765,7.43154626858765,7.43154626858765,7.43154626858765
rq,ti6al4v,wedm_f,int,green,1,21.8383592438525,21.8383592438525,21.8383592438525,21.8383592438525
rq,ti6al4v,wedm_f,int,red,1,17.3305296087973,17.3305296087973,17.3305296087973,17.3305296087973
rq,ti6al4v,wedm_f,int,white,1,23.0891814984453,23.0891814984453,23.0891814984453,23.0891814984453
rq,ti6al4v,wedm_r,FV,blue,1,7.29213048321241,7.29213048321241,7.29213048321241,7.29213048321241
rq,ti6al4v,wedm_r,FV,green,1,6.82193539097177,6.82193539097177,6.82193539097177,6.82193539097177
rq,ti6al4v,wedm_r,FV,red,1,5.65759381009889,5.65759381009889,5.65759381009889,5.65759381009889
rq,ti6al4v,wedm_r,conf,blue,1,4.27086107429048,4.27086107429048,4.27086107429048,4.27086107429048
rq,ti6al4v,wedm_r,conf,green,1,9.08189790701196,9.08189790701196,9.08189790701196,9.08189790701196
rq,ti6al4v,wedm_r,conf,red,1,15.7131568683417,15.7131568683417,15.7131568683417,15.7131568683417
rq,ti6al4v,wedm_r,fusion,blue,1,18.204956143852,18.204956143852,18.204956143852,18.204956143852
rq,ti6al4v,wedm_r,fusion,green,1,39.8188096307221,39.8188096307221,39.8188096307221,39.8188096307221
rq,ti6al4v,wedm_r,fusion,red,1,55.6491497962976,55.6491497962976,55.6491497962976,55.6491497962976
rq,ti6al4v,wedm_r,int,blue,1,29.111643616221,29.111643616221,29.111643616221,29.111643616221
rq,ti6al4v,wedm_r,int,green,1,3.03739016972372,3.03739016972372,3.03739016972372,3.03739016972372
rq,ti6al4v,wedm_r,int,red,1,1.97281564866619,1.97281564866619,1.97281564866619,1.97281564866619
rq,ti6al4v,wedm_r,int,white,1,3.33178213070286,3.33178213070286,3.33178213070286,3.33178213070286
rsk,14301,b,FV,blue,1,72.1944530224875,72.1944530224875,72.1944530224875,72.1944530224875
rsk,14301,b,FV,green,1,100.90769026475,100.90769026475,100.90769026475,100.90769026475
rsk,14301,b,FV,red,1,111.685712008482,111.685712008482,111.685712008482,111.685712008482
rsk,14301,b,conf,blue,1,84.6002186520098,84.6002186520098,84.6002186520098,84.6002186520098
rsk,14301,b,conf,green,1,87.8844835934979,87.8844835934979,87.8844835934979,87.8844835934979
rsk,14301,b,conf,red,1,94.4252172887907,94.4252172887907,94.4252172887907,94.4252172887907
rsk,14301,b,fusion,blue,1,87.8723570911182,87.8723570911182,87.8723570911182,87.8723570911182
rsk,14301,b,fusion,green,1,86.0550463548801,86.0550463548801,86.0550463548801,86.0550463548801
rsk,14301,b,fusion,red,1,85.5137857090584,85.5137857090584,85.5137857090584,85.5137857090584
rsk,14301,b,int,blue,1,92.1419421136921,92.1419421136921,92.1419421136921,92.1419421136921
rsk,14301,b,int,green,1,91.4547966145317,91.4547966145317,91.4547966145317,91.4547966145317
rsk,14301,b,int,red,1,101.539880196862,101.539880196862,101.539880196862,101.539880196862
rsk,14301,b,int,white,1,87.1034548274793,87.1034548274793,87.1034548274793,87.1034548274793
rsk,14301,gla,FV,blue,1,63.560010428572,63.560010428572,63.560010428572,63.560010428572
rsk,14301,gla,FV,green,1,28.5516508463011,28.5516508463011,28.5516508463011,28.5516508463011
rsk,14301,gla,FV,red,1,1.91267808839816,1.91267808839816,1.91267808839816,1.91267808839816
rsk,14301,gla,conf,blue,1,36.1938937845346,36.1938937845346,36.1938937845346,36.1938937845346
rsk,14301,gla,conf,green,1,163.88350160914,163.88350160914,163.88350160914,163.88350160914
rsk,14301,gla,conf,red,1,216.289104977757,216.289104977757,216.289104977757,216.289104977757
rsk,14301,gla,fusion,blue,1,96.0932013450891,96.0932013450891,96.0932013450891,96.0932013450891
rsk,14301,gla,fusion,green,1,121.236876811509,121.236876811509,121.236876811509,121.236876811509
rsk,14301,gla,fusion,red,1,196.280065536873,196.280065536873,196.280065536873,196.280065536873
rsk,14301,gla,int,blue,1,118.134615460061,118.134615460061,118.134615460061,118.134615460061
rsk,14301,gla,int,green,1,197.932026416075,197.932026416075,197.932026416075,197.932026416075
rsk,14301,gla,int,red,1,156.109946885978,156.109946885978,156.109946885978,156.109946885978
rsk,14301,gla,int,white,1,201.153832660459,201.153832660459,201.153832660459,201.153832660459
rsk,14301,gri,FV,blue,1,93.6606094143094,93.6606094143094,93.6606094143094,93.6606094143094
rsk,14301,gri,FV,green,1,89.6378885305702,89.6378885305702,89.6378885305702,89.6378885305702
rsk,14301,gri,FV,red,1,106.531931240764,106.531931240764,106.531931240764,106.531931240764
rsk,14301,gri,conf,blue,1,52.3941285566038,52.3941285566038,52.3941285566038,52.3941285566038
rsk,14301,gri,conf,green,1,44.953845978388,44.953845978388,44.953845978388,44.953845978388
rsk,14301,gri,conf,red,1,45.8288627119597,45.8288627119597,45.8288627119597,45.8288627119597
rsk,14301,gri,fusion,blue,1,101.617870727457,101.617870727457,101.617870727457,101.617870727457
rsk,14301,gri,fusion,green,1,46.3321328107987,46.3321328107987,46.3321328107987,46.3321328107987
rsk,14301,gri,fusion,red,1,43.6849256843575,43.6849256843575,43.6849256843575,43.6849256843575
rsk,14301,gri,int,blue,1,28.5124052862566,28.5124052862566,28.5124052862566,28.5124052862566
rsk,14301,gri,int,green,1,7.87510182250149,7.87510182250149,7.87510182250149,7.87510182250149
rsk,14301,gri,int,red,1,12.9638348089994,12.9638348089994,12.9638348089994,12.9638348089994
rsk,14301,gri,int,white,1,5.65991624502102,5.65991624502102,5.65991624502102,5.65991624502102
rsk,14301,hon,FV,blue,1,78.5702824839765,78.5702824839765,78.5702824839765,78.5702824839765
rsk,14301,hon,FV,green,1,79.0569896860388,79.0569896860388,79.0569896860388,79.0569896860388
rsk,14301,hon,FV,red,1,100.219863706675,100.219863706675,100.219863706675,100.219863706675
rsk,14301,hon,conf,blue,1,132.382910316921,132.382910316921,132.382910316921,132.382910316921
rsk,14301,hon,conf,green,1,198.103249322639,198.103249322639,198.103249322639,198.103249322639
rsk,14301,hon,conf,red,1,216.460993945677,216.460993945677,216.460993945677,216.460993945677
rsk,14301,hon,fusion,blue,1,58.3617119301886,58.3617119301886,58.3617119301886,58.3617119301886
rsk,14301,hon,fusion,green,1,167.642501573039,167.642501573039,167.642501573039,167.642501573039
rsk,14301,hon,fusion,red,1,185.665907932608,185.665907932608,185.665907932608,185.665907932608
rsk,14301,hon,int,blue,1,109.154411163478,109.154411163478,109.154411163478,109.154411163478
rsk,14301,hon,int,green,1,66.5382097146299,66.5382097146299,66.5382097146299,66.5382097146299
rsk,14301,hon,int,red,1,93.0533029769192,93.0533029769192,93.0533029769192,93.0533029769192
rsk,14301,hon,int,white,1,66.273772420995,66.273772420995,66.273772420995,66.273772420995
rsk,14301,mf,FV,blue,1,209.211813857855,209.211813857855,209.211813857855,209.211813857855
rsk,14301,mf,FV,green,1,133.76731972095,133.76731972095,133.76731972095,133.76731972095
rsk,14301,mf,FV,red,1,134.798728522747,134.798728522747,134.798728522747,134.798728522747
rsk,14301,mf,conf,blue,1,173.536377462194,173.536377462194,173.536377462194,173.536377462194
rsk,14301,mf,conf,green,1,187.520570038724,187.520570038724,187.520570038724,187.520570038724
rsk,14301,mf,conf,red,1,199.504255034073,199.504255034073,199.504255034073,199.504255034073
rsk,14301,mf,fusion,blue,1,191.572670050345,191.572670050345,191.572670050345,191.572670050345
rsk,14301,mf,fusion,green,1,222.509034018256,222.509034018256,222.509034018256,222.509034018256
rsk,14301,mf,fusion,red,1,234.128559171627,234.128559171627,234.128559171627,234.128559171627
rsk,14301,mf,int,blue,1,84.150280620914,84.150280620914,84.150280620914,84.150280620914
rsk,14301,mf,int,green,1,126.379622120763,126.379622120763,126.379622120763,126.379622120763
rsk,14301,mf,int,red,1,113.584342771531,113.584342771531,113.584342771531,113.584342771531
rsk,14301,mf,int,white,1,137.413284253887,137.413284253887,137.413284253887,137.413284253887
rsk,14301,mr,FV,blue,1,81.2195421254902,81.2195421254902,81.2195421254902,81.2195421254902
rsk,14301,mr,FV,green,1,163.398470148189,163.398470148189,163.398470148189,163.398470148189
rsk,14301,mr,FV,red,1,193.779663112058,193.779663112058,193.779663112058,193.779663112058
rsk,14301,mr,conf,blue,1,161.745559433158,161.745559433158,161.745559433158,161.745559433158
rsk,14301,mr,conf,green,1,180.545202661474,180.545202661474,180.545202661474,180.545202661474
rsk,14301,mr,conf,red,1,217.685318236266,217.685318236266,217.685318236266,217.685318236266
rsk,14301,mr,fusion,blue,1,166.708639293646,166.708639293646,166.708639293646,166.708639293646
rsk,14301,mr,fusion,green,1,159.204225720846,159.204225720846,159.204225720846,159.204225720846
rsk,14301,mr,fusion,red,1,196.091151348899,196.091151348899,196.091151348899,196.091151348899
rsk,14301,mr,int,blue,1,126.606300776796,126.606300776796,126.606300776796,126.606300776796
rsk,14301,mr,int,green,1,170.00799569352,170.00799569352,170.00799569352,170.00799569352
rsk,14301,mr,int,red,1,76.9507925988534,76.9507925988534,76.9507925988534,76.9507925988534
rsk,14301,mr,int,white,1,203.336318063996,203.336318063996,203.336318063996,203.336318063996
rsk,14301,tf,FV,blue,1,194.171336015922,194.171336015922,194.171336015922,194.171336015922
rsk,14301,tf,FV,green,1,166.888056244179,166.888056244179,166.888056244179,166.888056244179
rsk,14301,tf,FV,red,1,157.349330629765,157.349330629765,157.349330629765,157.349330629765
rsk,14301,tf,conf,blue,1,140.502905508972,140.502905508972,140.502905508972,140.502905508972
rsk,14301,tf,conf,green,1,128.149355447267,128.149355447267,128.149355447267,128.149355447267
rsk,14301,tf,conf,red,1,126.033868373689,126.033868373689,126.033868373689,126.033868373689
rsk,14301,tf,fusion,blue,1,133.905844455482,133.905844455482,133.905844455482,133.905844455482
rsk,14301,tf,fusion,green,1,121.271092264493,121.271092264493,121.271092264493,121.271092264493
rsk,14301,tf,fusion,red,1,120.126242185148,120.126242185148,120.126242185148,120.126242185148
rsk,14301,tf,int,blue,1,157.920502068342,157.920502068342,157.920502068342,157.920502068342
rsk,14301,tf,int,green,1,128.648823180056,128.648823180056,128.648823180056,128.648823180056
rsk,14301,tf,int,red,1,120.058435738645,120.058435738645,120.058435738645,120.058435738645
rsk,14301,tf,int,white,1,130.659577082929,130.659577082929,130.659577082929,130.659577082929
rsk,14301,tr,FV,blue,1,112.735445483289,112.735445483289,112.735445483289,112.735445483289
rsk,14301,tr,FV,green,1,434.894908712073,434.894908712073,434.894908712073,434.894908712073
rsk,14301,tr,FV,red,1,534.17806802349,534.17806802349,534.17806802349,534.17806802349
rsk,14301,tr,conf,blue,1,834.864680737866,834.864680737866,834.864680737866,834.864680737866
rsk,14301,tr,conf,green,1,659.924539979226,659.924539979226,659.924539979226,659.924539979226
rsk,14301,tr,conf,red,1,570.087844767413,570.087844767413,570.087844767413,570.087844767413
rsk,14301,tr,fusion,blue,1,809.175687848914,809.175687848914,809.175687848914,809.175687848914
rsk,14301,tr,fusion,green,1,540.02151573557,540.02151573557,540.02151573557,540.02151573557
rsk,14301,tr,fusion,red,1,461.455245482438,461.455245482438,461.455245482438,461.455245482438
rsk,14301,tr,int,blue,1,511.239407040235,511.239407040235,511.239407040235,511.239407040235
rsk,14301,tr,int,green,1,1045.66069954292,1045.66069954292,1045.66069954292,1045.66069954292
rsk,14301,tr,int,red,1,923.236947224586,923.236947224586,923.236947224586,923.236947224586
rsk,14301,tr,int,white,1,1053.66965705288,1053.66965705288,1053.66965705288,1053.66965705288
rsk,14301,wedm_f,FV,blue,1,48.9317533143689,48.9317533143689,48.9317533143689,48.9317533143689
rsk,14301,wedm_f,FV,green,1,99.3627502422591,99.3627502422591,99.3627502422591,99.3627502422591
rsk,14301,wedm_f,FV,red,1,110.768679892712,110.768679892712,110.768679892712,110.768679892712
rsk,14301,wedm_f,conf,blue,1,48.2845254745658,48.2845254745658,48.2845254745658,48.2845254745658
rsk,14301,wedm_f,conf,green,1,120.990469835846,120.990469835846,120.990469835846,120.990469835846
rsk,14301,wedm_f,conf,red,1,71.178826787203,71.178826787203,71.178826787203,71.178826787203
rsk,14301,wedm_f,fusion,blue,1,152.296952817806,152.296952817806,152.296952817806,152.296952817806
rsk,14301,wedm_f,fusion,green,1,266.597676532277,266.597676532277,266.597676532277,266.597676532277
rsk,14301,wedm_f,fusion,red,1,252.081583472669,252.081583472669,252.081583472669,252.081583472669
rsk,14301,wedm_f,int,blue,1,153.426592582577,153.426592582577,153.426592582577,153.426592582577
rsk,14301,wedm_f,int,green,1,53.1223567582748,53.1223567582748,53.1223567582748,53.1223567582748
rsk,14301,wedm_f,int,red,1,114.963718068704,114.963718068704,114.963718068704,114.963718068704
rsk,14301,wedm_f,int,white,1,33.0721617228287,33.0721617228287,33.0721617228287,33.0721617228287
rsk,14301,wedm_r,FV,blue,1,92.3940949028477,92.3940949028477,92.3940949028477,92.3940949028477
rsk,14301,wedm_r,FV,green,1,73.6327109630573,73.6327109630573,73.6327109630573,73.6327109630573
rsk,14301,wedm_r,FV,red,1,14.5068382022032,14.5068382022032,14.5068382022032,14.5068382022032
rsk,14301,wedm_r,conf,blue,1,81.2140835297953,81.2140835297953,81.2140835297953,81.2140835297953
rsk,14301,wedm_r,conf,green,1,71.985616033057,71.985616033057,71.985616033057,71.985616033057
rsk,14301,wedm_r,conf,red,1,138.953225535049,138.953225535049,138.953225535049,138.953225535049
rsk,14301,wedm_r,fusion,blue,1,54.3637438600396,54.3637438600396,54.3637438600396,54.3637438600396
rsk,14301,wedm_r,fusion,green,1,94.7133159181906,94.7133159181906,94.7133159181906,94.7133159181906
rsk,14301,wedm_r,fusion,red,1,239.827116382574,239.827116382574,239.827116382574,239.827116382574
rsk,14301,wedm_r,int,green,1,7.11735516607507,7.11735516607507,7.11735516607507,7.11735516607507
rsk,14301,wedm_r,int,red,1,20.1658593155026,20.1658593155026,20.1658593155026,20.1658593155026
rsk,14301,wedm_r,int,white,1,16.8004912214789,16.8004912214789,16.8004912214789,16.8004912214789
rsk,al7075,b,FV,blue,1,226.054551055557,226.054551055557,226.054551055557,226.054551055557
rsk,al7075,b,FV,green,1,93.0363614052345,93.0363614052345,93.0363614052345,93.0363614052345
rsk,al7075,b,FV,red,1,71.1607292221214,71.1607292221214,71.1607292221214,71.1607292221214
rsk,al7075,b,conf,blue,1,128.757150179669,128.757150179669,128.757150179669,128.757150179669
rsk,al7075,b,conf,green,1,124.141166744057,124.141166744057,124.141166744057,124.141166744057
rsk,al7075,b,conf,red,1,119.608757655185,119.608757655185,119.608757655185,119.608757655185
rsk,al7075,b,fusion,blue,1,132.774433561416,132.774433561416,132.774433561416,132.774433561416
rsk,al7075,b,fusion,green,1,137.54783657092,137.54783657092,137.54783657092,137.54783657092
rsk,al7075,b,fusion,red,1,147.648778544811,147.648778544811,147.648778544811,147.648778544811
rsk,al7075,b,int,blue,1,104.023731350105,104.023731350105,104.023731350105,104.023731350105
rsk,al7075,b,int,green,1,105.560197445989,105.560197445989,105.560197445989,105.560197445989
rsk,al7075,b,int,red,1,106.562844129248,106.562844129248,106.562844129248,106.562844129248
rsk,al7075,b,int,white,1,102.823380609887,102.823380609887,102.823380609887,102.823380609887
rsk,al7075,gla,FV,blue,1,33.8633551429904,33.8633551429904,33.8633551429904,33.8633551429904
rsk,al7075,gla,FV,green,1,12.860380654945,12.860380654945,12.860380654945,12.860380654945
rsk,al7075,gla,FV,red,1,14.0095800772178,14.0095800772178,14.0095800772178,14.0095800772178
rsk,al7075,gla,conf,blue,1,203.035688924804,203.035688924804,203.035688924804,203.035688924804
rsk,al7075,gla,conf,green,1,394.858598373773,394.858598373773,394.858598373773,394.858598373773
rsk,al7075,gla,conf,red,1,465.256679170754,465.256679170754,465.256679170754,465.256679170754
rsk,al7075,gla,fusion,blue,1,105.261660445798,105.261660445798,105.261660445798,105.261660445798
rsk,al7075,gla,fusion,green,1,160.85644950231,160.85644950231,160.85644950231,160.85644950231
rsk,al7075,gla,fusion,red,1,318.510380108343,318.510380108343,318.510380108343,318.510380108343
rsk,al7075,gla,int,blue,1,19.2299869247002,19.2299869247002,19.2299869247002,19.2299869247002
rsk,al7075,gla,int,green,1,22.8444612918006,22.8444612918006,22.8444612918006,22.8444612918006
rsk,al7075,gla,int,red,1,58.2624250431459,58.2624250431459,58.2624250431459,58.2624250431459
rsk,al7075,gla,int,white,1,16.1084187090645,16.1084187090645,16.1084187090645,16.1084187090645
rsk,al7075,gri,FV,blue,1,109.720219860534,109.720219860534,109.720219860534,109.720219860534
rsk,al7075,gri,FV,green,1,108.136290890328,108.136290890328,108.136290890328,108.136290890328
rsk,al7075,gri,FV,red,1,121.325337635451,121.325337635451,121.325337635451,121.325337635451
rsk,al7075,gri,conf,blue,1,72.9162243709229,72.9162243709229,72.9162243709229,72.9162243709229
rsk,al7075,gri,conf,green,1,61.3222026199166,61.3222026199166,61.3222026199166,61.3222026199166
rsk,al7075,gri,conf,red,1,56.8261378885913,56.8261378885913,56.8261378885913,56.8261378885913
rsk,al7075,gri,fusion,blue,1,87.6636723299319,87.6636723299319,87.6636723299319,87.6636723299319
rsk,al7075,gri,fusion,green,1,61.9450216119765,61.9450216119765,61.9450216119765,61.9450216119765
rsk,al7075,gri,fusion,red,1,56.8473617080159,56.8473617080159,56.8473617080159,56.8473617080159
rsk,al7075,gri,int,blue,1,59.6885361678988,59.6885361678988,59.6885361678988,59.6885361678988
rsk,al7075,gri,int,green,1,25.5500451987387,25.5500451987387,25.5500451987387,25.5500451987387
rsk,al7075,gri,int,red,1,53.8696369903628,53.8696369903628,53.8696369903628,53.8696369903628
rsk,al7075,gri,int,white,1,23.9839933071305,23.9839933071305,23.9839933071305,23.9839933071305
rsk,al7075,hon,FV,blue,1,261.51880056623,261.51880056623,261.51880056623,261.51880056623
rsk,al7075,hon,FV,green,1,498.072270077514,498.072270077514,498.072270077514,498.072270077514
rsk,al7075,hon,FV,red,1,721.748177098149,721.748177098149,721.748177098149,721.748177098149
rsk,al7075,hon,conf,blue,1,155.007519383319,155.007519383319,155.007519383319,155.007519383319
rsk,al7075,hon,conf,green,1,282.305155291089,282.305155291089,282.305155291089,282.305155291089
rsk,al7075,hon,conf,red,1,301.65690920468,301.65690920468,301.65690920468,301.65690920468
rsk,al7075,hon,fusion,blue,1,70.386661330224,70.386661330224,70.386661330224,70.386661330224
rsk,al7075,hon,fusion,green,1,301.264752608229,301.264752608229,301.264752608229,301.264752608229
rsk,al7075,hon,fusion,red,1,330.295216973523,330.295216973523,330.295216973523,330.295216973523
rsk,al7075,hon,int,blue,1,305.381104552519,305.381104552519,305.381104552519,305.381104552519
rsk,al7075,hon,int,green,1,669.815834737364,669.815834737364,669.815834737364,669.815834737364
rsk,al7075,hon,int,red,1,323.050912384767,323.050912384767,323.050912384767,323.050912384767
rsk,al7075,hon,int,white,1,705.745961366085,705.745961366085,705.745961366085,705.745961366085
rsk,al7075,mf,FV,blue,1,129.570766665269,129.570766665269,129.570766665269,129.570766665269
rsk,al7075,mf,FV,green,1,98.3039223712032,98.3039223712032,98.3039223712032,98.3039223712032
rsk,al7075,mf,FV,red,1,89.5837787194948,89.5837787194948,89.5837787194948,89.5837787194948
rsk,al7075,mf,conf,blue,1,112.87288662635,112.87288662635,112.87288662635,112.87288662635
rsk,al7075,mf,conf,green,1,102.781952940422,102.781952940422,102.781952940422,102.781952940422
rsk,al7075,mf,conf,red,1,96.9382211434041,96.9382211434041,96.9382211434041,96.9382211434041
rsk,al7075,mf,fusion,blue,1,112.182379745166,112.182379745166,112.182379745166,112.182379745166
rsk,al7075,mf,fusion,green,1,105.396687169881,105.396687169881,105.396687169881,105.396687169881
rsk,al7075,mf,fusion,red,1,102.585478197193,102.585478197193,102.585478197193,102.585478197193
rsk,al7075,mf,int,blue,1,100.111967420772,100.111967420772,100.111967420772,100.111967420772
rsk,al7075,mf,int,green,1,102.133834934926,102.133834934926,102.133834934926,102.133834934926
rsk,al7075,mf,int,red,1,102.949214251126,102.949214251126,102.949214251126,102.949214251126
rsk,al7075,mf,int,white,1,96.6830977687455,96.6830977687455,96.6830977687455,96.6830977687455
rsk,al7075,mr,FV,blue,1,1718.1778078896,1718.1778078896,1718.1778078896,1718.1778078896
rsk,al7075,mr,FV,green,1,110.763311867634,110.763311867634,110.763311867634,110.763311867634
rsk,al7075,mr,FV,red,1,542.829879703511,542.829879703511,542.829879703511,542.829879703511
rsk,al7075,mr,conf,blue,1,240.0359928375,240.0359928375,240.0359928375,240.0359928375
rsk,al7075,mr,conf,green,1,17.9197050450632,17.9197050450632,17.9197050450632,17.9197050450632
rsk,al7075,mr,conf,red,1,21.8319970106892,21.8319970106892,21.8319970106892,21.8319970106892
rsk,al7075,mr,fusion,blue,1,86.8883712441054,86.8883712441054,86.8883712441054,86.8883712441054
rsk,al7075,mr,fusion,green,1,121.955348577549,121.955348577549,121.955348577549,121.955348577549
rsk,al7075,mr,fusion,red,1,327.842620817378,327.842620817378,327.842620817378,327.842620817378
rsk,al7075,mr,int,blue,1,477.842756016319,477.842756016319,477.842756016319,477.842756016319
rsk,al7075,mr,int,green,1,35.2872729641791,35.2872729641791,35.2872729641791,35.2872729641791
rsk,al7075,mr,int,red,1,631.190110340698,631.190110340698,631.190110340698,631.190110340698
rsk,al7075,mr,int,white,1,728.654768567612,728.654768567612,728.654768567612,728.654768567612
rsk,al7075,tf,FV,blue,1,151.456623761227,151.456623761227,151.456623761227,151.456623761227
rsk,al7075,tf,FV,green,1,117.336608496929,117.336608496929,117.336608496929,117.336608496929
rsk,al7075,tf,FV,red,1,108.105798249083,108.105798249083,108.105798249083,108.105798249083
rsk,al7075,tf,conf,blue,1,106.769962379476,106.769962379476,106.769962379476,106.769962379476
rsk,al7075,tf,conf,green,1,105.783137271607,105.783137271607,105.783137271607,105.783137271607
rsk,al7075,tf,conf,red,1,106.161533292891,106.161533292891,106.161533292891,106.161533292891
rsk,al7075,tf,fusion,blue,1,112.761079512519,112.761079512519,112.761079512519,112.761079512519
rsk,al7075,tf,fusion,green,1,115.317862095052,115.317862095052,115.317862095052,115.317862095052
rsk,al7075,tf,fusion,red,1,118.508125904344,118.508125904344,118.508125904344,118.508125904344
rsk,al7075,tf,int,blue,1,114.576708615216,114.576708615216,114.576708615216,114.576708615216
rsk,al7075,tf,int,green,1,111.243755877391,111.243755877391,111.243755877391,111.243755877391
rsk,al7075,tf,int,red,1,98.2477782468828,98.2477782468828,98.2477782468828,98.2477782468828
rsk,al7075,tf,int,white,1,112.923407233566,112.923407233566,112.923407233566,112.923407233566
rsk,al7075,tr,FV,blue,1,41.1917757799395,41.1917757799395,41.1917757799395,41.1917757799395
rsk,al7075,tr,FV,green,1,37.900690135047,37.900690135047,37.900690135047,37.900690135047
rsk,al7075,tr,FV,red,1,12.208205783633,12.208205783633,12.208205783633,12.208205783633
rsk,al7075,tr,conf,blue,1,19.9837489244176,19.9837489244176,19.9837489244176,19.9837489244176
rsk,al7075,tr,conf,green,1,31.9496975352064,31.9496975352064,31.9496975352064,31.9496975352064
rsk,al7075,tr,conf,red,1,48.7829925235364,48.7829925235364,48.7829925235364,48.7829925235364
rsk,al7075,tr,fusion,blue,1,11.0593178204511,11.0593178204511,11.0593178204511,11.0593178204511
rsk,al7075,tr,fusion,green,1,45.4045480258538,45.4045480258538,45.4045480258538,45.4045480258538
rsk,al7075,tr,fusion,red,1,67.9283834342003,67.9283834342003,67.9283834342003,67.9283834342003
rsk,al7075,tr,int,blue,1,52.1987972230325,52.1987972230325,52.1987972230325,52.1987972230325
rsk,al7075,tr,int,green,1,8.22335256586723,8.22335256586723,8.22335256586723,8.22335256586723
rsk,al7075,tr,int,red,1,28.3014219274318,28.3014219274318,28.3014219274318,28.3014219274318
rsk,al7075,tr,int,white,1,14.1611433150838,14.1611433150838,14.1611433150838,14.1611433150838
rsk,al7075,wedm_f,FV,blue,1,205.49495794758,205.49495794758,205.49495794758,205.49495794758
rsk,al7075,wedm_f,FV,green,1,261.994999312,261.994999312,261.994999312,261.994999312
rsk,al7075,wedm_f,FV,red,1,279.359586713505,279.359586713505,279.359586713505,279.359586713505
rsk,al7075,wedm_f,conf,blue,1,356.945451021601,356.945451021601,356.945451021601,356.945451021601
rsk,al7075,wedm_f,conf,green,1,155.746024263611,155.746024263611,155.746024263611,155.746024263611
rsk,al7075,wedm_f,conf,red,1,142.225792491934,142.225792491934,142.225792491934,142.225792491934
rsk,al7075,wedm_f,fusion,blue,1,418.029578226342,418.029578226342,418.029578226342,418.029578226342
rsk,al7075,wedm_f,fusion,green,1,135.873283632866,135.873283632866,135.873283632866,135.873283632866
rsk,al7075,wedm_f,fusion,red,1,118.864354011788,118.864354011788,118.864354011788,118.864354011788
rsk,al7075,wedm_f,int,blue,1,142.368741561789,142.368741561789,142.368741561789,142.368741561789
rsk,al7075,wedm_f,int,green,1,39.8433004819621,39.8433004819621,39.8433004819621,39.8433004819621
rsk,al7075,wedm_f,int,red,1,95.5685305158408,95.5685305158408,95.5685305158408,95.5685305158408
rsk,al7075,wedm_f,int,white,1,11.026974303433,11.026974303433,11.026974303433,11.026974303433
rsk,al7075,wedm_r,FV,blue,1,19.5720323587458,19.5720323587458,19.5720323587458,19.5720323587458
rsk,al7075,wedm_r,FV,green,1,30.594881001909,30.594881001909,30.594881001909,30.594881001909
rsk,al7075,wedm_r,FV,red,1,2.45262989162536,2.45262989162536,2.45262989162536,2.45262989162536
rsk,al7075,wedm_r,conf,blue,1,168.464492806401,168.464492806401,168.464492806401,168.464492806401
rsk,al7075,wedm_r,conf,green,1,340.230168972316,340.230168972316,340.230168972316,340.230168972316
rsk,al7075,wedm_r,conf,red,1,774.862795122934,774.862795122934,774.862795122934,774.862795122934
rsk,al7075,wedm_r,fusion,blue,1,790.323472947974,790.323472947974,790.323472947974,790.323472947974
rsk,al7075,wedm_r,fusion,green,1,1210.88005112951,1210.88005112951,1210.88005112951,1210.88005112951
rsk,al7075,wedm_r,fusion,red,1,1549.82601887662,1549.82601887662,1549.82601887662,1549.82601887662
rsk,al7075,wedm_r,int,blue,1,279.530055521458,279.530055521458,279.530055521458,279.530055521458
rsk,al7075,wedm_r,int,green,1,52.1137414654591,52.1137414654591,52.1137414654591,52.1137414654591
rsk,al7075,wedm_r,int,red,1,35.1334354927684,35.1334354927684,35.1334354927684,35.1334354927684
rsk,al7075,wedm_r,int,white,1,85.3337249297387,85.3337249297387,85.3337249297387,85.3337249297387
rsk,c45,b,FV,blue,1,18.98188406112,18.98188406112,18.98188406112,18.98188406112
rsk,c45,b,FV,green,1,97.3969304132753,97.3969304132753,97.3969304132753,97.3969304132753
rsk,c45,b,FV,red,1,127.38072580488,127.38072580488,127.38072580488,127.38072580488
rsk,c45,b,conf,green,1,65.5842720150953,65.5842720150953,65.5842720150953,65.5842720150953
rsk,c45,b,conf,red,1,66.0719244457464,66.0719244457464,66.0719244457464,66.0719244457464
rsk,c45,b,fusion,blue,1,77.8437993841671,77.8437993841671,77.8437993841671,77.8437993841671
rsk,c45,b,fusion,green,1,51.8840489301924,51.8840489301924,51.8840489301924,51.8840489301924
rsk,c45,b,fusion,red,1,38.7196247042675,38.7196247042675,38.7196247042675,38.7196247042675
rsk,c45,b,int,blue,2,112.68484002684349,112.68484002684349,112.58138416554574,112.78829588814125
rsk,c45,b,int,green,1,108.31520406522,108.31520406522,108.31520406522,108.31520406522
rsk,c45,b,int,red,1,107.50007265567,107.50007265567,107.50007265567,107.50007265567
rsk,c45,b,int,white,1,110.082996408883,110.082996408883,110.082996408883,110.082996408883
rsk,c45,gla,FV,blue,1,65.6333652542273,65.6333652542273,65.6333652542273,65.6333652542273
rsk,c45,gla,FV,green,1,0.641594217700701,0.641594217700701,0.641594217700701,0.641594217700701
rsk,c45,gla,FV,red,1,26.9488146005962,26.9488146005962,26.9488146005962,26.9488146005962
rsk,c45,gla,conf,blue,1,105.31054975208,105.31054975208,105.31054975208,105.31054975208
rsk,c45,gla,conf,green,1,324.328828336838,324.328828336838,324.328828336838,324.328828336838
rsk,c45,gla,conf,red,1,404.526541889087,404.526541889087,404.526541889087,404.526541889087
rsk,c45,gla,fusion,blue,1,8.33969810745531,8.33969810745531,8.33969810745531,8.33969810745531
rsk,c45,gla,fusion,green,1,315.344849131035,315.344849131035,315.344849131035,315.344849131035
rsk,c45,gla,fusion,red,1,434.614205993467,434.614205993467,434.614205993467,434.614205993467
rsk,c45,gla,int,blue,1,62.2126869536432,62.2126869536432,62.2126869536432,62.2126869536432
rsk,c45,gla,int,green,1,50.6008049601235,50.6008049601235,50.6008049601235,50.6008049601235
rsk,c45,gla,int,red,1,83.071205757515,83.071205757515,83.071205757515,83.071205757515
rsk,c45,gla,int,white,1,56.4548879175267,56.4548879175267,56.4548879175267,56.4548879175267
rsk,c45,gri,FV,blue,1,103.131250728555,103.131250728555,103.131250728555,103.131250728555
rsk,c45,gri,FV,green,1,108.30691203012,108.30691203012,108.30691203012,108.30691203012
rsk,c45,gri,FV,red,1,130.547072248741,130.547072248741,130.547072248741,130.547072248741
rsk,c45,gri,conf,blue,1,67.6387601327267,67.6387601327267,67.6387601327267,67.6387601327267
rsk,c45,gri,conf,green,1,55.0872799275278,55.0872799275278,55.0872799275278,55.0872799275278
rsk,c45,gri,conf,red,1,53.1203111144827,53.1203111144827,53.1203111144827,53.1203111144827
rsk,c45,gri,fusion,blue,1,80.6768537588738,80.6768537588738,80.6768537588738,80.6768537588738
rsk,c45,gri,fusion,green,1,57.0815435048225,57.0815435048225,57.0815435048225,57.0815435048225
rsk,c45,gri,fusion,red,1,53.6090382223445,53.6090382223445,53.6090382223445,53.6090382223445
rsk,c45,gri,int,blue,1,41.3611781508025,41.3611781508025,41.3611781508025,41.3611781508025
rsk,c45,gri,int,green,1,8.01014539378513,8.01014539378513,8.01014539378513,8.01014539378513
rsk,c45,gri,int,red,1,42.2487099254893,42.2487099254893,42.2487099254893,42.2487099254893
rsk,c45,gri,int,white,1,3.02935517527344,3.02935517527344,3.02935517527344,3.02935517527344
rsk,c45,hon,FV,blue,1,40.0098583285259,40.0098583285259,40.0098583285259,40.0098583285259
rsk,c45,hon,FV,green,1,43.9735953579686,43.9735953579686,43.9735953579686,43.9735953579686
rsk,c45,hon,FV,red,1,74.6147320576726,74.6147320576726,74.6147320576726,74.6147320576726
rsk,c45,hon,conf,blue,1,158.846920540691,158.846920540691,158.846920540691,158.846920540691
rsk,c45,hon,conf,green,1,254.351391505022,254.351391505022,254.351391505022,254.351391505022
rsk,c45,hon,conf,red,1,286.041610691009,286.041610691009,286.041610691009,286.041610691009
rsk,c45,hon,fusion,blue,1,17.2398018235869,17.2398018235869,17.2398018235869,17.2398018235869
rsk,c45,hon,fusion,green,1,247.562593074106,247.562593074106,247.562593074106,247.562593074106
rsk,c45,hon,fusion,red,1,248.946109922694,248.946109922694,248.946109922694,248.946109922694
rsk,c45,hon,int,blue,1,149.600870085001,149.600870085001,149.600870085001,149.600870085001
rsk,c45,hon,int,green,1,63.7066059449238,63.7066059449238,63.7066059449238,63.7066059449238
rsk,c45,hon,int,red,1,117.15062437818,117.15062437818,117.15062437818,117.15062437818
rsk,c45,hon,int,white,1,62.8036131480555,62.8036131480555,62.8036131480555,62.8036131480555
rsk,c45,mf,FV,blue,1,81.4302666022825,81.4302666022825,81.4302666022825,81.4302666022825
rsk,c45,mf,FV,green,1,103.003585811587,103.003585811587,103.003585811587,103.003585811587
rsk,c45,mf,FV,red,1,137.452963051247,137.452963051247,137.452963051247,137.452963051247
rsk,c45,mf,conf,green,1,34.3597996588423,34.3597996588423,34.3597996588423,34.3597996588423
rsk,c45,mf,conf,red,1,32.0587232847295,32.0587232847295,32.0587232847295,32.0587232847295
rsk,c45,mf,fusion,blue,1,72.989421308737107,72.989421308737107,72.989421308737107,72.989421308737107
rsk,c45,mf,fusion,green,1,29.7311418068128,29.7311418068128,29.7311418068128,29.7311418068128
rsk,c45,mf,fusion,red,1,21.9726407463563,21.9726407463563,21.9726407463563,21.9726407463563
rsk,c45,mf,int,blue,1,58.6976601323202,58.6976601323202,58.6976601323202,58.6976601323202
rsk,c45,mf,int,green,1,75.2527694470488,75.2527694470488,75.2527694470488,75.2527694470488
rsk,c45,mf,int,red,1,81.8099195110935,81.8099195110935,81.8099195110935,81.8099195110935
rsk,c45,mf,int,white,1,64.7266247592022,64.7266247592022,64.7266247592022,64.7266247592022
rsk,c45,mr,FV,blue,1,30.1068199491822,30.1068199491822,30.1068199491822,30.1068199491822
rsk,c45,mr,FV,green,1,102.983846014047,102.983846014047,102.983846014047,102.983846014047
rsk,c45,mr,FV,red,1,90.0042391768135,90.0042391768135,90.0042391768135,90.0042391768135
rsk,c45,mr,conf,green,1,15.6846749262007,15.6846749262007,15.6846749262007,15.6846749262007
rsk,c45,mr,conf,red,1,49.9817786483399,49.9817786483399,49.9817786483399,49.9817786483399
rsk,c45,mr,fusion,blue,1,120.278737048439,120.278737048439,120.278737048439,120.278737048439
rsk,c45,mr,fusion,green,1,49.3588045898421,49.3588045898421,49.3588045898421,49.3588045898421
rsk,c45,mr,fusion,red,1,122.182790870332,122.182790870332,122.182790870332,122.182790870332
rsk,c45,mr,int,blue,1,100.072314270892,100.072314270892,100.072314270892,100.072314270892
rsk,c45,mr,int,green,1,180.363293521008,180.363293521008,180.363293521008,180.363293521008
rsk,c45,mr,int,red,1,148.452549104895,148.452549104895,148.452549104895,148.452549104895
rsk,c45,mr,int,white,1,180.735951519534,180.735951519534,180.735951519534,180.735951519534
rsk,c45,tf,FV,blue,1,137.536490093834,137.536490093834,137.536490093834,137.536490093834
rsk,c45,tf,FV,green,1,142.709009713286,142.709009713286,142.709009713286,142.709009713286
rsk,c45,tf,FV,red,1,132.380068906598,132.380068906598,132.380068906598,132.380068906598
rsk,c45,tf,conf,green,1,108.896373100789,108.896373100789,108.896373100789,108.896373100789
rsk,c45,tf,conf,red,1,77.2686521928858,77.2686521928858,77.2686521928858,77.2686521928858
rsk,c45,tf,fusion,blue,1,156.247067367229,156.247067367229,156.247067367229,156.247067367229
rsk,c45,tf,fusion,green,1,79.7922392131999,79.7922392131999,79.7922392131999,79.7922392131999
rsk,c45,tf,fusion,red,1,48.0421815154042,48.0421815154042,48.0421815154042,48.0421815154042
rsk,c45,tf,int,blue,1,162.065723318231,162.065723318231,162.065723318231,162.065723318231
rsk,c45,tf,int,green,1,195.78926587714,195.78926587714,195.78926587714,195.78926587714
rsk,c45,tf,int,red,1,181.816402142908,181.816402142908,181.816402142908,181.816402142908
rsk,c45,tf,int,white,1,195.75081411823,195.75081411823,195.75081411823,195.75081411823
rsk,c45,tr,FV,blue,1,452.246888957043,452.246888957043,452.246888957043,452.246888957043
rsk,c45,tr,FV,green,1,329.254982624547,329.254982624547,329.254982624547,329.254982624547
rsk,c45,tr,FV,red,1,674.558895285587,674.558895285587,674.558895285587,674.558895285587
rsk,c45,tr,conf,green,1,272.479185431341,272.479185431341,272.479185431341,272.479185431341
rsk,c45,tr,conf,red,1,202.093818639332,202.093818639332,202.093818639332,202.093818639332
rsk,c45,tr,fusion,blue,1,434.127541830746,434.127541830746,434.127541830746,434.127541830746
rsk,c45,tr,fusion,green,1,57.1599880645486,57.1599880645486,57.1599880645486,57.1599880645486
rsk,c45,tr,fusion,red,1,2.6998694563001,2.6998694563001,2.6998694563001,2.6998694563001
rsk,c45,tr,int,blue,1,375.180721453484,375.180721453484,375.180721453484,375.180721453484
rsk,c45,tr,int,green,1,123.101046989677,123.101046989677,123.101046989677,123.101046989677
rsk,c45,tr,int,red,1,12.7902283042359,12.7902283042359,12.7902283042359,12.7902283042359
rsk,c45,tr,int,white,1,46.039223381209,46.039223381209,46.039223381209,46.039223381209
rsk,c45,wedm_f,FV,blue,1,12.4136913547888,12.4136913547888,12.4136913547888,12.4136913547888
rsk,c45,wedm_f,FV,green,1,6.45313137076041,6.45313137076041,6.45313137076041,6.45313137076041
rsk,c45,wedm_f,FV,red,1,64.5822624339691,64.5822624339691,64.5822624339691,64.5822624339691
rsk,c45,wedm_f,conf,blue,1,57.6824350802107,57.6824350802107,57.6824350802107,57.6824350802107
rsk,c45,wedm_f,conf,green,1,137.025126692748,137.025126692748,137.025126692748,137.025126692748
rsk,c45,wedm_f,conf,red,1,175.997796212985,175.997796212985,175.997796212985,175.997796212985
rsk,c45,wedm_f,fusion,blue,1,395.296189571652,395.296189571652,395.296189571652,395.296189571652
rsk,c45,wedm_f,fusion,green,1,18.7378972300768,18.7378972300768,18.7378972300768,18.7378972300768
rsk,c45,wedm_f,fusion,red,1,31.5259737214339,31.5259737214339,31.5259737214339,31.5259737214339
rsk,c45,wedm_f,int,blue,1,90.3265020973373,90.3265020973373,90.3265020973373,90.3265020973373
rsk,c45,wedm_f,int,green,1,39.4393918212055,39.4393918212055,39.4393918212055,39.4393918212055
rsk,c45,wedm_f,int,red,1,81.6761424966567,81.6761424966567,81.6761424966567,81.6761424966567
rsk,c45,wedm_f,int,white,1,41.3066663398198,41.3066663398198,41.3066663398198,41.3066663398198
rsk,c45,wedm_r,FV,blue,1,129.008305430776,129.008305430776,129.008305430776,129.008305430776
rsk,c45,wedm_r,FV,green,1,36.1513472688896,36.1513472688896,36.1513472688896,36.1513472688896
rsk,c45,wedm_r,FV,red,1,22.1664438745022,22.1664438745022,22.1664438745022,22.1664438745022
rsk,c45,wedm_r,conf,blue,1,5.02956575719825,5.02956575719825,5.02956575719825,5.02956575719825
rsk,c45,wedm_r,conf,green,1,120.201885113243,120.201885113243,120.201885113243,120.201885113243
rsk,c45,wedm_r,conf,red,1,161.514821667736,161.514821667736,161.514821667736,161.514821667736
rsk,c45,wedm_r,fusion,blue,1,24.2951037216059,24.2951037216059,24.2951037216059,24.2951037216059
rsk,c45,wedm_r,fusion,green,1,527.434432326305,527.434432326305,527.434432326305,527.434432326305
rsk,c45,wedm_r,fusion,red,1,978.263354440053,978.263354440053,978.263354440053,978.263354440053
rsk,c45,wedm_r,int,blue,1,17.7243733377816,17.7243733377816,17.7243733377816,17.7243733377816
rsk,c45,wedm_r,int,green,1,0.645960518842952,0.645960518842952,0.645960518842952,0.645960518842952
rsk,c45,wedm_r,int,red,1,7.74322122730392,7.74322122730392,7.74322122730392,7.74322122730392
rsk,c45,wedm_r,int,white,1,12.1724481312668,12.1724481312668,12.1724481312668,12.1724481312668
rsk,ellor,gla,FV,blue,1,66.0098595532548,66.0098595532548,66.0098595532548,66.0098595532548
rsk,ellor,gla,FV,green,1,63.8353766859761,63.8353766859761,63.8353766859761,63.8353766859761
rsk,ellor,gla,FV,red,1,64.0391148984027,64.0391148984027,64.0391148984027,64.0391148984027
rsk,ellor,gla,conf,blue,1,65.6044515723445,65.6044515723445,65.6044515723445,65.6044515723445
rsk,ellor,gla,conf,green,1,63.2357059692515,63.2357059692515,63.2357059692515,63.2357059692515
rsk,ellor,gla,conf,red,1,67.1951209353122,67.1951209353122,67.1951209353122,67.1951209353122
rsk,ellor,gla,fusion,blue,1,65.9696729842412,65.9696729842412,65.9696729842412,65.9696729842412
rsk,ellor,gla,fusion,green,1,65.2138902674126,65.2138902674126,65.2138902674126,65.2138902674126
rsk,ellor,gla,fusion,red,1,66.4279562692957,66.4279562692957,66.4279562692957,66.4279562692957
rsk,ellor,gla,int,blue,1,76.6941168179098,76.6941168179098,76.6941168179098,76.6941168179098
rsk,ellor,gla,int,green,1,60.2055597247704,60.2055597247704,60.2055597247704,60.2055597247704
rsk,ellor,gla,int,red,1,60.4198773319053,60.4198773319053,60.4198773319053,60.4198773319053
rsk,ellor,gla,int,white,1,58.5448150392565,58.5448150392565,58.5448150392565,58.5448150392565
rsk,ellor,gri,FV,blue,1,3.06010457015101,3.06010457015101,3.06010457015101,3.06010457015101
rsk,ellor,gri,FV,green,1,4.02628368555126,4.02628368555126,4.02628368555126,4.02628368555126
rsk,ellor,gri,FV,red,1,0.958582063511125,0.958582063511125,0.958582063511125,0.958582063511125
rsk,ellor,gri,conf,blue,1,5.63708439121568,5.63708439121568,5.63708439121568,5.63708439121568
rsk,ellor,gri,conf,green,1,9.86733569078878,9.86733569078878,9.86733569078878,9.86733569078878
rsk,ellor,gri,conf,red,1,14.4877015713647,14.4877015713647,14.4877015713647,14.4877015713647
rsk,ellor,gri,fusion,blue,1,8.34985088929724,8.34985088929724,8.34985088929724,8.34985088929724
rsk,ellor,gri,fusion,green,1,13.1907964360545,13.1907964360545,13.1907964360545,13.1907964360545
rsk,ellor,gri,fusion,red,1,18.031135249413,18.031135249413,18.031135249413,18.031135249413
rsk,ellor,gri,int,blue,1,78.2225110470559,78.2225110470559,78.2225110470559,78.2225110470559
rsk,ellor,gri,int,green,1,11.5805511426454,11.5805511426454,11.5805511426454,11.5805511426454
rsk,ellor,gri,int,red,1,4.22189953147035,4.22189953147035,4.22189953147035,4.22189953147035
rsk,ellor,gri,int,white,1,9.1515632073825,9.1515632073825,9.1515632073825,9.1515632073825
rsk,ellor,hon,FV,blue,1,81.4716568606227,81.4716568606227,81.4716568606227,81.4716568606227
rsk,ellor,hon,FV,green,1,89.2355428950299,89.2355428950299,89.2355428950299,89.2355428950299
rsk,ellor,hon,FV,red,1,107.442853759731,107.442853759731,107.442853759731,107.442853759731
rsk,ellor,hon,conf,blue,1,93.6413386836633,93.6413386836633,93.6413386836633,93.6413386836633
rsk,ellor,hon,conf,green,1,68.5436647425517,68.5436647425517,68.5436647425517,68.5436647425517
rsk,ellor,hon,conf,red,1,63.7388805179705,63.7388805179705,63.7388805179705,63.7388805179705
rsk,ellor,hon,fusion,blue,1,117.941367274359,117.941367274359,117.941367274359,117.941367274359
rsk,ellor,hon,fusion,green,1,71.495400565477,71.495400565477,71.495400565477,71.495400565477
rsk,ellor,hon,fusion,red,1,63.8061306691672,63.8061306691672,63.8061306691672,63.8061306691672
rsk,ellor,hon,int,blue,1,85.3672320479622,85.3672320479622,85.3672320479622,85.3672320479622
rsk,ellor,hon,int,green,1,17.2027905919028,17.2027905919028,17.2027905919028,17.2027905919028
rsk,ellor,hon,int,red,1,72.7432177704697,72.7432177704697,72.7432177704697,72.7432177704697
rsk,ellor,hon,int,white,1,17.0114365107231,17.0114365107231,17.0114365107231,17.0114365107231
rsk,ellor,mf,FV,blue,1,40.2178149826055,40.2178149826055,40.2178149826055,40.2178149826055
rsk,ellor,mf,FV,green,1,32.5345695313193,32.5345695313193,32.5345695313193,32.5345695313193
rsk,ellor,mf,FV,red,1,63.3385879366669,63.3385879366669,63.3385879366669,63.3385879366669
rsk,ellor,mf,conf,blue,1,40.8989189131262,40.8989189131262,40.8989189131262,40.8989189131262
rsk,ellor,mf,conf,green,1,35.4395819046763,35.4395819046763,35.4395819046763,35.4395819046763
rsk,ellor,mf,conf,red,1,47.1380609909824,47.1380609909824,47.1380609909824,47.1380609909824
rsk,ellor,mf,fusion,blue,1,76.1982546193437,76.1982546193437,76.1982546193437,76.1982546193437
rsk,ellor,mf,fusion,green,1,54.836896151678,54.836896151678,54.836896151678,54.836896151678
rsk,ellor,mf,fusion,red,1,28.5003481656034,28.5003481656034,28.5003481656034,28.5003481656034
rsk,ellor,mf,int,blue,1,98.6730251190207,98.6730251190207,98.6730251190207,98.6730251190207
rsk,ellor,mf,int,green,1,25.8104983318322,25.8104983318322,25.8104983318322,25.8104983318322
rsk,ellor,mf,int,red,1,5.91431664777544,5.91431664777544,5.91431664777544,5.91431664777544
rsk,ellor,mf,int,white,1,24.4812827875918,24.4812827875918,24.4812827875918,24.4812827875918
rsk,ellor,mr,FV,blue,1,22.4875820707631,22.4875820707631,22.4875820707631,22.4875820707631
rsk,ellor,mr,FV,green,1,16.0737879206933,16.0737879206933,16.0737879206933,16.0737879206933
rsk,ellor,mr,FV,red,1,29.830053434093,29.830053434093,29.830053434093,29.830053434093
rsk,ellor,mr,conf,blue,1,26.5551974065596,26.5551974065596,26.5551974065596,26.5551974065596
rsk,ellor,mr,conf,green,1,31.3080529019418,31.3080529019418,31.3080529019418,31.3080529019418
rsk,ellor,mr,conf,red,1,41.0453513554045,41.0453513554045,41.0453513554045,41.0453513554045
rsk,ellor,mr,fusion,blue,1,45.4884496618567,45.4884496618567,45.4884496618567,45.4884496618567
rsk,ellor,mr,fusion,green,1,43.8217335093615,43.8217335093615,43.8217335093615,43.8217335093615
rsk,ellor,mr,fusion,red,1,50.37752676148,50.37752676148,50.37752676148,50.37752676148
rsk,ellor,mr,int,blue,1,98.0961374404987,98.0961374404987,98.0961374404987,98.0961374404987
rsk,ellor,mr,int,green,1,1.84201657318009,1.84201657318009,1.84201657318009,1.84201657318009
rsk,ellor,mr,int,red,1,5.06152508265473,5.06152508265473,5.06152508265473,5.06152508265473
rsk,ellor,mr,int,white,1,3.13526707311121,3.13526707311121,3.13526707311121,3.13526707311121
rsk,ellor,tf,FV,blue,1,52.1423089290507,52.1423089290507,52.1423089290507,52.1423089290507
rsk,ellor,tf,FV,green,1,52.8496684396103,52.8496684396103,52.8496684396103,52.8496684396103
rsk,ellor,tf,FV,red,1,61.3622240410206,61.3622240410206,61.3622240410206,61.3622240410206
rsk,ellor,tf,conf,blue,1,51.5296356539683,51.5296356539683,51.5296356539683,51.5296356539683
rsk,ellor,tf,conf,green,1,51.0095459612294,51.0095459612294,51.0095459612294,51.0095459612294
rsk,ellor,tf,conf,red,1,58.6662055674149,58.6662055674149,58.6662055674149,58.6662055674149
rsk,ellor,tf,fusion,blue,1,79.9393139440854,79.9393139440854,79.9393139440854,79.9393139440854
rsk,ellor,tf,fusion,green,1,69.2143567293666,69.2143567293666,69.2143567293666,69.2143567293666
rsk,ellor,tf,fusion,red,1,72.2672912609384,72.2672912609384,72.2672912609384,72.2672912609384
rsk,ellor,tf,int,blue,1,110.228170259904,110.228170259904,110.228170259904,110.228170259904
rsk,ellor,tf,int,green,1,19.6136846208394,19.6136846208394,19.6136846208394,19.6136846208394
rsk,ellor,tf,int,red,1,23.8873565740567,23.8873565740567,23.8873565740567,23.8873565740567
rsk,ellor,tf,int,white,1,19.3235855957839,19.3235855957839,19.3235855957839,19.3235855957839
rsk,ellor,tr,FV,blue,1,30.8094367271281,30.8094367271281,30.8094367271281,30.8094367271281
rsk,ellor,tr,FV,green,1,36.7389312656693,36.7389312656693,36.7389312656693,36.7389312656693
rsk,ellor,tr,FV,red,1,35.8505235797965,35.8505235797965,35.8505235797965,35.8505235797965
rsk,ellor,tr,conf,blue,1,25.6773486337791,25.6773486337791,25.6773486337791,25.6773486337791
rsk,ellor,tr,conf,green,1,22.8953951879485,22.8953951879485,22.8953951879485,22.8953951879485
rsk,ellor,tr,conf,red,1,18.5099742465652,18.5099742465652,18.5099742465652,18.5099742465652
rsk,ellor,tr,fusion,blue,1,20.4107974977567,20.4107974977567,20.4107974977567,20.4107974977567
rsk,ellor,tr,fusion,green,1,20.0694855477809,20.0694855477809,20.0694855477809,20.0694855477809
rsk,ellor,tr,fusion,red,1,16.5822066575038,16.5822066575038,16.5822066575038,16.5822066575038
rsk,ellor,tr,int,blue,1,23.2137649836803,23.2137649836803,23.2137649836803,23.2137649836803
rsk,ellor,tr,int,green,1,36.1188417556463,36.1188417556463,36.1188417556463,36.1188417556463
rsk,ellor,tr,int,red,1,36.3949425920191,36.3949425920191,36.3949425920191,36.3949425920191
rsk,ellor,tr,int,white,1,36.475556474417,36.475556474417,36.475556474417,36.475556474417
rsk,ellor,wedm_f,FV,blue,1,35.5313599057368,35.5313599057368,35.5313599057368,35.5313599057368
rsk,ellor,wedm_f,FV,green,1,32.2564958494919,32.2564958494919,32.2564958494919,32.2564958494919
rsk,ellor,wedm_f,FV,red,1,36.3593745336111,36.3593745336111,36.3593745336111,36.3593745336111
rsk,ellor,wedm_f,conf,blue,1,32.6276277236994,32.6276277236994,32.6276277236994,32.6276277236994
rsk,ellor,wedm_f,conf,green,1,35.3609057390719,35.3609057390719,35.3609057390719,35.3609057390719
rsk,ellor,wedm_f,conf,red,1,42.1514082857879,42.1514082857879,42.1514082857879,42.1514082857879
rsk,ellor,wedm_f,fusion,blue,1,49.8844466104485,49.8844466104485,49.8844466104485,49.8844466104485
rsk,ellor,wedm_f,fusion,green,1,44.8554192657709,44.8554192657709,44.8554192657709,44.8554192657709
rsk,ellor,wedm_f,fusion,red,1,51.6205188053898,51.6205188053898,51.6205188053898,51.6205188053898
rsk,ellor,wedm_f,int,green,1,19.2864064817501,19.2864064817501,19.2864064817501,19.2864064817501
rsk,ellor,wedm_f,int,red,1,17.6896257857526,17.6896257857526,17.6896257857526,17.6896257857526
rsk,ellor,wedm_f,int,white,1,17.2616716372612,17.2616716372612,17.2616716372612,17.2616716372612
rsk,ellor,wedm_r,FV,blue,1,45.3920544006456,45.3920544006456,45.3920544006456,45.3920544006456
rsk,ellor,wedm_r,FV,green,1,38.7373599443462,38.7373599443462,38.7373599443462,38.7373599443462
rsk,ellor,wedm_r,FV,red,1,41.0745249505343,41.0745249505343,41.0745249505343,41.0745249505343
rsk,ellor,wedm_r,conf,blue,1,41.8872374873427,41.8872374873427,41.8872374873427,41.8872374873427
rsk,ellor,wedm_r,conf,green,1,42.5633053949388,42.5633053949388,42.5633053949388,42.5633053949388
rsk,ellor,wedm_r,conf,red,1,48.0351964463142,48.0351964463142,48.0351964463142,48.0351964463142
rsk,ellor,wedm_r,fusion,blue,1,52.7540411670634,52.7540411670634,52.7540411670634,52.7540411670634
rsk,ellor,wedm_r,fusion,green,1,49.6657485825716,49.6657485825716,49.6657485825716,49.6657485825716
rsk,ellor,wedm_r,fusion,red,1,55.1619413183518,55.1619413183518,55.1619413183518,55.1619413183518
rsk,ellor,wedm_r,int,blue,1,96.8226551109821,96.8226551109821,96.8226551109821,96.8226551109821
rsk,ellor,wedm_r,int,green,1,32.1565573376214,32.1565573376214,32.1565573376214,32.1565573376214
rsk,ellor,wedm_r,int,red,1,27.5583513848607,27.5583513848607,27.5583513848607,27.5583513848607
rsk,ellor,wedm_r,int,white,1,28.7351744296618,28.7351744296618,28.7351744296618,28.7351744296618
rsk,mo58a,b,FV,blue,2,28.53945062461725,28.53945062461725,24.773484306006672,32.305416943227826
rsk,mo58a,b,FV,green,1,91.0659006713763,91.0659006713763,91.0659006713763,91.0659006713763
rsk,mo58a,b,FV,red,1,107.910315476953,107.910315476953,107.910315476953,107.910315476953
rsk,mo58a,b,conf,blue,1,63.6969341756459,63.6969341756459,63.6969341756459,63.6969341756459
rsk,mo58a,b,conf,green,1,41.1518618650374,41.1518618650374,41.1518618650374,41.1518618650374
rsk,mo58a,b,conf,red,1,42.8006982287885,42.8006982287885,42.8006982287885,42.8006982287885
rsk,mo58a,b,fusion,blue,1,67.2937838809326,67.2937838809326,67.2937838809326,67.2937838809326
rsk,mo58a,b,fusion,green,1,35.514153577214,35.514153577214,35.514153577214,35.514153577214
rsk,mo58a,b,fusion,red,1,25.2459994534506,25.2459994534506,25.2459994534506,25.2459994534506
rsk,mo58a,b,int,blue,1,102.668382506448,102.668382506448,102.668382506448,102.668382506448
rsk,mo58a,b,int,green,1,97.2152749311964,97.2152749311964,97.2152749311964,97.2152749311964
rsk,mo58a,b,int,red,1,98.4449602450786,98.4449602450786,98.4449602450786,98.4449602450786
rsk,mo58a,gla,FV,blue,1,52.2663518366612,52.2663518366612,52.2663518366612,52.2663518366612
rsk,mo58a,gla,FV,green,1,42.6146761188321,42.6146761188321,42.6146761188321,42.6146761188321
rsk,mo58a,gla,FV,red,1,58.2046494344761,58.2046494344761,58.2046494344761,58.2046494344761
rsk,mo58a,gla,conf,blue,1,77.093817742663,77.093817742663,77.093817742663,77.093817742663
rsk,mo58a,gla,conf,green,1,459.325962033123,459.325962033123,459.325962033123,459.325962033123
rsk,mo58a,gla,conf,red,1,593.594211470792,593.594211470792,593.594211470792,593.594211470792
rsk,mo58a,gla,fusion,blue,1,88.4367237730373,88.4367237730373,88.4367237730373,88.4367237730373
rsk,mo58a,gla,fusion,green,1,396.235508016043,396.235508016043,396.235508016043,396.235508016043
rsk,mo58a,gla,fusion,red,1,607.257229769117,607.257229769117,607.257229769117,607.257229769117
rsk,mo58a,gla,int,blue,1,12.7092251372604,12.7092251372604,12.7092251372604,12.7092251372604
rsk,mo58a,gla,int,green,1,3.72823110723411,3.72823110723411,3.72823110723411,3.72823110723411
rsk,mo58a,gla,int,red,1,46.6928045272041,46.6928045272041,46.6928045272041,46.6928045272041
rsk,mo58a,gla,int,white,1,0.0490954775974709,0.0490954775974709,0.0490954775974709,0.0490954775974709
rsk,mo58a,gri,FV,blue,1,93.2102065177045,93.2102065177045,93.2102065177045,93.2102065177045
rsk,mo58a,gri,FV,green,1,84.6410641899707,84.6410641899707,84.6410641899707,84.6410641899707
rsk,mo58a,gri,FV,red,1,107.491379983457,107.491379983457,107.491379983457,107.491379983457
rsk,mo58a,gri,conf,blue,1,50.3559351450189,50.3559351450189,50.3559351450189,50.3559351450189
rsk,mo58a,gri,conf,green,1,40.9104798043559,40.9104798043559,40.9104798043559,40.9104798043559
rsk,mo58a,gri,conf,red,1,37.3900285364122,37.3900285364122,37.3900285364122,37.3900285364122
rsk,mo58a,gri,fusion,blue,1,114.340670736521,114.340670736521,114.340670736521,114.340670736521
rsk,mo58a,gri,fusion,green,1,48.9795270581211,48.9795270581211,48.9795270581211,48.9795270581211
rsk,mo58a,gri,fusion,red,1,40.0263975005005,40.0263975005005,40.0263975005005,40.0263975005005
rsk,mo58a,gri,int,blue,1,32.253969428663,32.253969428663,32.253969428663,32.253969428663
rsk,mo58a,gri,int,green,1,9.16132304118614,9.16132304118614,9.16132304118614,9.16132304118614
rsk,mo58a,gri,int,red,1,16.8511053632797,16.8511053632797,16.8511053632797,16.8511053632797
rsk,mo58a,gri,int,white,1,9.75826531388852,9.75826531388852,9.75826531388852,9.75826531388852
rsk,mo58a,hon,FV,blue,1,191.809765186659,191.809765186659,191.809765186659,191.809765186659
rsk,mo58a,hon,FV,green,1,447.740518632362,447.740518632362,447.740518632362,447.740518632362
rsk,mo58a,hon,FV,red,1,500.25763000662,500.25763000662,500.25763000662,500.25763000662
rsk,mo58a,hon,conf,blue,1,440.23029769637,440.23029769637,440.23029769637,440.23029769637
rsk,mo58a,hon,conf,green,1,751.71407701465,751.71407701465,751.71407701465,751.71407701465
rsk,mo58a,hon,conf,red,1,841.986502778292,841.986502778292,841.986502778292,841.986502778292
rsk,mo58a,hon,fusion,blue,1,353.70876993053,353.70876993053,353.70876993053,353.70876993053
rsk,mo58a,hon,fusion,green,1,811.741193888691,811.741193888691,811.741193888691,811.741193888691
rsk,mo58a,hon,fusion,red,1,915.938463127157,915.938463127157,915.938463127157,915.938463127157
rsk,mo58a,hon,int,blue,1,379.778673236453,379.778673236453,379.778673236453,379.778673236453
rsk,mo58a,hon,int,green,1,290.025256410955,290.025256410955,290.025256410955,290.025256410955
rsk,mo58a,hon,int,red,1,362.104531440558,362.104531440558,362.104531440558,362.104531440558
rsk,mo58a,hon,int,white,1,295.684075454029,295.684075454029,295.684075454029,295.684075454029
rsk,mo58a,mf,FV,blue,1,168.626514116678,168.626514116678,168.626514116678,168.626514116678
rsk,mo58a,mf,FV,green,1,12.3520755560827,12.3520755560827,12.3520755560827,12.3520755560827
rsk,mo58a,mf,FV,red,1,147.216636168062,147.216636168062,147.216636168062,147.216636168062
rsk,mo58a,mf,conf,blue,1,107.274361955593,107.274361955593,107.274361955593,107.274361955593
rsk,mo58a,mf,conf,green,1,104.020711528087,104.020711528087,104.020711528087,104.020711528087
rsk,mo58a,mf,conf,red,1,39.425627583539,39.425627583539,39.425627583539,39.425627583539
rsk,mo58a,mf,fusion,blue,1,81.2142964075768,81.2142964075768,81.2142964075768,81.2142964075768
rsk,mo58a,mf,fusion,green,1,110.564096983662,110.564096983662,110.564096983662,110.564096983662
rsk,mo58a,mf,fusion,red,1,66.7689059876529,66.7689059876529,66.7689059876529,66.7689059876529
rsk,mo58a,mf,int,blue,1,132.22212553228,132.22212553228,132.22212553228,132.22212553228
rsk,mo58a,mf,int,green,1,170.488105729032,170.488105729032,170.488105729032,170.488105729032
rsk,mo58a,mf,int,red,1,92.5447962784198,92.5447962784198,92.5447962784198,92.5447962784198
rsk,mo58a,mf,int,white,1,221.579925831327,221.579925831327,221.579925831327,221.579925831327
rsk,mo58a,mr,FV,blue,1,4.07218011231567,4.07218011231567,4.07218011231567,4.07218011231567
rsk,mo58a,mr,FV,green,1,44.3759498315997,44.3759498315997,44.3759498315997,44.3759498315997
rsk,mo58a,mr,FV,red,1,59.1115179209659,59.1115179209659,59.1115179209659,59.1115179209659
rsk,mo58a,mr,conf,blue,1,102.399868049271,102.399868049271,102.399868049271,102.399868049271
rsk,mo58a,mr,conf,green,1,54.7321003747921,54.7321003747921,54.7321003747921,54.7321003747921
rsk,mo58a,mr,conf,red,1,25.9988005966726,25.9988005966726,25.9988005966726,25.9988005966726
rsk,mo58a,mr,fusion,blue,1,153.765320338624,153.765320338624,153.765320338624,153.765320338624
rsk,mo58a,mr,fusion,green,1,43.5480815659738,43.5480815659738,43.5480815659738,43.5480815659738
rsk,mo58a,mr,fusion,red,1,13.1812906601002,13.1812906601002,13.1812906601002,13.1812906601002
rsk,mo58a,mr,int,blue,1,57.1885442176039,57.1885442176039,57.1885442176039,57.1885442176039
rsk,mo58a,mr,int,green,1,66.877897557412,66.877897557412,66.877897557412,66.877897557412
rsk,mo58a,mr,int,red,1,79.5870621121666,79.5870621121666,79.5870621121666,79.5870621121666
rsk,mo58a,mr,int,white,1,61.6582644764244,61.6582644764244,61.6582644764244,61.6582644764244
rsk,mo58a,tf,FV,blue,1,26.8005834317941,26.8005834317941,26.8005834317941,26.8005834317941
rsk,mo58a,tf,FV,green,1,40.8814291253106,40.8814291253106,40.8814291253106,40.8814291253106
rsk,mo58a,tf,FV,red,1,94.8803941461299,94.8803941461299,94.8803941461299,94.8803941461299
rsk,mo58a,tf,conf,blue,1,131.37613206908,131.37613206908,131.37613206908,131.37613206908
rsk,mo58a,tf,conf,green,1,37.4283822653633,37.4283822653633,37.4283822653633,37.4283822653633
rsk,mo58a,tf,conf,red,1,14.9395524904546,14.9395524904546,14.9395524904546,14.9395524904546
rsk,mo58a,tf,fusion,blue,1,247.386202401068,247.386202401068,247.386202401068,247.386202401068
rsk,mo58a,tf,fusion,green,1,11.3121327985584,11.3121327985584,11.3121327985584,11.3121327985584
rsk,mo58a,tf,fusion,red,1,61.0201908504121,61.0201908504121,61.0201908504121,61.0201908504121
rsk,mo58a,tf,int,blue,1,158.699831413433,158.699831413433,158.699831413433,158.699831413433
rsk,mo58a,tf,int,green,1,162.315652375305,162.315652375305,162.315652375305,162.315652375305
rsk,mo58a,tf,int,red,1,125.135275859442,125.135275859442,125.135275859442,125.135275859442
rsk,mo58a,tf,int,white,1,164.378585439211,164.378585439211,164.378585439211,164.378585439211
rsk,mo58a,tr,FV,blue,1,39.1077843214259,39.1077843214259,39.1077843214259,39.1077843214259
rsk,mo58a,tr,FV,green,1,42.2158264331395,42.2158264331395,42.2158264331395,42.2158264331395
rsk,mo58a,tr,FV,red,1,55.0649074496635,55.0649074496635,55.0649074496635,55.0649074496635
rsk,mo58a,tr,conf,blue,1,54.3655398949721,54.3655398949721,54.3655398949721,54.3655398949721
rsk,mo58a,tr,conf,green,1,43.0482756563945,43.0482756563945,43.0482756563945,43.0482756563945
rsk,mo58a,tr,conf,red,1,24.5802686976827,24.5802686976827,24.5802686976827,24.5802686976827
rsk,mo58a,tr,fusion,blue,1,167.395963023344,167.395963023344,167.395963023344,167.395963023344
rsk,mo58a,tr,fusion,green,1,30.9745292760273,30.9745292760273,30.9745292760273,30.9745292760273
rsk,mo58a,tr,fusion,red,1,4.54174216238142,4.54174216238142,4.54174216238142,4.54174216238142
rsk,mo58a,tr,int,blue,1,50.0455624931245,50.0455624931245,50.0455624931245,50.0455624931245
rsk,mo58a,tr,int,green,1,62.2222420474631,62.2222420474631,62.2222420474631,62.2222420474631
rsk,mo58a,tr,int,red,1,58.0412921167849,58.0412921167849,58.0412921167849,58.0412921167849
rsk,mo58a,tr,int,white,1,62.0514508456128,62.0514508456128,62.0514508456128,62.0514508456128
rsk,mo58a,wedm_f,FV,blue,1,303.421236801079,303.421236801079,303.421236801079,303.421236801079
rsk,mo58a,wedm_f,FV,green,1,360.474100161762,360.474100161762,360.474100161762,360.474100161762
rsk,mo58a,wedm_f,FV,red,1,396.002191704409,396.002191704409,396.002191704409,396.002191704409
rsk,mo58a,wedm_f,conf,blue,1,240.549120324279,240.549120324279,240.549120324279,240.549120324279
rsk,mo58a,wedm_f,conf,green,1,17.2768285368169,17.2768285368169,17.2768285368169,17.2768285368169
rsk,mo58a,wedm_f,conf,red,1,8.39476880968564,8.39476880968564,8.39476880968564,8.39476880968564
rsk,mo58a,wedm_f,fusion,blue,1,77.4545429349237,77.4545429349237,77.4545429349237,77.4545429349237
rsk,mo58a,wedm_f,fusion,green,1,24.6257884952744,24.6257884952744,24.6257884952744,24.6257884952744
rsk,mo58a,wedm_f,fusion,red,1,9.92498957384315,9.92498957384315,9.92498957384315,9.92498957384315
rsk,mo58a,wedm_f,int,blue,1,107.711194469059,107.711194469059,107.711194469059,107.711194469059
rsk,mo58a,wedm_f,int,green,1,48.5937365315593,48.5937365315593,48.5937365315593,48.5937365315593
rsk,mo58a,wedm_f,int,red,1,4.32076227725869,4.32076227725869,4.32076227725869,4.32076227725869
rsk,mo58a,wedm_f,int,white,1,74.7283812238083,74.7283812238083,74.7283812238083,74.7283812238083
rsk,mo58a,wedm_r,FV,blue,1,333.162118220948,333.162118220948,333.162118220948,333.162118220948
rsk,mo58a,wedm_r,FV,green,1,185.59827545958,185.59827545958,185.59827545958,185.59827545958
rsk,mo58a,wedm_r,FV,red,1,107.246845364738,107.246845364738,107.246845364738,107.246845364738
rsk,mo58a,wedm_r,conf,blue,1,252.681106052486,252.681106052486,252.681106052486,252.681106052486
rsk,mo58a,wedm_r,conf,green,1,532.959483737655,532.959483737655,532.959483737655,532.959483737655
rsk,mo58a,wedm_r,conf,red,1,951.830072749746,951.830072749746,951.830072749746,951.830072749746
rsk,mo58a,wedm_r,fusion,blue,1,182.564294564998,182.564294564998,182.564294564998,182.564294564998
rsk,mo58a,wedm_r,fusion,green,1,491.973208165663,491.973208165663,491.973208165663,491.973208165663
rsk,mo58a,wedm_r,fusion,red,1,1340.21591593094,1340.21591593094,1340.21591593094,1340.21591593094
rsk,mo58a,wedm_r,int,blue,1,71.8912293393601,71.8912293393601,71.8912293393601,71.8912293393601
rsk,mo58a,wedm_r,int,green,1,617.820122510633,617.820122510633,617.820122510633,617.820122510633
rsk,mo58a,wedm_r,int,red,1,479.506500552742,479.506500552742,479.506500552742,479.506500552742
rsk,mo58a,wedm_r,int,white,1,628.899653526701,628.899653526701,628.899653526701,628.899653526701
rsk,ti6al4v,b,FV,blue,1,12.2122179963516,12.2122179963516,12.2122179963516,12.2122179963516
rsk,ti6al4v,b,FV,green,1,4.33951997205407,4.33951997205407,4.33951997205407,4.33951997205407
rsk,ti6al4v,b,FV,red,1,42.6389263152306,42.6389263152306,42.6389263152306,42.6389263152306
rsk,ti6al4v,b,conf,blue,1,5.64174306663693,5.64174306663693,5.64174306663693,5.64174306663693
rsk,ti6al4v,b,conf,green,1,16.3344910730894,16.3344910730894,16.3344910730894,16.3344910730894
rsk,ti6al4v,b,conf,red,1,34.7333036352081,34.7333036352081,34.7333036352081,34.7333036352081
rsk,ti6al4v,b,fusion,blue,1,8.03060887993613,8.03060887993613,8.03060887993613,8.03060887993613
rsk,ti6al4v,b,fusion,green,1,15.4878575642852,15.4878575642852,15.4878575642852,15.4878575642852
rsk,ti6al4v,b,fusion,red,1,32.3674081281714,32.3674081281714,32.3674081281714,32.3674081281714
rsk,ti6al4v,b,int,blue,1,0.472430994848554,0.472430994848554,0.472430994848554,0.472430994848554
rsk,ti6al4v,b,int,green,1,130.900054154726,130.900054154726,130.900054154726,130.900054154726
rsk,ti6al4v,b,int,red,1,21.089808038334,21.089808038334,21.089808038334,21.089808038334
rsk,ti6al4v,b,int,white,1,131.624781129253,131.624781129253,131.624781129253,131.624781129253
rsk,ti6al4v,gla,FV,blue,1,67.2346624436549,67.2346624436549,67.2346624436549,67.2346624436549
rsk,ti6al4v,gla,FV,green,1,62.077145933694,62.077145933694,62.077145933694,62.077145933694
rsk,ti6al4v,gla,FV,red,1,46.8297782176014,46.8297782176014,46.8297782176014,46.8297782176014
rsk,ti6al4v,gla,conf,blue,1,65.7020044138193,65.7020044138193,65.7020044138193,65.7020044138193
rsk,ti6al4v,gla,conf,green,1,147.045289409386,147.045289409386,147.045289409386,147.045289409386
rsk,ti6al4v,gla,conf,red,1,173.222241746572,173.222241746572,173.222241746572,173.222241746572
rsk,ti6al4v,gla,fusion,blue,1,18.396857762176,18.396857762176,18.396857762176,18.396857762176
rsk,ti6al4v,gla,fusion,green,1,121.152621960275,121.152621960275,121.152621960275,121.152621960275
rsk,ti6al4v,gla,fusion,red,1,166.135290749565,166.135290749565,166.135290749565,166.135290749565
rsk,ti6al4v,gla,int,blue,1,107.311663740947,107.311663740947,107.311663740947,107.311663740947
rsk,ti6al4v,gla,int,green,1,161.821201582941,161.821201582941,161.821201582941,161.821201582941
rsk,ti6al4v,gla,int,red,1,127.119256880347,127.119256880347,127.119256880347,127.119256880347
rsk,ti6al4v,gla,int,white,1,163.281148498952,163.281148498952,163.281148498952,163.281148498952
rsk,ti6al4v,gri,FV,blue,1,30.4205220969215,30.4205220969215,30.4205220969215,30.4205220969215
rsk,ti6al4v,gri,FV,green,1,111.96999211219,111.96999211219,111.96999211219,111.96999211219
rsk,ti6al4v,gri,FV,red,1,61.6316599636365,61.6316599636365,61.6316599636365,61.6316599636365
rsk,ti6al4v,gri,conf,blue,1,201.231968234066,201.231968234066,201.231968234066,201.231968234066
rsk,ti6al4v,gri,conf,green,1,200.315528743222,200.315528743222,200.315528743222,200.315528743222
rsk,ti6al4v,gri,conf,red,1,179.646654108213,179.646654108213,179.646654108213,179.646654108213
rsk,ti6al4v,gri,fusion,blue,1,132.961128668777,132.961128668777,132.961128668777,132.961128668777
rsk,ti6al4v,gri,fusion,green,1,211.212072752515,211.212072752515,211.212072752515,211.212072752515
rsk,ti6al4v,gri,fusion,red,1,203.522339961171,203.522339961171,203.522339961171,203.522339961171
rsk,ti6al4v,gri,int,blue,1,233.983852362608,233.983852362608,233.983852362608,233.983852362608
rsk,ti6al4v,gri,int,green,1,297.826853080971,297.826853080971,297.826853080971,297.826853080971
rsk,ti6al4v,gri,int,red,1,192.920163962779,192.920163962779,192.920163962779,192.920163962779
rsk,ti6al4v,gri,int,white,1,301.851586045321,301.851586045321,301.851586045321,301.851586045321
rsk,ti6al4v,hon,FV,blue,1,73.2665360213092,73.2665360213092,73.2665360213092,73.2665360213092
rsk,ti6al4v,hon,FV,green,1,46.481915319891,46.481915319891,46.481915319891,46.481915319891
rsk,ti6al4v,hon,FV,red,1,28.2089151263136,28.2089151263136,28.2089151263136,28.2089151263136
rsk,ti6al4v,hon,conf,blue,1,139.164791308259,139.164791308259,139.164791308259,139.164791308259
rsk,ti6al4v,hon,conf,green,1,193.731023035752,193.731023035752,193.731023035752,193.731023035752
rsk,ti6al4v,hon,conf,red,1,201.410772594929,201.410772594929,201.410772594929,201.410772594929
rsk,ti6al4v,hon,fusion,blue,1,100.636977043595,100.636977043595,100.636977043595,100.636977043595
rsk,ti6al4v,hon,fusion,green,1,207.732914531728,207.732914531728,207.732914531728,207.732914531728
rsk,ti6al4v,hon,fusion,red,1,205.594460233711,205.594460233711,205.594460233711,205.594460233711
rsk,ti6al4v,hon,int,blue,1,131.82338236247,131.82338236247,131.82338236247,131.82338236247
rsk,ti6al4v,hon,int,green,1,139.528578196138,139.528578196138,139.528578196138,139.528578196138
rsk,ti6al4v,hon,int,red,1,137.553843621653,137.553843621653,137.553843621653,137.553843621653
rsk,ti6al4v,hon,int,white,1,141.642688829217,141.642688829217,141.642688829217,141.642688829217
rsk,ti6al4v,mf,FV,blue,1,158.078553320641,158.078553320641,158.078553320641,158.078553320641
rsk,ti6al4v,mf,FV,green,1,112.033608073865,112.033608073865,112.033608073865,112.033608073865
rsk,ti6al4v,mf,FV,red,1,107.655170395494,107.655170395494,107.655170395494,107.655170395494
rsk,ti6al4v,mf,conf,blue,1,92.6679795510044,92.6679795510044,92.6679795510044,92.6679795510044
rsk,ti6al4v,mf,conf,green,1,128.425773908872,128.425773908872,128.425773908872,128.425773908872
rsk,ti6al4v,mf,conf,red,1,141.093501646416,141.093501646416,141.093501646416,141.093501646416
rsk,ti6al4v,mf,fusion,blue,1,81.8184589358449,81.8184589358449,81.8184589358449,81.8184589358449
rsk,ti6al4v,mf,fusion,green,1,130.672211188095,130.672211188095,130.672211188095,130.672211188095
rsk,ti6al4v,mf,fusion,red,1,153.27960093083,153.27960093083,153.27960093083,153.27960093083
rsk,ti6al4v,mf,int,blue,1,104.403514402487,104.403514402487,104.403514402487,104.403514402487
rsk,ti6al4v,mf,int,green,1,108.685125107919,108.685125107919,108.685125107919,108.685125107919
rsk,ti6al4v,mf,int,red,1,99.7564884238702,99.7564884238702,99.7564884238702,99.7564884238702
rsk,ti6al4v,mf,int,white,1,107.558094295073,107.558094295073,107.558094295073,107.558094295073
rsk,ti6al4v,mr,FV,blue,1,136.329888119031,136.329888119031,136.329888119031,136.329888119031
rsk,ti6al4v,mr,FV,green,1,82.6090074806974,82.6090074806974,82.6090074806974,82.6090074806974
rsk,ti6al4v,mr,FV,red,1,59.905466010624,59.905466010624,59.905466010624,59.905466010624
rsk,ti6al4v,mr,conf,blue,1,100.144888265113,100.144888265113,100.144888265113,100.144888265113
rsk,ti6al4v,mr,conf,green,1,109.168369073541,109.168369073541,109.168369073541,109.168369073541
rsk,ti6al4v,mr,conf,red,1,105.159574895256,105.159574895256,105.159574895256,105.159574895256
rsk,ti6al4v,mr,fusion,blue,1,105.933605800681,105.933605800681,105.933605800681,105.933605800681
rsk,ti6al4v,mr,fusion,green,1,116.738943905825,116.738943905825,116.738943905825,116.738943905825
rsk,ti6al4v,mr,fusion,red,1,131.329579568048,131.329579568048,131.329579568048,131.329579568048
rsk,ti6al4v,mr,int,blue,1,121.379316602513,121.379316602513,121.379316602513,121.379316602513
rsk,ti6al4v,mr,int,green,1,108.285512348979,108.285512348979,108.285512348979,108.285512348979
rsk,ti6al4v,mr,int,red,1,96.1704297537395,96.1704297537395,96.1704297537395,96.1704297537395
rsk,ti6al4v,mr,int,white,1,95.2680614433399,95.2680614433399,95.2680614433399,95.2680614433399
rsk,ti6al4v,tf,FV,blue,1,35.823541980509,35.823541980509,35.823541980509,35.823541980509
rsk,ti6al4v,tf,FV,green,1,41.5735027416369,41.5735027416369,41.5735027416369,41.5735027416369
rsk,ti6al4v,tf,FV,red,1,37.9851478494287,37.9851478494287,37.9851478494287,37.9851478494287
rsk,ti6al4v,tf,conf,blue,1,40.2997920197288,40.2997920197288,40.2997920197288,40.2997920197288
rsk,ti6al4v,tf,conf,green,1,27.7321020209127,27.7321020209127,27.7321020209127,27.7321020209127
rsk,ti6al4v,tf,conf,red,1,39.0222537781286,39.0222537781286,39.0222537781286,39.0222537781286
rsk,ti6al4v,tf,fusion,blue,1,39.4646579242146,39.4646579242146,39.4646579242146,39.4646579242146
rsk,ti6al4v,tf,fusion,green,1,41.0923703617722,41.0923703617722,41.0923703617722,41.0923703617722
rsk,ti6al4v,tf,fusion,red,1,56.874173057521,56.874173057521,56.874173057521,56.874173057521
rsk,ti6al4v,tf,int,blue,1,50.1837645854361,50.1837645854361,50.1837645854361,50.1837645854361
rsk,ti6al4v,tf,int,green,1,24.7936941378542,24.7936941378542,24.7936941378542,24.7936941378542
rsk,ti6al4v,tf,int,red,1,29.229703170585,29.229703170585,29.229703170585,29.229703170585
rsk,ti6al4v,tf,int,white,1,24.2650549303303,24.2650549303303,24.2650549303303,24.2650549303303
rsk,ti6al4v,tr,FV,blue,1,37.9711598718848,37.9711598718848,37.9711598718848,37.9711598718848
rsk,ti6al4v,tr,FV,green,1,3.46634962933301,3.46634962933301,3.46634962933301,3.46634962933301
rsk,ti6al4v,tr,FV,red,1,13.3838371438477,13.3838371438477,13.3838371438477,13.3838371438477
rsk,ti6al4v,tr,conf,blue,1,15.5178597094754,15.5178597094754,15.5178597094754,15.5178597094754
rsk,ti6al4v,tr,conf,green,1,51.1871150794657,51.1871150794657,51.1871150794657,51.1871150794657
rsk,ti6al4v,tr,conf,red,1,77.0827632540583,77.0827632540583,77.0827632540583,77.0827632540583
rsk,ti6al4v,tr,fusion,blue,1,3.84209151349403,3.84209151349403,3.84209151349403,3.84209151349403
rsk,ti6al4v,tr,fusion,green,1,73.1557078431213,73.1557078431213,73.1557078431213,73.1557078431213
rsk,ti6al4v,tr,fusion,red,1,101.524131795988,101.524131795988,101.524131795988,101.524131795988
rsk,ti6al4v,tr,int,blue,1,44.2271063585369,44.2271063585369,44.2271063585369,44.2271063585369
rsk,ti6al4v,tr,int,green,1,15.2653529456277,15.2653529456277,15.2653529456277,15.2653529456277
rsk,ti6al4v,tr,int,red,1,20.3995466650083,20.3995466650083,20.3995466650083,20.3995466650083
rsk,ti6al4v,tr,int,white,1,11.2782127805319,11.2782127805319,11.2782127805319,11.2782127805319
rsk,ti6al4v,wedm_f,FV,blue,1,44.0134260255636,44.0134260255636,44.0134260255636,44.0134260255636
rsk,ti6al4v,wedm_f,FV,green,1,1.45427197833504,1.45427197833504,1.45427197833504,1.45427197833504
rsk,ti6al4v,wedm_f,FV,red,1,8.3694556327287,8.3694556327287,8.3694556327287,8.3694556327287
rsk,ti6al4v,wedm_f,conf,blue,1,64.9912833004298,64.9912833004298,64.9912833004298,64.9912833004298
rsk,ti6al4v,wedm_f,conf,green,1,96.5583423225793,96.5583423225793,96.5583423225793,96.5583423225793
rsk,ti6al4v,wedm_f,conf,red,1,105.931262283622,105.931262283622,105.931262283622,105.931262283622
rsk,ti6al4v,wedm_f,fusion,blue,1,27.0814604261777,27.0814604261777,27.0814604261777,27.0814604261777
rsk,ti6al4v,wedm_f,fusion,green,1,116.515988365597,116.515988365597,116.515988365597,116.515988365597
rsk,ti6al4v,wedm_f,fusion,red,1,96.8272541980169,96.8272541980169,96.8272541980169,96.8272541980169
rsk,ti6al4v,wedm_f,int,blue,1,105.672757269987,105.672757269987,105.672757269987,105.672757269987
rsk,ti6al4v,wedm_f,int,green,1,198.275322378084,198.275322378084,198.275322378084,198.275322378084
rsk,ti6al4v,wedm_f,int,red,1,170.640008848142,170.640008848142,170.640008848142,170.640008848142
rsk,ti6al4v,wedm_f,int,white,1,212.327114905433,212.327114905433,212.327114905433,212.327114905433
rsk,ti6al4v,wedm_r,FV,blue,1,30.121028088885,30.121028088885,30.121028088885,30.121028088885
rsk,ti6al4v,wedm_r,FV,green,1,18.7183280480586,18.7183280480586,18.7183280480586,18.7183280480586
rsk,ti6al4v,wedm_r,FV,red,1,4.07631907067358,4.07631907067358,4.07631907067358,4.07631907067358
rsk,ti6al4v,wedm_r,conf,blue,1,6.3749772105129,6.3749772105129,6.3749772105129,6.3749772105129
rsk,ti6al4v,wedm_r,conf,green,1,126.265211453631,126.265211453631,126.265211453631,126.265211453631
rsk,ti6al4v,wedm_r,conf,red,1,253.669450051658,253.669450051658,253.669450051658,253.669450051658
rsk,ti6al4v,wedm_r,fusion,blue,1,114.732603506622,114.732603506622,114.732603506622,114.732603506622
rsk,ti6al4v,wedm_r,fusion,green,1,430.394451551323,430.394451551323,430.394451551323,430.394451551323
rsk,ti6al4v,wedm_r,fusion,red,1,615.490504082619,615.490504082619,615.490504082619,615.490504082619
rsk,ti6al4v,wedm_r,int,blue,1,29.7535311121395,29.7535311121395,29.7535311121395,29.7535311121395
rsk,ti6al4v,wedm_r,int,green,1,15.3078952764432,15.3078952764432,15.3078952764432,15.3078952764432
rsk,ti6al4v,wedm_r,int,red,1,13.0763585618104,13.0763585618104,13.0763585618104,13.0763585618104
rsk,ti6al4v,wedm_r,int,white,1,14.7607999402506,14.7607999402506,14.7607999402506,14.7607999402506
rsm,14301,b,FV,blue,1,99.9627734744675,99.9627734744675,99.9627734744675,99.9627734744675
rsm,14301,b,FV,green,1,99.9622052945191,99.9622052945191,99.9622052945191,99.9622052945191
rsm,14301,b,FV,red,1,99.9585586551069,99.9585586551069,99.9585586551069,99.9585586551069
rsm,14301,b,conf,blue,1,99.9804452078168,99.9804452078168,99.9804452078168,99.9804452078168
rsm,14301,b,conf,green,1,99.9784305515908,99.9784305515908,99.9784305515908,99.9784305515908
rsm,14301,b,conf,red,1,99.9783909645261,99.9783909645261,99.9783909645261,99.9783909645261
rsm,14301,b,fusion,blue,1,99.9835996688702,99.9835996688702,99.9835996688702,99.9835996688702
rsm,14301,b,fusion,green,1,99.9818013848652,99.9818013848652,99.9818013848652,99.9818013848652
rsm,14301,b,fusion,red,1,99.981794050097207,99.981794050097207,99.981794050097207,99.981794050097207
rsm,14301,b,int,blue,1,99.9678200171362,99.9678200171362,99.9678200171362,99.9678200171362
rsm,14301,b,int,green,1,99.9570413399372,99.9570413399372,99.9570413399372,99.9570413399372
rsm,14301,b,int,red,1,99.9696585538253,99.9696585538253,99.9696585538253,99.9696585538253
rsm,14301,b,int,white,1,99.9567568489663,99.9567568489663,99.9567568489663,99.9567568489663
rsm,14301,gla,FV,blue,1,99.9484048358295,99.9484048358295,99.9484048358295,99.9484048358295
rsm,14301,gla,FV,green,1,99.946779644128,99.946779644128,99.946779644128,99.946779644128
rsm,14301,gla,FV,red,1,99.9457034703262,99.9457034703262,99.9457034703262,99.9457034703262
rsm,14301,gla,conf,blue,1,99.9742698416098,99.9742698416098,99.9742698416098,99.9742698416098
rsm,14301,gla,conf,green,1,99.9714875269265,99.9714875269265,99.9714875269265,99.9714875269265
rsm,14301,gla,conf,red,1,99.9697329033695,99.9697329033695,99.9697329033695,99.9697329033695
rsm,14301,gla,fusion,blue,1,99.9773514983744,99.9773514983744,99.9773514983744,99.9773514983744
rsm,14301,gla,fusion,green,1,99.975253895107,99.975253895107,99.975253895107,99.975253895107
rsm,14301,gla,fusion,red,1,99.9733954702794,99.9733954702794,99.9733954702794,99.9733954702794
rsm,14301,gla,int,blue,1,99.9595848014915,99.9595848014915,99.9595848014915,99.9595848014915
rsm,14301,gla,int,green,1,99.9487970155665,99.9487970155665,99.9487970155665,99.9487970155665
rsm,14301,gla,int,red,1,99.9558525642376,99.9558525642376,99.9558525642376,99.9558525642376
rsm,14301,gla,int,white,1,99.948218933161,99.948218933161,99.948218933161,99.948218933161
rsm,14301,gri,FV,blue,1,99.9098089275645,99.9098089275645,99.9098089275645,99.9098089275645
rsm,14301,gri,FV,green,1,99.906180552509,99.906180552509,99.906180552509,99.906180552509
rsm,14301,gri,FV,red,1,99.9073947453021,99.9073947453021,99.9073947453021,99.9073947453021
rsm,14301,gri,conf,blue,1,99.9501695288276,99.9501695288276,99.9501695288276,99.9501695288276
rsm,14301,gri,conf,green,1,99.9529739953732,99.9529739953732,99.9529739953732,99.9529739953732
rsm,14301,gri,conf,red,1,99.9541414831301,99.9541414831301,99.9541414831301,99.9541414831301
rsm,14301,gri,fusion,blue,1,99.9598444524586,99.9598444524586,99.9598444524586,99.9598444524586
rsm,14301,gri,fusion,green,1,99.9625948672359,99.9625948672359,99.9625948672359,99.9625948672359
rsm,14301,gri,fusion,red,1,99.9637327305404,99.9637327305404,99.9637327305404,99.9637327305404
rsm,14301,gri,int,blue,1,99.9098391191085,99.9098391191085,99.9098391191085,99.9098391191085
rsm,14301,gri,int,green,1,99.9350360985818,99.9350360985818,99.9350360985818,99.9350360985818
rsm,14301,gri,int,red,1,99.9318932478875,99.9318932478875,99.9318932478875,99.9318932478875
rsm,14301,gri,int,white,1,99.9367952749894,99.9367952749894,99.9367952749894,99.9367952749894
rsm,14301,hon,FV,blue,1,99.8730138856257,99.8730138856257,99.8730138856257,99.8730138856257
rsm,14301,hon,FV,green,1,99.8729507503177,99.8729507503177,99.8729507503177,99.8729507503177
rsm,14301,hon,FV,red,1,99.8762729930086,99.8762729930086,99.8762729930086,99.8762729930086
rsm,14301,hon,conf,blue,1,99.9427465119076,99.9427465119076,99.9427465119076,99.9427465119076
rsm,14301,hon,conf,green,1,99.9497216966714,99.9497216966714,99.9497216966714,99.9497216966714
rsm,14301,hon,conf,red,1,99.9504718378426,99.9504718378426,99.9504718378426,99.9504718378426
rsm,14301,hon,fusion,blue,1,99.9524636926758,99.9524636926758,99.9524636926758,99.9524636926758
rsm,14301,hon,fusion,green,1,99.9605762485267,99.9605762485267,99.9605762485267,99.9605762485267
rsm,14301,hon,fusion,red,1,99.9616813683497,99.9616813683497,99.9616813683497,99.9616813683497
rsm,14301,hon,int,blue,1,99.8798556040617,99.8798556040617,99.8798556040617,99.8798556040617
rsm,14301,hon,int,green,1,99.9187735160536,99.9187735160536,99.9187735160536,99.9187735160536
rsm,14301,hon,int,red,1,99.9171889259609,99.9171889259609,99.9171889259609,99.9171889259609
rsm,14301,hon,int,white,1,99.9194134765762,99.9194134765762,99.9194134765762,99.9194134765762
rsm,14301,mf,FV,blue,1,99.9544394888542,99.9544394888542,99.9544394888542,99.9544394888542
rsm,14301,mf,FV,green,1,99.9555126859099,99.9555126859099,99.9555126859099,99.9555126859099
rsm,14301,mf,FV,red,1,99.9564626156118,99.9564626156118,99.9564626156118,99.9564626156118
rsm,14301,mf,conf,blue,1,99.972923356992,99.972923356992,99.972923356992,99.972923356992
rsm,14301,mf,conf,green,1,99.9745366082598,99.9745366082598,99.9745366082598,99.9745366082598
rsm,14301,mf,conf,red,1,99.9717941539179,99.9717941539179,99.9717941539179,99.9717941539179
rsm,14301,mf,fusion,blue,1,99.9795470107328,99.9795470107328,99.9795470107328,99.9795470107328
rsm,14301,mf,fusion,green,1,99.9809234199436,99.9809234199436,99.9809234199436,99.9809234199436
rsm,14301,mf,fusion,red,1,99.9789342313288,99.9789342313288,99.9789342313288,99.9789342313288
rsm,14301,mf,int,blue,1,99.9714492873994,99.9714492873994,99.9714492873994,99.9714492873994
rsm,14301,mf,int,green,1,99.938210588559,99.938210588559,99.938210588559,99.938210588559
rsm,14301,mf,int,red,1,99.9673402938297,99.9673402938297,99.9673402938297,99.9673402938297
rsm,14301,mf,int,white,1,99.9326461128934,99.9326461128934,99.9326461128934,99.9326461128934
rsm,14301,mr,FV,blue,1,99.9842216838306,99.9842216838306,99.9842216838306,99.9842216838306
rsm,14301,mr,FV,green,1,99.9823595309307,99.9823595309307,99.9823595309307,99.9823595309307
rsm,14301,mr,FV,red,1,99.9797620321937,99.9797620321937,99.9797620321937,99.9797620321937
rsm,14301,mr,conf,blue,1,99.9879114054581,99.9879114054581,99.9879114054581,99.9879114054581
rsm,14301,mr,conf,green,1,99.983853704275,99.983853704275,99.983853704275,99.983853704275
rsm,14301,mr,conf,red,1,99.9833071329469,99.9833071329469,99.9833071329469,99.9833071329469
rsm,14301,mr,fusion,blue,1,99.9893530969838,99.9893530969838,99.9893530969838,99.9893530969838
rsm,14301,mr,fusion,green,1,99.9852040659806,99.9852040659806,99.9852040659806,99.9852040659806
rsm,14301,mr,fusion,red,1,99.9846468482773,99.9846468482773,99.9846468482773,99.9846468482773
rsm,14301,mr,int,blue,1,99.9817669269661,99.9817669269661,99.9817669269661,99.9817669269661
rsm,14301,mr,int,green,1,99.9719902521275,99.9719902521275,99.9719902521275,99.9719902521275
rsm,14301,mr,int,red,1,99.9884507141203,99.9884507141203,99.9884507141203,99.9884507141203
rsm,14301,mr,int,white,1,99.9653787221798,99.9653787221798,99.9653787221798,99.9653787221798
rsm,14301,tf,FV,blue,1,99.8606819415042,99.8606819415042,99.8606819415042,99.8606819415042
rsm,14301,tf,FV,green,1,99.8476410894815,99.8476410894815,99.8476410894815,99.8476410894815
rsm,14301,tf,FV,red,1,99.8445486417263,99.8445486417263,99.8445486417263,99.8445486417263
rsm,14301,tf,conf,blue,1,99.8863482922164,99.8863482922164,99.8863482922164,99.8863482922164
rsm,14301,tf,conf,green,1,99.8644332882485,99.8644332882485,99.8644332882485,99.8644332882485
rsm,14301,tf,conf,red,1,99.8448003712598,99.8448003712598,99.8448003712598,99.8448003712598
rsm,14301,tf,fusion,blue,1,99.9076295435147,99.9076295435147,99.9076295435147,99.9076295435147
rsm,14301,tf,fusion,green,1,99.884641544008,99.884641544008,99.884641544008,99.884641544008
rsm,14301,tf,fusion,red,1,99.8661331940294,99.8661331940294,99.8661331940294,99.8661331940294
rsm,14301,tf,int,blue,1,99.8664892785787,99.8664892785787,99.8664892785787,99.8664892785787
rsm,14301,tf,int,green,1,99.6058827641247,99.6058827641247,99.6058827641247,99.6058827641247
rsm,14301,tf,int,red,1,99.8876135963097,99.8876135963097,99.8876135963097,99.8876135963097
rsm,14301,tf,int,white,1,99.5654405653468,99.5654405653468,99.5654405653468,99.5654405653468
rsm,14301,tr,FV,blue,1,99.9066780123341,99.9066780123341,99.9066780123341,99.9066780123341
rsm,14301,tr,FV,green,1,99.8908394096563,99.8908394096563,99.8908394096563,99.8908394096563
rsm,14301,tr,FV,red,1,99.8867199072517,99.8867199072517,99.8867199072517,99.8867199072517
rsm,14301,tr,conf,blue,1,99.8951262414603,99.8951262414603,99.8951262414603,99.8951262414603
rsm,14301,tr,conf,green,1,99.8878985709288,99.8878985709288,99.8878985709288,99.8878985709288
rsm,14301,tr,conf,red,1,99.879002520048,99.879002520048,99.879002520048,99.879002520048
rsm,14301,tr,fusion,blue,1,99.9203232687498,99.9203232687498,99.9203232687498,99.9203232687498
rsm,14301,tr,fusion,green,1,99.9095370453072,99.9095370453072,99.9095370453072,99.9095370453072
rsm,14301,tr,fusion,red,1,99.9035051268442,99.9035051268442,99.9035051268442,99.9035051268442
rsm,14301,tr,int,blue,1,99.9180404942356,99.9180404942356,99.9180404942356,99.9180404942356
rsm,14301,tr,int,green,1,99.7365401305619,99.7365401305619,99.7365401305619,99.7365401305619
rsm,14301,tr,int,red,1,99.9201214038598,99.9201214038598,99.9201214038598,99.9201214038598
rsm,14301,tr,int,white,1,99.7206575803274,99.7206575803274,99.7206575803274,99.7206575803274
rsm,14301,wedm_f,FV,blue,1,99.8941412507772,99.8941412507772,99.8941412507772,99.8941412507772
rsm,14301,wedm_f,FV,green,1,99.892869201598,99.892869201598,99.892869201598,99.892869201598
rsm,14301,wedm_f,FV,red,1,99.8935802616999,99.8935802616999,99.8935802616999,99.8935802616999
rsm,14301,wedm_f,conf,blue,1,99.9489201434557,99.9489201434557,99.9489201434557,99.9489201434557
rsm,14301,wedm_f,conf,green,1,99.9485682402172,99.9485682402172,99.9485682402172,99.9485682402172
rsm,14301,wedm_f,conf,red,1,99.9483727860516,99.9483727860516,99.9483727860516,99.9483727860516
rsm,14301,wedm_f,fusion,blue,1,99.9537276525958,99.9537276525958,99.9537276525958,99.9537276525958
rsm,14301,wedm_f,fusion,green,1,99.9565863471316,99.9565863471316,99.9565863471316,99.9565863471316
rsm,14301,wedm_f,fusion,red,1,99.9559848324238,99.9559848324238,99.9559848324238,99.9559848324238
rsm,14301,wedm_f,int,blue,1,99.9009658052035,99.9009658052035,99.9009658052035,99.9009658052035
rsm,14301,wedm_f,int,green,1,99.9267370030886,99.9267370030886,99.9267370030886,99.9267370030886
rsm,14301,wedm_f,int,red,1,99.9245589639584,99.9245589639584,99.9245589639584,99.9245589639584
rsm,14301,wedm_f,int,white,1,99.9279520142524,99.9279520142524,99.9279520142524,99.9279520142524
rsm,14301,wedm_r,FV,blue,1,99.922158233045,99.922158233045,99.922158233045,99.922158233045
rsm,14301,wedm_r,FV,green,1,99.9176360657891,99.9176360657891,99.9176360657891,99.9176360657891
rsm,14301,wedm_r,FV,red,1,99.9172731766875,99.9172731766875,99.9172731766875,99.9172731766875
rsm,14301,wedm_r,conf,blue,1,99.9353118852208,99.9353118852208,99.9353118852208,99.9353118852208
rsm,14301,wedm_r,conf,green,1,99.9345848425681,99.9345848425681,99.9345848425681,99.9345848425681
rsm,14301,wedm_r,conf,red,1,99.939013160485,99.939013160485,99.939013160485,99.939013160485
rsm,14301,wedm_r,fusion,blue,1,99.9452656221905,99.9452656221905,99.9452656221905,99.9452656221905
rsm,14301,wedm_r,fusion,green,1,99.9396551226251,99.9396551226251,99.9396551226251,99.9396551226251
rsm,14301,wedm_r,fusion,red,1,99.9434128423299,99.9434128423299,99.9434128423299,99.9434128423299
rsm,14301,wedm_r,int,green,1,99.9413454645131,99.9413454645131,99.9413454645131,99.9413454645131
rsm,14301,wedm_r,int,red,1,99.9364097732715,99.9364097732715,99.9364097732715,99.9364097732715
rsm,14301,wedm_r,int,white,1,99.9412874031617,99.9412874031617,99.9412874031617,99.9412874031617
rsm,al7075,b,FV,blue,1,99.9583032572647,99.9583032572647,99.9583032572647,99.9583032572647
rsm,al7075,b,FV,green,1,99.9584817677532,99.9584817677532,99.9584817677532,99.9584817677532
rsm,al7075,b,FV,red,1,99.952713547993,99.952713547993,99.952713547993,99.952713547993
rsm,al7075,b,conf,blue,1,99.9800370776205,99.9800370776205,99.9800370776205,99.9800370776205
rsm,al7075,b,conf,green,1,99.9778785692994,99.9778785692994,99.9778785692994,99.9778785692994
rsm,al7075,b,conf,red,1,99.9774380171224,99.9774380171224,99.9774380171224,99.9774380171224
rsm,al7075,b,fusion,blue,1,99.984182254309,99.984182254309,99.984182254309,99.984182254309
rsm,al7075,b,fusion,green,1,99.9826822399557,99.9826822399557,99.9826822399557,99.9826822399557
rsm,al7075,b,fusion,red,1,99.9810668535826,99.9810668535826,99.9810668535826,99.9810668535826
rsm,al7075,b,int,blue,1,99.9580469664068,99.9580469664068,99.9580469664068,99.9580469664068
rsm,al7075,b,int,green,1,99.9421481817142,99.9421481817142,99.9421481817142,99.9421481817142
rsm,al7075,b,int,red,1,99.9622191785626,99.9622191785626,99.9622191785626,99.9622191785626
rsm,al7075,b,int,white,1,99.9226170758621,99.9226170758621,99.9226170758621,99.9226170758621
rsm,al7075,gla,FV,blue,1,99.9303219639446,99.9303219639446,99.9303219639446,99.9303219639446
rsm,al7075,gla,FV,green,1,99.9218354503235,99.9218354503235,99.9218354503235,99.9218354503235
rsm,al7075,gla,FV,red,1,99.9220040793416,99.9220040793416,99.9220040793416,99.9220040793416
rsm,al7075,gla,conf,blue,1,99.9595947496003,99.9595947496003,99.9595947496003,99.9595947496003
rsm,al7075,gla,conf,green,1,99.9608208583303,99.9608208583303,99.9608208583303,99.9608208583303
rsm,al7075,gla,conf,red,1,99.960011561591,99.960011561591,99.960011561591,99.960011561591
rsm,al7075,gla,fusion,blue,1,99.9655182871038,99.9655182871038,99.9655182871038,99.9655182871038
rsm,al7075,gla,fusion,green,1,99.962482353258,99.962482353258,99.962482353258,99.962482353258
rsm,al7075,gla,fusion,red,1,99.9626448951052,99.9626448951052,99.9626448951052,99.9626448951052
rsm,al7075,gla,int,blue,1,99.934879959343,99.934879959343,99.934879959343,99.934879959343
rsm,al7075,gla,int,green,1,99.9333269339215,99.9333269339215,99.9333269339215,99.9333269339215
rsm,al7075,gla,int,red,1,99.9317648266603,99.9317648266603,99.9317648266603,99.9317648266603
rsm,al7075,gla,int,white,1,99.9329078600437,99.9329078600437,99.9329078600437,99.9329078600437
rsm,al7075,gri,FV,blue,1,99.9362292864564,99.9362292864564,99.9362292864564,99.9362292864564
rsm,al7075,gri,FV,green,1,99.9345562658555,99.9345562658555,99.9345562658555,99.9345562658555
rsm,al7075,gri,FV,red,1,99.935465626645,99.935465626645,99.935465626645,99.935465626645
rsm,al7075,gri,conf,blue,1,99.9685804151422,99.9685804151422,99.9685804151422,99.9685804151422
rsm,al7075,gri,conf,green,1,99.9696373966254,99.9696373966254,99.9696373966254,99.9696373966254
rsm,al7075,gri,conf,red,1,99.967980260508,99.967980260508,99.967980260508,99.967980260508
rsm,al7075,gri,fusion,blue,1,99.9752615104643,99.9752615104643,99.9752615104643,99.9752615104643
rsm,al7075,gri,fusion,green,1,99.976077367202,99.976077367202,99.976077367202,99.976077367202
rsm,al7075,gri,fusion,red,1,99.974863240121,99.974863240121,99.974863240121,99.974863240121
rsm,al7075,gri,int,blue,1,99.9350228028637,99.9350228028637,99.9350228028637,99.9350228028637
rsm,al7075,gri,int,green,1,99.9368484587916,99.9368484587916,99.9368484587916,99.9368484587916
rsm,al7075,gri,int,red,1,99.9482884058879,99.9482884058879,99.9482884058879,99.9482884058879
rsm,al7075,gri,int,white,1,99.9364906686608,99.9364906686608,99.9364906686608,99.9364906686608
rsm,al7075,hon,FV,blue,1,99.9060999042029,99.9060999042029,99.9060999042029,99.9060999042029
rsm,al7075,hon,FV,green,1,99.90320404977,99.90320404977,99.90320404977,99.90320404977
rsm,al7075,hon,FV,red,1,99.8996264358262,99.8996264358262,99.8996264358262,99.8996264358262
rsm,al7075,hon,conf,blue,1,99.958597404072,99.958597404072,99.958597404072,99.958597404072
rsm,al7075,hon,conf,green,1,99.958714523849,99.958714523849,99.958714523849,99.958714523849
rsm,al7075,hon,conf,red,1,99.9553190937368,99.9553190937368,99.9553190937368,99.9553190937368
rsm,al7075,hon,fusion,blue,1,99.9665491150258,99.9665491150258,99.9665491150258,99.9665491150258
rsm,al7075,hon,fusion,green,1,99.9668370488233,99.9668370488233,99.9668370488233,99.9668370488233
rsm,al7075,hon,fusion,red,1,99.9642960397963,99.9642960397963,99.9642960397963,99.9642960397963
rsm,al7075,hon,int,blue,1,99.9121193720233,99.9121193720233,99.9121193720233,99.9121193720233
rsm,al7075,hon,int,green,1,99.9270136238766,99.9270136238766,99.9270136238766,99.9270136238766
rsm,al7075,hon,int,red,1,99.9339605718148,99.9339605718148,99.9339605718148,99.9339605718148
rsm,al7075,hon,int,white,1,99.9278621580424,99.9278621580424,99.9278621580424,99.9278621580424
rsm,al7075,mf,FV,blue,1,99.9719689937204,99.9719689937204,99.9719689937204,99.9719689937204
rsm,al7075,mf,FV,green,1,99.9752633047404,99.9752633047404,99.9752633047404,99.9752633047404
rsm,al7075,mf,FV,red,1,99.974321934696,99.974321934696,99.974321934696,99.974321934696
rsm,al7075,mf,conf,blue,1,99.9877875476257,99.9877875476257,99.9877875476257,99.9877875476257
rsm,al7075,mf,conf,green,1,99.9872508573695,99.9872508573695,99.9872508573695,99.9872508573695
rsm,al7075,mf,conf,red,1,99.9861929915869,99.9861929915869,99.9861929915869,99.9861929915869
rsm,al7075,mf,fusion,blue,1,99.9903904003387,99.9903904003387,99.9903904003387,99.9903904003387
rsm,al7075,mf,fusion,green,1,99.9896743431781,99.9896743431781,99.9896743431781,99.9896743431781
rsm,al7075,mf,fusion,red,1,99.9882323621563,99.9882323621563,99.9882323621563,99.9882323621563
rsm,al7075,mf,int,blue,1,99.9801908887216,99.9801908887216,99.9801908887216,99.9801908887216
rsm,al7075,mf,int,green,1,99.9797280342567,99.9797280342567,99.9797280342567,99.9797280342567
rsm,al7075,mf,int,red,1,99.9836247072923,99.9836247072923,99.9836247072923,99.9836247072923
rsm,al7075,mf,int,white,1,99.9807734054912,99.9807734054912,99.9807734054912,99.9807734054912
rsm,al7075,mr,FV,blue,1,99.9270812296789,99.9270812296789,99.9270812296789,99.9270812296789
rsm,al7075,mr,FV,green,1,99.9327623321919,99.9327623321919,99.9327623321919,99.9327623321919
rsm,al7075,mr,FV,red,1,99.9229906134816,99.9229906134816,99.9229906134816,99.9229906134816
rsm,al7075,mr,conf,blue,1,99.9562387053375,99.9562387053375,99.9562387053375,99.9562387053375
rsm,al7075,mr,conf,green,1,99.9337138717373,99.9337138717373,99.9337138717373,99.9337138717373
rsm,al7075,mr,conf,red,1,99.9267872447317,99.9267872447317,99.9267872447317,99.9267872447317
rsm,al7075,mr,fusion,blue,1,99.958213010928,99.958213010928,99.958213010928,99.958213010928
rsm,al7075,mr,fusion,green,1,99.9369846443089,99.9369846443089,99.9369846443089,99.9369846443089
rsm,al7075,mr,fusion,red,1,99.9301632836256,99.9301632836256,99.9301632836256,99.9301632836256
rsm,al7075,mr,int,blue,1,99.8710467497091,99.8710467497091,99.8710467497091,99.8710467497091
rsm,al7075,mr,int,green,1,99.857431800153,99.857431800153,99.857431800153,99.857431800153
rsm,al7075,mr,int,red,1,99.9028269094882,99.9028269094882,99.9028269094882,99.9028269094882
rsm,al7075,mr,int,white,1,99.8253018689568,99.8253018689568,99.8253018689568,99.8253018689568
rsm,al7075,tf,FV,blue,1,99.9229858911492,99.9229858911492,99.9229858911492,99.9229858911492
rsm,al7075,tf,FV,green,1,99.9146756132101,99.9146756132101,99.9146756132101,99.9146756132101
rsm,al7075,tf,FV,red,1,99.9048537027346,99.9048537027346,99.9048537027346,99.9048537027346
rsm,al7075,tf,conf,blue,1,99.9391754665216,99.9391754665216,99.9391754665216,99.9391754665216
rsm,al7075,tf,conf,green,1,99.9273626716908,99.9273626716908,99.9273626716908,99.9273626716908
rsm,al7075,tf,conf,red,1,99.9213315240832,99.9213315240832,99.9213315240832,99.9213315240832
rsm,al7075,tf,fusion,blue,1,99.9514514034351,99.9514514034351,99.9514514034351,99.9514514034351
rsm,al7075,tf,fusion,green,1,99.9404961444413,99.9404961444413,99.9404961444413,99.9404961444413
rsm,al7075,tf,fusion,red,1,99.9351605874754,99.9351605874754,99.9351605874754,99.9351605874754
rsm,al7075,tf,int,blue,1,99.9068464357921,99.9068464357921,99.9068464357921,99.9068464357921
rsm,al7075,tf,int,green,1,99.7997892133381,99.7997892133381,99.7997892133381,99.7997892133381
rsm,al7075,tf,int,red,1,99.9398102576876,99.9398102576876,99.9398102576876,99.9398102576876
rsm,al7075,tf,int,white,1,99.7563401097316,99.7563401097316,99.7563401097316,99.7563401097316
rsm,al7075,tr,FV,blue,1,99.906885134989,99.906885134989,99.906885134989,99.906885134989
rsm,al7075,tr,FV,green,1,99.8786724192952,99.8786724192952,99.8786724192952,99.8786724192952
rsm,al7075,tr,FV,red,1,99.8746708648714,99.8746708648714,99.8746708648714,99.8746708648714
rsm,al7075,tr,conf,blue,1,99.9006618189051,99.9006618189051,99.9006618189051,99.9006618189051
rsm,al7075,tr,conf,green,1,99.8926281414465,99.8926281414465,99.8926281414465,99.8926281414465
rsm,al7075,tr,conf,red,1,99.8893424696027,99.8893424696027,99.8893424696027,99.8893424696027
rsm,al7075,tr,fusion,blue,1,99.9287306943448,99.9287306943448,99.9287306943448,99.9287306943448
rsm,al7075,tr,fusion,green,1,99.9245084627884,99.9245084627884,99.9245084627884,99.9245084627884
rsm,al7075,tr,fusion,red,1,99.9227981943751,99.9227981943751,99.9227981943751,99.9227981943751
rsm,al7075,tr,int,blue,1,99.9117429800149,99.9117429800149,99.9117429800149,99.9117429800149
rsm,al7075,tr,int,green,1,99.6757415979149,99.6757415979149,99.6757415979149,99.6757415979149
rsm,al7075,tr,int,red,1,99.8908304196182,99.8908304196182,99.8908304196182,99.8908304196182
rsm,al7075,tr,int,white,1,99.6535967811006,99.6535967811006,99.6535967811006,99.6535967811006
rsm,al7075,wedm_f,FV,blue,1,99.8720553634123,99.8720553634123,99.8720553634123,99.8720553634123
rsm,al7075,wedm_f,FV,green,1,99.8709554947058,99.8709554947058,99.8709554947058,99.8709554947058
rsm,al7075,wedm_f,FV,red,1,99.8731195395089,99.8731195395089,99.8731195395089,99.8731195395089
rsm,al7075,wedm_f,conf,blue,1,99.9360708855809,99.9360708855809,99.9360708855809,99.9360708855809
rsm,al7075,wedm_f,conf,green,1,99.9428039678728,99.9428039678728,99.9428039678728,99.9428039678728
rsm,al7075,wedm_f,conf,red,1,99.9444224025568,99.9444224025568,99.9444224025568,99.9444224025568
rsm,al7075,wedm_f,fusion,blue,1,99.9404119642443,99.9404119642443,99.9404119642443,99.9404119642443
rsm,al7075,wedm_f,fusion,green,1,99.9540261648359,99.9540261648359,99.9540261648359,99.9540261648359
rsm,al7075,wedm_f,fusion,red,1,99.9555083053749,99.9555083053749,99.9555083053749,99.9555083053749
rsm,al7075,wedm_f,int,blue,1,99.9058588303376,99.9058588303376,99.9058588303376,99.9058588303376
rsm,al7075,wedm_f,int,green,1,99.9207303786003,99.9207303786003,99.9207303786003,99.9207303786003
rsm,al7075,wedm_f,int,red,1,99.9161282755941,99.9161282755941,99.9161282755941,99.9161282755941
rsm,al7075,wedm_f,int,white,1,99.9208654389597,99.9208654389597,99.9208654389597,99.9208654389597
rsm,al7075,wedm_r,FV,blue,1,99.9229030256173,99.9229030256173,99.9229030256173,99.9229030256173
rsm,al7075,wedm_r,FV,green,1,99.9215591077451,99.9215591077451,99.9215591077451,99.9215591077451
rsm,al7075,wedm_r,FV,red,1,99.9239198902471,99.9239198902471,99.9239198902471,99.9239198902471
rsm,al7075,wedm_r,conf,blue,1,99.9462324684683,99.9462324684683,99.9462324684683,99.9462324684683
rsm,al7075,wedm_r,conf,green,1,99.9474234676543,99.9474234676543,99.9474234676543,99.9474234676543
rsm,al7075,wedm_r,conf,red,1,99.9470460864122,99.9470460864122,99.9470460864122,99.9470460864122
rsm,al7075,wedm_r,fusion,blue,1,99.9523534595443,99.9523534595443,99.9523534595443,99.9523534595443
rsm,al7075,wedm_r,fusion,green,1,99.9503076345583,99.9503076345583,99.9503076345583,99.9503076345583
rsm,al7075,wedm_r,fusion,red,1,99.9536885359913,99.9536885359913,99.9536885359913,99.9536885359913
rsm,al7075,wedm_r,int,blue,1,99.9128941098258,99.9128941098258,99.9128941098258,99.9128941098258
rsm,al7075,wedm_r,int,green,1,99.9376259333347,99.9376259333347,99.9376259333347,99.9376259333347
rsm,al7075,wedm_r,int,red,1,99.9346638523508,99.9346638523508,99.9346638523508,99.9346638523508
rsm,al7075,wedm_r,int,white,1,99.9378184184356,99.9378184184356,99.9378184184356,99.9378184184356
rsm,c45,b,FV,blue,1,99.9538669374098,99.9538669374098,99.9538669374098,99.9538669374098
rsm,c45,b,FV,green,1,99.9570137169508,99.9570137169508,99.9570137169508,99.9570137169508
rsm,c45,b,FV,red,1,99.9557139086209,99.9557139086209,99.9557139086209,99.9557139086209
rsm,c45,b,conf,green,1,99.974750615954,99.974750615954,99.974750615954,99.974750615954
rsm,c45,b,conf,red,1,99.9760925295083,99.9760925295083,99.9760925295083,99.9760925295083
rsm,c45,b,fusion,blue,1,99.9788331704601,99.9788331704601,99.9788331704601,99.9788331704601
rsm,c45,b,fusion,green,1,99.9790489733687,99.9790489733687,99.9790489733687,99.9790489733687
rsm,c45,b,fusion,red,1,99.9797875410369,99.9797875410369,99.9797875410369,99.9797875410369
rsm,c45,b,int,blue,2,99.96959711708,99.96959711708,99.96957713696115,99.96961709719885
rsm,c45,b,int,green,1,99.9517027738583,99.9517027738583,99.9517027738583,99.9517027738583
rsm,c45,b,int,red,1,99.9628698705154,99.9628698705154,99.9628698705154,99.9628698705154
rsm,c45,b,int,white,1,99.9488954965066,99.9488954965066,99.9488954965066,99.9488954965066
rsm,c45,gla,FV,blue,1,99.9451209230098,99.9451209230098,99.9451209230098,99.9451209230098
rsm,c45,gla,FV,green,1,99.9397261985114,99.9397261985114,99.9397261985114,99.9397261985114
rsm,c45,gla,FV,red,1,99.9399108081304,99.9399108081304,99.9399108081304,99.9399108081304
rsm,c45,gla,conf,blue,1,99.9696903253879,99.9696903253879,99.9696903253879,99.9696903253879
rsm,c45,gla,conf,green,1,99.9677260788127,99.9677260788127,99.9677260788127,99.9677260788127
rsm,c45,gla,conf,red,1,99.9662233966793,99.9662233966793,99.9662233966793,99.9662233966793
rsm,c45,gla,fusion,blue,1,99.9743537198983,99.9743537198983,99.9743537198983,99.9743537198983
rsm,c45,gla,fusion,green,1,99.9720442070764,99.9720442070764,99.9720442070764,99.9720442070764
rsm,c45,gla,fusion,red,1,99.9703486935301,99.9703486935301,99.9703486935301,99.9703486935301
rsm,c45,gla,int,blue,1,99.9506711157533,99.9506711157533,99.9506711157533,99.9506711157533
rsm,c45,gla,int,green,1,99.9404531419882,99.9404531419882,99.9404531419882,99.9404531419882
rsm,c45,gla,int,red,1,99.9450542699161,99.9450542699161,99.9450542699161,99.9450542699161
rsm,c45,gla,int,white,1,99.9395869828684,99.9395869828684,99.9395869828684,99.9395869828684
rsm,c45,gri,FV,blue,1,99.9238074931557,99.9238074931557,99.9238074931557,99.9238074931557
rsm,c45,gri,FV,green,1,99.9209345381425,99.9209345381425,99.9209345381425,99.9209345381425
rsm,c45,gri,FV,red,1,99.9205525713283,99.9205525713283,99.9205525713283,99.9205525713283
rsm,c45,gri,conf,blue,1,99.961444528219,99.961444528219,99.961444528219,99.961444528219
rsm,c45,gri,conf,green,1,99.9620774927474,99.9620774927474,99.9620774927474,99.9620774927474
rsm,c45,gri,conf,red,1,99.9604693781596,99.9604693781596,99.9604693781596,99.9604693781596
rsm,c45,gri,fusion,blue,1,99.9694312415797,99.9694312415797,99.9694312415797,99.9694312415797
rsm,c45,gri,fusion,green,1,99.9700940553772,99.9700940553772,99.9700940553772,99.9700940553772
rsm,c45,gri,fusion,red,1,99.9688655429359,99.9688655429359,99.9688655429359,99.9688655429359
rsm,c45,gri,int,blue,1,99.9197887198128,99.9197887198128,99.9197887198128,99.9197887198128
rsm,c45,gri,int,green,1,99.9271409618367,99.9271409618367,99.9271409618367,99.9271409618367
rsm,c45,gri,int,red,1,99.9367015818357,99.9367015818357,99.9367015818357,99.9367015818357
rsm,c45,gri,int,white,1,99.9257314843943,99.9257314843943,99.9257314843943,99.9257314843943
rsm,c45,hon,FV,blue,1,99.8726932713513,99.8726932713513,99.8726932713513,99.8726932713513
rsm,c45,hon,FV,green,1,99.8753091187858,99.8753091187858,99.8753091187858,99.8753091187858
rsm,c45,hon,FV,red,1,99.878765845642,99.878765845642,99.878765845642,99.878765845642
rsm,c45,hon,conf,blue,1,99.939953967202,99.939953967202,99.939953967202,99.939953967202
rsm,c45,hon,conf,green,1,99.9469996823419,99.9469996823419,99.9469996823419,99.9469996823419
rsm,c45,hon,conf,red,1,99.9480011076289,99.9480011076289,99.9480011076289,99.9480011076289
rsm,c45,hon,fusion,blue,1,99.9524651079722,99.9524651079722,99.9524651079722,99.9524651079722
rsm,c45,hon,fusion,green,1,99.9596280412561,99.9596280412561,99.9596280412561,99.9596280412561
rsm,c45,hon,fusion,red,1,99.9609745931855,99.9609745931855,99.9609745931855,99.9609745931855
rsm,c45,hon,int,blue,1,99.8764038680773,99.8764038680773,99.8764038680773,99.8764038680773
rsm,c45,hon,int,green,1,99.9183896401689,99.9183896401689,99.9183896401689,99.9183896401689
rsm,c45,hon,int,red,1,99.9168294687051,99.9168294687051,99.9168294687051,99.9168294687051
rsm,c45,hon,int,white,1,99.9192275347646,99.9192275347646,99.9192275347646,99.9192275347646
rsm,c45,mf,FV,blue,1,99.9375547758088,99.9375547758088,99.9375547758088,99.9375547758088
rsm,c45,mf,FV,green,1,99.9376444051583,99.9376444051583,99.9376444051583,99.9376444051583
rsm,c45,mf,FV,red,1,99.9385111367003,99.9385111367003,99.9385111367003,99.9385111367003
rsm,c45,mf,conf,green,1,99.9611459896418,99.9611459896418,99.9611459896418,99.9611459896418
rsm,c45,mf,conf,red,1,99.9618206585615,99.9618206585615,99.9618206585615,99.9618206585615
rsm,c45,mf,fusion,blue,1,99.9660405203826,99.9660405203826,99.9660405203826,99.9660405203826
rsm,c45,mf,fusion,green,1,99.9679745220376,99.9679745220376,99.9679745220376,99.9679745220376
rsm,c45,mf,fusion,red,1,99.968312036097,99.968312036097,99.968312036097,99.968312036097
rsm,c45,mf,int,blue,1,99.9444371037395,99.9444371037395,99.9444371037395,99.9444371037395
rsm,c45,mf,int,green,1,99.9217184628222,99.9217184628222,99.9217184628222,99.9217184628222
rsm,c45,mf,int,red,1,99.9326679036094,99.9326679036094,99.9326679036094,99.9326679036094
rsm,c45,mf,int,white,1,99.9339444629259,99.9339444629259,99.9339444629259,99.9339444629259
rsm,c45,mr,FV,blue,1,99.9585307971431,99.9585307971431,99.9585307971431,99.9585307971431
rsm,c45,mr,FV,green,1,99.9463770220963,99.9463770220963,99.9463770220963,99.9463770220963
rsm,c45,mr,FV,red,1,99.9508799209508,99.9508799209508,99.9508799209508,99.9508799209508
rsm,c45,mr,conf,green,1,99.963546888618,99.963546888618,99.963546888618,99.963546888618
rsm,c45,mr,conf,red,1,99.9660049460495,99.9660049460495,99.9660049460495,99.9660049460495
rsm,c45,mr,fusion,blue,1,99.9733346772053,99.9733346772053,99.9733346772053,99.9733346772053
rsm,c45,mr,fusion,green,1,99.9734030372522,99.9734030372522,99.9734030372522,99.9734030372522
rsm,c45,mr,fusion,red,1,99.9749373985689,99.9749373985689,99.9749373985689,99.9749373985689
rsm,c45,mr,int,blue,1,99.9621979946207,99.9621979946207,99.9621979946207,99.9621979946207
rsm,c45,mr,int,green,1,99.9221749184258,99.9221749184258,99.9221749184258,99.9221749184258
rsm,c45,mr,int,red,1,99.9365424342062,99.9365424342062,99.9365424342062,99.9365424342062
rsm,c45,mr,int,white,1,99.9190425730083,99.9190425730083,99.9190425730083,99.9190425730083
rsm,c45,tf,FV,blue,1,99.9402399032992,99.9402399032992,99.9402399032992,99.9402399032992
rsm,c45,tf,FV,green,1,99.9260391795789,99.9260391795789,99.9260391795789,99.9260391795789
rsm,c45,tf,FV,red,1,99.9327029861878,99.9327029861878,99.9327029861878,99.9327029861878
rsm,c45,tf,conf,green,1,99.9491617890662,99.9491617890662,99.9491617890662,99.9491617890662
rsm,c45,tf,conf,red,1,99.9517155142648,99.9517155142648,99.9517155142648,99.9517155142648
rsm,c45,tf,fusion,blue,1,99.9623708034141,99.9623708034141,99.9623708034141,99.9623708034141
rsm,c45,tf,fusion,green,1,99.9622795868296,99.9622795868296,99.9622795868296,99.9622795868296
rsm,c45,tf,fusion,red,1,99.9639404103719,99.9639404103719,99.9639404103719,99.9639404103719
rsm,c45,tf,int,blue,1,99.9464977553878,99.9464977553878,99.9464977553878,99.9464977553878
rsm,c45,tf,int,green,1,99.884796707496207,99.884796707496207,99.884796707496207,99.884796707496207
rsm,c45,tf,int,red,1,99.9029054344166,99.9029054344166,99.9029054344166,99.9029054344166
rsm,c45,tf,int,white,1,99.880542413956,99.880542413956,99.880542413956,99.880542413956
rsm,c45,tr,FV,blue,1,99.9712867535469,99.9712867535469,99.9712867535469,99.9712867535469
rsm,c45,tr,FV,green,1,99.9603289018148,99.9603289018148,99.9603289018148,99.9603289018148
rsm,c45,tr,FV,red,1,99.9437729836769,99.9437729836769,99.9437729836769,99.9437729836769
rsm,c45,tr,conf,green,1,99.9509978868946,99.9509978868946,99.9509978868946,99.9509978868946
rsm,c45,tr,conf,red,1,99.9458020892038,99.9458020892038,99.9458020892038,99.9458020892038
rsm,c45,tr,fusion,blue,1,99.9682962439369,99.9682962439369,99.9682962439369,99.9682962439369
rsm,c45,tr,fusion,green,1,99.9583881334377,99.9583881334377,99.9583881334377,99.9583881334377
rsm,c45,tr,fusion,red,1,99.9530272771005,99.9530272771005,99.9530272771005,99.9530272771005
rsm,c45,tr,int,blue,1,99.9562606658549,99.9562606658549,99.9562606658549,99.9562606658549
rsm,c45,tr,int,green,1,99.8659325136342,99.8659325136342,99.8659325136342,99.8659325136342
rsm,c45,tr,int,red,1,99.9634592444303,99.9634592444303,99.9634592444303,99.9634592444303
rsm,c45,tr,int,white,1,99.8503331385599,99.8503331385599,99.8503331385599,99.8503331385599
rsm,c45,wedm_f,FV,blue,1,99.8897885133185,99.8897885133185,99.8897885133185,99.8897885133185
rsm,c45,wedm_f,FV,green,1,99.8890383446794,99.8890383446794,99.8890383446794,99.8890383446794
rsm,c45,wedm_f,FV,red,1,99.892022554578,99.892022554578,99.892022554578,99.892022554578
rsm,c45,wedm_f,conf,blue,1,99.9426105463079,99.9426105463079,99.9426105463079,99.9426105463079
rsm,c45,wedm_f,conf,green,1,99.946802456043,99.946802456043,99.946802456043,99.946802456043
rsm,c45,wedm_f,conf,red,1,99.9450328749792,99.9450328749792,99.9450328749792,99.9450328749792
rsm,c45,wedm_f,fusion,blue,1,99.9462156193317,99.9462156193317,99.9462156193317,99.9462156193317
rsm,c45,wedm_f,fusion,green,1,99.9538887508717,99.9538887508717,99.9538887508717,99.9538887508717
rsm,c45,wedm_f,fusion,red,1,99.9525762630981,99.9525762630981,99.9525762630981,99.9525762630981
rsm,c45,wedm_f,int,blue,1,99.8870039588964,99.8870039588964,99.8870039588964,99.8870039588964
rsm,c45,wedm_f,int,green,1,99.9155159088384,99.9155159088384,99.9155159088384,99.9155159088384
rsm,c45,wedm_f,int,red,1,99.9154441551518,99.9154441551518,99.9154441551518,99.9154441551518
rsm,c45,wedm_f,int,white,1,99.9170266250138,99.9170266250138,99.9170266250138,99.9170266250138
rsm,c45,wedm_r,FV,blue,1,99.9186895578465,99.9186895578465,99.9186895578465,99.9186895578465
rsm,c45,wedm_r,FV,green,1,99.9177690971289,99.9177690971289,99.9177690971289,99.9177690971289
rsm,c45,wedm_r,FV,red,1,99.9193468450702,99.9193468450702,99.9193468450702,99.9193468450702
rsm,c45,wedm_r,conf,blue,1,99.9401836718897,99.9401836718897,99.9401836718897,99.9401836718897
rsm,c45,wedm_r,conf,green,1,99.9460320731421,99.9460320731421,99.9460320731421,99.9460320731421
rsm,c45,wedm_r,conf,red,1,99.9485996856474,99.9485996856474,99.9485996856474,99.9485996856474
rsm,c45,wedm_r,fusion,blue,1,99.9428595687152,99.9428595687152,99.9428595687152,99.9428595687152
rsm,c45,wedm_r,fusion,green,1,99.9448221104131,99.9448221104131,99.9448221104131,99.9448221104131
rsm,c45,wedm_r,fusion,red,1,99.9462256299749,99.9462256299749,99.9462256299749,99.9462256299749
rsm,c45,wedm_r,int,blue,1,99.8541033230003,99.8541033230003,99.8541033230003,99.8541033230003
rsm,c45,wedm_r,int,green,1,99.9427995358651,99.9427995358651,99.9427995358651,99.9427995358651
rsm,c45,wedm_r,int,red,1,99.9379707111091,99.9379707111091,99.9379707111091,99.9379707111091
rsm,c45,wedm_r,int,white,1,99.9432795772618,99.9432795772618,99.9432795772618,99.9432795772618
rsm,ellor,gla,FV,blue,1,99.9062919918309,99.9062919918309,99.9062919918309,99.9062919918309
rsm,ellor,gla,FV,green,1,99.9031291470249,99.9031291470249,99.9031291470249,99.9031291470249
rsm,ellor,gla,FV,red,1,99.9045526642662,99.9045526642662,99.9045526642662,99.9045526642662
rsm,ellor,gla,conf,blue,1,99.9287807468807,99.9287807468807,99.9287807468807,99.9287807468807
rsm,ellor,gla,conf,green,1,99.9321436689779,99.9321436689779,99.9321436689779,99.9321436689779
rsm,ellor,gla,conf,red,1,99.9372304607103,99.9372304607103,99.9372304607103,99.9372304607103
rsm,ellor,gla,fusion,blue,1,99.9454188910632,99.9454188910632,99.9454188910632,99.9454188910632
rsm,ellor,gla,fusion,green,1,99.947945654279,99.947945654279,99.947945654279,99.947945654279
rsm,ellor,gla,fusion,red,1,99.9542936833212,99.9542936833212,99.9542936833212,99.9542936833212
rsm,ellor,gla,int,blue,1,99.86651704158,99.86651704158,99.86651704158,99.86651704158
rsm,ellor,gla,int,green,1,99.9258236038186,99.9258236038186,99.9258236038186,99.9258236038186
rsm,ellor,gla,int,red,1,99.9208491681683,99.9208491681683,99.9208491681683,99.9208491681683
rsm,ellor,gla,int,white,1,99.927082587611,99.927082587611,99.927082587611,99.927082587611
rsm,ellor,gri,FV,blue,1,99.8118872522512,99.8118872522512,99.8118872522512,99.8118872522512
rsm,ellor,gri,FV,green,1,99.7884791320496,99.7884791320496,99.7884791320496,99.7884791320496
rsm,ellor,gri,FV,red,1,99.803646390185,99.803646390185,99.803646390185,99.803646390185
rsm,ellor,gri,conf,blue,1,99.8525531774313,99.8525531774313,99.8525531774313,99.8525531774313
rsm,ellor,gri,conf,green,1,99.8655350514946,99.8655350514946,99.8655350514946,99.8655350514946
rsm,ellor,gri,conf,red,1,99.8836352372901,99.8836352372901,99.8836352372901,99.8836352372901
rsm,ellor,gri,fusion,blue,1,99.8967836735152,99.8967836735152,99.8967836735152,99.8967836735152
rsm,ellor,gri,fusion,green,1,99.9027711169983,99.9027711169983,99.9027711169983,99.9027711169983
rsm,ellor,gri,fusion,red,1,99.9215542539101,99.9215542539101,99.9215542539101,99.9215542539101
rsm,ellor,gri,int,blue,1,99.691585640179,99.691585640179,99.691585640179,99.691585640179
rsm,ellor,gri,int,green,1,99.8132798793732,99.8132798793732,99.8132798793732,99.8132798793732
rsm,ellor,gri,int,red,1,99.8390352621101,99.8390352621101,99.8390352621101,99.8390352621101
rsm,ellor,gri,int,white,1,99.8467318928809,99.8467318928809,99.8467318928809,99.8467318928809
rsm,ellor,hon,FV,blue,1,99.9329947748946,99.9329947748946,99.9329947748946,99.9329947748946
rsm,ellor,hon,FV,green,1,99.935842593437,99.935842593437,99.935842593437,99.935842593437
rsm,ellor,hon,FV,red,1,99.9371414820674,99.9371414820674,99.9371414820674,99.9371414820674
rsm,ellor,hon,conf,blue,1,99.9683421564385,99.9683421564385,99.9683421564385,99.9683421564385
rsm,ellor,hon,conf,green,1,99.9656186528011,99.9656186528011,99.9656186528011,99.9656186528011
rsm,ellor,hon,conf,red,1,99.9644814558546,99.9644814558546,99.9644814558546,99.9644814558546
rsm,ellor,hon,fusion,blue,1,99.9734455770649,99.9734455770649,99.9734455770649,99.9734455770649
rsm,ellor,hon,fusion,green,1,99.9722139284059,99.9722139284059,99.9722139284059,99.9722139284059
rsm,ellor,hon,fusion,red,1,99.9708936659972,99.9708936659972,99.9708936659972,99.9708936659972
rsm,ellor,hon,int,blue,1,99.9520804555361,99.9520804555361,99.9520804555361,99.9520804555361
rsm,ellor,hon,int,green,1,99.9353029463255,99.9353029463255,99.9353029463255,99.9353029463255
rsm,ellor,hon,int,red,1,99.9481625899925,99.9481625899925,99.9481625899925,99.9481625899925
rsm,ellor,hon,int,white,1,99.9371935300635,99.9371935300635,99.9371935300635,99.9371935300635
rsm,ellor,mf,FV,blue,1,99.9508606093561,99.9508606093561,99.9508606093561,99.9508606093561
rsm,ellor,mf,FV,green,1,99.9482772564292,99.9482772564292,99.9482772564292,99.9482772564292
rsm,ellor,mf,FV,red,1,99.9567924719709,99.9567924719709,99.9567924719709,99.9567924719709
rsm,ellor,mf,conf,blue,1,99.9736388200423,99.9736388200423,99.9736388200423,99.9736388200423
rsm,ellor,mf,conf,green,1,99.9727635684283,99.9727635684283,99.9727635684283,99.9727635684283
rsm,ellor,mf,conf,red,1,99.9748296513259,99.9748296513259,99.9748296513259,99.9748296513259
rsm,ellor,mf,fusion,blue,1,99.9822295446199,99.9822295446199,99.9822295446199,99.9822295446199
rsm,ellor,mf,fusion,green,1,99.9825443319011,99.9825443319011,99.9825443319011,99.9825443319011
rsm,ellor,mf,fusion,red,1,99.9786495450877,99.9786495450877,99.9786495450877,99.9786495450877
rsm,ellor,mf,int,blue,1,99.9758791222786,99.9758791222786,99.9758791222786,99.9758791222786
rsm,ellor,mf,int,green,1,99.9252720992487,99.9252720992487,99.9252720992487,99.9252720992487
rsm,ellor,mf,int,red,1,99.9462219359469,99.9462219359469,99.9462219359469,99.9462219359469
rsm,ellor,mf,int,white,1,99.9245130249369,99.9245130249369,99.9245130249369,99.9245130249369
rsm,ellor,mr,FV,blue,1,99.934163888145,99.934163888145,99.934163888145,99.934163888145
rsm,ellor,mr,FV,green,1,99.9294586537775,99.9294586537775,99.9294586537775,99.9294586537775
rsm,ellor,mr,FV,red,1,99.9405310048223,99.9405310048223,99.9405310048223,99.9405310048223
rsm,ellor,mr,conf,blue,1,99.9607514955596,99.9607514955596,99.9607514955596,99.9607514955596
rsm,ellor,mr,conf,green,1,99.9642349666901,99.9642349666901,99.9642349666901,99.9642349666901
rsm,ellor,mr,conf,red,1,99.9682323450062,99.9682323450062,99.9682323450062,99.9682323450062
rsm,ellor,mr,fusion,blue,1,99.9752092568427,99.9752092568427,99.9752092568427,99.9752092568427
rsm,ellor,mr,fusion,green,1,99.9767772439501,99.9767772439501,99.9767772439501,99.9767772439501
rsm,ellor,mr,fusion,red,1,99.9792284494824,99.9792284494824,99.9792284494824,99.9792284494824
rsm,ellor,mr,int,blue,1,99.9604000938552,99.9604000938552,99.9604000938552,99.9604000938552
rsm,ellor,mr,int,green,1,99.9280177766656,99.9280177766656,99.9280177766656,99.9280177766656
rsm,ellor,mr,int,red,1,99.9331313312971,99.9331313312971,99.9331313312971,99.9331313312971
rsm,ellor,mr,int,white,1,99.9273134917115,99.9273134917115,99.9273134917115,99.9273134917115
rsm,ellor,tf,FV,blue,1,99.9361391009142,99.9361391009142,99.9361391009142,99.9361391009142
rsm,ellor,tf,FV,green,1,99.9292172535866,99.9292172535866,99.9292172535866,99.9292172535866
rsm,ellor,tf,FV,red,1,99.9362845822278,99.9362845822278,99.9362845822278,99.9362845822278
rsm,ellor,tf,conf,blue,1,99.9637034285793,99.9637034285793,99.9637034285793,99.9637034285793
rsm,ellor,tf,conf,green,1,99.9654526203256,99.9654526203256,99.9654526203256,99.9654526203256
rsm,ellor,tf,conf,red,1,99.96836800112,99.96836800112,99.96836800112,99.96836800112
rsm,ellor,tf,fusion,blue,1,99.9739544309765,99.9739544309765,99.9739544309765,99.9739544309765
rsm,ellor,tf,fusion,green,1,99.9754223380022,99.9754223380022,99.9754223380022,99.9754223380022
rsm,ellor,tf,fusion,red,1,99.9769200262873,99.9769200262873,99.9769200262873,99.9769200262873
rsm,ellor,tf,int,blue,1,99.9427505469293,99.9427505469293,99.9427505469293,99.9427505469293
rsm,ellor,tf,int,green,1,99.9367007223308,99.9367007223308,99.9367007223308,99.9367007223308
rsm,ellor,tf,int,red,1,99.9371902045311,99.9371902045311,99.9371902045311,99.9371902045311
rsm,ellor,tf,int,white,1,99.9353270170152,99.9353270170152,99.9353270170152,99.9353270170152
rsm,ellor,tr,FV,blue,1,99.9214312231949,99.9214312231949,99.9214312231949,99.9214312231949
rsm,ellor,tr,FV,green,1,99.916346441673,99.916346441673,99.916346441673,99.916346441673
rsm,ellor,tr,FV,red,1,99.9191614767815,99.9191614767815,99.9191614767815,99.9191614767815
rsm,ellor,tr,conf,blue,1,99.9382703672983,99.9382703672983,99.9382703672983,99.9382703672983
rsm,ellor,tr,conf,green,1,99.9417344927138,99.9417344927138,99.9417344927138,99.9417344927138
rsm,ellor,tr,conf,red,1,99.9470815249972,99.9470815249972,99.9470815249972,99.9470815249972
rsm,ellor,tr,fusion,blue,1,99.952389041806,99.952389041806,99.952389041806,99.952389041806
rsm,ellor,tr,fusion,green,1,99.955321863012,99.955321863012,99.955321863012,99.955321863012
rsm,ellor,tr,fusion,red,1,99.9617383901066,99.9617383901066,99.9617383901066,99.9617383901066
rsm,ellor,tr,int,blue,1,99.9029506385407,99.9029506385407,99.9029506385407,99.9029506385407
rsm,ellor,tr,int,green,1,99.9411052147668,99.9411052147668,99.9411052147668,99.9411052147668
rsm,ellor,tr,int,red,1,99.9359218252079,99.9359218252079,99.9359218252079,99.9359218252079
rsm,ellor,tr,int,white,1,99.9418870245432,99.9418870245432,99.9418870245432,99.9418870245432
rsm,ellor,wedm_f,FV,blue,1,99.9314224115862,99.9314224115862,99.9314224115862,99.9314224115862
rsm,ellor,wedm_f,FV,green,1,99.9247588878783,99.9247588878783,99.9247588878783,99.9247588878783
rsm,ellor,wedm_f,FV,red,1,99.9294488752844,99.9294488752844,99.9294488752844,99.9294488752844
rsm,ellor,wedm_f,conf,blue,1,99.956083738772,99.956083738772,99.956083738772,99.956083738772
rsm,ellor,wedm_f,conf,green,1,99.9620036911108,99.9620036911108,99.9620036911108,99.9620036911108
rsm,ellor,wedm_f,conf,red,1,99.9667469769479,99.9667469769479,99.9667469769479,99.9667469769479
rsm,ellor,wedm_f,fusion,blue,1,99.9709999008605,99.9709999008605,99.9709999008605,99.9709999008605
rsm,ellor,wedm_f,fusion,green,1,99.9733260466486,99.9733260466486,99.9733260466486,99.9733260466486
rsm,ellor,wedm_f,fusion,red,1,99.9765698195849,99.9765698195849,99.9765698195849,99.9765698195849
rsm,ellor,wedm_f,int,green,1,99.9397897356306,99.9397897356306,99.9397897356306,99.9397897356306
rsm,ellor,wedm_f,int,red,1,99.9457809318397,99.9457809318397,99.9457809318397,99.9457809318397
rsm,ellor,wedm_f,int,white,1,99.9456549946831,99.9456549946831,99.9456549946831,99.9456549946831
rsm,ellor,wedm_r,FV,blue,1,99.9380461443413,99.9380461443413,99.9380461443413,99.9380461443413
rsm,ellor,wedm_r,FV,green,1,99.9312780110133,99.9312780110133,99.9312780110133,99.9312780110133
rsm,ellor,wedm_r,FV,red,1,99.9366852315351,99.9366852315351,99.9366852315351,99.9366852315351
rsm,ellor,wedm_r,conf,blue,1,99.9589558275288,99.9589558275288,99.9589558275288,99.9589558275288
rsm,ellor,wedm_r,conf,green,1,99.9630149911519,99.9630149911519,99.9630149911519,99.9630149911519
rsm,ellor,wedm_r,conf,red,1,99.967741782619,99.967741782619,99.967741782619,99.967741782619
rsm,ellor,wedm_r,fusion,blue,1,99.9727151923206,99.9727151923206,99.9727151923206,99.9727151923206
rsm,ellor,wedm_r,fusion,green,1,99.974898509834,99.974898509834,99.974898509834,99.974898509834
rsm,ellor,wedm_r,fusion,red,1,99.9784638796821,99.9784638796821,99.9784638796821,99.9784638796821
rsm,ellor,wedm_r,int,blue,1,99.8725395416752,99.8725395416752,99.8725395416752,99.8725395416752
rsm,ellor,wedm_r,int,green,1,99.936633220436,99.936633220436,99.936633220436,99.936633220436
rsm,ellor,wedm_r,int,red,1,99.9513650484788,99.9513650484788,99.9513650484788,99.9513650484788
rsm,ellor,wedm_r,int,white,1,99.950653576827,99.950653576827,99.950653576827,99.950653576827
rsm,mo58a,b,FV,blue,2,99.94999397770181,99.94999397770181,99.93546819527535,99.96451976012825
rsm,mo58a,b,FV,green,1,99.9805764913636,99.9805764913636,99.9805764913636,99.9805764913636
rsm,mo58a,b,FV,red,1,99.9785621112846,99.9785621112846,99.9785621112846,99.9785621112846
rsm,mo58a,b,conf,blue,1,99.9910932617361,99.9910932617361,99.9910932617361,99.9910932617361
rsm,mo58a,b,conf,green,1,99.990159804697,99.990159804697,99.990159804697,99.990159804697
rsm,mo58a,b,conf,red,1,99.9904342410637,99.9904342410637,99.9904342410637,99.9904342410637
rsm,mo58a,b,fusion,blue,1,99.9926028159181,99.9926028159181,99.9926028159181,99.9926028159181
rsm,mo58a,b,fusion,green,1,99.9918838082581,99.9918838082581,99.9918838082581,99.9918838082581
rsm,mo58a,b,fusion,red,1,99.9917761918817,99.9917761918817,99.9917761918817,99.9917761918817
rsm,mo58a,b,int,blue,1,99.9689763159208,99.9689763159208,99.9689763159208,99.9689763159208
rsm,mo58a,b,int,green,1,99.9832908389769,99.9832908389769,99.9832908389769,99.9832908389769
rsm,mo58a,b,int,red,1,99.9779839747745,99.9779839747745,99.9779839747745,99.9779839747745
rsm,mo58a,gla,FV,blue,1,99.9228070892135,99.9228070892135,99.9228070892135,99.9228070892135
rsm,mo58a,gla,FV,green,1,99.9155080579772,99.9155080579772,99.9155080579772,99.9155080579772
rsm,mo58a,gla,FV,red,1,99.919222315605,99.919222315605,99.919222315605,99.919222315605
rsm,mo58a,gla,conf,blue,1,99.9540789493731,99.9540789493731,99.9540789493731,99.9540789493731
rsm,mo58a,gla,conf,green,1,99.9599255930947,99.9599255930947,99.9599255930947,99.9599255930947
rsm,mo58a,gla,conf,red,1,99.9596707655344,99.9596707655344,99.9596707655344,99.9596707655344
rsm,mo58a,gla,fusion,blue,1,99.958251523301,99.958251523301,99.958251523301,99.958251523301
rsm,mo58a,gla,fusion,green,1,99.9657038908802,99.9657038908802,99.9657038908802,99.9657038908802
rsm,mo58a,gla,fusion,red,1,99.9639338844289,99.9639338844289,99.9639338844289,99.9639338844289
rsm,mo58a,gla,int,blue,1,99.9219113064219,99.9219113064219,99.9219113064219,99.9219113064219
rsm,mo58a,gla,int,green,1,99.924700558442,99.924700558442,99.924700558442,99.924700558442
rsm,mo58a,gla,int,red,1,99.9244694072616,99.9244694072616,99.9244694072616,99.9244694072616
rsm,mo58a,gla,int,white,1,99.9240136339697,99.9240136339697,99.9240136339697,99.9240136339697
rsm,mo58a,gri,FV,blue,1,99.8975494597259,99.8975494597259,99.8975494597259,99.8975494597259
rsm,mo58a,gri,FV,green,1,99.8953748121885,99.8953748121885,99.8953748121885,99.8953748121885
rsm,mo58a,gri,FV,red,1,99.8979025070455,99.8979025070455,99.8979025070455,99.8979025070455
rsm,mo58a,gri,conf,blue,1,99.9461474273068,99.9461474273068,99.9461474273068,99.9461474273068
rsm,mo58a,gri,conf,green,1,99.9486855828312,99.9486855828312,99.9486855828312,99.9486855828312
rsm,mo58a,gri,conf,red,1,99.9495336965617,99.9495336965617,99.9495336965617,99.9495336965617
rsm,mo58a,gri,fusion,blue,1,99.9553589225372,99.9553589225372,99.9553589225372,99.9553589225372
rsm,mo58a,gri,fusion,green,1,99.9594991562849,99.9594991562849,99.9594991562849,99.9594991562849
rsm,mo58a,gri,fusion,red,1,99.960474512564,99.960474512564,99.960474512564,99.960474512564
rsm,mo58a,gri,int,blue,1,99.8955706478919,99.8955706478919,99.8955706478919,99.8955706478919
rsm,mo58a,gri,int,green,1,99.9271930464966,99.9271930464966,99.9271930464966,99.9271930464966
rsm,mo58a,gri,int,red,1,99.9247801031382,99.9247801031382,99.9247801031382,99.9247801031382
rsm,mo58a,gri,int,white,1,99.9277922389923,99.9277922389923,99.9277922389923,99.9277922389923
rsm,mo58a,hon,FV,blue,1,99.898580798818,99.898580798818,99.898580798818,99.898580798818
rsm,mo58a,hon,FV,green,1,99.8971246248838,99.8971246248838,99.8971246248838,99.8971246248838
rsm,mo58a,hon,FV,red,1,99.8998016629186,99.8998016629186,99.8998016629186,99.8998016629186
rsm,mo58a,hon,conf,blue,1,99.9497285140135,99.9497285140135,99.9497285140135,99.9497285140135
rsm,mo58a,hon,conf,green,1,99.9547453798526,99.9547453798526,99.9547453798526,99.9547453798526
rsm,mo58a,hon,conf,red,1,99.9548641284292,99.9548641284292,99.9548641284292,99.9548641284292
rsm,mo58a,hon,fusion,blue,1,99.9614391632218,99.9614391632218,99.9614391632218,99.9614391632218
rsm,mo58a,hon,fusion,green,1,99.9651474897953,99.9651474897953,99.9651474897953,99.9651474897953
rsm,mo58a,hon,fusion,red,1,99.9654320291804,99.9654320291804,99.9654320291804,99.9654320291804
rsm,mo58a,hon,int,blue,1,99.899275455236,99.899275455236,99.899275455236,99.899275455236
rsm,mo58a,hon,int,green,1,99.933791376599,99.933791376599,99.933791376599,99.933791376599
rsm,mo58a,hon,int,red,1,99.9315599293301,99.9315599293301,99.9315599293301,99.9315599293301
rsm,mo58a,hon,int,white,1,99.9344603707476,99.9344603707476,99.9344603707476,99.9344603707476
rsm,mo58a,mf,FV,blue,1,99.9603167250751,99.9603167250751,99.9603167250751,99.9603167250751
rsm,mo58a,mf,FV,green,1,99.9646389092457,99.9646389092457,99.9646389092457,99.9646389092457
rsm,mo58a,mf,FV,red,1,99.9628567847624,99.9628567847624,99.9628567847624,99.9628567847624
rsm,mo58a,mf,conf,blue,1,99.9811466467545,99.9811466467545,99.9811466467545,99.9811466467545
rsm,mo58a,mf,conf,green,1,99.980132659666907,99.980132659666907,99.980132659666907,99.980132659666907
rsm,mo58a,mf,conf,red,1,99.9802311572258,99.9802311572258,99.9802311572258,99.9802311572258
rsm,mo58a,mf,fusion,blue,1,99.9851624088249,99.9851624088249,99.9851624088249,99.9851624088249
rsm,mo58a,mf,fusion,green,1,99.9835421907681,99.9835421907681,99.9835421907681,99.9835421907681
rsm,mo58a,mf,fusion,red,1,99.9823363212036,99.9823363212036,99.9823363212036,99.9823363212036
rsm,mo58a,mf,int,blue,1,99.9733271058788,99.9733271058788,99.9733271058788,99.9733271058788
rsm,mo58a,mf,int,green,1,99.9685405434032,99.9685405434032,99.9685405434032,99.9685405434032
rsm,mo58a,mf,int,red,1,99.9776141006379,99.9776141006379,99.9776141006379,99.9776141006379
rsm,mo58a,mf,int,white,1,99.9676315067548,99.9676315067548,99.9676315067548,99.9676315067548
rsm,mo58a,mr,FV,blue,1,99.9447270032559,99.9447270032559,99.9447270032559,99.9447270032559
rsm,mo58a,mr,FV,green,1,99.9364907658121,99.9364907658121,99.9364907658121,99.9364907658121
rsm,mo58a,mr,FV,red,1,99.9314325338489,99.9314325338489,99.9314325338489,99.9314325338489
rsm,mo58a,mr,conf,blue,1,99.9502557017408,99.9502557017408,99.9502557017408,99.9502557017408
rsm,mo58a,mr,conf,green,1,99.9376163996928,99.9376163996928,99.9376163996928,99.9376163996928
rsm,mo58a,mr,conf,red,1,99.9312635655136,99.9312635655136,99.9312635655136,99.9312635655136
rsm,mo58a,mr,fusion,blue,1,99.9600522095942,99.9600522095942,99.9600522095942,99.9600522095942
rsm,mo58a,mr,fusion,green,1,99.9448308638686,99.9448308638686,99.9448308638686,99.9448308638686
rsm,mo58a,mr,fusion,red,1,99.9402456436485,99.9402456436485,99.9402456436485,99.9402456436485
rsm,mo58a,mr,int,blue,1,99.9360653373921,99.9360653373921,99.9360653373921,99.9360653373921
rsm,mo58a,mr,int,green,1,99.8247157863721,99.8247157863721,99.8247157863721,99.8247157863721
rsm,mo58a,mr,int,red,1,99.9376711979877,99.9376711979877,99.9376711979877,99.9376711979877
rsm,mo58a,mr,int,white,1,99.7959768470627,99.7959768470627,99.7959768470627,99.7959768470627
rsm,mo58a,tf,FV,blue,1,99.9383752628303,99.9383752628303,99.9383752628303,99.9383752628303
rsm,mo58a,tf,FV,green,1,99.9142850339435,99.9142850339435,99.9142850339435,99.9142850339435
rsm,mo58a,tf,FV,red,1,99.9105244124948,99.9105244124948,99.9105244124948,99.9105244124948
rsm,mo58a,tf,conf,blue,1,99.9409708147748,99.9409708147748,99.9409708147748,99.9409708147748
rsm,mo58a,tf,conf,green,1,99.9326480562959,99.9326480562959,99.9326480562959,99.9326480562959
rsm,mo58a,tf,conf,red,1,99.9325734764106,99.9325734764106,99.9325734764106,99.9325734764106
rsm,mo58a,tf,fusion,blue,1,99.9555158798827,99.9555158798827,99.9555158798827,99.9555158798827
rsm,mo58a,tf,fusion,green,1,99.9492216211193,99.9492216211193,99.9492216211193,99.9492216211193
rsm,mo58a,tf,fusion,red,1,99.948858384585,99.948858384585,99.948858384585,99.948858384585
rsm,mo58a,tf,int,blue,1,99.9248950318814,99.9248950318814,99.9248950318814,99.9248950318814
rsm,mo58a,tf,int,green,1,99.8526013640647,99.8526013640647,99.8526013640647,99.8526013640647
rsm,mo58a,tf,int,red,1,99.8963233011747,99.8963233011747,99.8963233011747,99.8963233011747
rsm,mo58a,tf,int,white,1,99.8441788237137,99.8441788237137,99.8441788237137,99.8441788237137
rsm,mo58a,tr,FV,blue,1,99.9069364029439,99.9069364029439,99.9069364029439,99.9069364029439
rsm,mo58a,tr,FV,green,1,99.8697701371245,99.8697701371245,99.8697701371245,99.8697701371245
rsm,mo58a,tr,FV,red,1,99.8717463805825,99.8717463805825,99.8717463805825,99.8717463805825
rsm,mo58a,tr,conf,blue,1,99.9053689760175,99.9053689760175,99.9053689760175,99.9053689760175
rsm,mo58a,tr,conf,green,1,99.9091527214005,99.9091527214005,99.9091527214005,99.9091527214005
rsm,mo58a,tr,conf,red,1,99.913658620161,99.913658620161,99.913658620161,99.913658620161
rsm,mo58a,tr,fusion,blue,1,99.9359978683987,99.9359978683987,99.9359978683987,99.9359978683987
rsm,mo58a,tr,fusion,green,1,99.9342278528674,99.9342278528674,99.9342278528674,99.9342278528674
rsm,mo58a,tr,fusion,red,1,99.9363231542824,99.9363231542824,99.9363231542824,99.9363231542824
rsm,mo58a,tr,int,blue,1,99.9067410328274,99.9067410328274,99.9067410328274,99.9067410328274
rsm,mo58a,tr,int,green,1,99.8332729256536,99.8332729256536,99.8332729256536,99.8332729256536
rsm,mo58a,tr,int,red,1,99.8749360451159,99.8749360451159,99.8749360451159,99.8749360451159
rsm,mo58a,tr,int,white,1,99.8325787394922,99.8325787394922,99.8325787394922,99.8325787394922
rsm,mo58a,wedm_f,FV,blue,1,99.8868961509987,99.8868961509987,99.8868961509987,99.8868961509987
rsm,mo58a,wedm_f,FV,green,1,99.8845169489964,99.8845169489964,99.8845169489964,99.8845169489964
rsm,mo58a,wedm_f,FV,red,1,99.8871716780833,99.8871716780833,99.8871716780833,99.8871716780833
rsm,mo58a,wedm_f,conf,blue,1,99.9302536043386,99.9302536043386,99.9302536043386,99.9302536043386
rsm,mo58a,wedm_f,conf,green,1,99.9483090218218,99.9483090218218,99.9483090218218,99.9483090218218
rsm,mo58a,wedm_f,conf,red,1,99.9487373835806,99.9487373835806,99.9487373835806,99.9487373835806
rsm,mo58a,wedm_f,fusion,blue,1,99.947777869916,99.947777869916,99.947777869916,99.947777869916
rsm,mo58a,wedm_f,fusion,green,1,99.9570279209497,99.9570279209497,99.9570279209497,99.9570279209497
rsm,mo58a,wedm_f,fusion,red,1,99.9567911296216,99.9567911296216,99.9567911296216,99.9567911296216
rsm,mo58a,wedm_f,int,blue,1,99.904030709292,99.904030709292,99.904030709292,99.904030709292
rsm,mo58a,wedm_f,int,green,1,99.9264523900381,99.9264523900381,99.9264523900381,99.9264523900381
rsm,mo58a,wedm_f,int,red,1,99.9222880161645,99.9222880161645,99.9222880161645,99.9222880161645
rsm,mo58a,wedm_f,int,white,1,99.9273269984198,99.9273269984198,99.9273269984198,99.9273269984198
rsm,mo58a,wedm_r,FV,blue,1,99.9213385994879,99.9213385994879,99.9213385994879,99.9213385994879
rsm,mo58a,wedm_r,FV,green,1,99.9179979585675,99.9179979585675,99.9179979585675,99.9179979585675
rsm,mo58a,wedm_r,FV,red,1,99.9219514771791,99.9219514771791,99.9219514771791,99.9219514771791
rsm,mo58a,wedm_r,conf,blue,1,99.939034762439,99.939034762439,99.939034762439,99.939034762439
rsm,mo58a,wedm_r,conf,green,1,99.955852565023,99.955852565023,99.955852565023,99.955852565023
rsm,mo58a,wedm_r,conf,red,1,99.9586867441685,99.9586867441685,99.9586867441685,99.9586867441685
rsm,mo58a,wedm_r,fusion,blue,1,99.9418553515529,99.9418553515529,99.9418553515529,99.9418553515529
rsm,mo58a,wedm_r,fusion,green,1,99.9620440969446,99.9620440969446,99.9620440969446,99.9620440969446
rsm,mo58a,wedm_r,fusion,red,1,99.9639758836395,99.9639758836395,99.9639758836395,99.9639758836395
rsm,mo58a,wedm_r,int,blue,1,99.9098977604591,99.9098977604591,99.9098977604591,99.9098977604591
rsm,mo58a,wedm_r,int,green,1,99.9446451986591,99.9446451986591,99.9446451986591,99.9446451986591
rsm,mo58a,wedm_r,int,red,1,99.9386809946739,99.9386809946739,99.9386809946739,99.9386809946739
rsm,mo58a,wedm_r,int,white,1,99.9453002245134,99.9453002245134,99.9453002245134,99.9453002245134
rsm,ti6al4v,b,FV,blue,1,99.9695651968474,99.9695651968474,99.9695651968474,99.9695651968474
rsm,ti6al4v,b,FV,green,1,99.9685284902491,99.9685284902491,99.9685284902491,99.9685284902491
rsm,ti6al4v,b,FV,red,1,99.9709040405938,99.9709040405938,99.9709040405938,99.9709040405938
rsm,ti6al4v,b,conf,blue,1,99.9783939247162,99.9783939247162,99.9783939247162,99.9783939247162
rsm,ti6al4v,b,conf,green,1,99.9786880756394,99.9786880756394,99.9786880756394,99.9786880756394
rsm,ti6al4v,b,conf,red,1,99.9788550972582,99.9788550972582,99.9788550972582,99.9788550972582
rsm,ti6al4v,b,fusion,blue,1,99.9838340083625,99.9838340083625,99.9838340083625,99.9838340083625
rsm,ti6al4v,b,fusion,green,1,99.9828404557455,99.9828404557455,99.9828404557455,99.9828404557455
rsm,ti6al4v,b,fusion,red,1,99.98200939848,99.98200939848,99.98200939848,99.98200939848
rsm,ti6al4v,b,int,blue,1,99.9754505569418,99.9754505569418,99.9754505569418,99.9754505569418
rsm,ti6al4v,b,int,green,1,99.9597476737332,99.9597476737332,99.9597476737332,99.9597476737332
rsm,ti6al4v,b,int,red,1,99.9787884265273,99.9787884265273,99.9787884265273,99.9787884265273
rsm,ti6al4v,b,int,white,1,99.9541866153367,99.9541866153367,99.9541866153367,99.9541866153367
rsm,ti6al4v,gla,FV,blue,1,99.9333883128167,99.9333883128167,99.9333883128167,99.9333883128167
rsm,ti6al4v,gla,FV,green,1,99.9290645986591,99.9290645986591,99.9290645986591,99.9290645986591
rsm,ti6al4v,gla,FV,red,1,99.9277716384706,99.9277716384706,99.9277716384706,99.9277716384706
rsm,ti6al4v,gla,conf,blue,1,99.9652619015349,99.9652619015349,99.9652619015349,99.9652619015349
rsm,ti6al4v,gla,conf,green,1,99.9635330579514,99.9635330579514,99.9635330579514,99.9635330579514
rsm,ti6al4v,gla,conf,red,1,99.9624836019963,99.9624836019963,99.9624836019963,99.9624836019963
rsm,ti6al4v,gla,fusion,blue,1,99.9702567160849,99.9702567160849,99.9702567160849,99.9702567160849
rsm,ti6al4v,gla,fusion,green,1,99.9689010645153,99.9689010645153,99.9689010645153,99.9689010645153
rsm,ti6al4v,gla,fusion,red,1,99.9675613980364,99.9675613980364,99.9675613980364,99.9675613980364
rsm,ti6al4v,gla,int,blue,1,99.9476887580167,99.9476887580167,99.9476887580167,99.9476887580167
rsm,ti6al4v,gla,int,green,1,99.9309549348145,99.9309549348145,99.9309549348145,99.9309549348145
rsm,ti6al4v,gla,int,red,1,99.9395066503474,99.9395066503474,99.9395066503474,99.9395066503474
rsm,ti6al4v,gla,int,white,1,99.9291687946748,99.9291687946748,99.9291687946748,99.9291687946748
rsm,ti6al4v,gri,FV,blue,1,99.9722960546348,99.9722960546348,99.9722960546348,99.9722960546348
rsm,ti6al4v,gri,FV,green,1,99.969950456991,99.969950456991,99.969950456991,99.969950456991
rsm,ti6al4v,gri,FV,red,1,99.9731984222975,99.9731984222975,99.9731984222975,99.9731984222975
rsm,ti6al4v,gri,conf,blue,1,99.9833213621947,99.9833213621947,99.9833213621947,99.9833213621947
rsm,ti6al4v,gri,conf,green,1,99.9839494521755,99.9839494521755,99.9839494521755,99.9839494521755
rsm,ti6al4v,gri,conf,red,1,99.9843613313275,99.9843613313275,99.9843613313275,99.9843613313275
rsm,ti6al4v,gri,fusion,blue,1,99.9874553292541,99.9874553292541,99.9874553292541,99.9874553292541
rsm,ti6al4v,gri,fusion,green,1,99.9881546984292,99.9881546984292,99.9881546984292,99.9881546984292
rsm,ti6al4v,gri,fusion,red,1,99.988413675981,99.988413675981,99.988413675981,99.988413675981
rsm,ti6al4v,gri,int,blue,1,99.9718905951675,99.9718905951675,99.9718905951675,99.9718905951675
rsm,ti6al4v,gri,int,green,1,99.9686175179559,99.9686175179559,99.9686175179559,99.9686175179559
rsm,ti6al4v,gri,int,red,1,99.9739809843059,99.9739809843059,99.9739809843059,99.9739809843059
rsm,ti6al4v,gri,int,white,1,99.9683129954111,99.9683129954111,99.9683129954111,99.9683129954111
rsm,ti6al4v,hon,FV,blue,1,99.8766988094382,99.8766988094382,99.8766988094382,99.8766988094382
rsm,ti6al4v,hon,FV,green,1,99.8759120099217,99.8759120099217,99.8759120099217,99.8759120099217
rsm,ti6al4v,hon,FV,red,1,99.8769642032592,99.8769642032592,99.8769642032592,99.8769642032592
rsm,ti6al4v,hon,conf,blue,1,99.9471865558232,99.9471865558232,99.9471865558232,99.9471865558232
rsm,ti6al4v,hon,conf,green,1,99.9523707368411,99.9523707368411,99.9523707368411,99.9523707368411
rsm,ti6al4v,hon,conf,red,1,99.9520905105002,99.9520905105002,99.9520905105002,99.9520905105002
rsm,ti6al4v,hon,fusion,blue,1,99.9567517210959,99.9567517210959,99.9567517210959,99.9567517210959
rsm,ti6al4v,hon,fusion,green,1,99.9618450960166,99.9618450960166,99.9618450960166,99.9618450960166
rsm,ti6al4v,hon,fusion,red,1,99.9619562233924,99.9619562233924,99.9619562233924,99.9619562233924
rsm,ti6al4v,hon,int,blue,1,99.8851577471959,99.8851577471959,99.8851577471959,99.8851577471959
rsm,ti6al4v,hon,int,green,1,99.9152860437432,99.9152860437432,99.9152860437432,99.9152860437432
rsm,ti6al4v,hon,int,red,1,99.9165238681694,99.9165238681694,99.9165238681694,99.9165238681694
rsm,ti6al4v,hon,int,white,1,99.9160775202266,99.9160775202266,99.9160775202266,99.9160775202266
rsm,ti6al4v,mf,FV,blue,1,99.9569599214622,99.9569599214622,99.9569599214622,99.9569599214622
rsm,ti6al4v,mf,FV,green,1,99.9493495238871,99.9493495238871,99.9493495238871,99.9493495238871
rsm,ti6al4v,mf,FV,red,1,99.9484688471219,99.9484688471219,99.9484688471219,99.9484688471219
rsm,ti6al4v,mf,conf,blue,1,99.9723384210077,99.9723384210077,99.9723384210077,99.9723384210077
rsm,ti6al4v,mf,conf,green,1,99.9717392088612,99.9717392088612,99.9717392088612,99.9717392088612
rsm,ti6al4v,mf,conf,red,1,99.9703804312479,99.9703804312479,99.9703804312479,99.9703804312479
rsm,ti6al4v,mf,fusion,blue,1,99.9788640503022,99.9788640503022,99.9788640503022,99.9788640503022
rsm,ti6al4v,mf,fusion,green,1,99.9779363544705,99.9779363544705,99.9779363544705,99.9779363544705
rsm,ti6al4v,mf,fusion,red,1,99.976418071636,99.976418071636,99.976418071636,99.976418071636
rsm,ti6al4v,mf,int,blue,1,99.956011372181493,99.956011372181493,99.956011372181493,99.956011372181493
rsm,ti6al4v,mf,int,green,1,99.9467407429315,99.9467407429315,99.9467407429315,99.9467407429315
rsm,ti6al4v,mf,int,red,1,99.9593154682309,99.9593154682309,99.9593154682309,99.9593154682309
rsm,ti6al4v,mf,int,white,1,99.9457852431996,99.9457852431996,99.9457852431996,99.9457852431996
rsm,ti6al4v,mr,FV,blue,1,99.9609122082176,99.9609122082176,99.9609122082176,99.9609122082176
rsm,ti6al4v,mr,FV,green,1,99.9483043781127,99.9483043781127,99.9483043781127,99.9483043781127
rsm,ti6al4v,mr,FV,red,1,99.9401240495722,99.9401240495722,99.9401240495722,99.9401240495722
rsm,ti6al4v,mr,conf,blue,1,99.9653680534365,99.9653680534365,99.9653680534365,99.9653680534365
rsm,ti6al4v,mr,conf,green,1,99.9510677670484,99.9510677670484,99.9510677670484,99.9510677670484
rsm,ti6al4v,mr,conf,red,1,99.9505256764709,99.9505256764709,99.9505256764709,99.9505256764709
rsm,ti6al4v,mr,fusion,blue,1,99.9682851745772,99.9682851745772,99.9682851745772,99.9682851745772
rsm,ti6al4v,mr,fusion,green,1,99.955413687236,99.955413687236,99.955413687236,99.955413687236
rsm,ti6al4v,mr,fusion,red,1,99.9548470174375,99.9548470174375,99.9548470174375,99.9548470174375
rsm,ti6al4v,mr,int,blue,1,99.9432851973508,99.9432851973508,99.9432851973508,99.9432851973508
rsm,ti6al4v,mr,int,green,1,99.9020777873241,99.9020777873241,99.9020777873241,99.9020777873241
rsm,ti6al4v,mr,int,red,1,99.9632339169167,99.9632339169167,99.9632339169167,99.9632339169167
rsm,ti6al4v,mr,int,white,1,99.8647413091183,99.8647413091183,99.8647413091183,99.8647413091183
rsm,ti6al4v,tf,FV,blue,1,99.856722138054,99.856722138054,99.856722138054,99.856722138054
rsm,ti6al4v,tf,FV,green,1,99.7781381062675,99.7781381062675,99.7781381062675,99.7781381062675
rsm,ti6al4v,tf,FV,red,1,99.7495938736078,99.7495938736078,99.7495938736078,99.7495938736078
rsm,ti6al4v,tf,conf,blue,1,99.8583727828769,99.8583727828769,99.8583727828769,99.8583727828769
rsm,ti6al4v,tf,conf,green,1,99.862035353739,99.862035353739,99.862035353739,99.862035353739
rsm,ti6al4v,tf,conf,red,1,99.8553235309896,99.8553235309896,99.8553235309896,99.8553235309896
rsm,ti6al4v,tf,fusion,blue,1,99.9000168313825,99.9000168313825,99.9000168313825,99.9000168313825
rsm,ti6al4v,tf,fusion,green,1,99.8998862008951,99.8998862008951,99.8998862008951,99.8998862008951
rsm,ti6al4v,tf,fusion,red,1,99.8886119799557,99.8886119799557,99.8886119799557,99.8886119799557
rsm,ti6al4v,tf,int,blue,1,99.8671858168296,99.8671858168296,99.8671858168296,99.8671858168296
rsm,ti6al4v,tf,int,green,1,99.6077442882269,99.6077442882269,99.6077442882269,99.6077442882269
rsm,ti6al4v,tf,int,red,1,99.7988914703787,99.7988914703787,99.7988914703787,99.7988914703787
rsm,ti6al4v,tf,int,white,1,99.5643810823246,99.5643810823246,99.5643810823246,99.5643810823246
rsm,ti6al4v,tr,FV,blue,1,99.9094377616349,99.9094377616349,99.9094377616349,99.9094377616349
rsm,ti6al4v,tr,FV,green,1,99.8807381479477,99.8807381479477,99.8807381479477,99.8807381479477
rsm,ti6al4v,tr,FV,red,1,99.8764787782296,99.8764787782296,99.8764787782296,99.8764787782296
rsm,ti6al4v,tr,conf,blue,1,99.925394355234,99.925394355234,99.925394355234,99.925394355234
rsm,ti6al4v,tr,conf,green,1,99.9197560337739,99.9197560337739,99.9197560337739,99.9197560337739
rsm,ti6al4v,tr,conf,red,1,99.9144479378647,99.9144479378647,99.9144479378647,99.9144479378647
rsm,ti6al4v,tr,fusion,blue,1,99.9416400030697,99.9416400030697,99.9416400030697,99.9416400030697
rsm,ti6al4v,tr,fusion,green,1,99.9362838568341,99.9362838568341,99.9362838568341,99.9362838568341
rsm,ti6al4v,tr,fusion,red,1,99.9313611599082,99.9313611599082,99.9313611599082,99.9313611599082
rsm,ti6al4v,tr,int,blue,1,99.948360247328,99.948360247328,99.948360247328,99.948360247328
rsm,ti6al4v,tr,int,green,1,99.8668206494749,99.8668206494749,99.8668206494749,99.8668206494749
rsm,ti6al4v,tr,int,red,1,99.9109725289504,99.9109725289504,99.9109725289504,99.9109725289504
rsm,ti6al4v,tr,int,white,1,99.8433408030131,99.8433408030131,99.8433408030131,99.8433408030131
rsm,ti6al4v,wedm_f,FV,blue,1,99.8700324170051,99.8700324170051,99.8700324170051,99.8700324170051
rsm,ti6al4v,wedm_f,FV,green,1,99.868557270378,99.868557270378,99.868557270378,99.868557270378
rsm,ti6al4v,wedm_f,FV,red,1,99.8697836740939,99.8697836740939,99.8697836740939,99.8697836740939
rsm,ti6al4v,wedm_f,conf,blue,1,99.9405671323515,99.9405671323515,99.9405671323515,99.9405671323515
rsm,ti6al4v,wedm_f,conf,green,1,99.9420449986004,99.9420449986004,99.9420449986004,99.9420449986004
rsm,ti6al4v,wedm_f,conf,red,1,99.9413616105656,99.9413616105656,99.9413616105656,99.9413616105656
rsm,ti6al4v,wedm_f,fusion,blue,1,99.9490048224997,99.9490048224997,99.9490048224997,99.9490048224997
rsm,ti6al4v,wedm_f,fusion,green,1,99.9501544245822,99.9501544245822,99.9501544245822,99.9501544245822
rsm,ti6al4v,wedm_f,fusion,red,1,99.9493277354209,99.9493277354209,99.9493277354209,99.9493277354209
rsm,ti6al4v,wedm_f,int,blue,1,99.9033587134346,99.9033587134346,99.9033587134346,99.9033587134346
rsm,ti6al4v,wedm_f,int,green,1,99.9124284078974,99.9124284078974,99.9124284078974,99.9124284078974
rsm,ti6al4v,wedm_f,int,red,1,99.9106518828672,99.9106518828672,99.9106518828672,99.9106518828672
rsm,ti6al4v,wedm_f,int,white,1,99.9132535636426,99.9132535636426,99.9132535636426,99.9132535636426
rsm,ti6al4v,wedm_r,FV,blue,1,99.9229036550012,99.9229036550012,99.9229036550012,99.9229036550012
rsm,ti6al4v,wedm_r,FV,green,1,99.9236340014468,99.9236340014468,99.9236340014468,99.9236340014468
rsm,ti6al4v,wedm_r,FV,red,1,99.926728453388293,99.926728453388293,99.926728453388293,99.926728453388293
rsm,ti6al4v,wedm_r,conf,blue,1,99.9496118391491,99.9496118391491,99.9496118391491,99.9496118391491
rsm,ti6al4v,wedm_r,conf,green,1,99.9495820572866,99.9495820572866,99.9495820572866,99.9495820572866
rsm,ti6al4v,wedm_r,conf,red,1,99.9508357147746,99.9508357147746,99.9508357147746,99.9508357147746
rsm,ti6al4v,wedm_r,fusion,blue,1,99.9551552452156,99.9551552452156,99.9551552452156,99.9551552452156
rsm,ti6al4v,wedm_r,fusion,green,1,99.9545283053471,99.9545283053471,99.9545283053471,99.9545283053471
rsm,ti6al4v,wedm_r,fusion,red,1,99.958271497735,99.958271497735,99.958271497735,99.958271497735
rsm,ti6al4v,wedm_r,int,blue,1,99.8793662099422,99.8793662099422,99.8793662099422,99.8793662099422
rsm,ti6al4v,wedm_r,int,green,1,99.9431672048474,99.9431672048474,99.9431672048474,99.9431672048474
rsm,ti6al4v,wedm_r,int,red,1,99.9390782538599,99.9390782538599,99.9390782538599,99.9390782538599
rsm,ti6al4v,wedm_r,int,white,1,99.9434749813136,99.9434749813136,99.9434749813136,99.9434749813136
rt,14301,b,FV,blue,1,106.269762586447,106.269762586447,106.269762586447,106.269762586447
rt,14301,b,FV,green,1,13.9872726037818,13.9872726037818,13.9872726037818,13.9872726037818
rt,14301,b,FV,red,1,31.7818837099636,31.7818837099636,31.7818837099636,31.7818837099636
rt,14301,b,conf,blue,1,61.0521373252313,61.0521373252313,61.0521373252313,61.0521373252313
rt,14301,b,conf,green,1,75.9096824680861,75.9096824680861,75.9096824680861,75.9096824680861
rt,14301,b,conf,red,1,111.890846458504,111.890846458504,111.890846458504,111.890846458504
rt,14301,b,fusion,blue,1,122.70132408325,122.70132408325,122.70132408325,122.70132408325
rt,14301,b,fusion,green,1,129.134830502641,129.134830502641,129.134830502641,129.134830502641
rt,14301,b,fusion,red,1,171.385136873876,171.385136873876,171.385136873876,171.385136873876
rt,14301,b,int,blue,1,50.2962979127184,50.2962979127184,50.2962979127184,50.2962979127184
rt,14301,b,int,green,1,47.3197486109444,47.3197486109444,47.3197486109444,47.3197486109444
rt,14301,b,int,red,1,37.5801235281227,37.5801235281227,37.5801235281227,37.5801235281227
rt,14301,b,int,white,1,51.2065708802488,51.2065708802488,51.2065708802488,51.2065708802488
rt,14301,gla,FV,blue,1,8.22470882705584,8.22470882705584,8.22470882705584,8.22470882705584
rt,14301,gla,FV,green,1,28.8919218746679,28.8919218746679,28.8919218746679,28.8919218746679
rt,14301,gla,FV,red,1,9.49958311065835,9.49958311065835,9.49958311065835,9.49958311065835
rt,14301,gla,conf,blue,1,13.4146845573716,13.4146845573716,13.4146845573716,13.4146845573716
rt,14301,gla,conf,green,1,25.8129171733171,25.8129171733171,25.8129171733171,25.8129171733171
rt,14301,gla,conf,red,1,36.2093734163612,36.2093734163612,36.2093734163612,36.2093734163612
rt,14301,gla,fusion,blue,1,71.0900129094014,71.0900129094014,71.0900129094014,71.0900129094014
rt,14301,gla,fusion,green,1,82.3139470899597,82.3139470899597,82.3139470899597,82.3139470899597
rt,14301,gla,fusion,red,1,113.120975987635,113.120975987635,113.120975987635,113.120975987635
rt,14301,gla,int,blue,1,36.4204381124687,36.4204381124687,36.4204381124687,36.4204381124687
rt,14301,gla,int,green,1,39.4630596602897,39.4630596602897,39.4630596602897,39.4630596602897
rt,14301,gla,int,red,1,43.5464342655576,43.5464342655576,43.5464342655576,43.5464342655576
rt,14301,gla,int,white,1,39.6391874896377,39.6391874896377,39.6391874896377,39.6391874896377
rt,14301,gri,FV,blue,1,19.8894314786719,19.8894314786719,19.8894314786719,19.8894314786719
rt,14301,gri,FV,green,1,4.16141537258481,4.16141537258481,4.16141537258481,4.16141537258481
rt,14301,gri,FV,red,1,31.3486476785552,31.3486476785552,31.3486476785552,31.3486476785552
rt,14301,gri,conf,blue,1,3.25218426975257,3.25218426975257,3.25218426975257,3.25218426975257
rt,14301,gri,conf,green,1,1.67428435683163,1.67428435683163,1.67428435683163,1.67428435683163
rt,14301,gri,conf,red,1,5.44696629998488,5.44696629998488,5.44696629998488,5.44696629998488
rt,14301,gri,fusion,blue,1,37.9194778866477,37.9194778866477,37.9194778866477,37.9194778866477
rt,14301,gri,fusion,green,1,21.6891969552706,21.6891969552706,21.6891969552706,21.6891969552706
rt,14301,gri,fusion,red,1,28.1705535739655,28.1705535739655,28.1705535739655,28.1705535739655
rt,14301,gri,int,blue,1,15.3352927501918,15.3352927501918,15.3352927501918,15.3352927501918
rt,14301,gri,int,green,1,10.6422085347899,10.6422085347899,10.6422085347899,10.6422085347899
rt,14301,gri,int,red,1,15.5049946946295,15.5049946946295,15.5049946946295,15.5049946946295
rt,14301,gri,int,white,1,9.80328758460976,9.80328758460976,9.80328758460976,9.80328758460976
rt,14301,hon,FV,blue,1,3.17324243491731,3.17324243491731,3.17324243491731,3.17324243491731
rt,14301,hon,FV,green,1,12.5789928497197,12.5789928497197,12.5789928497197,12.5789928497197
rt,14301,hon,FV,red,1,46.0830183521296,46.0830183521296,46.0830183521296,46.0830183521296
rt,14301,hon,conf,blue,1,9.09532974709484,9.09532974709484,9.09532974709484,9.09532974709484
rt,14301,hon,conf,green,1,5.18754255915222,5.18754255915222,5.18754255915222,5.18754255915222
rt,14301,hon,conf,red,1,15.2364121028078,15.2364121028078,15.2364121028078,15.2364121028078
rt,14301,hon,fusion,blue,1,43.71784217239,43.71784217239,43.71784217239,43.71784217239
rt,14301,hon,fusion,green,1,52.3921442774459,52.3921442774459,52.3921442774459,52.3921442774459
rt,14301,hon,fusion,red,1,60.1274265716331,60.1274265716331,60.1274265716331,60.1274265716331
rt,14301,hon,int,blue,1,31.872510390033,31.872510390033,31.872510390033,31.872510390033
rt,14301,hon,int,green,1,15.8017781854848,15.8017781854848,15.8017781854848,15.8017781854848
rt,14301,hon,int,red,1,19.6103245261791,19.6103245261791,19.6103245261791,19.6103245261791
rt,14301,hon,int,white,1,15.3893812857788,15.3893812857788,15.3893812857788,15.3893812857788
rt,14301,mf,FV,blue,1,50.3783544342376,50.3783544342376,50.3783544342376,50.3783544342376
rt,14301,mf,FV,green,1,6.91225460066482,6.91225460066482,6.91225460066482,6.91225460066482
rt,14301,mf,FV,red,1,1.66927714874958,1.66927714874958,1.66927714874958,1.66927714874958
rt,14301,mf,conf,blue,1,8.41180433756166,8.41180433756166,8.41180433756166,8.41180433756166
rt,14301,mf,conf,green,1,29.5358922567743,29.5358922567743,29.5358922567743,29.5358922567743
rt,14301,mf,conf,red,1,51.5689433026277,51.5689433026277,51.5689433026277,51.5689433026277
rt,14301,mf,fusion,blue,1,26.8315915278283,26.8315915278283,26.8315915278283,26.8315915278283
rt,14301,mf,fusion,green,1,61.9451984857562,61.9451984857562,61.9451984857562,61.9451984857562
rt,14301,mf,fusion,red,1,88.5976524444104,88.5976524444104,88.5976524444104,88.5976524444104
rt,14301,mf,int,blue,1,59.2041282712952,59.2041282712952,59.2041282712952,59.2041282712952
rt,14301,mf,int,green,1,36.2706243080244,36.2706243080244,36.2706243080244,36.2706243080244
rt,14301,mf,int,red,1,1.3365125849178,1.3365125849178,1.3365125849178,1.3365125849178
rt,14301,mf,int,white,1,38.6968423313703,38.6968423313703,38.6968423313703,38.6968423313703
rt,14301,mr,FV,blue,1,53.9645037903608,53.9645037903608,53.9645037903608,53.9645037903608
rt,14301,mr,FV,green,1,70.1083795898576,70.1083795898576,70.1083795898576,70.1083795898576
rt,14301,mr,FV,red,1,69.8786327264301,69.8786327264301,69.8786327264301,69.8786327264301
rt,14301,mr,conf,blue,1,71.877612842355,71.877612842355,71.877612842355,71.877612842355
rt,14301,mr,conf,green,1,65.7398070020743,65.7398070020743,65.7398070020743,65.7398070020743
rt,14301,mr,conf,red,1,59.6778718630033,59.6778718630033,59.6778718630033,59.6778718630033
rt,14301,mr,fusion,blue,1,63.5507605447049,63.5507605447049,63.5507605447049,63.5507605447049
rt,14301,mr,fusion,green,1,58.4988738800375,58.4988738800375,58.4988738800375,58.4988738800375
rt,14301,mr,fusion,red,1,52.7604562121963,52.7604562121963,52.7604562121963,52.7604562121963
rt,14301,mr,int,blue,1,27.152149698729,27.152149698729,27.152149698729,27.152149698729
rt,14301,mr,int,green,1,82.4115218036996,82.4115218036996,82.4115218036996,82.4115218036996
rt,14301,mr,int,red,1,51.1360887969072,51.1360887969072,51.1360887969072,51.1360887969072
rt,14301,mr,int,white,1,83.1323145175296,83.1323145175296,83.1323145175296,83.1323145175296
rt,14301,tf,FV,blue,1,16.6314543755016,16.6314543755016,16.6314543755016,16.6314543755016
rt,14301,tf,FV,green,1,60.3738128564255,60.3738128564255,60.3738128564255,60.3738128564255
rt,14301,tf,FV,red,1,64.1543587960336,64.1543587960336,64.1543587960336,64.1543587960336
rt,14301,tf,conf,blue,1,68.1425713331854,68.1425713331854,68.1425713331854,68.1425713331854
rt,14301,tf,conf,green,1,66.9408847884403,66.9408847884403,66.9408847884403,66.9408847884403
rt,14301,tf,conf,red,1,65.5131109382471,65.5131109382471,65.5131109382471,65.5131109382471
rt,14301,tf,fusion,blue,1,64.436301071834,64.436301071834,64.436301071834,64.436301071834
rt,14301,tf,fusion,green,1,62.904692048087,62.904692048087,62.904692048087,62.904692048087
rt,14301,tf,fusion,red,1,60.3386214763465,60.3386214763465,60.3386214763465,60.3386214763465
rt,14301,tf,int,blue,1,58.829253184703,58.829253184703,58.829253184703,58.829253184703
rt,14301,tf,int,green,1,73.5978112932226,73.5978112932226,73.5978112932226,73.5978112932226
rt,14301,tf,int,red,1,67.8860978178729,67.8860978178729,67.8860978178729,67.8860978178729
rt,14301,tf,int,white,1,73.5556701703701,73.5556701703701,73.5556701703701,73.5556701703701
rt,14301,tr,FV,blue,1,17.1662338364124,17.1662338364124,17.1662338364124,17.1662338364124
rt,14301,tr,FV,green,1,34.3610984921001,34.3610984921001,34.3610984921001,34.3610984921001
rt,14301,tr,FV,red,1,34.1539185967236,34.1539185967236,34.1539185967236,34.1539185967236
rt,14301,tr,conf,blue,1,26.7341363769878,26.7341363769878,26.7341363769878,26.7341363769878
rt,14301,tr,conf,green,1,23.5920139019194,23.5920139019194,23.5920139019194,23.5920139019194
rt,14301,tr,conf,red,1,21.404789782538298,21.404789782538298,21.404789782538298,21.404789782538298
rt,14301,tr,fusion,blue,1,19.8666941998634,19.8666941998634,19.8666941998634,19.8666941998634
rt,14301,tr,fusion,green,1,15.0080505512089,15.0080505512089,15.0080505512089,15.0080505512089
rt,14301,tr,fusion,red,1,10.1364808810439,10.1364808810439,10.1364808810439,10.1364808810439
rt,14301,tr,int,blue,1,24.5403517468973,24.5403517468973,24.5403517468973,24.5403517468973
rt,14301,tr,int,green,1,22.6788679919951,22.6788679919951,22.6788679919951,22.6788679919951
rt,14301,tr,int,red,1,19.0112444571779,19.0112444571779,19.0112444571779,19.0112444571779
rt,14301,tr,int,white,1,22.609432082367,22.609432082367,22.609432082367,22.609432082367
rt,14301,wedm_f,FV,blue,1,11.8303899046353,11.8303899046353,11.8303899046353,11.8303899046353
rt,14301,wedm_f,FV,green,1,9.36121163986149,9.36121163986149,9.36121163986149,9.36121163986149
rt,14301,wedm_f,FV,red,1,10.8721859449665,10.8721859449665,10.8721859449665,10.8721859449665
rt,14301,wedm_f,conf,blue,1,40.1112505488997,40.1112505488997,40.1112505488997,40.1112505488997
rt,14301,wedm_f,conf,green,1,56.4041828386333,56.4041828386333,56.4041828386333,56.4041828386333
rt,14301,wedm_f,conf,red,1,84.4800447897976,84.4800447897976,84.4800447897976,84.4800447897976
rt,14301,wedm_f,fusion,blue,1,158.243956878239,158.243956878239,158.243956878239,158.243956878239
rt,14301,wedm_f,fusion,green,1,112.999518860083,112.999518860083,112.999518860083,112.999518860083
rt,14301,wedm_f,fusion,red,1,154.613140015881,154.613140015881,154.613140015881,154.613140015881
rt,14301,wedm_f,int,blue,1,36.5462849393727,36.5462849393727,36.5462849393727,36.5462849393727
rt,14301,wedm_f,int,green,1,19.8130267176995,19.8130267176995,19.8130267176995,19.8130267176995
rt,14301,wedm_f,int,red,1,29.2454205036801,29.2454205036801,29.2454205036801,29.2454205036801
rt,14301,wedm_f,int,white,1,20.232416855318,20.232416855318,20.232416855318,20.232416855318
rt,14301,wedm_r,FV,blue,1,7.74842942808056,7.74842942808056,7.74842942808056,7.74842942808056
rt,14301,wedm_r,FV,green,1,8.32310918859676,8.32310918859676,8.32310918859676,8.32310918859676
rt,14301,wedm_r,FV,red,1,7.2818674260877,7.2818674260877,7.2818674260877,7.2818674260877
rt,14301,wedm_r,conf,blue,1,4.31801972207082,4.31801972207082,4.31801972207082,4.31801972207082
rt,14301,wedm_r,conf,green,1,0.204999435797007,0.204999435797007,0.204999435797007,0.204999435797007
rt,14301,wedm_r,conf,red,1,4.08960168992043,4.08960168992043,4.08960168992043,4.08960168992043
rt,14301,wedm_r,fusion,blue,1,2.34851326612903,2.34851326612903,2.34851326612903,2.34851326612903
rt,14301,wedm_r,fusion,green,1,39.1091763663516,39.1091763663516,39.1091763663516,39.1091763663516
rt,14301,wedm_r,fusion,red,1,51.6992689625072,51.6992689625072,51.6992689625072,51.6992689625072
rt,14301,wedm_r,int,green,1,3.93535461864002,3.93535461864002,3.93535461864002,3.93535461864002
rt,14301,wedm_r,int,red,1,5.95797909063265,5.95797909063265,5.95797909063265,5.95797909063265
rt,14301,wedm_r,int,white,1,5.19242070605561,5.19242070605561,5.19242070605561,5.19242070605561
rt,al7075,b,FV,blue,1,370.858987297173,370.858987297173,370.858987297173,370.858987297173
rt,al7075,b,FV,green,1,136.111228959677,136.111228959677,136.111228959677,136.111228959677
rt,al7075,b,FV,red,1,142.405230479574,142.405230479574,142.405230479574,142.405230479574
rt,al7075,b,conf,blue,1,182.962537600766,182.962537600766,182.962537600766,182.962537600766
rt,al7075,b,conf,green,1,199.632416213387,199.632416213387,199.632416213387,199.632416213387
rt,al7075,b,conf,red,1,279.051902329454,279.051902329454,279.051902329454,279.051902329454
rt,al7075,b,fusion,blue,1,259.494971783786,259.494971783786,259.494971783786,259.494971783786
rt,al7075,b,fusion,green,1,259.19720887409,259.19720887409,259.19720887409,259.19720887409
rt,al7075,b,fusion,red,1,373.102443369406,373.102443369406,373.102443369406,373.102443369406
rt,al7075,b,int,blue,1,229.917362510175,229.917362510175,229.917362510175,229.917362510175
rt,al7075,b,int,green,1,16.9379014521883,16.9379014521883,16.9379014521883,16.9379014521883
rt,al7075,b,int,red,1,655.868086119548,655.868086119548,655.868086119548,655.868086119548
rt,al7075,b,int,white,1,8.75558237107937,8.75558237107937,8.75558237107937,8.75558237107937
rt,al7075,gla,FV,blue,1,18.7644746720007,18.7644746720007,18.7644746720007,18.7644746720007
rt,al7075,gla,FV,green,1,27.8118795928533,27.8118795928533,27.8118795928533,27.8118795928533
rt,al7075,gla,FV,red,1,6.79784018845968,6.79784018845968,6.79784018845968,6.79784018845968
rt,al7075,gla,conf,blue,1,5.60669134665082,5.60669134665082,5.60669134665082,5.60669134665082
rt,al7075,gla,conf,green,1,26.3534776782469,26.3534776782469,26.3534776782469,26.3534776782469
rt,al7075,gla,conf,red,1,48.0142756053521,48.0142756053521,48.0142756053521,48.0142756053521
rt,al7075,gla,fusion,blue,1,25.4057029408334,25.4057029408334,25.4057029408334,25.4057029408334
rt,al7075,gla,fusion,green,1,143.771986777895,143.771986777895,143.771986777895,143.771986777895
rt,al7075,gla,fusion,red,1,152.836844293538,152.836844293538,152.836844293538,152.836844293538
rt,al7075,gla,int,blue,1,29.2639909717401,29.2639909717401,29.2639909717401,29.2639909717401
rt,al7075,gla,int,green,1,20.07259789812,20.07259789812,20.07259789812,20.07259789812
rt,al7075,gla,int,red,1,23.3076241954268,23.3076241954268,23.3076241954268,23.3076241954268
rt,al7075,gla,int,white,1,19.4963075825348,19.4963075825348,19.4963075825348,19.4963075825348
rt,al7075,gri,FV,blue,1,11.3481449104021,11.3481449104021,11.3481449104021,11.3481449104021
rt,al7075,gri,FV,green,1,28.8588160888593,28.8588160888593,28.8588160888593,28.8588160888593
rt,al7075,gri,FV,red,1,6.64587027362221,6.64587027362221,6.64587027362221,6.64587027362221
rt,al7075,gri,conf,blue,1,42.0058306025697,42.0058306025697,42.0058306025697,42.0058306025697
rt,al7075,gri,conf,green,1,36.4941571453628,36.4941571453628,36.4941571453628,36.4941571453628
rt,al7075,gri,conf,red,1,27.8036103355174,27.8036103355174,27.8036103355174,27.8036103355174
rt,al7075,gri,fusion,blue,1,24.9242232148035,24.9242232148035,24.9242232148035,24.9242232148035
rt,al7075,gri,fusion,green,1,22.0766774837011,22.0766774837011,22.0766774837011,22.0766774837011
rt,al7075,gri,fusion,red,1,14.2998013420145,14.2998013420145,14.2998013420145,14.2998013420145
rt,al7075,gri,int,blue,1,49.8568744877137,49.8568744877137,49.8568744877137,49.8568744877137
rt,al7075,gri,int,green,1,55.3521847811197,55.3521847811197,55.3521847811197,55.3521847811197
rt,al7075,gri,int,red,1,52.6751298466631,52.6751298466631,52.6751298466631,52.6751298466631
rt,al7075,gri,int,white,1,55.4726492707955,55.4726492707955,55.4726492707955,55.4726492707955
rt,al7075,hon,FV,blue,1,28.1960339603177,28.1960339603177,28.1960339603177,28.1960339603177
rt,al7075,hon,FV,green,1,33.4955526127408,33.4955526127408,33.4955526127408,33.4955526127408
rt,al7075,hon,FV,red,1,5.26409339819057,5.26409339819057,5.26409339819057,5.26409339819057
rt,al7075,hon,conf,blue,1,54.8214040038313,54.8214040038313,54.8214040038313,54.8214040038313
rt,al7075,hon,conf,green,1,47.4624334515833,47.4624334515833,47.4624334515833,47.4624334515833
rt,al7075,hon,conf,red,1,40.2761318476663,40.2761318476663,40.2761318476663,40.2761318476663
rt,al7075,hon,fusion,blue,1,37.3300215064574,37.3300215064574,37.3300215064574,37.3300215064574
rt,al7075,hon,fusion,green,1,33.7434300173163,33.7434300173163,33.7434300173163,33.7434300173163
rt,al7075,hon,fusion,red,1,25.0836524661825,25.0836524661825,25.0836524661825,25.0836524661825
rt,al7075,hon,int,blue,1,58.8101017073468,58.8101017073468,58.8101017073468,58.8101017073468
rt,al7075,hon,int,green,1,62.9972216088527,62.9972216088527,62.9972216088527,62.9972216088527
rt,al7075,hon,int,red,1,62.0856211109431,62.0856211109431,62.0856211109431,62.0856211109431
rt,al7075,hon,int,white,1,63.0047228078704,63.0047228078704,63.0047228078704,63.0047228078704
rt,al7075,mf,FV,blue,1,60.9665706607328,60.9665706607328,60.9665706607328,60.9665706607328
rt,al7075,mf,FV,green,1,16.7555627399937,16.7555627399937,16.7555627399937,16.7555627399937
rt,al7075,mf,FV,red,1,8.29077638052848,8.29077638052848,8.29077638052848,8.29077638052848
rt,al7075,mf,conf,blue,1,7.60952043235508,7.60952043235508,7.60952043235508,7.60952043235508
rt,al7075,mf,conf,green,1,6.53216014922753,6.53216014922753,6.53216014922753,6.53216014922753
rt,al7075,mf,conf,red,1,29.6388419947847,29.6388419947847,29.6388419947847,29.6388419947847
rt,al7075,mf,fusion,blue,1,18.2597376221046,18.2597376221046,18.2597376221046,18.2597376221046
rt,al7075,mf,fusion,green,1,31.4728793073836,31.4728793073836,31.4728793073836,31.4728793073836
rt,al7075,mf,fusion,red,1,58.2318911238133,58.2318911238133,58.2318911238133,58.2318911238133
rt,al7075,mf,int,blue,1,17.361063827518,17.361063827518,17.361063827518,17.361063827518
rt,al7075,mf,int,green,1,65.4831156018679,65.4831156018679,65.4831156018679,65.4831156018679
rt,al7075,mf,int,red,1,45.4987171104234,45.4987171104234,45.4987171104234,45.4987171104234
rt,al7075,mf,int,white,1,66.9201272086117,66.9201272086117,66.9201272086117,66.9201272086117
rt,al7075,mr,FV,blue,1,191.662539578845,191.662539578845,191.662539578845,191.662539578845
rt,al7075,mr,FV,green,1,69.5858170838096,69.5858170838096,69.5858170838096,69.5858170838096
rt,al7075,mr,FV,red,1,43.6862534419831,43.6862534419831,43.6862534419831,43.6862534419831
rt,al7075,mr,conf,blue,1,33.5236009525986,33.5236009525986,33.5236009525986,33.5236009525986
rt,al7075,mr,conf,green,1,49.0238944730164,49.0238944730164,49.0238944730164,49.0238944730164
rt,al7075,mr,conf,red,1,70.5661407396156,70.5661407396156,70.5661407396156,70.5661407396156
rt,al7075,mr,fusion,blue,1,75.475109925919,75.475109925919,75.475109925919,75.475109925919
rt,al7075,mr,fusion,green,1,98.6534011166217,98.6534011166217,98.6534011166217,98.6534011166217
rt,al7075,mr,fusion,red,1,120.397318973208,120.397318973208,120.397318973208,120.397318973208
rt,al7075,mr,int,blue,1,55.9035051225315,55.9035051225315,55.9035051225315,55.9035051225315
rt,al7075,mr,int,green,1,52.3776932630833,52.3776932630833,52.3776932630833,52.3776932630833
rt,al7075,mr,int,red,1,109.249988418995,109.249988418995,109.249988418995,109.249988418995
rt,al7075,mr,int,white,1,56.5963360167685,56.5963360167685,56.5963360167685,56.5963360167685
rt,al7075,tf,FV,blue,1,35.0118455220069,35.0118455220069,35.0118455220069,35.0118455220069
rt,al7075,tf,FV,green,1,57.6886297134572,57.6886297134572,57.6886297134572,57.6886297134572
rt,al7075,tf,FV,red,1,57.328520293897,57.328520293897,57.328520293897,57.328520293897
rt,al7075,tf,conf,blue,1,59.3588602695102,59.3588602695102,59.3588602695102,59.3588602695102
rt,al7075,tf,conf,green,1,52.9624593434911,52.9624593434911,52.9624593434911,52.9624593434911
rt,al7075,tf,conf,red,1,46.1113277615547,46.1113277615547,46.1113277615547,46.1113277615547
rt,al7075,tf,fusion,blue,1,49.0965212189688,49.0965212189688,49.0965212189688,49.0965212189688
rt,al7075,tf,fusion,green,1,40.9218306404425,40.9218306404425,40.9218306404425,40.9218306404425
rt,al7075,tf,fusion,red,1,34.1020277302897,34.1020277302897,34.1020277302897,34.1020277302897
rt,al7075,tf,int,blue,1,47.5477212081518,47.5477212081518,47.5477212081518,47.5477212081518
rt,al7075,tf,int,green,1,71.6823978307772,71.6823978307772,71.6823978307772,71.6823978307772
rt,al7075,tf,int,red,1,47.8166223211922,47.8166223211922,47.8166223211922,47.8166223211922
rt,al7075,tf,int,white,1,72.7515332377124,72.7515332377124,72.7515332377124,72.7515332377124
rt,al7075,tr,FV,blue,1,21.6957514907374,21.6957514907374,21.6957514907374,21.6957514907374
rt,al7075,tr,FV,green,1,36.4270862050706,36.4270862050706,36.4270862050706,36.4270862050706
rt,al7075,tr,FV,red,1,35.6646698420951,35.6646698420951,35.6646698420951,35.6646698420951
rt,al7075,tr,conf,blue,1,32.1380978543131,32.1380978543131,32.1380978543131,32.1380978543131
rt,al7075,tr,conf,green,1,26.6707545855254,26.6707545855254,26.6707545855254,26.6707545855254
rt,al7075,tr,conf,red,1,20.4670605065522,20.4670605065522,20.4670605065522,20.4670605065522
rt,al7075,tr,fusion,blue,1,27.1106057493708,27.1106057493708,27.1106057493708,27.1106057493708
rt,al7075,tr,fusion,green,1,22.3369644293778,22.3369644293778,22.3369644293778,22.3369644293778
rt,al7075,tr,fusion,red,1,15.8115285884974,15.8115285884974,15.8115285884974,15.8115285884974
rt,al7075,tr,int,blue,1,29.1874625818244,29.1874625818244,29.1874625818244,29.1874625818244
rt,al7075,tr,int,green,1,39.2453803410032,39.2453803410032,39.2453803410032,39.2453803410032
rt,al7075,tr,int,red,1,35.3940661038512,35.3940661038512,35.3940661038512,35.3940661038512
rt,al7075,tr,int,white,1,39.097191875696,39.097191875696,39.097191875696,39.097191875696
rt,al7075,wedm_f,FV,blue,1,39.6386475546224,39.6386475546224,39.6386475546224,39.6386475546224
rt,al7075,wedm_f,FV,green,1,11.9965390797211,11.9965390797211,11.9965390797211,11.9965390797211
rt,al7075,wedm_f,FV,red,1,23.5732778258003,23.5732778258003,23.5732778258003,23.5732778258003
rt,al7075,wedm_f,conf,blue,1,92.4055567962318,92.4055567962318,92.4055567962318,92.4055567962318
rt,al7075,wedm_f,conf,green,1,73.5705351889573,73.5705351889573,73.5705351889573,73.5705351889573
rt,al7075,wedm_f,conf,red,1,98.5952761059478,98.5952761059478,98.5952761059478,98.5952761059478
rt,al7075,wedm_f,fusion,blue,1,221.682755742599,221.682755742599,221.682755742599,221.682755742599
rt,al7075,wedm_f,fusion,green,1,140.766628435839,140.766628435839,140.766628435839,140.766628435839
rt,al7075,wedm_f,fusion,red,1,160.058265643764,160.058265643764,160.058265643764,160.058265643764
rt,al7075,wedm_f,int,blue,1,3.32447808491515,3.32447808491515,3.32447808491515,3.32447808491515
rt,al7075,wedm_f,int,green,1,19.9137648874042,19.9137648874042,19.9137648874042,19.9137648874042
rt,al7075,wedm_f,int,red,1,22.1952556695238,22.1952556695238,22.1952556695238,22.1952556695238
rt,al7075,wedm_f,int,white,1,19.6108962297902,19.6108962297902,19.6108962297902,19.6108962297902
rt,al7075,wedm_r,FV,blue,1,18.6892303653224,18.6892303653224,18.6892303653224,18.6892303653224
rt,al7075,wedm_r,FV,green,1,15.5312066121912,15.5312066121912,15.5312066121912,15.5312066121912
rt,al7075,wedm_r,FV,red,1,12.2006457275957,12.2006457275957,12.2006457275957,12.2006457275957
rt,al7075,wedm_r,conf,blue,1,59.8990055001437,59.8990055001437,59.8990055001437,59.8990055001437
rt,al7075,wedm_r,conf,green,1,69.2485542697136,69.2485542697136,69.2485542697136,69.2485542697136
rt,al7075,wedm_r,conf,red,1,107.312691625961,107.312691625961,107.312691625961,107.312691625961
rt,al7075,wedm_r,fusion,blue,1,153.288622204388,153.288622204388,153.288622204388,153.288622204388
rt,al7075,wedm_r,fusion,green,1,217.766879349826,217.766879349826,217.766879349826,217.766879349826
rt,al7075,wedm_r,fusion,red,1,234.85084303826,234.85084303826,234.85084303826,234.85084303826
rt,al7075,wedm_r,int,blue,1,39.1536406499161,39.1536406499161,39.1536406499161,39.1536406499161
rt,al7075,wedm_r,int,green,1,14.3523944408781,14.3523944408781,14.3523944408781,14.3523944408781
rt,al7075,wedm_r,int,red,1,14.8034549371993,14.8034549371993,14.8034549371993,14.8034549371993
rt,al7075,wedm_r,int,white,1,11.9734112952264,11.9734112952264,11.9734112952264,11.9734112952264
rt,c45,b,FV,blue,1,132.129183328785,132.129183328785,132.129183328785,132.129183328785
rt,c45,b,FV,green,1,26.1449817719612,26.1449817719612,26.1449817719612,26.1449817719612
rt,c45,b,FV,red,1,51.3597056740563,51.3597056740563,51.3597056740563,51.3597056740563
rt,c45,b,conf,green,1,87.7351542087375,87.7351542087375,87.7351542087375,87.7351542087375
rt,c45,b,conf,red,1,134.545806989061,134.545806989061,134.545806989061,134.545806989061
rt,c45,b,fusion,blue,1,115.950989292004,115.950989292004,115.950989292004,115.950989292004
rt,c45,b,fusion,green,1,137.710937527148,137.710937527148,137.710937527148,137.710937527148
rt,c45,b,fusion,red,1,198.814200851392,198.814200851392,198.814200851392,198.814200851392
rt,c45,b,int,blue,2,270.625290972311,270.625290972311,269.94551482894553,271.3050671156765
rt,c45,b,int,green,1,39.1614147451264,39.1614147451264,39.1614147451264,39.1614147451264
rt,c45,b,int,red,1,14.7221747945496,14.7221747945496,14.7221747945496,14.7221747945496
rt,c45,b,int,white,1,41.4935989004033,41.4935989004033,41.4935989004033,41.4935989004033
rt,c45,gla,FV,blue,1,1.21942591952526,1.21942591952526,1.21942591952526,1.21942591952526
rt,c45,gla,FV,green,1,16.7756611248694,16.7756611248694,16.7756611248694,16.7756611248694
rt,c45,gla,FV,red,1,2.36582113216893,2.36582113216893,2.36582113216893,2.36582113216893
rt,c45,gla,conf,blue,1,19.9503596424047,19.9503596424047,19.9503596424047,19.9503596424047
rt,c45,gla,conf,green,1,39.3710323801776,39.3710323801776,39.3710323801776,39.3710323801776
rt,c45,gla,conf,red,1,56.4713850048788,56.4713850048788,56.4713850048788,56.4713850048788
rt,c45,gla,fusion,blue,1,56.1609183516501,56.1609183516501,56.1609183516501,56.1609183516501
rt,c45,gla,fusion,green,1,82.476448445921,82.476448445921,82.476448445921,82.476448445921
rt,c45,gla,fusion,red,1,123.769817336468,123.769817336468,123.769817336468,123.769817336468
rt,c45,gla,int,blue,1,28.0561211171084,28.0561211171084,28.0561211171084,28.0561211171084
rt,c45,gla,int,green,1,14.5978419264789,14.5978419264789,14.5978419264789,14.5978419264789
rt,c45,gla,int,red,1,25.3930607888955,25.3930607888955,25.3930607888955,25.3930607888955
rt,c45,gla,int,white,1,16.623683288122,16.623683288122,16.623683288122,16.623683288122
rt,c45,gri,FV,blue,1,83.5584459361088,83.5584459361088,83.5584459361088,83.5584459361088
rt,c45,gri,FV,green,1,53.9150363649436,53.9150363649436,53.9150363649436,53.9150363649436
rt,c45,gri,FV,red,1,108.565800852499,108.565800852499,108.565800852499,108.565800852499
rt,c45,gri,conf,blue,1,11.3773756334878,11.3773756334878,11.3773756334878,11.3773756334878
rt,c45,gri,conf,green,1,25.0063393887175,25.0063393887175,25.0063393887175,25.0063393887175
rt,c45,gri,conf,red,1,41.4538555273492,41.4538555273492,41.4538555273492,41.4538555273492
rt,c45,gri,fusion,blue,1,45.6388196169478,45.6388196169478,45.6388196169478,45.6388196169478
rt,c45,gri,fusion,green,1,46.3550088827012,46.3550088827012,46.3550088827012,46.3550088827012
rt,c45,gri,fusion,red,1,62.7465067257614,62.7465067257614,62.7465067257614,62.7465067257614
rt,c45,gri,int,blue,1,9.73928516062007,9.73928516062007,9.73928516062007,9.73928516062007
rt,c45,gri,int,green,1,17.788998282324,17.788998282324,17.788998282324,17.788998282324
rt,c45,gri,int,red,1,14.8373184276896,14.8373184276896,14.8373184276896,14.8373184276896
rt,c45,gri,int,white,1,17.7802331990049,17.7802331990049,17.7802331990049,17.7802331990049
rt,c45,hon,FV,blue,1,11.2435205472588,11.2435205472588,11.2435205472588,11.2435205472588
rt,c45,hon,FV,green,1,1.16678240716582,1.16678240716582,1.16678240716582,1.16678240716582
rt,c45,hon,FV,red,1,30.8196126350348,30.8196126350348,30.8196126350348,30.8196126350348
rt,c45,hon,conf,blue,1,16.6596750713497,16.6596750713497,16.6596750713497,16.6596750713497
rt,c45,hon,conf,green,1,4.0561889446725,4.0561889446725,4.0561889446725,4.0561889446725
rt,c45,hon,conf,red,1,4.45535635742292,4.45535635742292,4.45535635742292,4.45535635742292
rt,c45,hon,fusion,blue,1,8.48091845922496,8.48091845922496,8.48091845922496,8.48091845922496
rt,c45,hon,fusion,green,1,21.106890924589,21.106890924589,21.106890924589,21.106890924589
rt,c45,hon,fusion,red,1,26.8550839262762,26.8550839262762,26.8550839262762,26.8550839262762
rt,c45,hon,int,blue,1,33.8818899061849,33.8818899061849,33.8818899061849,33.8818899061849
rt,c45,hon,int,green,1,14.7139139177163,14.7139139177163,14.7139139177163,14.7139139177163
rt,c45,hon,int,red,1,18.741510114177,18.741510114177,18.741510114177,18.741510114177
rt,c45,hon,int,white,1,13.7564022887242,13.7564022887242,13.7564022887242,13.7564022887242
rt,c45,mf,FV,blue,1,8.58842415274044,8.58842415274044,8.58842415274044,8.58842415274044
rt,c45,mf,FV,green,1,14.978300341135,14.978300341135,14.978300341135,14.978300341135
rt,c45,mf,FV,red,1,11.0510787009517,11.0510787009517,11.0510787009517,11.0510787009517
rt,c45,mf,conf,green,1,1.54935741494582,1.54935741494582,1.54935741494582,1.54935741494582
rt,c45,mf,conf,red,1,9.08045109327492,9.08045109327492,9.08045109327492,9.08045109327492
rt,c45,mf,fusion,blue,1,24.1418172804435,24.1418172804435,24.1418172804435,24.1418172804435
rt,c45,mf,fusion,green,1,29.3135399500142,29.3135399500142,29.3135399500142,29.3135399500142
rt,c45,mf,fusion,red,1,42.7895280155644,42.7895280155644,42.7895280155644,42.7895280155644
rt,c45,mf,int,blue,1,20.5256069361389,20.5256069361389,20.5256069361389,20.5256069361389
rt,c45,mf,int,green,1,32.9613092453635,32.9613092453635,32.9613092453635,32.9613092453635
rt,c45,mf,int,red,1,42.6646662793242,42.6646662793242,42.6646662793242,42.6646662793242
rt,c45,mf,int,white,1,3.94848770150714,3.94848770150714,3.94848770150714,3.94848770150714
rt,c45,mr,FV,blue,1,34.8777761724979,34.8777761724979,34.8777761724979,34.8777761724979
rt,c45,mr,FV,green,1,39.0375095546703,39.0375095546703,39.0375095546703,39.0375095546703
rt,c45,mr,FV,red,1,36.4208144356324,36.4208144356324,36.4208144356324,36.4208144356324
rt,c45,mr,conf,green,1,23.9044382546563,23.9044382546563,23.9044382546563,23.9044382546563
rt,c45,mr,conf,red,1,17.6591810207594,17.6591810207594,17.6591810207594,17.6591810207594
rt,c45,mr,fusion,blue,1,18.9960594665423,18.9960594665423,18.9960594665423,18.9960594665423
rt,c45,mr,fusion,green,1,14.4483915996076,14.4483915996076,14.4483915996076,14.4483915996076
rt,c45,mr,fusion,red,1,7.31114543659105,7.31114543659105,7.31114543659105,7.31114543659105
rt,c45,mr,int,blue,1,28.8021084708481,28.8021084708481,28.8021084708481,28.8021084708481
rt,c45,mr,int,green,1,37.1415790657285,37.1415790657285,37.1415790657285,37.1415790657285
rt,c45,mr,int,red,1,37.3487960949165,37.3487960949165,37.3487960949165,37.3487960949165
rt,c45,mr,int,white,1,37.1696484339657,37.1696484339657,37.1696484339657,37.1696484339657
rt,c45,tf,FV,blue,1,66.9739677826638,66.9739677826638,66.9739677826638,66.9739677826638
rt,c45,tf,FV,green,1,69.5216893461321,69.5216893461321,69.5216893461321,69.5216893461321
rt,c45,tf,FV,red,1,67.8172074819991,67.8172074819991,67.8172074819991,67.8172074819991
rt,c45,tf,conf,green,1,61.9867173515547,61.9867173515547,61.9867173515547,61.9867173515547
rt,c45,tf,conf,red,1,59.3206085186519,59.3206085186519,59.3206085186519,59.3206085186519
rt,c45,tf,fusion,blue,1,59.5171747150567,59.5171747150567,59.5171747150567,59.5171747150567
rt,c45,tf,fusion,green,1,56.7452367005935,56.7452367005935,56.7452367005935,56.7452367005935
rt,c45,tf,fusion,red,1,53.6550524543339,53.6550524543339,53.6550524543339,53.6550524543339
rt,c45,tf,int,blue,1,63.5259073624888,63.5259073624888,63.5259073624888,63.5259073624888
rt,c45,tf,int,green,1,67.1925882347891,67.1925882347891,67.1925882347891,67.1925882347891
rt,c45,tf,int,red,1,67.003522234013,67.003522234013,67.003522234013,67.003522234013
rt,c45,tf,int,white,1,67.2212793074697,67.2212793074697,67.2212793074697,67.2212793074697
rt,c45,tr,FV,blue,1,89.362000206654,89.362000206654,89.362000206654,89.362000206654
rt,c45,tr,FV,green,1,92.6368712010967,92.6368712010967,92.6368712010967,92.6368712010967
rt,c45,tr,FV,red,1,92.1945342771089,92.1945342771089,92.1945342771089,92.1945342771089
rt,c45,tr,conf,green,1,90.5161899798476,90.5161899798476,90.5161899798476,90.5161899798476
rt,c45,tr,conf,red,1,89.5014331048314,89.5014331048314,89.5014331048314,89.5014331048314
rt,c45,tr,fusion,blue,1,89.2562586811163,89.2562586811163,89.2562586811163,89.2562586811163
rt,c45,tr,fusion,green,1,88.4282547280841,88.4282547280841,88.4282547280841,88.4282547280841
rt,c45,tr,fusion,red,1,86.9637506157943,86.9637506157943,86.9637506157943,86.9637506157943
rt,c45,tr,int,blue,1,90.1859513269758,90.1859513269758,90.1859513269758,90.1859513269758
rt,c45,tr,int,green,1,93.7114382631526,93.7114382631526,93.7114382631526,93.7114382631526
rt,c45,tr,int,red,1,92.6390562091359,92.6390562091359,92.6390562091359,92.6390562091359
rt,c45,tr,int,white,1,93.8306128520156,93.8306128520156,93.8306128520156,93.8306128520156
rt,c45,wedm_f,FV,blue,1,14.5450983401008,14.5450983401008,14.5450983401008,14.5450983401008
rt,c45,wedm_f,FV,green,1,2.47033100321369,2.47033100321369,2.47033100321369,2.47033100321369
rt,c45,wedm_f,FV,red,1,27.2225921204983,27.2225921204983,27.2225921204983,27.2225921204983
rt,c45,wedm_f,conf,blue,1,94.4695067446076,94.4695067446076,94.4695067446076,94.4695067446076
rt,c45,wedm_f,conf,green,1,130.655659962527,130.655659962527,130.655659962527,130.655659962527
rt,c45,wedm_f,conf,red,1,148.820223540369,148.820223540369,148.820223540369,148.820223540369
rt,c45,wedm_f,fusion,blue,1,273.996979521165,273.996979521165,273.996979521165,273.996979521165
rt,c45,wedm_f,fusion,green,1,176.871321829903,176.871321829903,176.871321829903,176.871321829903
rt,c45,wedm_f,fusion,red,1,189.406237842278,189.406237842278,189.406237842278,189.406237842278
rt,c45,wedm_f,int,blue,1,35.5306458921591,35.5306458921591,35.5306458921591,35.5306458921591
rt,c45,wedm_f,int,green,1,22.5545808106687,22.5545808106687,22.5545808106687,22.5545808106687
rt,c45,wedm_f,int,red,1,28.6954553298888,28.6954553298888,28.6954553298888,28.6954553298888
rt,c45,wedm_f,int,white,1,22.6642003107601,22.6642003107601,22.6642003107601,22.6642003107601
rt,c45,wedm_r,FV,blue,1,12.0883565011629,12.0883565011629,12.0883565011629,12.0883565011629
rt,c45,wedm_r,FV,green,1,12.4713662202101,12.4713662202101,12.4713662202101,12.4713662202101
rt,c45,wedm_r,FV,red,1,9.90078237071226,9.90078237071226,9.90078237071226,9.90078237071226
rt,c45,wedm_r,conf,blue,1,3.52009657774688,3.52009657774688,3.52009657774688,3.52009657774688
rt,c45,wedm_r,conf,green,1,0.755267038181851,0.755267038181851,0.755267038181851,0.755267038181851
rt,c45,wedm_r,conf,red,1,5.85303112194332,5.85303112194332,5.85303112194332,5.85303112194332
rt,c45,wedm_r,fusion,blue,1,70.6925657327174,70.6925657327174,70.6925657327174,70.6925657327174
rt,c45,wedm_r,fusion,green,1,101.039281827398,101.039281827398,101.039281827398,101.039281827398
rt,c45,wedm_r,fusion,red,1,140.488295401075,140.488295401075,140.488295401075,140.488295401075
rt,c45,wedm_r,int,blue,1,27.6909542256012,27.6909542256012,27.6909542256012,27.6909542256012
rt,c45,wedm_r,int,green,1,7.56045179129153,7.56045179129153,7.56045179129153,7.56045179129153
rt,c45,wedm_r,int,red,1,8.40588608506128,8.40588608506128,8.40588608506128,8.40588608506128
rt,c45,wedm_r,int,white,1,7.59409904896145,7.59409904896145,7.59409904896145,7.59409904896145
rt,ellor,gla,FV,blue,1,7.22700325028334,7.22700325028334,7.22700325028334,7.22700325028334
rt,ellor,gla,FV,green,1,8.54392450478004,8.54392450478004,8.54392450478004,8.54392450478004
rt,ellor,gla,FV,red,1,8.94851537544806,8.94851537544806,8.94851537544806,8.94851537544806
rt,ellor,gla,conf,blue,1,5.26353676723797,5.26353676723797,5.26353676723797,5.26353676723797
rt,ellor,gla,conf,green,1,1.69636628471459,1.69636628471459,1.69636628471459,1.69636628471459
rt,ellor,gla,conf,red,1,3.49486722288663,3.49486722288663,3.49486722288663,3.49486722288663
rt,ellor,gla,fusion,blue,1,1.14293798586995,1.14293798586995,1.14293798586995,1.14293798586995
rt,ellor,gla,fusion,green,1,0.923436384834514,0.923436384834514,0.923436384834514,0.923436384834514
rt,ellor,gla,fusion,red,1,1.47843197139245,1.47843197139245,1.47843197139245,1.47843197139245
rt,ellor,gla,int,blue,1,6.39068431683442,6.39068431683442,6.39068431683442,6.39068431683442
rt,ellor,gla,int,green,1,4.11797802474755,4.11797802474755,4.11797802474755,4.11797802474755
rt,ellor,gla,int,red,1,4.46387879555059,4.46387879555059,4.46387879555059,4.46387879555059
rt,ellor,gla,int,white,1,3.71778470154722,3.71778470154722,3.71778470154722,3.71778470154722
rt,ellor,gri,FV,blue,1,134.228352468064,134.228352468064,134.228352468064,134.228352468064
rt,ellor,gri,FV,green,1,131.942096016493,131.942096016493,131.942096016493,131.942096016493
rt,ellor,gri,FV,red,1,132.54385093993,132.54385093993,132.54385093993,132.54385093993
rt,ellor,gri,conf,blue,1,144.423245593913,144.423245593913,144.423245593913,144.423245593913
rt,ellor,gri,conf,green,1,148.435251461119,148.435251461119,148.435251461119,148.435251461119
rt,ellor,gri,conf,red,1,150.087546149941,150.087546149941,150.087546149941,150.087546149941
rt,ellor,gri,fusion,blue,1,155.350417819204,155.350417819204,155.350417819204,155.350417819204
rt,ellor,gri,fusion,green,1,158.522907582591,158.522907582591,158.522907582591,158.522907582591
rt,ellor,gri,fusion,red,1,167.455621654398,167.455621654398,167.455621654398,167.455621654398
rt,ellor,gri,int,blue,1,187.468194811804,187.468194811804,187.468194811804,187.468194811804
rt,ellor,gri,int,green,1,125.963327908041,125.963327908041,125.963327908041,125.963327908041
rt,ellor,gri,int,red,1,137.987058487204,137.987058487204,137.987058487204,137.987058487204
rt,ellor,gri,int,white,1,139.099269909613,139.099269909613,139.099269909613,139.099269909613
rt,ellor,hon,FV,blue,1,15.1957086403148,15.1957086403148,15.1957086403148,15.1957086403148
rt,ellor,hon,FV,green,1,48.1446379514382,48.1446379514382,48.1446379514382,48.1446379514382
rt,ellor,hon,FV,red,1,40.1331669630241,40.1331669630241,40.1331669630241,40.1331669630241
rt,ellor,hon,conf,blue,1,20.3636233257158,20.3636233257158,20.3636233257158,20.3636233257158
rt,ellor,hon,conf,green,1,13.8022943934382,13.8022943934382,13.8022943934382,13.8022943934382
rt,ellor,hon,conf,red,1,5.74256161700127,5.74256161700127,5.74256161700127,5.74256161700127
rt,ellor,hon,fusion,blue,1,22.2071254436323,22.2071254436323,22.2071254436323,22.2071254436323
rt,ellor,hon,fusion,green,1,21.7712272132992,21.7712272132992,21.7712272132992,21.7712272132992
rt,ellor,hon,fusion,red,1,52.1438628742636,52.1438628742636,52.1438628742636,52.1438628742636
rt,ellor,hon,int,blue,1,34.5329747655674,34.5329747655674,34.5329747655674,34.5329747655674
rt,ellor,hon,int,green,1,55.701715033128004,55.701715033128004,55.701715033128004,55.701715033128004
rt,ellor,hon,int,red,1,47.8494245447918,47.8494245447918,47.8494245447918,47.8494245447918
rt,ellor,hon,int,white,1,56.7339388858051,56.7339388858051,56.7339388858051,56.7339388858051
rt,ellor,mf,FV,blue,1,19.3417551356177,19.3417551356177,19.3417551356177,19.3417551356177
rt,ellor,mf,FV,green,1,25.4173807874153,25.4173807874153,25.4173807874153,25.4173807874153
rt,ellor,mf,FV,red,1,26.4554300487958,26.4554300487958,26.4554300487958,26.4554300487958
rt,ellor,mf,conf,blue,1,8.23765942850655,8.23765942850655,8.23765942850655,8.23765942850655
rt,ellor,mf,conf,green,1,7.75106720049921,7.75106720049921,7.75106720049921,7.75106720049921
rt,ellor,mf,conf,red,1,9.31396563122668,9.31396563122668,9.31396563122668,9.31396563122668
rt,ellor,mf,fusion,blue,1,2.3634763543431,2.3634763543431,2.3634763543431,2.3634763543431
rt,ellor,mf,fusion,green,1,3.8604872505907,3.8604872505907,3.8604872505907,3.8604872505907
rt,ellor,mf,fusion,red,1,85.9652752068824,85.9652752068824,85.9652752068824,85.9652752068824
rt,ellor,mf,int,blue,1,79.0626172011318,79.0626172011318,79.0626172011318,79.0626172011318
rt,ellor,mf,int,green,1,8.59943448841563,8.59943448841563,8.59943448841563,8.59943448841563
rt,ellor,mf,int,red,1,10.2079725049882,10.2079725049882,10.2079725049882,10.2079725049882
rt,ellor,mf,int,white,1,10.6113782802164,10.6113782802164,10.6113782802164,10.6113782802164
rt,ellor,mr,FV,blue,1,4.52606761122378,4.52606761122378,4.52606761122378,4.52606761122378
rt,ellor,mr,FV,green,1,8.79894891528925,8.79894891528925,8.79894891528925,8.79894891528925
rt,ellor,mr,FV,red,1,8.13099457155381,8.13099457155381,8.13099457155381,8.13099457155381
rt,ellor,mr,conf,blue,1,4.63892945625686,4.63892945625686,4.63892945625686,4.63892945625686
rt,ellor,mr,conf,green,1,6.86406478741116,6.86406478741116,6.86406478741116,6.86406478741116
rt,ellor,mr,conf,red,1,9.06264515175782,9.06264515175782,9.06264515175782,9.06264515175782
rt,ellor,mr,fusion,blue,1,13.5252858395813,13.5252858395813,13.5252858395813,13.5252858395813
rt,ellor,mr,fusion,green,1,14.5291571880584,14.5291571880584,14.5291571880584,14.5291571880584
rt,ellor,mr,fusion,red,1,23.7795580758212,23.7795580758212,23.7795580758212,23.7795580758212
rt,ellor,mr,int,blue,1,71.1374031467072,71.1374031467072,71.1374031467072,71.1374031467072
rt,ellor,mr,int,green,1,1.03825799063086,1.03825799063086,1.03825799063086,1.03825799063086
rt,ellor,mr,int,red,1,0.662062901540006,0.662062901540006,0.662062901540006,0.662062901540006
rt,ellor,mr,int,white,1,0.358841045381888,0.358841045381888,0.358841045381888,0.358841045381888
rt,ellor,tf,FV,blue,1,23.2617132892004,23.2617132892004,23.2617132892004,23.2617132892004
rt,ellor,tf,FV,green,1,25.9843796961519,25.9843796961519,25.9843796961519,25.9843796961519
rt,ellor,tf,FV,red,1,26.0041609653323,26.0041609653323,26.0041609653323,26.0041609653323
rt,ellor,tf,conf,blue,1,10.3269116450833,10.3269116450833,10.3269116450833,10.3269116450833
rt,ellor,tf,conf,green,1,10.1817856317643,10.1817856317643,10.1817856317643,10.1817856317643
rt,ellor,tf,conf,red,1,8.62104945914612,8.62104945914612,8.62104945914612,8.62104945914612
rt,ellor,tf,fusion,blue,1,1.69004289016938,1.69004289016938,1.69004289016938,1.69004289016938
rt,ellor,tf,fusion,green,1,0.315510195332862,0.315510195332862,0.315510195332862,0.315510195332862
rt,ellor,tf,fusion,red,1,8.51277780249298,8.51277780249298,8.51277780249298,8.51277780249298
rt,ellor,tf,int,blue,1,62.8422712358263,62.8422712358263,62.8422712358263,62.8422712358263
rt,ellor,tf,int,green,1,9.37035525115386,9.37035525115386,9.37035525115386,9.37035525115386
rt,ellor,tf,int,red,1,12.082563783876,12.082563783876,12.082563783876,12.082563783876
rt,ellor,tf,int,white,1,8.21983807284716,8.21983807284716,8.21983807284716,8.21983807284716
rt,ellor,tr,FV,blue,1,14.790933611663,14.790933611663,14.790933611663,14.790933611663
rt,ellor,tr,FV,green,1,15.9940146207911,15.9940146207911,15.9940146207911,15.9940146207911
rt,ellor,tr,FV,red,1,15.6862639302833,15.6862639302833,15.6862639302833,15.6862639302833
rt,ellor,tr,conf,blue,1,11.4621299054375,11.4621299054375,11.4621299054375,11.4621299054375
rt,ellor,tr,conf,green,1,11.0158649938812,11.0158649938812,11.0158649938812,11.0158649938812
rt,ellor,tr,conf,red,1,10.25359691362,10.25359691362,10.25359691362,10.25359691362
rt,ellor,tr,fusion,blue,1,7.44257660946318,7.44257660946318,7.44257660946318,7.44257660946318
rt,ellor,tr,fusion,green,1,7.27300829775972,7.27300829775972,7.27300829775972,7.27300829775972
rt,ellor,tr,fusion,red,1,3.65913160345563,3.65913160345563,3.65913160345563,3.65913160345563
rt,ellor,tr,int,blue,1,45.4252598180553,45.4252598180553,45.4252598180553,45.4252598180553
rt,ellor,tr,int,green,1,10.4863629128699,10.4863629128699,10.4863629128699,10.4863629128699
rt,ellor,tr,int,red,1,10.8063743703919,10.8063743703919,10.8063743703919,10.8063743703919
rt,ellor,tr,int,white,1,9.58731450266115,9.58731450266115,9.58731450266115,9.58731450266115
rt,ellor,wedm_f,FV,blue,1,17.4806800765494,17.4806800765494,17.4806800765494,17.4806800765494
rt,ellor,wedm_f,FV,green,1,11.1392052548492,11.1392052548492,11.1392052548492,11.1392052548492
rt,ellor,wedm_f,FV,red,1,13.2283418458072,13.2283418458072,13.2283418458072,13.2283418458072
rt,ellor,wedm_f,conf,blue,1,19.1895971108172,19.1895971108172,19.1895971108172,19.1895971108172
rt,ellor,wedm_f,conf,green,1,13.5497757888614,13.5497757888614,13.5497757888614,13.5497757888614
rt,ellor,wedm_f,conf,red,1,13.8311270561261,13.8311270561261,13.8311270561261,13.8311270561261
rt,ellor,wedm_f,fusion,blue,1,32.1658478102976,32.1658478102976,32.1658478102976,32.1658478102976
rt,ellor,wedm_f,fusion,green,1,31.3277825014065,31.3277825014065,31.3277825014065,31.3277825014065
rt,ellor,wedm_f,fusion,red,1,38.1899117696983,38.1899117696983,38.1899117696983,38.1899117696983
rt,ellor,wedm_f,int,green,1,9.08115369827167,9.08115369827167,9.08115369827167,9.08115369827167
rt,ellor,wedm_f,int,red,1,14.6593918494866,14.6593918494866,14.6593918494866,14.6593918494866
rt,ellor,wedm_f,int,white,1,9.30664436156874,9.30664436156874,9.30664436156874,9.30664436156874
rt,ellor,wedm_r,FV,blue,1,12.024110394354,12.024110394354,12.024110394354,12.024110394354
rt,ellor,wedm_r,FV,green,1,14.3481967879906,14.3481967879906,14.3481967879906,14.3481967879906
rt,ellor,wedm_r,FV,red,1,14.2290749548632,14.2290749548632,14.2290749548632,14.2290749548632
rt,ellor,wedm_r,conf,blue,1,9.11817599663329,9.11817599663329,9.11817599663329,9.11817599663329
rt,ellor,wedm_r,conf,green,1,6.06999419717597,6.06999419717597,6.06999419717597,6.06999419717597
rt,ellor,wedm_r,conf,red,1,5.82291615070321,5.82291615070321,5.82291615070321,5.82291615070321
rt,ellor,wedm_r,fusion,blue,1,1.32714106891812,1.32714106891812,1.32714106891812,1.32714106891812
rt,ellor,wedm_r,fusion,green,1,0.100492565856401,0.100492565856401,0.100492565856401,0.100492565856401
rt,ellor,wedm_r,fusion,red,1,3.91879576686217,3.91879576686217,3.91879576686217,3.91879576686217
rt,ellor,wedm_r,int,blue,1,92.6874279477814,92.6874279477814,92.6874279477814,92.6874279477814
rt,ellor,wedm_r,int,green,1,16.7516077837097,16.7516077837097,16.7516077837097,16.7516077837097
rt,ellor,wedm_r,int,red,1,4.84328110573335,4.84328110573335,4.84328110573335,4.84328110573335
rt,ellor,wedm_r,int,white,1,10.3031231930548,10.3031231930548,10.3031231930548,10.3031231930548
rt,mo58a,b,FV,blue,2,389.606730426027,389.606730426027,308.293903919678,470.91955693237605
rt,mo58a,b,FV,green,1,203.751080362761,203.751080362761,203.751080362761,203.751080362761
rt,mo58a,b,FV,red,1,204.678915489495,204.678915489495,204.678915489495,204.678915489495
rt,mo58a,b,conf,blue,1,279.252584805844,279.252584805844,279.252584805844,279.252584805844
rt,mo58a,b,conf,green,1,285.052939903361,285.052939903361,285.052939903361,285.052939903361
rt,mo58a,b,conf,red,1,343.152423194327,343.152423194327,343.152423194327,343.152423194327
rt,mo58a,b,fusion,blue,1,392.999961811611,392.999961811611,392.999961811611,392.999961811611
rt,mo58a,b,fusion,green,1,388.835017846885,388.835017846885,388.835017846885,388.835017846885
rt,mo58a,b,fusion,red,1,474.642815595785,474.642815595785,474.642815595785,474.642815595785
rt,mo58a,b,int,blue,1,176.725959213381,176.725959213381,176.725959213381,176.725959213381
rt,mo58a,b,int,green,1,10.5803825917438,10.5803825917438,10.5803825917438,10.5803825917438
rt,mo58a,b,int,red,1,803.347880821996,803.347880821996,803.347880821996,803.347880821996
rt,mo58a,gla,FV,blue,1,12.6452948728336,12.6452948728336,12.6452948728336,12.6452948728336
rt,mo58a,gla,FV,green,1,6.16825598359442,6.16825598359442,6.16825598359442,6.16825598359442
rt,mo58a,gla,FV,red,1,30.4749932540532,30.4749932540532,30.4749932540532,30.4749932540532
rt,mo58a,gla,conf,blue,1,35.0960687362488,35.0960687362488,35.0960687362488,35.0960687362488
rt,mo58a,gla,conf,green,1,74.1528723129387,74.1528723129387,74.1528723129387,74.1528723129387
rt,mo58a,gla,conf,red,1,104.224255908508,104.224255908508,104.224255908508,104.224255908508
rt,mo58a,gla,fusion,blue,1,49.592540033227,49.592540033227,49.592540033227,49.592540033227
rt,mo58a,gla,fusion,green,1,115.227795042688,115.227795042688,115.227795042688,115.227795042688
rt,mo58a,gla,fusion,red,1,217.98100799181,217.98100799181,217.98100799181,217.98100799181
rt,mo58a,gla,int,blue,1,4.60093263713063,4.60093263713063,4.60093263713063,4.60093263713063
rt,mo58a,gla,int,green,1,9.33128448390262,9.33128448390262,9.33128448390262,9.33128448390262
rt,mo58a,gla,int,red,1,6.57566065662274,6.57566065662274,6.57566065662274,6.57566065662274
rt,mo58a,gla,int,white,1,9.18766938947777,9.18766938947777,9.18766938947777,9.18766938947777
rt,mo58a,gri,FV,blue,1,23.735510261225,23.735510261225,23.735510261225,23.735510261225
rt,mo58a,gri,FV,green,1,24.3013416239416,24.3013416239416,24.3013416239416,24.3013416239416
rt,mo58a,gri,FV,red,1,59.0672157638804,59.0672157638804,59.0672157638804,59.0672157638804
rt,mo58a,gri,conf,blue,1,1.4516934869378,1.4516934869378,1.4516934869378,1.4516934869378
rt,mo58a,gri,conf,green,1,10.6259325473169,10.6259325473169,10.6259325473169,10.6259325473169
rt,mo58a,gri,conf,red,1,19.406598867378,19.406598867378,19.406598867378,19.406598867378
rt,mo58a,gri,fusion,blue,1,40.6130696222544,40.6130696222544,40.6130696222544,40.6130696222544
rt,mo58a,gri,fusion,green,1,38.5733357260201,38.5733357260201,38.5733357260201,38.5733357260201
rt,mo58a,gri,fusion,red,1,47.0791369525268,47.0791369525268,47.0791369525268,47.0791369525268
rt,mo58a,gri,int,blue,1,13.1411427592521,13.1411427592521,13.1411427592521,13.1411427592521
rt,mo58a,gri,int,green,1,8.39849232177098,8.39849232177098,8.39849232177098,8.39849232177098
rt,mo58a,gri,int,red,1,12.4815900953344,12.4815900953344,12.4815900953344,12.4815900953344
rt,mo58a,gri,int,white,1,9.13067061472426,9.13067061472426,9.13067061472426,9.13067061472426
rt,mo58a,hon,FV,blue,1,10.3399678933777,10.3399678933777,10.3399678933777,10.3399678933777
rt,mo58a,hon,FV,green,1,1.05495747798564,1.05495747798564,1.05495747798564,1.05495747798564
rt,mo58a,hon,FV,red,1,25.9493911415023,25.9493911415023,25.9493911415023,25.9493911415023
rt,mo58a,hon,conf,blue,1,20.7246176115701,20.7246176115701,20.7246176115701,20.7246176115701
rt,mo58a,hon,conf,green,1,6.17474181597958,6.17474181597958,6.17474181597958,6.17474181597958
rt,mo58a,hon,conf,red,1,1.6581988186003,1.6581988186003,1.6581988186003,1.6581988186003
rt,mo58a,hon,fusion,blue,1,4.74188706056885,4.74188706056885,4.74188706056885,4.74188706056885
rt,mo58a,hon,fusion,green,1,19.1568406441382,19.1568406441382,19.1568406441382,19.1568406441382
rt,mo58a,hon,fusion,red,1,26.5439973660841,26.5439973660841,26.5439973660841,26.5439973660841
rt,mo58a,hon,int,blue,1,35.0618197051155,35.0618197051155,35.0618197051155,35.0618197051155
rt,mo58a,hon,int,green,1,21.5211577912919,21.5211577912919,21.5211577912919,21.5211577912919
rt,mo58a,hon,int,red,1,24.3364037912684,24.3364037912684,24.3364037912684,24.3364037912684
rt,mo58a,hon,int,white,1,21.447704848089298,21.447704848089298,21.447704848089298,21.447704848089298
rt,mo58a,mf,FV,blue,1,208.929197423897,208.929197423897,208.929197423897,208.929197423897
rt,mo58a,mf,FV,green,1,75.6545275560686,75.6545275560686,75.6545275560686,75.6545275560686
rt,mo58a,mf,FV,red,1,102.189733435373,102.189733435373,102.189733435373,102.189733435373
rt,mo58a,mf,conf,blue,1,120.3869089064,120.3869089064,120.3869089064,120.3869089064
rt,mo58a,mf,conf,green,1,138.506784741617,138.506784741617,138.506784741617,138.506784741617
rt,mo58a,mf,conf,red,1,175.001375421536,175.001375421536,175.001375421536,175.001375421536
rt,mo58a,mf,fusion,blue,1,183.641805385052,183.641805385052,183.641805385052,183.641805385052
rt,mo58a,mf,fusion,green,1,195.864284434733,195.864284434733,195.864284434733,195.864284434733
rt,mo58a,mf,fusion,red,1,273.396543955161,273.396543955161,273.396543955161,273.396543955161
rt,mo58a,mf,int,blue,1,36.9440264904642,36.9440264904642,36.9440264904642,36.9440264904642
rt,mo58a,mf,int,green,1,17.1202366836894,17.1202366836894,17.1202366836894,17.1202366836894
rt,mo58a,mf,int,red,1,136.702468115945,136.702468115945,136.702468115945,136.702468115945
rt,mo58a,mf,int,white,1,24.1975741866333,24.1975741866333,24.1975741866333,24.1975741866333
rt,mo58a,mr,FV,blue,1,7.7592703029984,7.7592703029984,7.7592703029984,7.7592703029984
rt,mo58a,mr,FV,green,1,50.5426640612815,50.5426640612815,50.5426640612815,50.5426640612815
rt,mo58a,mr,FV,red,1,53.2870083106913,53.2870083106913,53.2870083106913,53.2870083106913
rt,mo58a,mr,conf,blue,1,35.154238175229,35.154238175229,35.154238175229,35.154238175229
rt,mo58a,mr,conf,green,1,35.9807488020915,35.9807488020915,35.9807488020915,35.9807488020915
rt,mo58a,mr,conf,red,1,30.3608610576996,30.3608610576996,30.3608610576996,30.3608610576996
rt,mo58a,mr,fusion,blue,1,21.7847409952038,21.7847409952038,21.7847409952038,21.7847409952038
rt,mo58a,mr,fusion,green,1,19.1160792478958,19.1160792478958,19.1160792478958,19.1160792478958
rt,mo58a,mr,fusion,red,1,13.2420369476574,13.2420369476574,13.2420369476574,13.2420369476574
rt,mo58a,mr,int,blue,1,43.6455381359137,43.6455381359137,43.6455381359137,43.6455381359137
rt,mo58a,mr,int,green,1,61.439918357903,61.439918357903,61.439918357903,61.439918357903
rt,mo58a,mr,int,red,1,59.0239491865379,59.0239491865379,59.0239491865379,59.0239491865379
rt,mo58a,mr,int,white,1,61.7104440027267,61.7104440027267,61.7104440027267,61.7104440027267
rt,mo58a,tf,FV,blue,1,61.5719245447608,61.5719245447608,61.5719245447608,61.5719245447608
rt,mo58a,tf,FV,green,1,67.4728397269123,67.4728397269123,67.4728397269123,67.4728397269123
rt,mo58a,tf,FV,red,1,64.6813409964197,64.6813409964197,64.6813409964197,64.6813409964197
rt,mo58a,tf,conf,blue,1,62.1150830414358,62.1150830414358,62.1150830414358,62.1150830414358
rt,mo58a,tf,conf,green,1,60.322272384023,60.322272384023,60.322272384023,60.322272384023
rt,mo58a,tf,conf,red,1,56.4688988401139,56.4688988401139,56.4688988401139,56.4688988401139
rt,mo58a,tf,fusion,blue,1,56.7130847382937,56.7130847382937,56.7130847382937,56.7130847382937
rt,mo58a,tf,fusion,green,1,53.8104239976654,53.8104239976654,53.8104239976654,53.8104239976654
rt,mo58a,tf,fusion,red,1,49.4031192626966,49.4031192626966,49.4031192626966,49.4031192626966
rt,mo58a,tf,int,blue,1,62.7599400774875,62.7599400774875,62.7599400774875,62.7599400774875
rt,mo58a,tf,int,green,1,66.5896625948466,66.5896625948466,66.5896625948466,66.5896625948466
rt,mo58a,tf,int,red,1,65.7469593490712,65.7469593490712,65.7469593490712,65.7469593490712
rt,mo58a,tf,int,white,1,66.6550230249367,66.6550230249367,66.6550230249367,66.6550230249367
rt,mo58a,tr,FV,blue,1,20.5576594836882,20.5576594836882,20.5576594836882,20.5576594836882
rt,mo58a,tr,FV,green,1,32.135421275503,32.135421275503,32.135421275503,32.135421275503
rt,mo58a,tr,FV,red,1,26.8207001612489,26.8207001612489,26.8207001612489,26.8207001612489
rt,mo58a,tr,conf,blue,1,27.0952836081785,27.0952836081785,27.0952836081785,27.0952836081785
rt,mo58a,tr,conf,green,1,24.4676399923061,24.4676399923061,24.4676399923061,24.4676399923061
rt,mo58a,tr,conf,red,1,19.0597862868866,19.0597862868866,19.0597862868866,19.0597862868866
rt,mo58a,tr,fusion,blue,1,13.3025978131717,13.3025978131717,13.3025978131717,13.3025978131717
rt,mo58a,tr,fusion,green,1,13.4986501790618,13.4986501790618,13.4986501790618,13.4986501790618
rt,mo58a,tr,fusion,red,1,5.95720541023854,5.95720541023854,5.95720541023854,5.95720541023854
rt,mo58a,tr,int,blue,1,29.5193286074104,29.5193286074104,29.5193286074104,29.5193286074104
rt,mo58a,tr,int,green,1,36.9928251469557,36.9928251469557,36.9928251469557,36.9928251469557
rt,mo58a,tr,int,red,1,33.4036440366027,33.4036440366027,33.4036440366027,33.4036440366027
rt,mo58a,tr,int,white,1,36.7034748280123,36.7034748280123,36.7034748280123,36.7034748280123
rt,mo58a,wedm_f,FV,blue,1,31.6791996505804,31.6791996505804,31.6791996505804,31.6791996505804
rt,mo58a,wedm_f,FV,green,1,12.8522220546816,12.8522220546816,12.8522220546816,12.8522220546816
rt,mo58a,wedm_f,FV,red,1,35.1969715231942,35.1969715231942,35.1969715231942,35.1969715231942
rt,mo58a,wedm_f,conf,blue,1,50.6726719139291,50.6726719139291,50.6726719139291,50.6726719139291
rt,mo58a,wedm_f,conf,green,1,55.7039218804257,55.7039218804257,55.7039218804257,55.7039218804257
rt,mo58a,wedm_f,conf,red,1,76.4315979283733,76.4315979283733,76.4315979283733,76.4315979283733
rt,mo58a,wedm_f,fusion,blue,1,105.345227555787,105.345227555787,105.345227555787,105.345227555787
rt,mo58a,wedm_f,fusion,green,1,114.855876583758,114.855876583758,114.855876583758,114.855876583758
rt,mo58a,wedm_f,fusion,red,1,149.574682315779,149.574682315779,149.574682315779,149.574682315779
rt,mo58a,wedm_f,int,blue,1,16.2081289203694,16.2081289203694,16.2081289203694,16.2081289203694
rt,mo58a,wedm_f,int,green,1,10.6507680935067,10.6507680935067,10.6507680935067,10.6507680935067
rt,mo58a,wedm_f,int,red,1,15.4813931997844,15.4813931997844,15.4813931997844,15.4813931997844
rt,mo58a,wedm_f,int,white,1,9.76966624041928,9.76966624041928,9.76966624041928,9.76966624041928
rt,mo58a,wedm_r,FV,blue,1,35.8924781297976,35.8924781297976,35.8924781297976,35.8924781297976
rt,mo58a,wedm_r,FV,green,1,34.4292604789956,34.4292604789956,34.4292604789956,34.4292604789956
rt,mo58a,wedm_r,FV,red,1,30.6236048475628,30.6236048475628,30.6236048475628,30.6236048475628
rt,mo58a,wedm_r,conf,blue,1,30.3642316911079,30.3642316911079,30.3642316911079,30.3642316911079
rt,mo58a,wedm_r,conf,green,1,9.38284951885492,9.38284951885492,9.38284951885492,9.38284951885492
rt,mo58a,wedm_r,conf,red,1,4.42880617620796,4.42880617620796,4.42880617620796,4.42880617620796
rt,mo58a,wedm_r,fusion,blue,1,25.7746918552656,25.7746918552656,25.7746918552656,25.7746918552656
rt,mo58a,wedm_r,fusion,green,1,6.03215122827888,6.03215122827888,6.03215122827888,6.03215122827888
rt,mo58a,wedm_r,fusion,red,1,24.0699098092345,24.0699098092345,24.0699098092345,24.0699098092345
rt,mo58a,wedm_r,int,blue,1,38.2550568061169,38.2550568061169,38.2550568061169,38.2550568061169
rt,mo58a,wedm_r,int,green,1,25.6344278944713,25.6344278944713,25.6344278944713,25.6344278944713
rt,mo58a,wedm_r,int,red,1,27.1684972850468,27.1684972850468,27.1684972850468,27.1684972850468
rt,mo58a,wedm_r,int,white,1,25.3839437821717,25.3839437821717,25.3839437821717,25.3839437821717
rt,ti6al4v,b,FV,blue,1,153.12059926688,153.12059926688,153.12059926688,153.12059926688
rt,ti6al4v,b,FV,green,1,67.1214959722855,67.1214959722855,67.1214959722855,67.1214959722855
rt,ti6al4v,b,FV,red,1,57.7997638628723,57.7997638628723,57.7997638628723,57.7997638628723
rt,ti6al4v,b,conf,blue,1,95.1181922197951,95.1181922197951,95.1181922197951,95.1181922197951
rt,ti6al4v,b,conf,green,1,133.006321771248,133.006321771248,133.006321771248,133.006321771248
rt,ti6al4v,b,conf,red,1,177.200808590695,177.200808590695,177.200808590695,177.200808590695
rt,ti6al4v,b,fusion,blue,1,136.310733977643,136.310733977643,136.310733977643,136.310733977643
rt,ti6al4v,b,fusion,green,1,169.468211387246,169.468211387246,169.468211387246,169.468211387246
rt,ti6al4v,b,fusion,red,1,212.389328836863,212.389328836863,212.389328836863,212.389328836863
rt,ti6al4v,b,int,blue,1,141.595383507944,141.595383507944,141.595383507944,141.595383507944
rt,ti6al4v,b,int,green,1,32.5712271181254,32.5712271181254,32.5712271181254,32.5712271181254
rt,ti6al4v,b,int,red,1,80.0677067189241,80.0677067189241,80.0677067189241,80.0677067189241
rt,ti6al4v,b,int,white,1,24.6401369108935,24.6401369108935,24.6401369108935,24.6401369108935
rt,ti6al4v,gla,FV,blue,1,14.0189437637766,14.0189437637766,14.0189437637766,14.0189437637766
rt,ti6al4v,gla,FV,green,1,23.4138752404228,23.4138752404228,23.4138752404228,23.4138752404228
rt,ti6al4v,gla,FV,red,1,2.48786418353282,2.48786418353282,2.48786418353282,2.48786418353282
rt,ti6al4v,gla,conf,blue,1,25.5084742084153,25.5084742084153,25.5084742084153,25.5084742084153
rt,ti6al4v,gla,conf,green,1,37.5426016343693,37.5426016343693,37.5426016343693,37.5426016343693
rt,ti6al4v,gla,conf,red,1,51.1426030893829,51.1426030893829,51.1426030893829,51.1426030893829
rt,ti6al4v,gla,fusion,blue,1,72.0100985067276,72.0100985067276,72.0100985067276,72.0100985067276
rt,ti6al4v,gla,fusion,green,1,92.2397284620658,92.2397284620658,92.2397284620658,92.2397284620658
rt,ti6al4v,gla,fusion,red,1,142.694172049367,142.694172049367,142.694172049367,142.694172049367
rt,ti6al4v,gla,int,blue,1,32.1446734329175,32.1446734329175,32.1446734329175,32.1446734329175
rt,ti6al4v,gla,int,green,1,26.4692531848237,26.4692531848237,26.4692531848237,26.4692531848237
rt,ti6al4v,gla,int,red,1,33.124719469739,33.124719469739,33.124719469739,33.124719469739
rt,ti6al4v,gla,int,white,1,26.8307687051562,26.8307687051562,26.8307687051562,26.8307687051562
rt,ti6al4v,gri,FV,blue,1,48.3173265847856,48.3173265847856,48.3173265847856,48.3173265847856
rt,ti6al4v,gri,FV,green,1,23.7889008742985,23.7889008742985,23.7889008742985,23.7889008742985
rt,ti6al4v,gri,FV,red,1,36.6867571196403,36.6867571196403,36.6867571196403,36.6867571196403
rt,ti6al4v,gri,conf,blue,1,32.334077818192704,32.334077818192704,32.334077818192704,32.334077818192704
rt,ti6al4v,gri,conf,green,1,45.9720182671256,45.9720182671256,45.9720182671256,45.9720182671256
rt,ti6al4v,gri,conf,red,1,61.4344717556279,61.4344717556279,61.4344717556279,61.4344717556279
rt,ti6al4v,gri,fusion,blue,1,66.0368644748685,66.0368644748685,66.0368644748685,66.0368644748685
rt,ti6al4v,gri,fusion,green,1,65.9769416019831,65.9769416019831,65.9769416019831,65.9769416019831
rt,ti6al4v,gri,fusion,red,1,83.2657310389988,83.2657310389988,83.2657310389988,83.2657310389988
rt,ti6al4v,gri,int,blue,1,27.1590242698181,27.1590242698181,27.1590242698181,27.1590242698181
rt,ti6al4v,gri,int,green,1,12.3421531933643,12.3421531933643,12.3421531933643,12.3421531933643
rt,ti6al4v,gri,int,red,1,18.774821707815,18.774821707815,18.774821707815,18.774821707815
rt,ti6al4v,gri,int,white,1,10.7420531603118,10.7420531603118,10.7420531603118,10.7420531603118
rt,ti6al4v,hon,FV,blue,1,44.2962649074552,44.2962649074552,44.2962649074552,44.2962649074552
rt,ti6al4v,hon,FV,green,1,37.5051671316471,37.5051671316471,37.5051671316471,37.5051671316471
rt,ti6al4v,hon,FV,red,1,83.6094910707374,83.6094910707374,83.6094910707374,83.6094910707374
rt,ti6al4v,hon,conf,blue,1,14.1064195579802,14.1064195579802,14.1064195579802,14.1064195579802
rt,ti6al4v,hon,conf,green,1,31.8714125529353,31.8714125529353,31.8714125529353,31.8714125529353
rt,ti6al4v,hon,conf,red,1,45.8664332167457,45.8664332167457,45.8664332167457,45.8664332167457
rt,ti6al4v,hon,fusion,blue,1,67.4688680175814,67.4688680175814,67.4688680175814,67.4688680175814
rt,ti6al4v,hon,fusion,green,1,73.5111226346906,73.5111226346906,73.5111226346906,73.5111226346906
rt,ti6al4v,hon,fusion,red,1,85.2385593078691,85.2385593078691,85.2385593078691,85.2385593078691
rt,ti6al4v,hon,int,blue,1,17.5584893062612,17.5584893062612,17.5584893062612,17.5584893062612
rt,ti6al4v,hon,int,green,1,12.4308500908863,12.4308500908863,12.4308500908863,12.4308500908863
rt,ti6al4v,hon,int,red,1,20.559574052129,20.559574052129,20.559574052129,20.559574052129
rt,ti6al4v,hon,int,white,1,13.0438297496479,13.0438297496479,13.0438297496479,13.0438297496479
rt,ti6al4v,mf,FV,blue,1,44.1042893400078,44.1042893400078,44.1042893400078,44.1042893400078
rt,ti6al4v,mf,FV,green,1,1.83561911804466,1.83561911804466,1.83561911804466,1.83561911804466
rt,ti6al4v,mf,FV,red,1,4.88124957597195,4.88124957597195,4.88124957597195,4.88124957597195
rt,ti6al4v,mf,conf,blue,1,23.2299788758296,23.2299788758296,23.2299788758296,23.2299788758296
rt,ti6al4v,mf,conf,green,1,43.9849765916431,43.9849765916431,43.9849765916431,43.9849765916431
rt,ti6al4v,mf,conf,red,1,61.6454715387598,61.6454715387598,61.6454715387598,61.6454715387598
rt,ti6al4v,mf,fusion,blue,1,50.523787116322,50.523787116322,50.523787116322,50.523787116322
rt,ti6al4v,mf,fusion,green,1,71.5044854653033,71.5044854653033,71.5044854653033,71.5044854653033
rt,ti6al4v,mf,fusion,red,1,93.9312195237186,93.9312195237186,93.9312195237186,93.9312195237186
rt,ti6al4v,mf,int,blue,1,2.12205035226253,2.12205035226253,2.12205035226253,2.12205035226253
rt,ti6al4v,mf,int,green,1,21.0227831094374,21.0227831094374,21.0227831094374,21.0227831094374
rt,ti6al4v,mf,int,red,1,9.27016765167674,9.27016765167674,9.27016765167674,9.27016765167674
rt,ti6al4v,mf,int,white,1,21.2751001591644,21.2751001591644,21.2751001591644,21.2751001591644
rt,ti6al4v,mr,FV,blue,1,40.9427321434358,40.9427321434358,40.9427321434358,40.9427321434358
rt,ti6al4v,mr,FV,green,1,66.891204515082,66.891204515082,66.891204515082,66.891204515082
rt,ti6al4v,mr,FV,red,1,64.2768841320759,64.2768841320759,64.2768841320759,64.2768841320759
rt,ti6al4v,mr,conf,blue,1,59.6663320218113,59.6663320218113,59.6663320218113,59.6663320218113
rt,ti6al4v,mr,conf,green,1,53.7618794275922,53.7618794275922,53.7618794275922,53.7618794275922
rt,ti6al4v,mr,conf,red,1,46.3425308654918,46.3425308654918,46.3425308654918,46.3425308654918
rt,ti6al4v,mr,fusion,blue,1,47.498449851135,47.498449851135,47.498449851135,47.498449851135
rt,ti6al4v,mr,fusion,green,1,39.7035793897937,39.7035793897937,39.7035793897937,39.7035793897937
rt,ti6al4v,mr,fusion,red,1,31.8479201600953,31.8479201600953,31.8479201600953,31.8479201600953
rt,ti6al4v,mr,int,blue,1,43.0041229933277,43.0041229933277,43.0041229933277,43.0041229933277
rt,ti6al4v,mr,int,green,1,79.6535543833297,79.6535543833297,79.6535543833297,79.6535543833297
rt,ti6al4v,mr,int,red,1,36.0038312608526,36.0038312608526,36.0038312608526,36.0038312608526
rt,ti6al4v,mr,int,white,1,79.4736049078703,79.4736049078703,79.4736049078703,79.4736049078703
rt,ti6al4v,tf,FV,blue,1,26.0841272528015,26.0841272528015,26.0841272528015,26.0841272528015
rt,ti6al4v,tf,FV,green,1,36.6249436904533,36.6249436904533,36.6249436904533,36.6249436904533
rt,ti6al4v,tf,FV,red,1,25.7147538465076,25.7147538465076,25.7147538465076,25.7147538465076
rt,ti6al4v,tf,conf,blue,1,30.3424169442453,30.3424169442453,30.3424169442453,30.3424169442453
rt,ti6al4v,tf,conf,green,1,21.8707003427741,21.8707003427741,21.8707003427741,21.8707003427741
rt,ti6al4v,tf,conf,red,1,8.55483774324365,8.55483774324365,8.55483774324365,8.55483774324365
rt,ti6al4v,tf,fusion,blue,1,19.5713663836418,19.5713663836418,19.5713663836418,19.5713663836418
rt,ti6al4v,tf,fusion,green,1,10.7519966764209,10.7519966764209,10.7519966764209,10.7519966764209
rt,ti6al4v,tf,fusion,red,1,3.53028222255777,3.53028222255777,3.53028222255777,3.53028222255777
rt,ti6al4v,tf,int,blue,1,14.7039713621756,14.7039713621756,14.7039713621756,14.7039713621756
rt,ti6al4v,tf,int,green,1,45.0022276414879,45.0022276414879,45.0022276414879,45.0022276414879
rt,ti6al4v,tf,int,red,1,27.6549358163299,27.6549358163299,27.6549358163299,27.6549358163299
rt,ti6al4v,tf,int,white,1,44.6862500511332,44.6862500511332,44.6862500511332,44.6862500511332
rt,ti6al4v,tr,FV,blue,1,43.1600715619411,43.1600715619411,43.1600715619411,43.1600715619411
rt,ti6al4v,tr,FV,green,1,40.8571586383809,40.8571586383809,40.8571586383809,40.8571586383809
rt,ti6al4v,tr,FV,red,1,31.2992792845102,31.2992792845102,31.2992792845102,31.2992792845102
rt,ti6al4v,tr,conf,blue,1,37.9810929218285,37.9810929218285,37.9810929218285,37.9810929218285
rt,ti6al4v,tr,conf,green,1,24.4397474324806,24.4397474324806,24.4397474324806,24.4397474324806
rt,ti6al4v,tr,conf,red,1,14.3782273605352,14.3782273605352,14.3782273605352,14.3782273605352
rt,ti6al4v,tr,fusion,blue,1,21.8317658513082,21.8317658513082,21.8317658513082,21.8317658513082
rt,ti6al4v,tr,fusion,green,1,10.6948314611236,10.6948314611236,10.6948314611236,10.6948314611236
rt,ti6al4v,tr,fusion,red,1,0.778933832137739,0.778933832137739,0.778933832137739,0.778933832137739
rt,ti6al4v,tr,int,blue,1,30.70405553312,30.70405553312,30.70405553312,30.70405553312
rt,ti6al4v,tr,int,green,1,46.9208136015395,46.9208136015395,46.9208136015395,46.9208136015395
rt,ti6al4v,tr,int,red,1,44.6727060763406,44.6727060763406,44.6727060763406,44.6727060763406
rt,ti6al4v,tr,int,white,1,46.8699067016229,46.8699067016229,46.8699067016229,46.8699067016229
rt,ti6al4v,wedm_f,FV,blue,1,39.0464277281057,39.0464277281057,39.0464277281057,39.0464277281057
rt,ti6al4v,wedm_f,FV,green,1,25.1996510755122,25.1996510755122,25.1996510755122,25.1996510755122
rt,ti6al4v,wedm_f,FV,red,1,62.5116708640099,62.5116708640099,62.5116708640099,62.5116708640099
rt,ti6al4v,wedm_f,conf,blue,1,66.7000003070952,66.7000003070952,66.7000003070952,66.7000003070952
rt,ti6al4v,wedm_f,conf,green,1,91.8389606932555,91.8389606932555,91.8389606932555,91.8389606932555
rt,ti6al4v,wedm_f,conf,red,1,116.504882554005,116.504882554005,116.504882554005,116.504882554005
rt,ti6al4v,wedm_f,fusion,blue,1,148.852999963174,148.852999963174,148.852999963174,148.852999963174
rt,ti6al4v,wedm_f,fusion,green,1,160.351526750426,160.351526750426,160.351526750426,160.351526750426
rt,ti6al4v,wedm_f,fusion,red,1,199.822667457998,199.822667457998,199.822667457998,199.822667457998
rt,ti6al4v,wedm_f,int,blue,1,15.9681600939858,15.9681600939858,15.9681600939858,15.9681600939858
rt,ti6al4v,wedm_f,int,green,1,33.4887791069817,33.4887791069817,33.4887791069817,33.4887791069817
rt,ti6al4v,wedm_f,int,red,1,32.4443327685071,32.4443327685071,32.4443327685071,32.4443327685071
rt,ti6al4v,wedm_f,int,white,1,34.2520081822956,34.2520081822956,34.2520081822956,34.2520081822956
rt,ti6al4v,wedm_r,FV,blue,1,14.5708765897207,14.5708765897207,14.5708765897207,14.5708765897207
rt,ti6al4v,wedm_r,FV,green,1,13.2532418125065,13.2532418125065,13.2532418125065,13.2532418125065
rt,ti6al4v,wedm_r,FV,red,1,10.6289181648861,10.6289181648861,10.6289181648861,10.6289181648861
rt,ti6al4v,wedm_r,conf,blue,1,20.0713037336086,20.0713037336086,20.0713037336086,20.0713037336086
rt,ti6al4v,wedm_r,conf,green,1,58.030368866199,58.030368866199,58.030368866199,58.030368866199
rt,ti6al4v,wedm_r,conf,red,1,79.3673290264813,79.3673290264813,79.3673290264813,79.3673290264813
rt,ti6al4v,wedm_r,fusion,blue,1,85.5450587685104,85.5450587685104,85.5450587685104,85.5450587685104
rt,ti6al4v,wedm_r,fusion,green,1,160.766488158001,160.766488158001,160.766488158001,160.766488158001
rt,ti6al4v,wedm_r,fusion,red,1,172.953751479292,172.953751479292,172.953751479292,172.953751479292
rt,ti6al4v,wedm_r,int,blue,1,27.360584451505,27.360584451505,27.360584451505,27.360584451505
rt,ti6al4v,wedm_r,int,green,1,8.18060315246036,8.18060315246036,8.18060315246036,8.18060315246036
rt,ti6al4v,wedm_r,int,red,1,9.10835209652346,9.10835209652346,9.10835209652346,9.10835209652346
rt,ti6al4v,wedm_r,int,white,1,9.21294855740645,9.21294855740645,9.21294855740645,9.21294855740645
rv,14301,b,FV,blue,1,241.52473502294,241.52473502294,241.52473502294,241.52473502294
rv,14301,b,FV,green,1,46.5795099180261,46.5795099180261,46.5795099180261,46.5795099180261
rv,14301,b,FV,red,1,49.8554316689771,49.8554316689771,49.8554316689771,49.8554316689771
rv,14301,b,conf,blue,1,119.581214109188,119.581214109188,119.581214109188,119.581214109188
rv,14301,b,conf,green,1,136.866523328393,136.866523328393,136.866523328393,136.866523328393
rv,14301,b,conf,red,1,180.760037918694,180.760037918694,180.760037918694,180.760037918694
rv,14301,b,fusion,blue,1,183.308873445468,183.308873445468,183.308873445468,183.308873445468
rv,14301,b,fusion,green,1,208.23059166188,208.23059166188,208.23059166188,208.23059166188
rv,14301,b,fusion,red,1,281.727396097815,281.727396097815,281.727396097815,281.727396097815
rv,14301,b,int,blue,1,101.05025551431,101.05025551431,101.05025551431,101.05025551431
rv,14301,b,int,green,1,34.8070793123187,34.8070793123187,34.8070793123187,34.8070793123187
rv,14301,b,int,red,1,102.150034595449,102.150034595449,102.150034595449,102.150034595449
rv,14301,b,int,white,1,35.5073968595628,35.5073968595628,35.5073968595628,35.5073968595628
rv,14301,gla,FV,blue,1,18.4727602833405,18.4727602833405,18.4727602833405,18.4727602833405
rv,14301,gla,FV,green,1,15.0762585988079,15.0762585988079,15.0762585988079,15.0762585988079
rv,14301,gla,FV,red,1,1.17159252250107,1.17159252250107,1.17159252250107,1.17159252250107
rv,14301,gla,conf,blue,1,56.8172514079947,56.8172514079947,56.8172514079947,56.8172514079947
rv,14301,gla,conf,green,1,100.404966744433,100.404966744433,100.404966744433,100.404966744433
rv,14301,gla,conf,red,1,133.033009387964,133.033009387964,133.033009387964,133.033009387964
rv,14301,gla,fusion,blue,1,103.900454015608,103.900454015608,103.900454015608,103.900454015608
rv,14301,gla,fusion,green,1,167.888708761812,167.888708761812,167.888708761812,167.888708761812
rv,14301,gla,fusion,red,1,225.744462026612,225.744462026612,225.744462026612,225.744462026612
rv,14301,gla,int,blue,1,7.43588262250503,7.43588262250503,7.43588262250503,7.43588262250503
rv,14301,gla,int,green,1,7.40897921988656,7.40897921988656,7.40897921988656,7.40897921988656
rv,14301,gla,int,red,1,13.9041527375989,13.9041527375989,13.9041527375989,13.9041527375989
rv,14301,gla,int,white,1,7.63494315894757,7.63494315894757,7.63494315894757,7.63494315894757
rv,14301,gri,FV,blue,1,11.7871062500098,11.7871062500098,11.7871062500098,11.7871062500098
rv,14301,gri,FV,green,1,4.50694523101478,4.50694523101478,4.50694523101478,4.50694523101478
rv,14301,gri,FV,red,1,7.08226163551436,7.08226163551436,7.08226163551436,7.08226163551436
rv,14301,gri,conf,blue,1,8.84121368914377,8.84121368914377,8.84121368914377,8.84121368914377
rv,14301,gri,conf,green,1,14.7967194862425,14.7967194862425,14.7967194862425,14.7967194862425
rv,14301,gri,conf,red,1,23.6506094367815,23.6506094367815,23.6506094367815,23.6506094367815
rv,14301,gri,fusion,blue,1,21.5952324814688,21.5952324814688,21.5952324814688,21.5952324814688
rv,14301,gri,fusion,green,1,37.4049068409687,37.4049068409687,37.4049068409687,37.4049068409687
rv,14301,gri,fusion,red,1,48.9542857101804,48.9542857101804,48.9542857101804,48.9542857101804
rv,14301,gri,int,blue,1,4.76599078575891,4.76599078575891,4.76599078575891,4.76599078575891
rv,14301,gri,int,green,1,5.63148352937813,5.63148352937813,5.63148352937813,5.63148352937813
rv,14301,gri,int,red,1,0.943086055698126,0.943086055698126,0.943086055698126,0.943086055698126
rv,14301,gri,int,white,1,7.11265827899599,7.11265827899599,7.11265827899599,7.11265827899599
rv,14301,hon,FV,blue,1,28.3874949982319,28.3874949982319,28.3874949982319,28.3874949982319
rv,14301,hon,FV,green,1,41.5264685351078,41.5264685351078,41.5264685351078,41.5264685351078
rv,14301,hon,FV,red,1,92.9403691412587,92.9403691412587,92.9403691412587,92.9403691412587
rv,14301,hon,conf,blue,1,39.7443278690896,39.7443278690896,39.7443278690896,39.7443278690896
rv,14301,hon,conf,green,1,84.8681119393561,84.8681119393561,84.8681119393561,84.8681119393561
rv,14301,hon,conf,red,1,109.733957387106,109.733957387106,109.733957387106,109.733957387106
rv,14301,hon,fusion,blue,1,73.51635980747,73.51635980747,73.51635980747,73.51635980747
rv,14301,hon,fusion,green,1,134.796926880033,134.796926880033,134.796926880033,134.796926880033
rv,14301,hon,fusion,red,1,157.386491244691,157.386491244691,157.386491244691,157.386491244691
rv,14301,hon,int,blue,1,4.23256403983397,4.23256403983397,4.23256403983397,4.23256403983397
rv,14301,hon,int,green,1,0.887484414769182,0.887484414769182,0.887484414769182,0.887484414769182
rv,14301,hon,int,red,1,0.541262145268473,0.541262145268473,0.541262145268473,0.541262145268473
rv,14301,hon,int,white,1,1.09455597105402,1.09455597105402,1.09455597105402,1.09455597105402
rv,14301,mf,FV,blue,1,202.093853934823,202.093853934823,202.093853934823,202.093853934823
rv,14301,mf,FV,green,1,74.5457300656581,74.5457300656581,74.5457300656581,74.5457300656581
rv,14301,mf,FV,red,1,89.1040682200063,89.1040682200063,89.1040682200063,89.1040682200063
rv,14301,mf,conf,blue,1,136.233926094077,136.233926094077,136.233926094077,136.233926094077
rv,14301,mf,conf,green,1,183.802554508605,183.802554508605,183.802554508605,183.802554508605
rv,14301,mf,conf,red,1,232.619061953444,232.619061953444,232.619061953444,232.619061953444
rv,14301,mf,fusion,blue,1,183.804525446991,183.804525446991,183.804525446991,183.804525446991
rv,14301,mf,fusion,green,1,275.346012029808,275.346012029808,275.346012029808,275.346012029808
rv,14301,mf,fusion,red,1,335.709969998771,335.709969998771,335.709969998771,335.709969998771
rv,14301,mf,int,blue,1,191.66536854768,191.66536854768,191.66536854768,191.66536854768
rv,14301,mf,int,green,1,24.7786624583952,24.7786624583952,24.7786624583952,24.7786624583952
rv,14301,mf,int,red,1,79.7175377239966,79.7175377239966,79.7175377239966,79.7175377239966
rv,14301,mf,int,white,1,26.0862829130773,26.0862829130773,26.0862829130773,26.0862829130773
rv,14301,mr,FV,blue,1,49.873573576795,49.873573576795,49.873573576795,49.873573576795
rv,14301,mr,FV,green,1,69.5606947625698,69.5606947625698,69.5606947625698,69.5606947625698
rv,14301,mr,FV,red,1,70.641668464399,70.641668464399,70.641668464399,70.641668464399
rv,14301,mr,conf,blue,1,71.9632216181281,71.9632216181281,71.9632216181281,71.9632216181281
rv,14301,mr,conf,green,1,66.1634470581489,66.1634470581489,66.1634470581489,66.1634470581489
rv,14301,mr,conf,red,1,60.6388728343717,60.6388728343717,60.6388728343717,60.6388728343717
rv,14301,mr,fusion,blue,1,66.6151354846114,66.6151354846114,66.6151354846114,66.6151354846114
rv,14301,mr,fusion,green,1,60.1737964421647,60.1737964421647,60.1737964421647,60.1737964421647
rv,14301,mr,fusion,red,1,54.5717886098073,54.5717886098073,54.5717886098073,54.5717886098073
rv,14301,mr,int,blue,1,33.8363718035481,33.8363718035481,33.8363718035481,33.8363718035481
rv,14301,mr,int,green,1,83.7624955562457,83.7624955562457,83.7624955562457,83.7624955562457
rv,14301,mr,int,red,1,42.6701101645417,42.6701101645417,42.6701101645417,42.6701101645417
rv,14301,mr,int,white,1,85.1343292732203,85.1343292732203,85.1343292732203,85.1343292732203
rv,14301,tf,FV,blue,1,136.181957996963,136.181957996963,136.181957996963,136.181957996963
rv,14301,tf,FV,green,1,4.42908922562268,4.42908922562268,4.42908922562268,4.42908922562268
rv,14301,tf,FV,red,1,8.09853649291941,8.09853649291941,8.09853649291941,8.09853649291941
rv,14301,tf,conf,blue,1,21.6690829261914,21.6690829261914,21.6690829261914,21.6690829261914
rv,14301,tf,conf,green,1,18.5499530179805,18.5499530179805,18.5499530179805,18.5499530179805
rv,14301,tf,conf,red,1,15.7505597708819,15.7505597708819,15.7505597708819,15.7505597708819
rv,14301,tf,fusion,blue,1,10.8332218212562,10.8332218212562,10.8332218212562,10.8332218212562
rv,14301,tf,fusion,green,1,6.27176563666987,6.27176563666987,6.27176563666987,6.27176563666987
rv,14301,tf,fusion,red,1,1.7771236876658,1.7771236876658,1.7771236876658,1.7771236876658
rv,14301,tf,int,blue,1,4.309839226011,4.309839226011,4.309839226011,4.309839226011
rv,14301,tf,int,green,1,44.8989964069202,44.8989964069202,44.8989964069202,44.8989964069202
rv,14301,tf,int,red,1,27.6568945746961,27.6568945746961,27.6568945746961,27.6568945746961
rv,14301,tf,int,white,1,46.0401743935292,46.0401743935292,46.0401743935292,46.0401743935292
rv,14301,tr,FV,blue,1,24.8910542109978,24.8910542109978,24.8910542109978,24.8910542109978
rv,14301,tr,FV,green,1,56.780677165866,56.780677165866,56.780677165866,56.780677165866
rv,14301,tr,FV,red,1,59.4232651303223,59.4232651303223,59.4232651303223,59.4232651303223
rv,14301,tr,conf,blue,1,57.830801746119,57.830801746119,57.830801746119,57.830801746119
rv,14301,tr,conf,green,1,52.3774770951016,52.3774770951016,52.3774770951016,52.3774770951016
rv,14301,tr,conf,red,1,49.0208548832939,49.0208548832939,49.0208548832939,49.0208548832939
rv,14301,tr,fusion,blue,1,50.8594530020865,50.8594530020865,50.8594530020865,50.8594530020865
rv,14301,tr,fusion,green,1,42.6023261612129,42.6023261612129,42.6023261612129,42.6023261612129
rv,14301,tr,fusion,red,1,38.1583493299675,38.1583493299675,38.1583493299675,38.1583493299675
rv,14301,tr,int,blue,1,44.744443127558,44.744443127558,44.744443127558,44.744443127558
rv,14301,tr,int,green,1,67.6308777499368,67.6308777499368,67.6308777499368,67.6308777499368
rv,14301,tr,int,red,1,58.5780861605776,58.5780861605776,58.5780861605776,58.5780861605776
rv,14301,tr,int,white,1,67.9286875868163,67.9286875868163,67.9286875868163,67.9286875868163
rv,14301,wedm_f,FV,blue,1,25.4567496035017,25.4567496035017,25.4567496035017,25.4567496035017
rv,14301,wedm_f,FV,green,1,6.78549230436868,6.78549230436868,6.78549230436868,6.78549230436868
rv,14301,wedm_f,FV,red,1,14.2629980827371,14.2629980827371,14.2629980827371,14.2629980827371
rv,14301,wedm_f,conf,blue,1,72.2056287462058,72.2056287462058,72.2056287462058,72.2056287462058
rv,14301,wedm_f,conf,green,1,94.3936081999841,94.3936081999841,94.3936081999841,94.3936081999841
rv,14301,wedm_f,conf,red,1,117.552217161288,117.552217161288,117.552217161288,117.552217161288
rv,14301,wedm_f,fusion,blue,1,141.483154376304,141.483154376304,141.483154376304,141.483154376304
rv,14301,wedm_f,fusion,green,1,184.214379254052,184.214379254052,184.214379254052,184.214379254052
rv,14301,wedm_f,fusion,red,1,226.624026978423,226.624026978423,226.624026978423,226.624026978423
rv,14301,wedm_f,int,blue,1,18.3293724445512,18.3293724445512,18.3293724445512,18.3293724445512
rv,14301,wedm_f,int,green,1,12.1516445152012,12.1516445152012,12.1516445152012,12.1516445152012
rv,14301,wedm_f,int,red,1,16.4933231348389,16.4933231348389,16.4933231348389,16.4933231348389
rv,14301,wedm_f,int,white,1,13.5530920635815,13.5530920635815,13.5530920635815,13.5530920635815
rv,14301,wedm_r,FV,blue,1,5.28027894473947,5.28027894473947,5.28027894473947,5.28027894473947
rv,14301,wedm_r,FV,green,1,6.74169108646649,6.74169108646649,6.74169108646649,6.74169108646649
rv,14301,wedm_r,FV,red,1,3.04635602412115,3.04635602412115,3.04635602412115,3.04635602412115
rv,14301,wedm_r,conf,blue,1,6.31068918912771,6.31068918912771,6.31068918912771,6.31068918912771
rv,14301,wedm_r,conf,green,1,13.5059157454175,13.5059157454175,13.5059157454175,13.5059157454175
rv,14301,wedm_r,conf,red,1,22.7681361869384,22.7681361869384,22.7681361869384,22.7681361869384
rv,14301,wedm_r,fusion,blue,1,9.50184661616397,9.50184661616397,9.50184661616397,9.50184661616397
rv,14301,wedm_r,fusion,green,1,37.9795440862776,37.9795440862776,37.9795440862776,37.9795440862776
rv,14301,wedm_r,fusion,red,1,68.251957334076,68.251957334076,68.251957334076,68.251957334076
rv,14301,wedm_r,int,green,1,2.52388275651903,2.52388275651903,2.52388275651903,2.52388275651903
rv,14301,wedm_r,int,red,1,1.82071396923136,1.82071396923136,1.82071396923136,1.82071396923136
rv,14301,wedm_r,int,white,1,2.00532310490071,2.00532310490071,2.00532310490071,2.00532310490071
rv,al7075,b,FV,blue,1,601.675679343036,601.675679343036,601.675679343036,601.675679343036
rv,al7075,b,FV,green,1,157.651428515733,157.651428515733,157.651428515733,157.651428515733
rv,al7075,b,FV,red,1,145.086066416881,145.086066416881,145.086066416881,145.086066416881
rv,al7075,b,conf,blue,1,242.010790174599,242.010790174599,242.010790174599,242.010790174599
rv,al7075,b,conf,green,1,251.157144787429,251.157144787429,251.157144787429,251.157144787429
rv,al7075,b,conf,red,1,335.628207428561,335.628207428561,335.628207428561,335.628207428561
rv,al7075,b,fusion,blue,1,323.339755267324,323.339755267324,323.339755267324,323.339755267324
rv,al7075,b,fusion,green,1,338.160458447684,338.160458447684,338.160458447684,338.160458447684
rv,al7075,b,fusion,red,1,475.314616668253,475.314616668253,475.314616668253,475.314616668253
rv,al7075,b,int,blue,1,323.06009617826,323.06009617826,323.06009617826,323.06009617826
rv,al7075,b,int,green,1,44.8674088287595,44.8674088287595,44.8674088287595,44.8674088287595
rv,al7075,b,int,red,1,864.398270201972,864.398270201972,864.398270201972,864.398270201972
rv,al7075,b,int,white,1,8.3320219603741,8.3320219603741,8.3320219603741,8.3320219603741
rv,al7075,gla,FV,blue,1,7.50597744674914,7.50597744674914,7.50597744674914,7.50597744674914
rv,al7075,gla,FV,green,1,14.1846689336317,14.1846689336317,14.1846689336317,14.1846689336317
rv,al7075,gla,FV,red,1,8.04670296922286,8.04670296922286,8.04670296922286,8.04670296922286
rv,al7075,gla,conf,blue,1,53.0387616825649,53.0387616825649,53.0387616825649,53.0387616825649
rv,al7075,gla,conf,green,1,108.232822885323,108.232822885323,108.232822885323,108.232822885323
rv,al7075,gla,conf,red,1,150.84687971615,150.84687971615,150.84687971615,150.84687971615
rv,al7075,gla,fusion,blue,1,73.5158653326905,73.5158653326905,73.5158653326905,73.5158653326905
rv,al7075,gla,fusion,green,1,141.381042529342,141.381042529342,141.381042529342,141.381042529342
rv,al7075,gla,fusion,red,1,192.531440559395,192.531440559395,192.531440559395,192.531440559395
rv,al7075,gla,int,blue,1,10.6754634509456,10.6754634509456,10.6754634509456,10.6754634509456
rv,al7075,gla,int,green,1,0.214731194232107,0.214731194232107,0.214731194232107,0.214731194232107
rv,al7075,gla,int,red,1,2.62649849120135,2.62649849120135,2.62649849120135,2.62649849120135
rv,al7075,gla,int,white,1,0.0495075099417795,0.0495075099417795,0.0495075099417795,0.0495075099417795
rv,al7075,gri,FV,blue,1,30.3478136740628,30.3478136740628,30.3478136740628,30.3478136740628
rv,al7075,gri,FV,green,1,1.08859468689322,1.08859468689322,1.08859468689322,1.08859468689322
rv,al7075,gri,FV,red,1,16.3236720948147,16.3236720948147,16.3236720948147,16.3236720948147
rv,al7075,gri,conf,blue,1,4.90235257964594,4.90235257964594,4.90235257964594,4.90235257964594
rv,al7075,gri,conf,green,1,23.093070189131,23.093070189131,23.093070189131,23.093070189131
rv,al7075,gri,conf,red,1,41.3867662786857,41.3867662786857,41.3867662786857,41.3867662786857
rv,al7075,gri,fusion,blue,1,20.7731084918524,20.7731084918524,20.7731084918524,20.7731084918524
rv,al7075,gri,fusion,green,1,50.3438949425221,50.3438949425221,50.3438949425221,50.3438949425221
rv,al7075,gri,fusion,red,1,69.9041722653294,69.9041722653294,69.9041722653294,69.9041722653294
rv,al7075,gri,int,blue,1,13.9170634279241,13.9170634279241,13.9170634279241,13.9170634279241
rv,al7075,gri,int,green,1,13.3653169564664,13.3653169564664,13.3653169564664,13.3653169564664
rv,al7075,gri,int,red,1,12.1842904730288,12.1842904730288,12.1842904730288,12.1842904730288
rv,al7075,gri,int,white,1,13.8879844965029,13.8879844965029,13.8879844965029,13.8879844965029
rv,al7075,hon,FV,blue,1,27.8739059746431,27.8739059746431,27.8739059746431,27.8739059746431
rv,al7075,hon,FV,green,1,46.5760171576698,46.5760171576698,46.5760171576698,46.5760171576698
rv,al7075,hon,FV,red,1,36.3964791660105,36.3964791660105,36.3964791660105,36.3964791660105
rv,al7075,hon,conf,blue,1,40.2061058876452,40.2061058876452,40.2061058876452,40.2061058876452
rv,al7075,hon,conf,green,1,24.1283124417392,24.1283124417392,24.1283124417392,24.1283124417392
rv,al7075,hon,conf,red,1,14.2740239801655,14.2740239801655,14.2740239801655,14.2740239801655
rv,al7075,hon,fusion,blue,1,25.5807846142135,25.5807846142135,25.5807846142135,25.5807846142135
rv,al7075,hon,fusion,green,1,2.69747180242318,2.69747180242318,2.69747180242318,2.69747180242318
rv,al7075,hon,fusion,red,1,8.2406111561636,8.2406111561636,8.2406111561636,8.2406111561636
rv,al7075,hon,int,blue,1,46.9013810391271,46.9013810391271,46.9013810391271,46.9013810391271
rv,al7075,hon,int,green,1,43.7981223322743,43.7981223322743,43.7981223322743,43.7981223322743
rv,al7075,hon,int,red,1,46.7969048574886,46.7969048574886,46.7969048574886,46.7969048574886
rv,al7075,hon,int,white,1,43.3089581006193,43.3089581006193,43.3089581006193,43.3089581006193
rv,al7075,mf,FV,blue,1,469.48644799441,469.48644799441,469.48644799441,469.48644799441
rv,al7075,mf,FV,green,1,148.028580360938,148.028580360938,148.028580360938,148.028580360938
rv,al7075,mf,FV,red,1,138.208458371056,138.208458371056,138.208458371056,138.208458371056
rv,al7075,mf,conf,blue,1,223.33763061586,223.33763061586,223.33763061586,223.33763061586
rv,al7075,mf,conf,green,1,243.447345283026,243.447345283026,243.447345283026,243.447345283026
rv,al7075,mf,conf,red,1,304.215605277917,304.215605277917,304.215605277917,304.215605277917
rv,al7075,mf,fusion,blue,1,305.844574368921,305.844574368921,305.844574368921,305.844574368921
rv,al7075,mf,fusion,green,1,335.50621827737,335.50621827737,335.50621827737,335.50621827737
rv,al7075,mf,fusion,red,1,419.902150987237,419.902150987237,419.902150987237,419.902150987237
rv,al7075,mf,int,blue,1,169.129658802844,169.129658802844,169.129658802844,169.129658802844
rv,al7075,mf,int,green,1,5.23314334783311,5.23314334783311,5.23314334783311,5.23314334783311
rv,al7075,mf,int,red,1,410.750022115267,410.750022115267,410.750022115267,410.750022115267
rv,al7075,mf,int,white,1,8.80457563853031,8.80457563853031,8.80457563853031,8.80457563853031
rv,al7075,mr,FV,blue,1,306.532785424871,306.532785424871,306.532785424871,306.532785424871
rv,al7075,mr,FV,green,1,125.440532038056,125.440532038056,125.440532038056,125.440532038056
rv,al7075,mr,FV,red,1,75.36070453815,75.36070453815,75.36070453815,75.36070453815
rv,al7075,mr,conf,blue,1,68.9896065073971,68.9896065073971,68.9896065073971,68.9896065073971
rv,al7075,mr,conf,green,1,89.3799155082997,89.3799155082997,89.3799155082997,89.3799155082997
rv,al7075,mr,conf,red,1,111.880384803513,111.880384803513,111.880384803513,111.880384803513
rv,al7075,mr,fusion,blue,1,122.733784868604,122.733784868604,122.733784868604,122.733784868604
rv,al7075,mr,fusion,green,1,157.553485069989,157.553485069989,157.553485069989,157.553485069989
rv,al7075,mr,fusion,red,1,183.282297478919,183.282297478919,183.282297478919,183.282297478919
rv,al7075,mr,int,blue,1,69.8530207106381,69.8530207106381,69.8530207106381,69.8530207106381
rv,al7075,mr,int,green,1,46.6196067721295,46.6196067721295,46.6196067721295,46.6196067721295
rv,al7075,mr,int,red,1,170.377823646526,170.377823646526,170.377823646526,170.377823646526
rv,al7075,mr,int,white,1,55.9817702360212,55.9817702360212,55.9817702360212,55.9817702360212
rv,al7075,tf,FV,blue,1,22.4334678735838,22.4334678735838,22.4334678735838,22.4334678735838
rv,al7075,tf,FV,green,1,25.0677457544032,25.0677457544032,25.0677457544032,25.0677457544032
rv,al7075,tf,FV,red,1,28.8902508523438,28.8902508523438,28.8902508523438,28.8902508523438
rv,al7075,tf,conf,blue,1,32.2977657691582,32.2977657691582,32.2977657691582,32.2977657691582
rv,al7075,tf,conf,green,1,17.9959861564097,17.9959861564097,17.9959861564097,17.9959861564097
rv,al7075,tf,conf,red,1,6.48345033283945,6.48345033283945,6.48345033283945,6.48345033283945
rv,al7075,tf,fusion,blue,1,14.6163286285198,14.6163286285198,14.6163286285198,14.6163286285198
rv,al7075,tf,fusion,green,1,7.09662427957111,7.09662427957111,7.09662427957111,7.09662427957111
rv,al7075,tf,fusion,red,1,20.870326635175,20.870326635175,20.870326635175,20.870326635175
rv,al7075,tf,int,blue,1,13.4620865172184,13.4620865172184,13.4620865172184,13.4620865172184
rv,al7075,tf,int,green,1,56.3761782358496,56.3761782358496,56.3761782358496,56.3761782358496
rv,al7075,tf,int,red,1,8.23498622422623,8.23498622422623,8.23498622422623,8.23498622422623
rv,al7075,tf,int,white,1,59.288508541626904,59.288508541626904,59.288508541626904,59.288508541626904
rv,al7075,tr,FV,blue,1,49.2146368838547,49.2146368838547,49.2146368838547,49.2146368838547
rv,al7075,tr,FV,green,1,64.7187699558166,64.7187699558166,64.7187699558166,64.7187699558166
rv,al7075,tr,FV,red,1,64.1898842785127,64.1898842785127,64.1898842785127,64.1898842785127
rv,al7075,tr,conf,blue,1,60.9105134948308,60.9105134948308,60.9105134948308,60.9105134948308
rv,al7075,tr,conf,green,1,57.798767136662,57.798767136662,57.798767136662,57.798767136662
rv,al7075,tr,conf,red,1,53.4774782146977,53.4774782146977,53.4774782146977,53.4774782146977
rv,al7075,tr,fusion,blue,1,56.4265711809784,56.4265711809784,56.4265711809784,56.4265711809784
rv,al7075,tr,fusion,green,1,52.1314336385303,52.1314336385303,52.1314336385303,52.1314336385303
rv,al7075,tr,fusion,red,1,47.1900259212877,47.1900259212877,47.1900259212877,47.1900259212877
rv,al7075,tr,int,blue,1,53.3846067426834,53.3846067426834,53.3846067426834,53.3846067426834
rv,al7075,tr,int,green,1,70.6076671123028,70.6076671123028,70.6076671123028,70.6076671123028
rv,al7075,tr,int,red,1,65.1131773825395,65.1131773825395,65.1131773825395,65.1131773825395
rv,al7075,tr,int,white,1,70.8197606215717,70.8197606215717,70.8197606215717,70.8197606215717
rv,al7075,wedm_f,FV,blue,1,41.2372181041671,41.2372181041671,41.2372181041671,41.2372181041671
rv,al7075,wedm_f,FV,green,1,8.1638020143519,8.1638020143519,8.1638020143519,8.1638020143519
rv,al7075,wedm_f,FV,red,1,18.9213684431672,18.9213684431672,18.9213684431672,18.9213684431672
rv,al7075,wedm_f,conf,blue,1,78.0546405847597,78.0546405847597,78.0546405847597,78.0546405847597
rv,al7075,wedm_f,conf,green,1,92.8346429912887,92.8346429912887,92.8346429912887,92.8346429912887
rv,al7075,wedm_f,conf,red,1,122.42796360676,122.42796360676,122.42796360676,122.42796360676
rv,al7075,wedm_f,fusion,blue,1,140.679294200655,140.679294200655,140.679294200655,140.679294200655
rv,al7075,wedm_f,fusion,green,1,168.006363508453,168.006363508453,168.006363508453,168.006363508453
rv,al7075,wedm_f,fusion,red,1,204.557818800233,204.557818800233,204.557818800233,204.557818800233
rv,al7075,wedm_f,int,blue,1,8.65208887454593,8.65208887454593,8.65208887454593,8.65208887454593
rv,al7075,wedm_f,int,green,1,6.41516573216948,6.41516573216948,6.41516573216948,6.41516573216948
rv,al7075,wedm_f,int,red,1,2.1748629776497,2.1748629776497,2.1748629776497,2.1748629776497
rv,al7075,wedm_f,int,white,1,7.51779756535582,7.51779756535582,7.51779756535582,7.51779756535582
rv,al7075,wedm_r,FV,blue,1,11.3723996442898,11.3723996442898,11.3723996442898,11.3723996442898
rv,al7075,wedm_r,FV,green,1,8.43759368649971,8.43759368649971,8.43759368649971,8.43759368649971
rv,al7075,wedm_r,FV,red,1,2.40635364817983,2.40635364817983,2.40635364817983,2.40635364817983
rv,al7075,wedm_r,conf,blue,1,72.6222870557786,72.6222870557786,72.6222870557786,72.6222870557786
rv,al7075,wedm_r,conf,green,1,107.774283275118,107.774283275118,107.774283275118,107.774283275118
rv,al7075,wedm_r,conf,red,1,192.159777084202,192.159777084202,192.159777084202,192.159777084202
rv,al7075,wedm_r,fusion,blue,1,241.47799753543,241.47799753543,241.47799753543,241.47799753543
rv,al7075,wedm_r,fusion,green,1,328.798341227505,328.798341227505,328.798341227505,328.798341227505
rv,al7075,wedm_r,fusion,red,1,382.64244690493,382.64244690493,382.64244690493,382.64244690493
rv,al7075,wedm_r,int,blue,1,26.3545854049229,26.3545854049229,26.3545854049229,26.3545854049229
rv,al7075,wedm_r,int,green,1,5.29268906490961,5.29268906490961,5.29268906490961,5.29268906490961
rv,al7075,wedm_r,int,red,1,5.22242285565977,5.22242285565977,5.22242285565977,5.22242285565977
rv,al7075,wedm_r,int,white,1,5.18399991212175,5.18399991212175,5.18399991212175,5.18399991212175
rv,c45,b,FV,blue,1,183.177686194386,183.177686194386,183.177686194386,183.177686194386
rv,c45,b,FV,green,1,26.4114374667246,26.4114374667246,26.4114374667246,26.4114374667246
rv,c45,b,FV,red,1,38.302767102655,38.302767102655,38.302767102655,38.302767102655
rv,c45,b,conf,green,1,110.718074074414,110.718074074414,110.718074074414,110.718074074414
rv,c45,b,conf,red,1,166.373395410922,166.373395410922,166.373395410922,166.373395410922
rv,c45,b,fusion,blue,1,123.470986647327,123.470986647327,123.470986647327,123.470986647327
rv,c45,b,fusion,green,1,170.126437468501,170.126437468501,170.126437468501,170.126437468501
rv,c45,b,fusion,red,1,255.363883688301,255.363883688301,255.363883688301,255.363883688301
rv,c45,b,int,blue,2,288.352629117094,288.352629117094,287.670125444803,289.03513278938505
rv,c45,b,int,green,1,41.0630063774815,41.0630063774815,41.0630063774815,41.0630063774815
rv,c45,b,int,red,1,7.95261693706206,7.95261693706206,7.95261693706206,7.95261693706206
rv,c45,b,int,white,1,42.4678486664373,42.4678486664373,42.4678486664373,42.4678486664373
rv,c45,gla,FV,blue,1,10.5607165157772,10.5607165157772,10.5607165157772,10.5607165157772
rv,c45,gla,FV,green,1,14.6579452519668,14.6579452519668,14.6579452519668,14.6579452519668
rv,c45,gla,FV,red,1,0.615648181726477,0.615648181726477,0.615648181726477,0.615648181726477
rv,c45,gla,conf,blue,1,50.1520177647585,50.1520177647585,50.1520177647585,50.1520177647585
rv,c45,gla,conf,green,1,101.73304744827,101.73304744827,101.73304744827,101.73304744827
rv,c45,gla,conf,red,1,138.849691753494,138.849691753494,138.849691753494,138.849691753494
rv,c45,gla,fusion,blue,1,80.7295667598624,80.7295667598624,80.7295667598624,80.7295667598624
rv,c45,gla,fusion,green,1,153.053236252597,153.053236252597,153.053236252597,153.053236252597
rv,c45,gla,fusion,red,1,215.740100635099,215.740100635099,215.740100635099,215.740100635099
rv,c45,gla,int,blue,1,11.1607733511079,11.1607733511079,11.1607733511079,11.1607733511079
rv,c45,gla,int,green,1,7.64873974053442,7.64873974053442,7.64873974053442,7.64873974053442
rv,c45,gla,int,red,1,9.25455917895486,9.25455917895486,9.25455917895486,9.25455917895486
rv,c45,gla,int,white,1,8.07309419825317,8.07309419825317,8.07309419825317,8.07309419825317
rv,c45,gri,FV,blue,1,63.9387856824918,63.9387856824918,63.9387856824918,63.9387856824918
rv,c45,gri,FV,green,1,27.7197990341623,27.7197990341623,27.7197990341623,27.7197990341623
rv,c45,gri,FV,red,1,46.8846373229455,46.8846373229455,46.8846373229455,46.8846373229455
rv,c45,gri,conf,blue,1,22.742736545494,22.742736545494,22.742736545494,22.742736545494
rv,c45,gri,conf,green,1,46.5425947906166,46.5425947906166,46.5425947906166,46.5425947906166
rv,c45,gri,conf,red,1,62.7477806133848,62.7477806133848,62.7477806133848,62.7477806133848
rv,c45,gri,fusion,blue,1,41.4779755483232,41.4779755483232,41.4779755483232,41.4779755483232
rv,c45,gri,fusion,green,1,72.4723004502094,72.4723004502094,72.4723004502094,72.4723004502094
rv,c45,gri,fusion,red,1,90.8908738382004,90.8908738382004,90.8908738382004,90.8908738382004
rv,c45,gri,int,blue,1,1.38643456997803,1.38643456997803,1.38643456997803,1.38643456997803
rv,c45,gri,int,green,1,0.45683682918932,0.45683682918932,0.45683682918932,0.45683682918932
rv,c45,gri,int,red,1,1.9274042383507,1.9274042383507,1.9274042383507,1.9274042383507
rv,c45,gri,int,white,1,0.34694471669106,0.34694471669106,0.34694471669106,0.34694471669106
rv,c45,hon,FV,blue,1,5.44321402237044,5.44321402237044,5.44321402237044,5.44321402237044
rv,c45,hon,FV,green,1,13.1872769093535,13.1872769093535,13.1872769093535,13.1872769093535
rv,c45,hon,FV,red,1,55.0859098521419,55.0859098521419,55.0859098521419,55.0859098521419
rv,c45,hon,conf,blue,1,15.6277806499084,15.6277806499084,15.6277806499084,15.6277806499084
rv,c45,hon,conf,green,1,49.6256540316155,49.6256540316155,49.6256540316155,49.6256540316155
rv,c45,hon,conf,red,1,69.9757342717908,69.9757342717908,69.9757342717908,69.9757342717908
rv,c45,hon,fusion,blue,1,36.6797292587687,36.6797292587687,36.6797292587687,36.6797292587687
rv,c45,hon,fusion,green,1,85.5572347942736,85.5572347942736,85.5572347942736,85.5572347942736
rv,c45,hon,fusion,red,1,97.3302968588241,97.3302968588241,97.3302968588241,97.3302968588241
rv,c45,hon,int,blue,1,12.3960553808514,12.3960553808514,12.3960553808514,12.3960553808514
rv,c45,hon,int,green,1,5.08901682050871,5.08901682050871,5.08901682050871,5.08901682050871
rv,c45,hon,int,red,1,6.12277714876418,6.12277714876418,6.12277714876418,6.12277714876418
rv,c45,hon,int,white,1,4.8395292222555,4.8395292222555,4.8395292222555,4.8395292222555
rv,c45,mf,FV,blue,1,19.7776984277107,19.7776984277107,19.7776984277107,19.7776984277107
rv,c45,mf,FV,green,1,32.889601322979,32.889601322979,32.889601322979,32.889601322979
rv,c45,mf,FV,red,1,26.1354315122873,26.1354315122873,26.1354315122873,26.1354315122873
rv,c45,mf,conf,green,1,12.6912084756767,12.6912084756767,12.6912084756767,12.6912084756767
rv,c45,mf,conf,red,1,28.3663962434462,28.3663962434462,28.3663962434462,28.3663962434462
rv,c45,mf,fusion,blue,1,9.8152408903908,9.8152408903908,9.8152408903908,9.8152408903908
rv,c45,mf,fusion,green,1,39.6813535223877,39.6813535223877,39.6813535223877,39.6813535223877
rv,c45,mf,fusion,red,1,59.8556642195236,59.8556642195236,59.8556642195236,59.8556642195236
rv,c45,mf,int,blue,1,16.8617624128541,16.8617624128541,16.8617624128541,16.8617624128541
rv,c45,mf,int,green,1,19.8470067938185,19.8470067938185,19.8470067938185,19.8470067938185
rv,c45,mf,int,red,1,17.8078903126231,17.8078903126231,17.8078903126231,17.8078903126231
rv,c45,mf,int,white,1,22.1119021542521,22.1119021542521,22.1119021542521,22.1119021542521
rv,c45,mr,FV,blue,1,39.3209869873603,39.3209869873603,39.3209869873603,39.3209869873603
rv,c45,mr,FV,green,1,49.4349420324006,49.4349420324006,49.4349420324006,49.4349420324006
rv,c45,mr,FV,red,1,46.2231134380729,46.2231134380729,46.2231134380729,46.2231134380729
rv,c45,mr,conf,green,1,29.2838541696448,29.2838541696448,29.2838541696448,29.2838541696448
rv,c45,mr,conf,red,1,19.5161349863982,19.5161349863982,19.5161349863982,19.5161349863982
rv,c45,mr,fusion,blue,1,29.5724701395129,29.5724701395129,29.5724701395129,29.5724701395129
rv,c45,mr,fusion,green,1,14.5570523856537,14.5570523856537,14.5570523856537,14.5570523856537
rv,c45,mr,fusion,red,1,2.30221469944748,2.30221469944748,2.30221469944748,2.30221469944748
rv,c45,mr,int,blue,1,35.40399513306,35.40399513306,35.40399513306,35.40399513306
rv,c45,mr,int,green,1,52.1404613546367,52.1404613546367,52.1404613546367,52.1404613546367
rv,c45,mr,int,red,1,50.5257332048387,50.5257332048387,50.5257332048387,50.5257332048387
rv,c45,mr,int,white,1,52.420681819744,52.420681819744,52.420681819744,52.420681819744
rv,c45,tf,FV,blue,1,65.7962435565658,65.7962435565658,65.7962435565658,65.7962435565658
rv,c45,tf,FV,green,1,69.6744541735381,69.6744541735381,69.6744541735381,69.6744541735381
rv,c45,tf,FV,red,1,66.8759088010051,66.8759088010051,66.8759088010051,66.8759088010051
rv,c45,tf,conf,green,1,57.7841317208297,57.7841317208297,57.7841317208297,57.7841317208297
rv,c45,tf,conf,red,1,52.3760072994726,52.3760072994726,52.3760072994726,52.3760072994726
rv,c45,tf,fusion,blue,1,57.992171836918,57.992171836918,57.992171836918,57.992171836918
rv,c45,tf,fusion,green,1,48.3019181446688,48.3019181446688,48.3019181446688,48.3019181446688
rv,c45,tf,fusion,red,1,42.1685749213631,42.1685749213631,42.1685749213631,42.1685749213631
rv,c45,tf,int,blue,1,62.6482597015923,62.6482597015923,62.6482597015923,62.6482597015923
rv,c45,tf,int,green,1,71.177720625144,71.177720625144,71.177720625144,71.177720625144
rv,c45,tf,int,red,1,70.3803330394408,70.3803330394408,70.3803330394408,70.3803330394408
rv,c45,tf,int,white,1,71.4229112372471,71.4229112372471,71.4229112372471,71.4229112372471
rv,c45,tr,FV,blue,1,76.1649622018392,76.1649622018392,76.1649622018392,76.1649622018392
rv,c45,tr,FV,green,1,86.6842316893602,86.6842316893602,86.6842316893602,86.6842316893602
rv,c45,tr,FV,red,1,87.5942146265653,87.5942146265653,87.5942146265653,87.5942146265653
rv,c45,tr,conf,green,1,82.8792678054921,82.8792678054921,82.8792678054921,82.8792678054921
rv,c45,tr,conf,red,1,81.1123109410353,81.1123109410353,81.1123109410353,81.1123109410353
rv,c45,tr,fusion,blue,1,81.2466505688538,81.2466505688538,81.2466505688538,81.2466505688538
rv,c45,tr,fusion,green,1,77.5327152823041,77.5327152823041,77.5327152823041,77.5327152823041
rv,c45,tr,fusion,red,1,75.0974454143353,75.0974454143353,75.0974454143353,75.0974454143353
rv,c45,tr,int,blue,1,80.6574564481684,80.6574564481684,80.6574564481684,80.6574564481684
rv,c45,tr,int,green,1,90.8979871242059,90.8979871242059,90.8979871242059,90.8979871242059
rv,c45,tr,int,red,1,85.8414614236802,85.8414614236802,85.8414614236802,85.8414614236802
rv,c45,tr,int,white,1,90.9173634793011,90.9173634793011,90.9173634793011,90.9173634793011
rv,c45,wedm_f,FV,blue,1,18.5308025879558,18.5308025879558,18.5308025879558,18.5308025879558
rv,c45,wedm_f,FV,green,1,6.45825648992527,6.45825648992527,6.45825648992527,6.45825648992527
rv,c45,wedm_f,FV,red,1,42.4515932464976,42.4515932464976,42.4515932464976,42.4515932464976
rv,c45,wedm_f,conf,blue,1,88.0337264180575,88.0337264180575,88.0337264180575,88.0337264180575
rv,c45,wedm_f,conf,green,1,115.023795150403,115.023795150403,115.023795150403,115.023795150403
rv,c45,wedm_f,conf,red,1,125.021736342101,125.021736342101,125.021736342101,125.021736342101
rv,c45,wedm_f,fusion,blue,1,146.896350431737,146.896350431737,146.896350431737,146.896350431737
rv,c45,wedm_f,fusion,green,1,176.586523193702,176.586523193702,176.586523193702,176.586523193702
rv,c45,wedm_f,fusion,red,1,189.547748389693,189.547748389693,189.547748389693,189.547748389693
rv,c45,wedm_f,int,blue,1,25.6693036643936,25.6693036643936,25.6693036643936,25.6693036643936
rv,c45,wedm_f,int,green,1,20.260433861304,20.260433861304,20.260433861304,20.260433861304
rv,c45,wedm_f,int,red,1,20.132920042792,20.132920042792,20.132920042792,20.132920042792
rv,c45,wedm_f,int,white,1,20.2350438471835,20.2350438471835,20.2350438471835,20.2350438471835
rv,c45,wedm_r,FV,blue,1,7.99865441801167,7.99865441801167,7.99865441801167,7.99865441801167
rv,c45,wedm_r,FV,green,1,6.51755334979043,6.51755334979043,6.51755334979043,6.51755334979043
rv,c45,wedm_r,FV,red,1,0.85642880991963,0.85642880991963,0.85642880991963,0.85642880991963
rv,c45,wedm_r,conf,blue,1,9.04853517080358,9.04853517080358,9.04853517080358,9.04853517080358
rv,c45,wedm_r,conf,green,1,22.254773809541,22.254773809541,22.254773809541,22.254773809541
rv,c45,wedm_r,conf,red,1,30.6501414644732,30.6501414644732,30.6501414644732,30.6501414644732
rv,c45,wedm_r,fusion,blue,1,48.9023912377141,48.9023912377141,48.9023912377141,48.9023912377141
rv,c45,wedm_r,fusion,green,1,128.809149782068,128.809149782068,128.809149782068,128.809149782068
rv,c45,wedm_r,fusion,red,1,206.711049598776,206.711049598776,206.711049598776,206.711049598776
rv,c45,wedm_r,int,blue,1,31.3488399080032,31.3488399080032,31.3488399080032,31.3488399080032
rv,c45,wedm_r,int,green,1,3.61432775313094,3.61432775313094,3.61432775313094,3.61432775313094
rv,c45,wedm_r,int,red,1,2.0822943077350198,2.0822943077350198,2.0822943077350198,2.0822943077350198
rv,c45,wedm_r,int,white,1,3.71079917689901,3.71079917689901,3.71079917689901,3.71079917689901
rv,ellor,gla,FV,blue,1,0.98718266539764,0.98718266539764,0.98718266539764,0.98718266539764
rv,ellor,gla,FV,green,1,1.63103936441227,1.63103936441227,1.63103936441227,1.63103936441227
rv,ellor,gla,FV,red,1,1.94961862247395,1.94961862247395,1.94961862247395,1.94961862247395
rv,ellor,gla,conf,blue,1,4.30933645193138,4.30933645193138,4.30933645193138,4.30933645193138
rv,ellor,gla,conf,green,1,7.76155714483836,7.76155714483836,7.76155714483836,7.76155714483836
rv,ellor,gla,conf,red,1,6.43256214391675,6.43256214391675,6.43256214391675,6.43256214391675
rv,ellor,gla,fusion,blue,1,8.77879802146295,8.77879802146295,8.77879802146295,8.77879802146295
rv,ellor,gla,fusion,green,1,9.91778223754018,9.91778223754018,9.91778223754018,9.91778223754018
rv,ellor,gla,fusion,red,1,13.2970887190729,13.2970887190729,13.2970887190729,13.2970887190729
rv,ellor,gla,int,blue,1,20.7770615923682,20.7770615923682,20.7770615923682,20.7770615923682
rv,ellor,gla,int,green,1,9.01139122338181,9.01139122338181,9.01139122338181,9.01139122338181
rv,ellor,gla,int,red,1,7.47330986308483,7.47330986308483,7.47330986308483,7.47330986308483
rv,ellor,gla,int,white,1,10.757004955159,10.757004955159,10.757004955159,10.757004955159
rv,ellor,gri,FV,blue,1,194.97906559033,194.97906559033,194.97906559033,194.97906559033
rv,ellor,gri,FV,green,1,191.543448473039,191.543448473039,191.543448473039,191.543448473039
rv,ellor,gri,FV,red,1,189.60776487232,189.60776487232,189.60776487232,189.60776487232
rv,ellor,gri,conf,blue,1,213.07244457854,213.07244457854,213.07244457854,213.07244457854
rv,ellor,gri,conf,green,1,214.813625165238,214.813625165238,214.813625165238,214.813625165238
rv,ellor,gri,conf,red,1,217.294979552244,217.294979552244,217.294979552244,217.294979552244
rv,ellor,gri,fusion,blue,1,220.743933880297,220.743933880297,220.743933880297,220.743933880297
rv,ellor,gri,fusion,green,1,228.014967283001,228.014967283001,228.014967283001,228.014967283001
rv,ellor,gri,fusion,red,1,236.033416510794,236.033416510794,236.033416510794,236.033416510794
rv,ellor,gri,int,blue,1,98.5590722290919,98.5590722290919,98.5590722290919,98.5590722290919
rv,ellor,gri,int,green,1,193.758969673374,193.758969673374,193.758969673374,193.758969673374
rv,ellor,gri,int,red,1,222.5633424146,222.5633424146,222.5633424146,222.5633424146
rv,ellor,gri,int,white,1,229.572413474095,229.572413474095,229.572413474095,229.572413474095
rv,ellor,hon,FV,blue,1,61.7402031865266,61.7402031865266,61.7402031865266,61.7402031865266
rv,ellor,hon,FV,green,1,8.85896962654832,8.85896962654832,8.85896962654832,8.85896962654832
rv,ellor,hon,FV,red,1,6.9896233171631,6.9896233171631,6.9896233171631,6.9896233171631
rv,ellor,hon,conf,blue,1,36.4718847467769,36.4718847467769,36.4718847467769,36.4718847467769
rv,ellor,hon,conf,green,1,72.7712612416227,72.7712612416227,72.7712612416227,72.7712612416227
rv,ellor,hon,conf,red,1,121.579361667249,121.579361667249,121.579361667249,121.579361667249
rv,ellor,hon,fusion,blue,1,74.0400561197641,74.0400561197641,74.0400561197641,74.0400561197641
rv,ellor,hon,fusion,green,1,128.175729038233,128.175729038233,128.175729038233,128.175729038233
rv,ellor,hon,fusion,red,1,199.575093098316,199.575093098316,199.575093098316,199.575093098316
rv,ellor,hon,int,blue,1,13.6937173277265,13.6937173277265,13.6937173277265,13.6937173277265
rv,ellor,hon,int,green,1,14.0585662732381,14.0585662732381,14.0585662732381,14.0585662732381
rv,ellor,hon,int,red,1,5.95574782912827,5.95574782912827,5.95574782912827,5.95574782912827
rv,ellor,hon,int,white,1,17.4475913804807,17.4475913804807,17.4475913804807,17.4475913804807
rv,ellor,mf,FV,blue,1,20.5758445500577,20.5758445500577,20.5758445500577,20.5758445500577
rv,ellor,mf,FV,green,1,31.1457235139057,31.1457235139057,31.1457235139057,31.1457235139057
rv,ellor,mf,FV,red,1,38.6038545554744,38.6038545554744,38.6038545554744,38.6038545554744
rv,ellor,mf,conf,blue,1,4.31193435548105,4.31193435548105,4.31193435548105,4.31193435548105
rv,ellor,mf,conf,green,1,6.10649826186147,6.10649826186147,6.10649826186147,6.10649826186147
rv,ellor,mf,conf,red,1,3.82580160120096,3.82580160120096,3.82580160120096,3.82580160120096
rv,ellor,mf,fusion,blue,1,9.39611049339781,9.39611049339781,9.39611049339781,9.39611049339781
rv,ellor,mf,fusion,green,1,3.2239154065034,3.2239154065034,3.2239154065034,3.2239154065034
rv,ellor,mf,fusion,red,1,71.6772614924955,71.6772614924955,71.6772614924955,71.6772614924955
rv,ellor,mf,int,blue,1,81.9622493416363,81.9622493416363,81.9622493416363,81.9622493416363
rv,ellor,mf,int,green,1,13.0584408946109,13.0584408946109,13.0584408946109,13.0584408946109
rv,ellor,mf,int,red,1,7.59614449145938,7.59614449145938,7.59614449145938,7.59614449145938
rv,ellor,mf,int,white,1,10.5704873807859,10.5704873807859,10.5704873807859,10.5704873807859
rv,ellor,mr,FV,blue,1,6.45578434467004,6.45578434467004,6.45578434467004,6.45578434467004
rv,ellor,mr,FV,green,1,1.65800491397517,1.65800491397517,1.65800491397517,1.65800491397517
rv,ellor,mr,FV,red,1,1.65590839230605,1.65590839230605,1.65590839230605,1.65590839230605
rv,ellor,mr,conf,blue,1,20.5538745776107,20.5538745776107,20.5538745776107,20.5538745776107
rv,ellor,mr,conf,green,1,23.2826825280784,23.2826825280784,23.2826825280784,23.2826825280784
rv,ellor,mr,conf,red,1,23.7667741213353,23.7667741213353,23.7667741213353,23.7667741213353
rv,ellor,mr,fusion,blue,1,21.9772302117609,21.9772302117609,21.9772302117609,21.9772302117609
rv,ellor,mr,fusion,green,1,26.6996289043751,26.6996289043751,26.6996289043751,26.6996289043751
rv,ellor,mr,fusion,red,1,35.6644303999614,35.6644303999614,35.6644303999614,35.6644303999614
rv,ellor,mr,int,blue,1,74.7963885574101,74.7963885574101,74.7963885574101,74.7963885574101
rv,ellor,mr,int,green,1,27.6796629280995,27.6796629280995,27.6796629280995,27.6796629280995
rv,ellor,mr,int,red,1,23.4480003179208,23.4480003179208,23.4480003179208,23.4480003179208
rv,ellor,mr,int,white,1,28.0980618625253,28.0980618625253,28.0980618625253,28.0980618625253
rv,ellor,tf,FV,blue,1,21.7763287331122,21.7763287331122,21.7763287331122,21.7763287331122
rv,ellor,tf,FV,green,1,26.6283760901032,26.6283760901032,26.6283760901032,26.6283760901032
rv,ellor,tf,FV,red,1,27.4781706728866,27.4781706728866,27.4781706728866,27.4781706728866
rv,ellor,tf,conf,blue,1,2.38170790644053,2.38170790644053,2.38170790644053,2.38170790644053
rv,ellor,tf,conf,green,1,0.539146467362552,0.539146467362552,0.539146467362552,0.539146467362552
rv,ellor,tf,conf,red,1,2.95023902160986,2.95023902160986,2.95023902160986,2.95023902160986
rv,ellor,tf,fusion,blue,1,1.53516447894998,1.53516447894998,1.53516447894998,1.53516447894998
rv,ellor,tf,fusion,green,1,6.8593266491602,6.8593266491602,6.8593266491602,6.8593266491602
rv,ellor,tf,fusion,red,1,17.6897617550774,17.6897617550774,17.6897617550774,17.6897617550774
rv,ellor,tf,int,blue,1,65.6348311104293,65.6348311104293,65.6348311104293,65.6348311104293
rv,ellor,tf,int,green,1,7.02840945057668,7.02840945057668,7.02840945057668,7.02840945057668
rv,ellor,tf,int,red,1,1.18615392661165,1.18615392661165,1.18615392661165,1.18615392661165
rv,ellor,tf,int,white,1,7.1860727169157,7.1860727169157,7.1860727169157,7.1860727169157
rv,ellor,tr,FV,blue,1,4.03892190938327,4.03892190938327,4.03892190938327,4.03892190938327
rv,ellor,tr,FV,green,1,3.18186720533298,3.18186720533298,3.18186720533298,3.18186720533298
rv,ellor,tr,FV,red,1,3.16831854518918,3.16831854518918,3.16831854518918,3.16831854518918
rv,ellor,tr,conf,blue,1,9.26234676591802,9.26234676591802,9.26234676591802,9.26234676591802
rv,ellor,tr,conf,green,1,9.29165708634207,9.29165708634207,9.29165708634207,9.29165708634207
rv,ellor,tr,conf,red,1,10.0347961657365,10.0347961657365,10.0347961657365,10.0347961657365
rv,ellor,tr,fusion,blue,1,13.5356967891982,13.5356967891982,13.5356967891982,13.5356967891982
rv,ellor,tr,fusion,green,1,13.7787409758411,13.7787409758411,13.7787409758411,13.7787409758411
rv,ellor,tr,fusion,red,1,18.012097482308,18.012097482308,18.012097482308,18.012097482308
rv,ellor,tr,int,blue,1,47.3719447807462,47.3719447807462,47.3719447807462,47.3719447807462
rv,ellor,tr,int,green,1,15.6448444678319,15.6448444678319,15.6448444678319,15.6448444678319
rv,ellor,tr,int,red,1,14.0817285974639,14.0817285974639,14.0817285974639,14.0817285974639
rv,ellor,tr,int,white,1,16.9970918552541,16.9970918552541,16.9970918552541,16.9970918552541
rv,ellor,wedm_f,FV,blue,1,26.2880656685141,26.2880656685141,26.2880656685141,26.2880656685141
rv,ellor,wedm_f,FV,green,1,19.3420144265725,19.3420144265725,19.3420144265725,19.3420144265725
rv,ellor,wedm_f,FV,red,1,19.078542038355,19.078542038355,19.078542038355,19.078542038355
rv,ellor,wedm_f,conf,blue,1,40.704135879576,40.704135879576,40.704135879576,40.704135879576
rv,ellor,wedm_f,conf,green,1,41.7442608637662,41.7442608637662,41.7442608637662,41.7442608637662
rv,ellor,wedm_f,conf,red,1,41.44719329591,41.44719329591,41.44719329591,41.44719329591
rv,ellor,wedm_f,fusion,blue,1,44.8567156279249,44.8567156279249,44.8567156279249,44.8567156279249
rv,ellor,wedm_f,fusion,green,1,49.8957050044695,49.8957050044695,49.8957050044695,49.8957050044695
rv,ellor,wedm_f,fusion,red,1,54.8397792609756,54.8397792609756,54.8397792609756,54.8397792609756
rv,ellor,wedm_f,int,green,1,37.6475109945803,37.6475109945803,37.6475109945803,37.6475109945803
rv,ellor,wedm_f,int,red,1,48.4079722648506,48.4079722648506,48.4079722648506,48.4079722648506
rv,ellor,wedm_f,int,white,1,44.4612954779203,44.4612954779203,44.4612954779203,44.4612954779203
rv,ellor,wedm_r,FV,blue,1,4.10687354029742,4.10687354029742,4.10687354029742,4.10687354029742
rv,ellor,wedm_r,FV,green,1,1.32422906945746,1.32422906945746,1.32422906945746,1.32422906945746
rv,ellor,wedm_r,FV,red,1,1.49853143159859,1.49853143159859,1.49853143159859,1.49853143159859
rv,ellor,wedm_r,conf,blue,1,18.0559925394849,18.0559925394849,18.0559925394849,18.0559925394849
rv,ellor,wedm_r,conf,green,1,23.6592950867976,23.6592950867976,23.6592950867976,23.6592950867976
rv,ellor,wedm_r,conf,red,1,23.3563916303207,23.3563916303207,23.3563916303207,23.3563916303207
rv,ellor,wedm_r,fusion,blue,1,19.4748330340112,19.4748330340112,19.4748330340112,19.4748330340112
rv,ellor,wedm_r,fusion,green,1,25.4284090720111,25.4284090720111,25.4284090720111,25.4284090720111
rv,ellor,wedm_r,fusion,red,1,28.9710403890898,28.9710403890898,28.9710403890898,28.9710403890898
rv,ellor,wedm_r,int,blue,1,39.7358211014809,39.7358211014809,39.7358211014809,39.7358211014809
rv,ellor,wedm_r,int,green,1,8.56757043199827,8.56757043199827,8.56757043199827,8.56757043199827
rv,ellor,wedm_r,int,red,1,34.5822787828053,34.5822787828053,34.5822787828053,34.5822787828053
rv,ellor,wedm_r,int,white,1,28.8803138014041,28.8803138014041,28.8803138014041,28.8803138014041
rv,mo58a,b,FV,blue,2,637.8895699127149,637.8895699127149,514.5336960212669,761.245443804163
rv,mo58a,b,FV,green,1,244.731681846841,244.731681846841,244.731681846841,244.731681846841
rv,mo58a,b,FV,red,1,208.170355947638,208.170355947638,208.170355947638,208.170355947638
rv,mo58a,b,conf,blue,1,391.556752544317,391.556752544317,391.556752544317,391.556752544317
rv,mo58a,b,conf,green,1,409.955603962932,409.955603962932,409.955603962932,409.955603962932
rv,mo58a,b,conf,red,1,483.60786710278,483.60786710278,483.60786710278,483.60786710278
rv,mo58a,b,fusion,blue,1,508.33822288493,508.33822288493,508.33822288493,508.33822288493
rv,mo58a,b,fusion,green,1,549.309150386723,549.309150386723,549.309150386723,549.309150386723
rv,mo58a,b,fusion,red,1,680.198259989936,680.198259989936,680.198259989936,680.198259989936
rv,mo58a,b,int,blue,1,162.52200608436,162.52200608436,162.52200608436,162.52200608436
rv,mo58a,b,int,green,1,15.6619863021337,15.6619863021337,15.6619863021337,15.6619863021337
rv,mo58a,b,int,red,1,804.741496643604,804.741496643604,804.741496643604,804.741496643604
rv,mo58a,gla,FV,blue,1,19.164156562944,19.164156562944,19.164156562944,19.164156562944
rv,mo58a,gla,FV,green,1,13.5951534412957,13.5951534412957,13.5951534412957,13.5951534412957
rv,mo58a,gla,FV,red,1,36.2750770623867,36.2750770623867,36.2750770623867,36.2750770623867
rv,mo58a,gla,conf,blue,1,65.0313704854032,65.0313704854032,65.0313704854032,65.0313704854032
rv,mo58a,gla,conf,green,1,155.518729086778,155.518729086778,155.518729086778,155.518729086778
rv,mo58a,gla,conf,red,1,209.293608787994,209.293608787994,209.293608787994,209.293608787994
rv,mo58a,gla,fusion,blue,1,83.8337153069778,83.8337153069778,83.8337153069778,83.8337153069778
rv,mo58a,gla,fusion,green,1,193.696057568454,193.696057568454,193.696057568454,193.696057568454
rv,mo58a,gla,fusion,red,1,299.698178123,299.698178123,299.698178123,299.698178123
rv,mo58a,gla,int,blue,1,6.26169552808537,6.26169552808537,6.26169552808537,6.26169552808537
rv,mo58a,gla,int,green,1,24.2449019207085,24.2449019207085,24.2449019207085,24.2449019207085
rv,mo58a,gla,int,red,1,22.4948795095871,22.4948795095871,22.4948795095871,22.4948795095871
rv,mo58a,gla,int,white,1,23.7675609704991,23.7675609704991,23.7675609704991,23.7675609704991
rv,mo58a,gri,FV,blue,1,16.6489587699181,16.6489587699181,16.6489587699181,16.6489587699181
rv,mo58a,gri,FV,green,1,13.962195137328,13.962195137328,13.962195137328,13.962195137328
rv,mo58a,gri,FV,red,1,32.0496227840029,32.0496227840029,32.0496227840029,32.0496227840029
rv,mo58a,gri,conf,blue,1,19.7128930102509,19.7128930102509,19.7128930102509,19.7128930102509
rv,mo58a,gri,conf,green,1,37.9844129027292,37.9844129027292,37.9844129027292,37.9844129027292
rv,mo58a,gri,conf,red,1,50.0427530954335,50.0427530954335,50.0427530954335,50.0427530954335
rv,mo58a,gri,fusion,blue,1,40.6425456693804,40.6425456693804,40.6425456693804,40.6425456693804
rv,mo58a,gri,fusion,green,1,62.7510102703514,62.7510102703514,62.7510102703514,62.7510102703514
rv,mo58a,gri,fusion,red,1,79.5596605037524,79.5596605037524,79.5596605037524,79.5596605037524
rv,mo58a,gri,int,blue,1,1.31015047573054,1.31015047573054,1.31015047573054,1.31015047573054
rv,mo58a,gri,int,green,1,14.3881086829465,14.3881086829465,14.3881086829465,14.3881086829465
rv,mo58a,gri,int,red,1,10.14693789369,10.14693789369,10.14693789369,10.14693789369
rv,mo58a,gri,int,white,1,13.8582810604498,13.8582810604498,13.8582810604498,13.8582810604498
rv,mo58a,hon,FV,blue,1,0.762586841041325,0.762586841041325,0.762586841041325,0.762586841041325
rv,mo58a,hon,FV,green,1,3.1423227967625,3.1423227967625,3.1423227967625,3.1423227967625
rv,mo58a,hon,FV,red,1,23.9663135035691,23.9663135035691,23.9663135035691,23.9663135035691
rv,mo58a,hon,conf,blue,1,11.1527272474858,11.1527272474858,11.1527272474858,11.1527272474858
rv,mo58a,hon,conf,green,1,43.9822305753573,43.9822305753573,43.9822305753573,43.9822305753573
rv,mo58a,hon,conf,red,1,60.6834707138922,60.6834707138922,60.6834707138922,60.6834707138922
rv,mo58a,hon,fusion,blue,1,28.1926124280519,28.1926124280519,28.1926124280519,28.1926124280519
rv,mo58a,hon,fusion,green,1,80.9282275547675,80.9282275547675,80.9282275547675,80.9282275547675
rv,mo58a,hon,fusion,red,1,98.8986062193877,98.8986062193877,98.8986062193877,98.8986062193877
rv,mo58a,hon,int,blue,1,13.0889824002486,13.0889824002486,13.0889824002486,13.0889824002486
rv,mo58a,hon,int,green,1,5.80148380768994,5.80148380768994,5.80148380768994,5.80148380768994
rv,mo58a,hon,int,red,1,6.09832614831193,6.09832614831193,6.09832614831193,6.09832614831193
rv,mo58a,hon,int,white,1,5.43152543648401,5.43152543648401,5.43152543648401,5.43152543648401
rv,mo58a,mf,FV,blue,1,426.678924367745,426.678924367745,426.678924367745,426.678924367745
rv,mo58a,mf,FV,green,1,129.113114290528,129.113114290528,129.113114290528,129.113114290528
rv,mo58a,mf,FV,red,1,122.347774410276,122.347774410276,122.347774410276,122.347774410276
rv,mo58a,mf,conf,blue,1,239.131218763611,239.131218763611,239.131218763611,239.131218763611
rv,mo58a,mf,conf,green,1,277.275027678204,277.275027678204,277.275027678204,277.275027678204
rv,mo58a,mf,conf,red,1,314.471236807613,314.471236807613,314.471236807613,314.471236807613
rv,mo58a,mf,fusion,blue,1,318.468764499719,318.468764499719,318.468764499719,318.468764499719
rv,mo58a,mf,fusion,green,1,366.15549153935,366.15549153935,366.15549153935,366.15549153935
rv,mo58a,mf,fusion,red,1,446.997597317769,446.997597317769,446.997597317769,446.997597317769
rv,mo58a,mf,int,blue,1,59.35405280629,59.35405280629,59.35405280629,59.35405280629
rv,mo58a,mf,int,green,1,41.5062466857101,41.5062466857101,41.5062466857101,41.5062466857101
rv,mo58a,mf,int,red,1,263.942598572699,263.942598572699,263.942598572699,263.942598572699
rv,mo58a,mf,int,white,1,31.2741321145259,31.2741321145259,31.2741321145259,31.2741321145259
rv,mo58a,mr,FV,blue,1,4.18880509733399,4.18880509733399,4.18880509733399,4.18880509733399
rv,mo58a,mr,FV,green,1,54.804388133681,54.804388133681,54.804388133681,54.804388133681
rv,mo58a,mr,FV,red,1,58.4261595533263,58.4261595533263,58.4261595533263,58.4261595533263
rv,mo58a,mr,conf,blue,1,52.4514923826255,52.4514923826255,52.4514923826255,52.4514923826255
rv,mo58a,mr,conf,green,1,48.0966352622526,48.0966352622526,48.0966352622526,48.0966352622526
rv,mo58a,mr,conf,red,1,40.8096204263653,40.8096204263653,40.8096204263653,40.8096204263653
rv,mo58a,mr,fusion,blue,1,40.4503156300498,40.4503156300498,40.4503156300498,40.4503156300498
rv,mo58a,mr,fusion,green,1,32.1918221115162,32.1918221115162,32.1918221115162,32.1918221115162
rv,mo58a,mr,fusion,red,1,23.5991936860688,23.5991936860688,23.5991936860688,23.5991936860688
rv,mo58a,mr,int,blue,1,52.5285357667927,52.5285357667927,52.5285357667927,52.5285357667927
rv,mo58a,mr,int,green,1,72.583381828761,72.583381828761,72.583381828761,72.583381828761
rv,mo58a,mr,int,red,1,66.9561157782528,66.9561157782528,66.9561157782528,66.9561157782528
rv,mo58a,mr,int,white,1,72.9558968573899,72.9558968573899,72.9558968573899,72.9558968573899
rv,mo58a,tf,FV,blue,1,50.3386910240979,50.3386910240979,50.3386910240979,50.3386910240979
rv,mo58a,tf,FV,green,1,62.4977275612113,62.4977275612113,62.4977275612113,62.4977275612113
rv,mo58a,tf,FV,red,1,61.3386941359471,61.3386941359471,61.3386941359471,61.3386941359471
rv,mo58a,tf,conf,blue,1,57.4838073477512,57.4838073477512,57.4838073477512,57.4838073477512
rv,mo58a,tf,conf,green,1,52.2846489670782,52.2846489670782,52.2846489670782,52.2846489670782
rv,mo58a,tf,conf,red,1,46.0419903459171,46.0419903459171,46.0419903459171,46.0419903459171
rv,mo58a,tf,fusion,blue,1,50.2835204220681,50.2835204220681,50.2835204220681,50.2835204220681
rv,mo58a,tf,fusion,green,1,41.9242778838032,41.9242778838032,41.9242778838032,41.9242778838032
rv,mo58a,tf,fusion,red,1,33.6719277056952,33.6719277056952,33.6719277056952,33.6719277056952
rv,mo58a,tf,int,blue,1,58.1787161287905,58.1787161287905,58.1787161287905,58.1787161287905
rv,mo58a,tf,int,green,1,65.5702326654972,65.5702326654972,65.5702326654972,65.5702326654972
rv,mo58a,tf,int,red,1,63.2658498968751,63.2658498968751,63.2658498968751,63.2658498968751
rv,mo58a,tf,int,white,1,65.7235535968041,65.7235535968041,65.7235535968041,65.7235535968041
rv,mo58a,tr,FV,blue,1,18.8256559982859,18.8256559982859,18.8256559982859,18.8256559982859
rv,mo58a,tr,FV,green,1,32.1939413294275,32.1939413294275,32.1939413294275,32.1939413294275
rv,mo58a,tr,FV,red,1,30.1212419051806,30.1212419051806,30.1212419051806,30.1212419051806
rv,mo58a,tr,conf,blue,1,30.1641317900304,30.1641317900304,30.1641317900304,30.1641317900304
rv,mo58a,tr,conf,green,1,22.9374299294189,22.9374299294189,22.9374299294189,22.9374299294189
rv,mo58a,tr,conf,red,1,15.2713595868216,15.2713595868216,15.2713595868216,15.2713595868216
rv,mo58a,tr,fusion,blue,1,22.1196340200072,22.1196340200072,22.1196340200072,22.1196340200072
rv,mo58a,tr,fusion,green,1,9.82864905335666,9.82864905335666,9.82864905335666,9.82864905335666
rv,mo58a,tr,fusion,red,1,1.2029577241061,1.2029577241061,1.2029577241061,1.2029577241061
rv,mo58a,tr,int,blue,1,28.9267857919587,28.9267857919587,28.9267857919587,28.9267857919587
rv,mo58a,tr,int,green,1,38.076691638728,38.076691638728,38.076691638728,38.076691638728
rv,mo58a,tr,int,red,1,33.3866800787115,33.3866800787115,33.3866800787115,33.3866800787115
rv,mo58a,tr,int,white,1,37.9115957113468,37.9115957113468,37.9115957113468,37.9115957113468
rv,mo58a,wedm_f,FV,blue,1,19.2883097711937,19.2883097711937,19.2883097711937,19.2883097711937
rv,mo58a,wedm_f,FV,green,1,4.50712271772689,4.50712271772689,4.50712271772689,4.50712271772689
rv,mo58a,wedm_f,FV,red,1,12.5151014162693,12.5151014162693,12.5151014162693,12.5151014162693
rv,mo58a,wedm_f,conf,blue,1,41.182298923969,41.182298923969,41.182298923969,41.182298923969
rv,mo58a,wedm_f,conf,green,1,72.5412741217844,72.5412741217844,72.5412741217844,72.5412741217844
rv,mo58a,wedm_f,conf,red,1,95.578687749557,95.578687749557,95.578687749557,95.578687749557
rv,mo58a,wedm_f,fusion,blue,1,111.746164641515,111.746164641515,111.746164641515,111.746164641515
rv,mo58a,wedm_f,fusion,green,1,139.849767545166,139.849767545166,139.849767545166,139.849767545166
rv,mo58a,wedm_f,fusion,red,1,169.470289427984,169.470289427984,169.470289427984,169.470289427984
rv,mo58a,wedm_f,int,blue,1,10.1268857990711,10.1268857990711,10.1268857990711,10.1268857990711
rv,mo58a,wedm_f,int,green,1,3.38289167164106,3.38289167164106,3.38289167164106,3.38289167164106
rv,mo58a,wedm_f,int,red,1,7.19048752783102,7.19048752783102,7.19048752783102,7.19048752783102
rv,mo58a,wedm_f,int,white,1,4.80516957716886,4.80516957716886,4.80516957716886,4.80516957716886
rv,mo58a,wedm_r,FV,blue,1,32.9880331201899,32.9880331201899,32.9880331201899,32.9880331201899
rv,mo58a,wedm_r,FV,green,1,30.0970220134148,30.0970220134148,30.0970220134148,30.0970220134148
rv,mo58a,wedm_r,FV,red,1,22.5240987409353,22.5240987409353,22.5240987409353,22.5240987409353
rv,mo58a,wedm_r,conf,blue,1,21.964736042094,21.964736042094,21.964736042094,21.964736042094
rv,mo58a,wedm_r,conf,green,1,13.6061109634388,13.6061109634388,13.6061109634388,13.6061109634388
rv,mo58a,wedm_r,conf,red,1,34.0082432744556,34.0082432744556,34.0082432744556,34.0082432744556
rv,mo58a,wedm_r,fusion,blue,1,13.6731990764258,13.6731990764258,13.6731990764258,13.6731990764258
rv,mo58a,wedm_r,fusion,green,1,18.3851958623333,18.3851958623333,18.3851958623333,18.3851958623333
rv,mo58a,wedm_r,fusion,red,1,59.9858792900484,59.9858792900484,59.9858792900484,59.9858792900484
rv,mo58a,wedm_r,int,blue,1,34.4482257604583,34.4482257604583,34.4482257604583,34.4482257604583
rv,mo58a,wedm_r,int,green,1,23.9137211621507,23.9137211621507,23.9137211621507,23.9137211621507
rv,mo58a,wedm_r,int,red,1,23.996402557302,23.996402557302,23.996402557302,23.996402557302
rv,mo58a,wedm_r,int,white,1,23.5348995997339,23.5348995997339,23.5348995997339,23.5348995997339
rv,ti6al4v,b,FV,blue,1,215.01014219071,215.01014219071,215.01014219071,215.01014219071
rv,ti6al4v,b,FV,green,1,100.147004499206,100.147004499206,100.147004499206,100.147004499206
rv,ti6al4v,b,FV,red,1,69.9747209804277,69.9747209804277,69.9747209804277,69.9747209804277
rv,ti6al4v,b,conf,blue,1,144.464152395997,144.464152395997,144.464152395997,144.464152395997
rv,ti6al4v,b,conf,green,1,175.533259441892,175.533259441892,175.533259441892,175.533259441892
rv,ti6al4v,b,conf,red,1,212.938522514913,212.938522514913,212.938522514913,212.938522514913
rv,ti6al4v,b,fusion,blue,1,186.040814410823,186.040814410823,186.040814410823,186.040814410823
rv,ti6al4v,b,fusion,green,1,211.008427592629,211.008427592629,211.008427592629,211.008427592629
rv,ti6al4v,b,fusion,red,1,248.80673184030601,248.80673184030601,248.80673184030601,248.80673184030601
rv,ti6al4v,b,int,blue,1,125.798444695021,125.798444695021,125.798444695021,125.798444695021
rv,ti6al4v,b,int,green,1,106.014651656129,106.014651656129,106.014651656129,106.014651656129
rv,ti6al4v,b,int,red,1,95.4843961253204,95.4843961253204,95.4843961253204,95.4843961253204
rv,ti6al4v,b,int,white,1,97.8264458836049,97.8264458836049,97.8264458836049,97.8264458836049
rv,ti6al4v,gla,FV,blue,1,16.8901105838008,16.8901105838008,16.8901105838008,16.8901105838008
rv,ti6al4v,gla,FV,green,1,0.182490901811497,0.182490901811497,0.182490901811497,0.182490901811497
rv,ti6al4v,gla,FV,red,1,26.2779832820335,26.2779832820335,26.2779832820335,26.2779832820335
rv,ti6al4v,gla,conf,blue,1,83.9721172366844,83.9721172366844,83.9721172366844,83.9721172366844
rv,ti6al4v,gla,conf,green,1,137.301603119686,137.301603119686,137.301603119686,137.301603119686
rv,ti6al4v,gla,conf,red,1,178.107382069089,178.107382069089,178.107382069089,178.107382069089
rv,ti6al4v,gla,fusion,blue,1,137.151784356163,137.151784356163,137.151784356163,137.151784356163
rv,ti6al4v,gla,fusion,green,1,207.44637125422,207.44637125422,207.44637125422,207.44637125422
rv,ti6al4v,gla,fusion,red,1,294.531103857754,294.531103857754,294.531103857754,294.531103857754
rv,ti6al4v,gla,int,blue,1,6.21756478541521,6.21756478541521,6.21756478541521,6.21756478541521
rv,ti6al4v,gla,int,green,1,17.5648472497883,17.5648472497883,17.5648472497883,17.5648472497883
rv,ti6al4v,gla,int,red,1,6.94251498564003,6.94251498564003,6.94251498564003,6.94251498564003
rv,ti6al4v,gla,int,white,1,17.6757857255096,17.6757857255096,17.6757857255096,17.6757857255096
rv,ti6al4v,gri,FV,blue,1,166.808073526428,166.808073526428,166.808073526428,166.808073526428
rv,ti6al4v,gri,FV,green,1,124.950113612759,124.950113612759,124.950113612759,124.950113612759
rv,ti6al4v,gri,FV,red,1,135.119228953743,135.119228953743,135.119228953743,135.119228953743
rv,ti6al4v,gri,conf,blue,1,163.072066448563,163.072066448563,163.072066448563,163.072066448563
rv,ti6al4v,gri,conf,green,1,199.292803242556,199.292803242556,199.292803242556,199.292803242556
rv,ti6al4v,gri,conf,red,1,227.906341198671,227.906341198671,227.906341198671,227.906341198671
rv,ti6al4v,gri,fusion,blue,1,194.341415285488,194.341415285488,194.341415285488,194.341415285488
rv,ti6al4v,gri,fusion,green,1,247.838221820232,247.838221820232,247.838221820232,247.838221820232
rv,ti6al4v,gri,fusion,red,1,286.002627565962,286.002627565962,286.002627565962,286.002627565962
rv,ti6al4v,gri,int,blue,1,143.344986928267,143.344986928267,143.344986928267,143.344986928267
rv,ti6al4v,gri,int,green,1,128.723385729061,128.723385729061,128.723385729061,128.723385729061
rv,ti6al4v,gri,int,red,1,127.718906973012,127.718906973012,127.718906973012,127.718906973012
rv,ti6al4v,gri,int,white,1,125.009170584385,125.009170584385,125.009170584385,125.009170584385
rv,ti6al4v,hon,FV,blue,1,113.855492326479,113.855492326479,113.855492326479,113.855492326479
rv,ti6al4v,hon,FV,green,1,84.1394430651516,84.1394430651516,84.1394430651516,84.1394430651516
rv,ti6al4v,hon,FV,red,1,134.980724779523,134.980724779523,134.980724779523,134.980724779523
rv,ti6al4v,hon,conf,blue,1,102.918854239718,102.918854239718,102.918854239718,102.918854239718
rv,ti6al4v,hon,conf,green,1,169.013059663633,169.013059663633,169.013059663633,169.013059663633
rv,ti6al4v,hon,conf,red,1,199.698393084052,199.698393084052,199.698393084052,199.698393084052
rv,ti6al4v,hon,fusion,blue,1,164.086389826335,164.086389826335,164.086389826335,164.086389826335
rv,ti6al4v,hon,fusion,green,1,254.746982807992,254.746982807992,254.746982807992,254.746982807992
rv,ti6al4v,hon,fusion,red,1,279.208430453504,279.208430453504,279.208430453504,279.208430453504
rv,ti6al4v,hon,int,blue,1,37.835620903297,37.835620903297,37.835620903297,37.835620903297
rv,ti6al4v,hon,int,green,1,39.304763924556,39.304763924556,39.304763924556,39.304763924556
rv,ti6al4v,hon,int,red,1,33.3788623265713,33.3788623265713,33.3788623265713,33.3788623265713
rv,ti6al4v,hon,int,white,1,39.2589295959953,39.2589295959953,39.2589295959953,39.2589295959953
rv,ti6al4v,mf,FV,blue,1,129.574459944299,129.574459944299,129.574459944299,129.574459944299
rv,ti6al4v,mf,FV,green,1,42.9145655054038,42.9145655054038,42.9145655054038,42.9145655054038
rv,ti6al4v,mf,FV,red,1,48.0272934897086,48.0272934897086,48.0272934897086,48.0272934897086
rv,ti6al4v,mf,conf,blue,1,69.6448113543919,69.6448113543919,69.6448113543919,69.6448113543919
rv,ti6al4v,mf,conf,green,1,115.529108090019,115.529108090019,115.529108090019,115.529108090019
rv,ti6al4v,mf,conf,red,1,149.253792072724,149.253792072724,149.253792072724,149.253792072724
rv,ti6al4v,mf,fusion,blue,1,105.312260236837,105.312260236837,105.312260236837,105.312260236837
rv,ti6al4v,mf,fusion,green,1,156.966153796376,156.966153796376,156.966153796376,156.966153796376
rv,ti6al4v,mf,fusion,red,1,199.973535180069,199.973535180069,199.973535180069,199.973535180069
rv,ti6al4v,mf,int,blue,1,36.1712272377962,36.1712272377962,36.1712272377962,36.1712272377962
rv,ti6al4v,mf,int,green,1,18.9176555619517,18.9176555619517,18.9176555619517,18.9176555619517
rv,ti6al4v,mf,int,red,1,31.0118501802635,31.0118501802635,31.0118501802635,31.0118501802635
rv,ti6al4v,mf,int,white,1,19.3369884533113,19.3369884533113,19.3369884533113,19.3369884533113
rv,ti6al4v,mr,FV,blue,1,52.4096562477382,52.4096562477382,52.4096562477382,52.4096562477382
rv,ti6al4v,mr,FV,green,1,24.3465217587296,24.3465217587296,24.3465217587296,24.3465217587296
rv,ti6al4v,mr,FV,red,1,26.5225117785291,26.5225117785291,26.5225117785291,26.5225117785291
rv,ti6al4v,mr,conf,blue,1,11.1717903059042,11.1717903059042,11.1717903059042,11.1717903059042
rv,ti6al4v,mr,conf,green,1,3.321838720959,3.321838720959,3.321838720959,3.321838720959
rv,ti6al4v,mr,conf,red,1,19.867183787765,19.867183787765,19.867183787765,19.867183787765
rv,ti6al4v,mr,fusion,blue,1,14.7914920375354,14.7914920375354,14.7914920375354,14.7914920375354
rv,ti6al4v,mr,fusion,green,1,34.4811684437198,34.4811684437198,34.4811684437198,34.4811684437198
rv,ti6al4v,mr,fusion,red,1,56.5133535765683,56.5133535765683,56.5133535765683,56.5133535765683
rv,ti6al4v,mr,int,blue,1,20.0170015934567,20.0170015934567,20.0170015934567,20.0170015934567
rv,ti6al4v,mr,int,green,1,56.7248943519402,56.7248943519402,56.7248943519402,56.7248943519402
rv,ti6al4v,mr,int,red,1,54.7661563399838,54.7661563399838,54.7661563399838,54.7661563399838
rv,ti6al4v,mr,int,white,1,58.0082377630867,58.0082377630867,58.0082377630867,58.0082377630867
rv,ti6al4v,tf,FV,blue,1,2.22163614977709,2.22163614977709,2.22163614977709,2.22163614977709
rv,ti6al4v,tf,FV,green,1,13.9400271303799,13.9400271303799,13.9400271303799,13.9400271303799
rv,ti6al4v,tf,FV,red,1,5.87613868434354,5.87613868434354,5.87613868434354,5.87613868434354
rv,ti6al4v,tf,conf,blue,1,11.4171133713438,11.4171133713438,11.4171133713438,11.4171133713438
rv,ti6al4v,tf,conf,green,1,1.1830492532853,1.1830492532853,1.1830492532853,1.1830492532853
rv,ti6al4v,tf,conf,red,1,21.4374934304074,21.4374934304074,21.4374934304074,21.4374934304074
rv,ti6al4v,tf,fusion,blue,1,2.73855544266972,2.73855544266972,2.73855544266972,2.73855544266972
rv,ti6al4v,tf,fusion,green,1,20.4705867671186,20.4705867671186,20.4705867671186,20.4705867671186
rv,ti6al4v,tf,fusion,red,1,44.3539062621011,44.3539062621011,44.3539062621011,44.3539062621011
rv,ti6al4v,tf,int,blue,1,20.9676984299346,20.9676984299346,20.9676984299346,20.9676984299346
rv,ti6al4v,tf,int,green,1,29.1585779449332,29.1585779449332,29.1585779449332,29.1585779449332
rv,ti6al4v,tf,int,red,1,2.7576724970521,2.7576724970521,2.7576724970521,2.7576724970521
rv,ti6al4v,tf,int,white,1,29.1775140176812,29.1775140176812,29.1775140176812,29.1775140176812
rv,ti6al4v,tr,FV,blue,1,58.5883044122412,58.5883044122412,58.5883044122412,58.5883044122412
rv,ti6al4v,tr,FV,green,1,63.0641456138336,63.0641456138336,63.0641456138336,63.0641456138336
rv,ti6al4v,tr,FV,red,1,59.208922341593,59.208922341593,59.208922341593,59.208922341593
rv,ti6al4v,tr,conf,blue,1,56.8808822725192,56.8808822725192,56.8808822725192,56.8808822725192
rv,ti6al4v,tr,conf,green,1,42.5945969182691,42.5945969182691,42.5945969182691,42.5945969182691
rv,ti6al4v,tr,conf,red,1,32.3081196666451,32.3081196666451,32.3081196666451,32.3081196666451
rv,ti6al4v,tr,fusion,blue,1,47.2919149143829,47.2919149143829,47.2919149143829,47.2919149143829
rv,ti6al4v,tr,fusion,green,1,28.4346160181644,28.4346160181644,28.4346160181644,28.4346160181644
rv,ti6al4v,tr,fusion,red,1,17.3590234312044,17.3590234312044,17.3590234312044,17.3590234312044
rv,ti6al4v,tr,int,blue,1,40.3754089206252,40.3754089206252,40.3754089206252,40.3754089206252
rv,ti6al4v,tr,int,green,1,64.5270921606482,64.5270921606482,64.5270921606482,64.5270921606482
rv,ti6al4v,tr,int,red,1,61.6091040019581,61.6091040019581,61.6091040019581,61.6091040019581
rv,ti6al4v,tr,int,white,1,65.7935000186965,65.7935000186965,65.7935000186965,65.7935000186965
rv,ti6al4v,wedm_f,FV,blue,1,70.1027441427485,70.1027441427485,70.1027441427485,70.1027441427485
rv,ti6al4v,wedm_f,FV,green,1,40.9701199781525,40.9701199781525,40.9701199781525,40.9701199781525
rv,ti6al4v,wedm_f,FV,red,1,80.597250580859,80.597250580859,80.597250580859,80.597250580859
rv,ti6al4v,wedm_f,conf,blue,1,119.016086911746,119.016086911746,119.016086911746,119.016086911746
rv,ti6al4v,wedm_f,conf,green,1,161.479039593156,161.479039593156,161.479039593156,161.479039593156
rv,ti6al4v,wedm_f,conf,red,1,190.365355460878,190.365355460878,190.365355460878,190.365355460878
rv,ti6al4v,wedm_f,fusion,blue,1,206.783344171966,206.783344171966,206.783344171966,206.783344171966
rv,ti6al4v,wedm_f,fusion,green,1,262.807020071656,262.807020071656,262.807020071656,262.807020071656
rv,ti6al4v,wedm_f,fusion,red,1,295.280365346958,295.280365346958,295.280365346958,295.280365346958
rv,ti6al4v,wedm_f,int,blue,1,13.8050996557453,13.8050996557453,13.8050996557453,13.8050996557453
rv,ti6al4v,wedm_f,int,green,1,7.61905265304084,7.61905265304084,7.61905265304084,7.61905265304084
rv,ti6al4v,wedm_f,int,red,1,7.57670833288171,7.57670833288171,7.57670833288171,7.57670833288171
rv,ti6al4v,wedm_f,int,white,1,8.20582553513141,8.20582553513141,8.20582553513141,8.20582553513141
rv,ti6al4v,wedm_r,FV,blue,1,11.3419900024691,11.3419900024691,11.3419900024691,11.3419900024691
rv,ti6al4v,wedm_r,FV,green,1,9.0334154791971,9.0334154791971,9.0334154791971,9.0334154791971
rv,ti6al4v,wedm_r,FV,red,1,3.8665599607284,3.8665599607284,3.8665599607284,3.8665599607284
rv,ti6al4v,wedm_r,conf,blue,1,25.8551439206009,25.8551439206009,25.8551439206009,25.8551439206009
rv,ti6al4v,wedm_r,conf,green,1,78.2794700613764,78.2794700613764,78.2794700613764,78.2794700613764
rv,ti6al4v,wedm_r,conf,red,1,127.36203970069,127.36203970069,127.36203970069,127.36203970069
rv,ti6al4v,wedm_r,fusion,blue,1,108.551268436353,108.551268436353,108.551268436353,108.551268436353
rv,ti6al4v,wedm_r,fusion,green,1,237.496705245693,237.496705245693,237.496705245693,237.496705245693
rv,ti6al4v,wedm_r,fusion,red,1,284.671943753145,284.671943753145,284.671943753145,284.671943753145
rv,ti6al4v,wedm_r,int,blue,1,26.4514342116218,26.4514342116218,26.4514342116218,26.4514342116218
rv,ti6al4v,wedm_r,int,green,1,0.865456114910793,0.865456114910793,0.865456114910793,0.865456114910793
rv,ti6al4v,wedm_r,int,red,1,1.41770233035849,1.41770233035849,1.41770233035849,1.41770233035849
rv,ti6al4v,wedm_r,int,white,1,1.40353497868443,1.40353497868443,1.40353497868443,1.40353497868443
rz,14301,b,FV,blue,1,283.140776954136,283.140776954136,283.140776954136,283.140776954136
rz,14301,b,FV,green,1,102.68520501203,102.68520501203,102.68520501203,102.68520501203
rz,14301,b,FV,red,1,130.667716246616,130.667716246616,130.667716246616,130.667716246616
rz,14301,b,conf,blue,1,175.391019559717,175.391019559717,175.391019559717,175.391019559717
rz,14301,b,conf,green,1,198.450310402213,198.450310402213,198.450310402213,198.450310402213
rz,14301,b,conf,red,1,263.167104955923,263.167104955923,263.167104955923,263.167104955923
rz,14301,b,fusion,blue,1,272.29687590265,272.29687590265,272.29687590265,272.29687590265
rz,14301,b,fusion,green,1,290.182187638158,290.182187638158,290.182187638158,290.182187638158
rz,14301,b,fusion,red,1,375.068501790742,375.068501790742,375.068501790742,375.068501790742
rz,14301,b,int,blue,1,158.501433120859,158.501433120859,158.501433120859,158.501433120859
rz,14301,b,int,green,1,19.2933525337515,19.2933525337515,19.2933525337515,19.2933525337515
rz,14301,b,int,red,1,176.429323630726,176.429323630726,176.429323630726,176.429323630726
rz,14301,b,int,white,1,24.2185181279699,24.2185181279699,24.2185181279699,24.2185181279699
rz,14301,gla,FV,blue,1,10.3120568226171,10.3120568226171,10.3120568226171,10.3120568226171
rz,14301,gla,FV,green,1,14.8178479010419,14.8178479010419,14.8178479010419,14.8178479010419
rz,14301,gla,FV,red,1,6.14167796481887,6.14167796481887,6.14167796481887,6.14167796481887
rz,14301,gla,conf,blue,1,48.2065876987457,48.2065876987457,48.2065876987457,48.2065876987457
rz,14301,gla,conf,green,1,62.7643052645234,62.7643052645234,62.7643052645234,62.7643052645234
rz,14301,gla,conf,red,1,76.4046197877052,76.4046197877052,76.4046197877052,76.4046197877052
rz,14301,gla,fusion,blue,1,120.097450659495,120.097450659495,120.097450659495,120.097450659495
rz,14301,gla,fusion,green,1,131.978537733642,131.978537733642,131.978537733642,131.978537733642
rz,14301,gla,fusion,red,1,159.348874703942,159.348874703942,159.348874703942,159.348874703942
rz,14301,gla,int,blue,1,19.7010846066829,19.7010846066829,19.7010846066829,19.7010846066829
rz,14301,gla,int,green,1,30.1312880622239,30.1312880622239,30.1312880622239,30.1312880622239
rz,14301,gla,int,red,1,30.6944550838307,30.6944550838307,30.6944550838307,30.6944550838307
rz,14301,gla,int,white,1,30.8169321096029,30.8169321096029,30.8169321096029,30.8169321096029
rz,14301,gri,FV,blue,1,38.6083086083288,38.6083086083288,38.6083086083288,38.6083086083288
rz,14301,gri,FV,green,1,17.3288881353225,17.3288881353225,17.3288881353225,17.3288881353225
rz,14301,gri,FV,red,1,40.8904179157513,40.8904179157513,40.8904179157513,40.8904179157513
rz,14301,gri,conf,blue,1,19.8546015338111,19.8546015338111,19.8546015338111,19.8546015338111
rz,14301,gri,conf,green,1,21.4354699368636,21.4354699368636,21.4354699368636,21.4354699368636
rz,14301,gri,conf,red,1,29.8328690789079,29.8328690789079,29.8328690789079,29.8328690789079
rz,14301,gri,fusion,blue,1,64.3265298326973,64.3265298326973,64.3265298326973,64.3265298326973
rz,14301,gri,fusion,green,1,47.7333248209205,47.7333248209205,47.7333248209205,47.7333248209205
rz,14301,gri,fusion,red,1,57.8881750837558,57.8881750837558,57.8881750837558,57.8881750837558
rz,14301,gri,int,blue,1,0.589584479237993,0.589584479237993,0.589584479237993,0.589584479237993
rz,14301,gri,int,green,1,6.25438925985604,6.25438925985604,6.25438925985604,6.25438925985604
rz,14301,gri,int,red,1,0.996499127057507,0.996499127057507,0.996499127057507,0.996499127057507
rz,14301,gri,int,white,1,7.1912633599787,7.1912633599787,7.1912633599787,7.1912633599787
rz,14301,hon,FV,blue,1,15.3086889309123,15.3086889309123,15.3086889309123,15.3086889309123
rz,14301,hon,FV,green,1,27.0207763065133,27.0207763065133,27.0207763065133,27.0207763065133
rz,14301,hon,FV,red,1,66.7439011339853,66.7439011339853,66.7439011339853,66.7439011339853
rz,14301,hon,conf,blue,1,14.5152502597965,14.5152502597965,14.5152502597965,14.5152502597965
rz,14301,hon,conf,green,1,34.0911758100905,34.0911758100905,34.0911758100905,34.0911758100905
rz,14301,hon,conf,red,1,47.5086715071719,47.5086715071719,47.5086715071719,47.5086715071719
rz,14301,hon,fusion,blue,1,83.4324953590122,83.4324953590122,83.4324953590122,83.4324953590122
rz,14301,hon,fusion,green,1,88.9391875857116,88.9391875857116,88.9391875857116,88.9391875857116
rz,14301,hon,fusion,red,1,100.720060933435,100.720060933435,100.720060933435,100.720060933435
rz,14301,hon,int,blue,1,16.6074358999918,16.6074358999918,16.6074358999918,16.6074358999918
rz,14301,hon,int,green,1,0.0803024428378078,0.0803024428378078,0.0803024428378078,0.0803024428378078
rz,14301,hon,int,red,1,6.06447016706019,6.06447016706019,6.06447016706019,6.06447016706019
rz,14301,hon,int,white,1,0.580321459391406,0.580321459391406,0.580321459391406,0.580321459391406
rz,14301,mf,FV,blue,1,141.45253265238,141.45253265238,141.45253265238,141.45253265238
rz,14301,mf,FV,green,1,53.6621673045492,53.6621673045492,53.6621673045492,53.6621673045492
rz,14301,mf,FV,red,1,66.776749793736,66.776749793736,66.776749793736,66.776749793736
rz,14301,mf,conf,blue,1,92.9327578504776,92.9327578504776,92.9327578504776,92.9327578504776
rz,14301,mf,conf,green,1,125.550631714435,125.550631714435,125.550631714435,125.550631714435
rz,14301,mf,conf,red,1,161.971818647478,161.971818647478,161.971818647478,161.971818647478
rz,14301,mf,fusion,blue,1,127.677805979373,127.677805979373,127.677805979373,127.677805979373
rz,14301,mf,fusion,green,1,185.817162181301,185.817162181301,185.817162181301,185.817162181301
rz,14301,mf,fusion,red,1,230.557878103033,230.557878103033,230.557878103033,230.557878103033
rz,14301,mf,int,blue,1,183.450703171602,183.450703171602,183.450703171602,183.450703171602
rz,14301,mf,int,green,1,12.5030011858558,12.5030011858558,12.5030011858558,12.5030011858558
rz,14301,mf,int,red,1,65.9498595565546,65.9498595565546,65.9498595565546,65.9498595565546
rz,14301,mf,int,white,1,10.760344045869,10.760344045869,10.760344045869,10.760344045869
rz,14301,mr,FV,blue,1,58.797922765841,58.797922765841,58.797922765841,58.797922765841
rz,14301,mr,FV,green,1,72.1248704645161,72.1248704645161,72.1248704645161,72.1248704645161
rz,14301,mr,FV,red,1,72.4087517918494,72.4087517918494,72.4087517918494,72.4087517918494
rz,14301,mr,conf,blue,1,74.0433878545507,74.0433878545507,74.0433878545507,74.0433878545507
rz,14301,mr,conf,green,1,68.9420193980718,68.9420193980718,68.9420193980718,68.9420193980718
rz,14301,mr,conf,red,1,63.3094226723666,63.3094226723666,63.3094226723666,63.3094226723666
rz,14301,mr,fusion,blue,1,69.1209966913201,69.1209966913201,69.1209966913201,69.1209966913201
rz,14301,mr,fusion,green,1,64.0660951671032,64.0660951671032,64.0660951671032,64.0660951671032
rz,14301,mr,fusion,red,1,58.5364202728805,58.5364202728805,58.5364202728805,58.5364202728805
rz,14301,mr,int,blue,1,40.2071197249728,40.2071197249728,40.2071197249728,40.2071197249728
rz,14301,mr,int,green,1,84.8468311593401,84.8468311593401,84.8468311593401,84.8468311593401
rz,14301,mr,int,red,1,49.1722983255395,49.1722983255395,49.1722983255395,49.1722983255395
rz,14301,mr,int,white,1,85.9300066414111,85.9300066414111,85.9300066414111,85.9300066414111
rz,14301,tf,FV,blue,1,40.2084925381864,40.2084925381864,40.2084925381864,40.2084925381864
rz,14301,tf,FV,green,1,34.3301687025624,34.3301687025624,34.3301687025624,34.3301687025624
rz,14301,tf,FV,red,1,39.9944507739174,39.9944507739174,39.9944507739174,39.9944507739174
rz,14301,tf,conf,blue,1,44.8990392732787,44.8990392732787,44.8990392732787,44.8990392732787
rz,14301,tf,conf,green,1,42.4905972357357,42.4905972357357,42.4905972357357,42.4905972357357
rz,14301,tf,conf,red,1,40.3933196065264,40.3933196065264,40.3933196065264,40.3933196065264
rz,14301,tf,fusion,blue,1,36.7259697571928,36.7259697571928,36.7259697571928,36.7259697571928
rz,14301,tf,fusion,green,1,33.2459854398592,33.2459854398592,33.2459854398592,33.2459854398592
rz,14301,tf,fusion,red,1,30.1258804930235,30.1258804930235,30.1258804930235,30.1258804930235
rz,14301,tf,int,blue,1,30.0234385152586,30.0234385152586,30.0234385152586,30.0234385152586
rz,14301,tf,int,green,1,60.7879105673676,60.7879105673676,60.7879105673676,60.7879105673676
rz,14301,tf,int,red,1,47.52409602027,47.52409602027,47.52409602027,47.52409602027
rz,14301,tf,int,white,1,61.5126782826521,61.5126782826521,61.5126782826521,61.5126782826521
rz,14301,tr,FV,blue,1,26.6681007251832,26.6681007251832,26.6681007251832,26.6681007251832
rz,14301,tr,FV,green,1,49.2778933213621,49.2778933213621,49.2778933213621,49.2778933213621
rz,14301,tr,FV,red,1,50.3735426256344,50.3735426256344,50.3735426256344,50.3735426256344
rz,14301,tr,conf,blue,1,45.717175304145,45.717175304145,45.717175304145,45.717175304145
rz,14301,tr,conf,green,1,42.6302920668621,42.6302920668621,42.6302920668621,42.6302920668621
rz,14301,tr,conf,red,1,40.5398311936737,40.5398311936737,40.5398311936737,40.5398311936737
rz,14301,tr,fusion,blue,1,38.4492105072159,38.4492105072159,38.4492105072159,38.4492105072159
rz,14301,tr,fusion,green,1,33.7701049924918,33.7701049924918,33.7701049924918,33.7701049924918
rz,14301,tr,fusion,red,1,30.5035778359542,30.5035778359542,30.5035778359542,30.5035778359542
rz,14301,tr,int,blue,1,34.7817085475198,34.7817085475198,34.7817085475198,34.7817085475198
rz,14301,tr,int,green,1,51.5379150904784,51.5379150904784,51.5379150904784,51.5379150904784
rz,14301,tr,int,red,1,43.4741048718534,43.4741048718534,43.4741048718534,43.4741048718534
rz,14301,tr,int,white,1,51.5546850039725,51.5546850039725,51.5546850039725,51.5546850039725
rz,14301,wedm_f,FV,blue,1,26.8854827104159,26.8854827104159,26.8854827104159,26.8854827104159
rz,14301,wedm_f,FV,green,1,0.31055881323455,0.31055881323455,0.31055881323455,0.31055881323455
rz,14301,wedm_f,FV,red,1,22.449958431102,22.449958431102,22.449958431102,22.449958431102
rz,14301,wedm_f,conf,blue,1,66.7015692705307,66.7015692705307,66.7015692705307,66.7015692705307
rz,14301,wedm_f,conf,green,1,84.6411870178679,84.6411870178679,84.6411870178679,84.6411870178679
rz,14301,wedm_f,conf,red,1,119.041810046245,119.041810046245,119.041810046245,119.041810046245
rz,14301,wedm_f,fusion,blue,1,170.401712949995,170.401712949995,170.401712949995,170.401712949995
rz,14301,wedm_f,fusion,green,1,147.06332752966,147.06332752966,147.06332752966,147.06332752966
rz,14301,wedm_f,fusion,red,1,188.082058010327,188.082058010327,188.082058010327,188.082058010327
rz,14301,wedm_f,int,blue,1,25.20392186044,25.20392186044,25.20392186044,25.20392186044
rz,14301,wedm_f,int,green,1,9.1724120002302,9.1724120002302,9.1724120002302,9.1724120002302
rz,14301,wedm_f,int,red,1,18.3170501690459,18.3170501690459,18.3170501690459,18.3170501690459
rz,14301,wedm_f,int,white,1,9.19670282036595,9.19670282036595,9.19670282036595,9.19670282036595
rz,14301,wedm_r,FV,blue,1,0.190990814165147,0.190990814165147,0.190990814165147,0.190990814165147
rz,14301,wedm_r,FV,green,1,2.00457353455494,2.00457353455494,2.00457353455494,2.00457353455494
rz,14301,wedm_r,FV,red,1,1.11403579814076,1.11403579814076,1.11403579814076,1.11403579814076
rz,14301,wedm_r,conf,blue,1,4.82281452556088,4.82281452556088,4.82281452556088,4.82281452556088
rz,14301,wedm_r,conf,green,1,9.75077336750971,9.75077336750971,9.75077336750971,9.75077336750971
rz,14301,wedm_r,conf,red,1,15.1783981269146,15.1783981269146,15.1783981269146,15.1783981269146
rz,14301,wedm_r,fusion,blue,1,12.7268230006331,12.7268230006331,12.7268230006331,12.7268230006331
rz,14301,wedm_r,fusion,green,1,30.6452240109943,30.6452240109943,30.6452240109943,30.6452240109943
rz,14301,wedm_r,fusion,red,1,45.1545826312182,45.1545826312182,45.1545826312182,45.1545826312182
rz,14301,wedm_r,int,green,1,6.95195473993339,6.95195473993339,6.95195473993339,6.95195473993339
rz,14301,wedm_r,int,red,1,4.56544930391862,4.56544930391862,4.56544930391862,4.56544930391862
rz,14301,wedm_r,int,white,1,6.63394197054078,6.63394197054078,6.63394197054078,6.63394197054078
rz,al7075,b,FV,blue,1,493.503966051371,493.503966051371,493.503966051371,493.503966051371
rz,al7075,b,FV,green,1,182.40148664461,182.40148664461,182.40148664461,182.40148664461
rz,al7075,b,FV,red,1,197.404191279592,197.404191279592,197.404191279592,197.404191279592
rz,al7075,b,conf,blue,1,247.450405402668,247.450405402668,247.450405402668,247.450405402668
rz,al7075,b,conf,green,1,256.260769606983,256.260769606983,256.260769606983,256.260769606983
rz,al7075,b,conf,red,1,347.263833195646,347.263833195646,347.263833195646,347.263833195646
rz,al7075,b,fusion,blue,1,330.134150322723,330.134150322723,330.134150322723,330.134150322723
rz,al7075,b,fusion,green,1,332.631902564844,332.631902564844,332.631902564844,332.631902564844
rz,al7075,b,fusion,red,1,459.072801536541,459.072801536541,459.072801536541,459.072801536541
rz,al7075,b,int,blue,1,361.472500246574,361.472500246574,361.472500246574,361.472500246574
rz,al7075,b,int,green,1,56.6945716202553,56.6945716202553,56.6945716202553,56.6945716202553
rz,al7075,b,int,red,1,949.651954187749,949.651954187749,949.651954187749,949.651954187749
rz,al7075,b,int,white,1,18.1045946730948,18.1045946730948,18.1045946730948,18.1045946730948
rz,al7075,gla,FV,blue,1,7.12930621519507,7.12930621519507,7.12930621519507,7.12930621519507
rz,al7075,gla,FV,green,1,15.2609957924074,15.2609957924074,15.2609957924074,15.2609957924074
rz,al7075,gla,FV,red,1,7.0204181406615,7.0204181406615,7.0204181406615,7.0204181406615
rz,al7075,gla,conf,blue,1,32.1008491684895,32.1008491684895,32.1008491684895,32.1008491684895
rz,al7075,gla,conf,green,1,59.5984004544492,59.5984004544492,59.5984004544492,59.5984004544492
rz,al7075,gla,conf,red,1,85.040903879201,85.040903879201,85.040903879201,85.040903879201
rz,al7075,gla,fusion,blue,1,56.9892461568585,56.9892461568585,56.9892461568585,56.9892461568585
rz,al7075,gla,fusion,green,1,120.955152082851,120.955152082851,120.955152082851,120.955152082851
rz,al7075,gla,fusion,red,1,143.798668085812,143.798668085812,143.798668085812,143.798668085812
rz,al7075,gla,int,blue,1,12.0587027306921,12.0587027306921,12.0587027306921,12.0587027306921
rz,al7075,gla,int,green,1,5.77704390768893,5.77704390768893,5.77704390768893,5.77704390768893
rz,al7075,gla,int,red,1,8.85718151368567,8.85718151368567,8.85718151368567,8.85718151368567
rz,al7075,gla,int,white,1,5.64696591048287,5.64696591048287,5.64696591048287,5.64696591048287
rz,al7075,gri,FV,blue,1,64.171874357702393,64.171874357702393,64.171874357702393,64.171874357702393
rz,al7075,gri,FV,green,1,28.0186295008907,28.0186295008907,28.0186295008907,28.0186295008907
rz,al7075,gri,FV,red,1,59.080153187548,59.080153187548,59.080153187548,59.080153187548
rz,al7075,gri,conf,blue,1,10.7690029520181,10.7690029520181,10.7690029520181,10.7690029520181
rz,al7075,gri,conf,green,1,23.2893131197506,23.2893131197506,23.2893131197506,23.2893131197506
rz,al7075,gri,conf,red,1,39.7983635101848,39.7983635101848,39.7983635101848,39.7983635101848
rz,al7075,gri,fusion,blue,1,40.9367072059859,40.9367072059859,40.9367072059859,40.9367072059859
rz,al7075,gri,fusion,green,1,51.8253789864422,51.8253789864422,51.8253789864422,51.8253789864422
rz,al7075,gri,fusion,red,1,68.7788440419411,68.7788440419411,68.7788440419411,68.7788440419411
rz,al7075,gri,int,blue,1,10.5017023888791,10.5017023888791,10.5017023888791,10.5017023888791
rz,al7075,gri,int,green,1,20.4402601294026,20.4402601294026,20.4402601294026,20.4402601294026
rz,al7075,gri,int,red,1,12.6945787304914,12.6945787304914,12.6945787304914,12.6945787304914
rz,al7075,gri,int,white,1,21.1135255669733,21.1135255669733,21.1135255669733,21.1135255669733
rz,al7075,hon,FV,blue,1,14.4052659329741,14.4052659329741,14.4052659329741,14.4052659329741
rz,al7075,hon,FV,green,1,26.380166984538,26.380166984538,26.380166984538,26.380166984538
rz,al7075,hon,FV,red,1,0.655676454759609,0.655676454759609,0.655676454759609,0.655676454759609
rz,al7075,hon,conf,blue,1,43.5302930356547,43.5302930356547,43.5302930356547,43.5302930356547
rz,al7075,hon,conf,green,1,33.4415496366949,33.4415496366949,33.4415496366949,33.4415496366949
rz,al7075,hon,conf,red,1,25.2617483592769,25.2617483592769,25.2617483592769,25.2617483592769
rz,al7075,hon,fusion,blue,1,24.1125385458747,24.1125385458747,24.1125385458747,24.1125385458747
rz,al7075,hon,fusion,green,1,14.8296807125577,14.8296807125577,14.8296807125577,14.8296807125577
rz,al7075,hon,fusion,red,1,5.73491103814795,5.73491103814795,5.73491103814795,5.73491103814795
rz,al7075,hon,int,blue,1,51.8212519370745,51.8212519370745,51.8212519370745,51.8212519370745
rz,al7075,hon,int,green,1,56.5470663094966,56.5470663094966,56.5470663094966,56.5470663094966
rz,al7075,hon,int,red,1,53.8149944180222,53.8149944180222,53.8149944180222,53.8149944180222
rz,al7075,hon,int,white,1,56.4900840480613,56.4900840480613,56.4900840480613,56.4900840480613
rz,al7075,mf,FV,blue,1,252.77907133793,252.77907133793,252.77907133793,252.77907133793
rz,al7075,mf,FV,green,1,91.1685773678885,91.1685773678885,91.1685773678885,91.1685773678885
rz,al7075,mf,FV,red,1,104.070636767671,104.070636767671,104.070636767671,104.070636767671
rz,al7075,mf,conf,blue,1,122.622812354001,122.622812354001,122.622812354001,122.622812354001
rz,al7075,mf,conf,green,1,155.193710894307,155.193710894307,155.193710894307,155.193710894307
rz,al7075,mf,conf,red,1,209.80551224107,209.80551224107,209.80551224107,209.80551224107
rz,al7075,mf,fusion,blue,1,183.286546772138,183.286546772138,183.286546772138,183.286546772138
rz,al7075,mf,fusion,green,1,214.824038255583,214.824038255583,214.824038255583,214.824038255583
rz,al7075,mf,fusion,red,1,276.852120591076,276.852120591076,276.852120591076,276.852120591076
rz,al7075,mf,int,blue,1,106.240914185518,106.240914185518,106.240914185518,106.240914185518
rz,al7075,mf,int,green,1,22.3028363395342,22.3028363395342,22.3028363395342,22.3028363395342
rz,al7075,mf,int,red,1,286.457227724455,286.457227724455,286.457227724455,286.457227724455
rz,al7075,mf,int,white,1,28.8123656164185,28.8123656164185,28.8123656164185,28.8123656164185
rz,al7075,mr,FV,blue,1,262.96982326551,262.96982326551,262.96982326551,262.96982326551
rz,al7075,mr,FV,green,1,120.961601777036,120.961601777036,120.961601777036,120.961601777036
rz,al7075,mr,FV,red,1,81.3037475821862,81.3037475821862,81.3037475821862,81.3037475821862
rz,al7075,mr,conf,blue,1,70.3424419775117,70.3424419775117,70.3424419775117,70.3424419775117
rz,al7075,mr,conf,green,1,86.0479077781144,86.0479077781144,86.0479077781144,86.0479077781144
rz,al7075,mr,conf,red,1,106.135853260287,106.135853260287,106.135853260287,106.135853260287
rz,al7075,mr,fusion,blue,1,122.48993843394,122.48993843394,122.48993843394,122.48993843394
rz,al7075,mr,fusion,green,1,148.490317883925,148.490317883925,148.490317883925,148.490317883925
rz,al7075,mr,fusion,red,1,167.754563410791,167.754563410791,167.754563410791,167.754563410791
rz,al7075,mr,int,blue,1,63.8526702744025,63.8526702744025,63.8526702744025,63.8526702744025
rz,al7075,mr,int,green,1,46.6447926945922,46.6447926945922,46.6447926945922,46.6447926945922
rz,al7075,mr,int,red,1,162.499564867336,162.499564867336,162.499564867336,162.499564867336
rz,al7075,mr,int,white,1,53.4495752069528,53.4495752069528,53.4495752069528,53.4495752069528
rz,al7075,tf,FV,blue,1,4.36183555969512,4.36183555969512,4.36183555969512,4.36183555969512
rz,al7075,tf,FV,green,1,30.1025948871176,30.1025948871176,30.1025948871176,30.1025948871176
rz,al7075,tf,FV,red,1,31.2943297871156,31.2943297871156,31.2943297871156,31.2943297871156
rz,al7075,tf,conf,blue,1,34.8918658750753,34.8918658750753,34.8918658750753,34.8918658750753
rz,al7075,tf,conf,green,1,22.3964965325482,22.3964965325482,22.3964965325482,22.3964965325482
rz,al7075,tf,conf,red,1,11.8135662504496,11.8135662504496,11.8135662504496,11.8135662504496
rz,al7075,tf,fusion,blue,1,18.880724199092,18.880724199092,18.880724199092,18.880724199092
rz,al7075,tf,fusion,green,1,1.39044649132781,1.39044649132781,1.39044649132781,1.39044649132781
rz,al7075,tf,fusion,red,1,10.3107258270432,10.3107258270432,10.3107258270432,10.3107258270432
rz,al7075,tf,int,blue,1,18.5587339300905,18.5587339300905,18.5587339300905,18.5587339300905
rz,al7075,tf,int,green,1,58.5551563076688,58.5551563076688,58.5551563076688,58.5551563076688
rz,al7075,tf,int,red,1,9.64580518181056,9.64580518181056,9.64580518181056,9.64580518181056
rz,al7075,tf,int,white,1,61.3305646471665,61.3305646471665,61.3305646471665,61.3305646471665
rz,al7075,tr,FV,blue,1,50.804801169391,50.804801169391,50.804801169391,50.804801169391
rz,al7075,tr,FV,green,1,62.9783003422378,62.9783003422378,62.9783003422378,62.9783003422378
rz,al7075,tr,FV,red,1,63.0282777410264,63.0282777410264,63.0282777410264,63.0282777410264
rz,al7075,tr,conf,blue,1,60.894472034115,60.894472034115,60.894472034115,60.894472034115
rz,al7075,tr,conf,green,1,58.5833532081043,58.5833532081043,58.5833532081043,58.5833532081043
rz,al7075,tr,conf,red,1,55.2551759893928,55.2551759893928,55.2551759893928,55.2551759893928
rz,al7075,tr,fusion,blue,1,55.9465079419899,55.9465079419899,55.9465079419899,55.9465079419899
rz,al7075,tr,fusion,green,1,53.557664880738,53.557664880738,53.557664880738,53.557664880738
rz,al7075,tr,fusion,red,1,49.9721977142205,49.9721977142205,49.9721977142205,49.9721977142205
rz,al7075,tr,int,blue,1,54.3804793150129,54.3804793150129,54.3804793150129,54.3804793150129
rz,al7075,tr,int,green,1,68.6742032243859,68.6742032243859,68.6742032243859,68.6742032243859
rz,al7075,tr,int,red,1,64.4231874338803,64.4231874338803,64.4231874338803,64.4231874338803
rz,al7075,tr,int,white,1,68.8995917602406,68.8995917602406,68.8995917602406,68.8995917602406
rz,al7075,wedm_f,FV,blue,1,57.2846362592145,57.2846362592145,57.2846362592145,57.2846362592145
rz,al7075,wedm_f,FV,green,1,25.7280381807929,25.7280381807929,25.7280381807929,25.7280381807929
rz,al7075,wedm_f,FV,red,1,39.837997531381,39.837997531381,39.837997531381,39.837997531381
rz,al7075,wedm_f,conf,blue,1,122.129526392585,122.129526392585,122.129526392585,122.129526392585
rz,al7075,wedm_f,conf,green,1,106.47545709702,106.47545709702,106.47545709702,106.47545709702
rz,al7075,wedm_f,conf,red,1,137.057569409882,137.057569409882,137.057569409882,137.057569409882
rz,al7075,wedm_f,fusion,blue,1,228.685024505277,228.685024505277,228.685024505277,228.685024505277
rz,al7075,wedm_f,fusion,green,1,183.947614197688,183.947614197688,183.947614197688,183.947614197688
rz,al7075,wedm_f,fusion,red,1,215.267349920522,215.267349920522,215.267349920522,215.267349920522
rz,al7075,wedm_f,int,blue,1,17.859390347895,17.859390347895,17.859390347895,17.859390347895
rz,al7075,wedm_f,int,green,1,6.25339241452517,6.25339241452517,6.25339241452517,6.25339241452517
rz,al7075,wedm_f,int,red,1,7.58281395047809,7.58281395047809,7.58281395047809,7.58281395047809
rz,al7075,wedm_f,int,white,1,5.33432182124376,5.33432182124376,5.33432182124376,5.33432182124376
rz,al7075,wedm_r,FV,blue,1,10.4067970654703,10.4067970654703,10.4067970654703,10.4067970654703
rz,al7075,wedm_r,FV,green,1,6.46997925184038,6.46997925184038,6.46997925184038,6.46997925184038
rz,al7075,wedm_r,FV,red,1,2.39838912833496,2.39838912833496,2.39838912833496,2.39838912833496
rz,al7075,wedm_r,conf,blue,1,46.5094173914398,46.5094173914398,46.5094173914398,46.5094173914398
rz,al7075,wedm_r,conf,green,1,58.6790250615015,58.6790250615015,58.6790250615015,58.6790250615015
rz,al7075,wedm_r,conf,red,1,100.689596484526,100.689596484526,100.689596484526,100.689596484526
rz,al7075,wedm_r,fusion,blue,1,158.210142041375,158.210142041375,158.210142041375,158.210142041375
rz,al7075,wedm_r,fusion,green,1,217.512626061953,217.512626061953,217.512626061953,217.512626061953
rz,al7075,wedm_r,fusion,red,1,237.924494847198,237.924494847198,237.924494847198,237.924494847198
rz,al7075,wedm_r,int,blue,1,7.15519656929188,7.15519656929188,7.15519656929188,7.15519656929188
rz,al7075,wedm_r,int,green,1,2.12541428049616,2.12541428049616,2.12541428049616,2.12541428049616
rz,al7075,wedm_r,int,red,1,2.96379304177368,2.96379304177368,2.96379304177368,2.96379304177368
rz,al7075,wedm_r,int,white,1,0.0684835313310759,0.0684835313310759,0.0684835313310759,0.0684835313310759
rz,c45,b,FV,blue,1,194.94813080269,194.94813080269,194.94813080269,194.94813080269
rz,c45,b,FV,green,1,62.1258888157713,62.1258888157713,62.1258888157713,62.1258888157713
rz,c45,b,FV,red,1,96.3296453992134,96.3296453992134,96.3296453992134,96.3296453992134
rz,c45,b,conf,green,1,146.748838134572,146.748838134572,146.748838134572,146.748838134572
rz,c45,b,conf,red,1,208.70160473323,208.70160473323,208.70160473323,208.70160473323
rz,c45,b,fusion,blue,1,185.638415731854,185.638415731854,185.638415731854,185.638415731854
rz,c45,b,fusion,green,1,213.08174997712,213.08174997712,213.08174997712,213.08174997712
rz,c45,b,fusion,red,1,293.468078556106,293.468078556106,293.468078556106,293.468078556106
rz,c45,b,int,blue,2,433.265268155012,433.265268155012,432.25591611412153,434.27462019590246
rz,c45,b,int,green,1,21.3396374072343,21.3396374072343,21.3396374072343,21.3396374072343
rz,c45,b,int,red,1,42.1171402221331,42.1171402221331,42.1171402221331,42.1171402221331
rz,c45,b,int,white,1,24.3227308109354,24.3227308109354,24.3227308109354,24.3227308109354
rz,c45,gla,FV,blue,1,4.05599917896914,4.05599917896914,4.05599917896914,4.05599917896914
rz,c45,gla,FV,green,1,14.4802905916371,14.4802905916371,14.4802905916371,14.4802905916371
rz,c45,gla,FV,red,1,3.53104796245259,3.53104796245259,3.53104796245259,3.53104796245259
rz,c45,gla,conf,blue,1,38.5522251776506,38.5522251776506,38.5522251776506,38.5522251776506
rz,c45,gla,conf,green,1,62.3180148200743,62.3180148200743,62.3180148200743,62.3180148200743
rz,c45,gla,conf,red,1,82.9321046111554,82.9321046111554,82.9321046111554,82.9321046111554
rz,c45,gla,fusion,blue,1,76.8778639105355,76.8778639105355,76.8778639105355,76.8778639105355
rz,c45,gla,fusion,green,1,107.489807264053,107.489807264053,107.489807264053,107.489807264053
rz,c45,gla,fusion,red,1,142.472516178697,142.472516178697,142.472516178697,142.472516178697
rz,c45,gla,int,blue,1,16.6222148012943,16.6222148012943,16.6222148012943,16.6222148012943
rz,c45,gla,int,green,1,13.8576934852803,13.8576934852803,13.8576934852803,13.8576934852803
rz,c45,gla,int,red,1,16.4623613554442,16.4623613554442,16.4623613554442,16.4623613554442
rz,c45,gla,int,white,1,14.6741904413039,14.6741904413039,14.6741904413039,14.6741904413039
rz,c45,gri,FV,blue,1,120.005082973323,120.005082973323,120.005082973323,120.005082973323
rz,c45,gri,FV,green,1,77.1564687281565,77.1564687281565,77.1564687281565,77.1564687281565
rz,c45,gri,FV,red,1,127.099346863781,127.099346863781,127.099346863781,127.099346863781
rz,c45,gri,conf,blue,1,39.5777364901527,39.5777364901527,39.5777364901527,39.5777364901527
rz,c45,gri,conf,green,1,56.4086453399199,56.4086453399199,56.4086453399199,56.4086453399199
rz,c45,gri,conf,red,1,72.8388890515643,72.8388890515643,72.8388890515643,72.8388890515643
rz,c45,gri,fusion,blue,1,76.1079350957325,76.1079350957325,76.1079350957325,76.1079350957325
rz,c45,gri,fusion,green,1,86.5781504603128,86.5781504603128,86.5781504603128,86.5781504603128
rz,c45,gri,fusion,red,1,104.904886511209,104.904886511209,104.904886511209,104.904886511209
rz,c45,gri,int,blue,1,7.32040106939548,7.32040106939548,7.32040106939548,7.32040106939548
rz,c45,gri,int,green,1,4.77643185398064,4.77643185398064,4.77643185398064,4.77643185398064
rz,c45,gri,int,red,1,4.71440882402667,4.71440882402667,4.71440882402667,4.71440882402667
rz,c45,gri,int,white,1,5.66324908148632,5.66324908148632,5.66324908148632,5.66324908148632
rz,c45,hon,FV,blue,1,4.38958202344173,4.38958202344173,4.38958202344173,4.38958202344173
rz,c45,hon,FV,green,1,12.7188310294926,12.7188310294926,12.7188310294926,12.7188310294926
rz,c45,hon,FV,red,1,50.9549602305268,50.9549602305268,50.9549602305268,50.9549602305268
rz,c45,hon,conf,blue,1,1.59016555890256,1.59016555890256,1.59016555890256,1.59016555890256
rz,c45,hon,conf,green,1,19.1922985428408,19.1922985428408,19.1922985428408,19.1922985428408
rz,c45,hon,conf,red,1,31.153418697001,31.153418697001,31.153418697001,31.153418697001
rz,c45,hon,fusion,blue,1,36.4995139743113,36.4995139743113,36.4995139743113,36.4995139743113
rz,c45,hon,fusion,green,1,51.5085950344296,51.5085950344296,51.5085950344296,51.5085950344296
rz,c45,hon,fusion,red,1,60.4216300826126,60.4216300826126,60.4216300826126,60.4216300826126
rz,c45,hon,int,blue,1,20.6298579597606,20.6298579597606,20.6298579597606,20.6298579597606
rz,c45,hon,int,green,1,1.55967494678169,1.55967494678169,1.55967494678169,1.55967494678169
rz,c45,hon,int,red,1,7.7062066043571,7.7062066043571,7.7062066043571,7.7062066043571
rz,c45,hon,int,white,1,1.03904324503107,1.03904324503107,1.03904324503107,1.03904324503107
rz,c45,mf,FV,blue,1,0.528967217577122,0.528967217577122,0.528967217577122,0.528967217577122
rz,c45,mf,FV,green,1,12.1301709365583,12.1301709365583,12.1301709365583,12.1301709365583
rz,c45,mf,FV,red,1,8.70573360976191,8.70573360976191,8.70573360976191,8.70573360976191
rz,c45,mf,conf,green,1,17.9921561154116,17.9921561154116,17.9921561154116,17.9921561154116
rz,c45,mf,conf,red,1,32.8462358156353,32.8462358156353,32.8462358156353,32.8462358156353
rz,c45,mf,fusion,blue,1,32.959835700754,32.959835700754,32.959835700754,32.959835700754
rz,c45,mf,fusion,green,1,47.5201949798458,47.5201949798458,47.5201949798458,47.5201949798458
rz,c45,mf,fusion,red,1,65.4265175452884,65.4265175452884,65.4265175452884,65.4265175452884
rz,c45,mf,int,blue,1,5.93319434897193,5.93319434897193,5.93319434897193,5.93319434897193
rz,c45,mf,int,green,1,1.58525527147546,1.58525527147546,1.58525527147546,1.58525527147546
rz,c45,mf,int,red,1,8.34929915497483,8.34929915497483,8.34929915497483,8.34929915497483
rz,c45,mf,int,white,1,8.49269401282145,8.49269401282145,8.49269401282145,8.49269401282145
rz,c45,mr,FV,blue,1,38.7318861344052,38.7318861344052,38.7318861344052,38.7318861344052
rz,c45,mr,FV,green,1,45.9404416097436,45.9404416097436,45.9404416097436,45.9404416097436
rz,c45,mr,FV,red,1,42.7831073990907,42.7831073990907,42.7831073990907,42.7831073990907
rz,c45,mr,conf,green,1,30.8587272032845,30.8587272032845,30.8587272032845,30.8587272032845
rz,c45,mr,conf,red,1,24.3916870385505,24.3916870385505,24.3916870385505,24.3916870385505
rz,c45,mr,fusion,blue,1,24.4534448389048,24.4534448389048,24.4534448389048,24.4534448389048
rz,c45,mr,fusion,green,1,19.6651046218374,19.6651046218374,19.6651046218374,19.6651046218374
rz,c45,mr,fusion,red,1,11.9475771203616,11.9475771203616,11.9475771203616,11.9475771203616
rz,c45,mr,int,blue,1,32.9128941417696,32.9128941417696,32.9128941417696,32.9128941417696
rz,c45,mr,int,green,1,45.8046258277835,45.8046258277835,45.8046258277835,45.8046258277835
rz,c45,mr,int,red,1,45.0967980865067,45.0967980865067,45.0967980865067,45.0967980865067
rz,c45,mr,int,white,1,45.9591275154218,45.9591275154218,45.9591275154218,45.9591275154218
rz,c45,tf,FV,blue,1,61.4052830906182,61.4052830906182,61.4052830906182,61.4052830906182
rz,c45,tf,FV,green,1,65.2005587471432,65.2005587471432,65.2005587471432,65.2005587471432
rz,c45,tf,FV,red,1,61.9956704877901,61.9956704877901,61.9956704877901,61.9956704877901
rz,c45,tf,conf,green,1,55.286568047531,55.286568047531,55.286568047531,55.286568047531
rz,c45,tf,conf,red,1,51.2358111852583,51.2358111852583,51.2358111852583,51.2358111852583
rz,c45,tf,fusion,blue,1,51.6575154676496,51.6575154676496,51.6575154676496,51.6575154676496
rz,c45,tf,fusion,green,1,46.9614282457472,46.9614282457472,46.9614282457472,46.9614282457472
rz,c45,tf,fusion,red,1,42.3620077065623,42.3620077065623,42.3620077065623,42.3620077065623
rz,c45,tf,int,blue,1,57.24148798193,57.24148798193,57.24148798193,57.24148798193
rz,c45,tf,int,green,1,64.6845675580413,64.6845675580413,64.6845675580413,64.6845675580413
rz,c45,tf,int,red,1,64.2318088747774,64.2318088747774,64.2318088747774,64.2318088747774
rz,c45,tf,int,white,1,64.948407661464,64.948407661464,64.948407661464,64.948407661464
rz,c45,tr,FV,blue,1,76.7277915342966,76.7277915342966,76.7277915342966,76.7277915342966
rz,c45,tr,FV,green,1,85.1489548107452,85.1489548107452,85.1489548107452,85.1489548107452
rz,c45,tr,FV,red,1,85.161404760439,85.161404760439,85.161404760439,85.161404760439
rz,c45,tr,conf,green,1,81.6861252627076,81.6861252627076,81.6861252627076,81.6861252627076
rz,c45,tr,conf,red,1,80.0328582319242,80.0328582319242,80.0328582319242,80.0328582319242
rz,c45,tr,fusion,blue,1,79.2827651693161,79.2827651693161,79.2827651693161,79.2827651693161
rz,c45,tr,fusion,green,1,76.7422322440574,76.7422322440574,76.7422322440574,76.7422322440574
rz,c45,tr,fusion,red,1,74.7072984841186,74.7072984841186,74.7072984841186,74.7072984841186
rz,c45,tr,int,blue,1,80.2271632127548,80.2271632127548,80.2271632127548,80.2271632127548
rz,c45,tr,int,green,1,89.844763083035,89.844763083035,89.844763083035,89.844763083035
rz,c45,tr,int,red,1,84.9815011010252,84.9815011010252,84.9815011010252,84.9815011010252
rz,c45,tr,int,white,1,90.0915558685271,90.0915558685271,90.0915558685271,90.0915558685271
rz,c45,wedm_f,FV,blue,1,20.1223516320214,20.1223516320214,20.1223516320214,20.1223516320214
rz,c45,wedm_f,FV,green,1,8.704105511159,8.704105511159,8.704105511159,8.704105511159
rz,c45,wedm_f,FV,red,1,36.1803288957556,36.1803288957556,36.1803288957556,36.1803288957556
rz,c45,wedm_f,conf,blue,1,105.728653266105,105.728653266105,105.728653266105,105.728653266105
rz,c45,wedm_f,conf,green,1,154.944499287386,154.944499287386,154.944499287386,154.944499287386
rz,c45,wedm_f,conf,red,1,177.701300367418,177.701300367418,177.701300367418,177.701300367418
rz,c45,wedm_f,fusion,blue,1,231.659076382642,231.659076382642,231.659076382642,231.659076382642
rz,c45,wedm_f,fusion,green,1,201.233683999438,201.233683999438,201.233683999438,201.233683999438
rz,c45,wedm_f,fusion,red,1,218.227593828119,218.227593828119,218.227593828119,218.227593828119
rz,c45,wedm_f,int,blue,1,30.1878218681081,30.1878218681081,30.1878218681081,30.1878218681081
rz,c45,wedm_f,int,green,1,18.6850069251092,18.6850069251092,18.6850069251092,18.6850069251092
rz,c45,wedm_f,int,red,1,22.4811929286837,22.4811929286837,22.4811929286837,22.4811929286837
rz,c45,wedm_f,int,white,1,18.3188023101153,18.3188023101153,18.3188023101153,18.3188023101153
rz,c45,wedm_r,FV,blue,1,1.65537687195251,1.65537687195251,1.65537687195251,1.65537687195251
rz,c45,wedm_r,FV,green,1,3.05060586648999,3.05060586648999,3.05060586648999,3.05060586648999
rz,c45,wedm_r,FV,red,1,0.373638428307539,0.373638428307539,0.373638428307539,0.373638428307539
rz,c45,wedm_r,conf,blue,1,9.38772011623775,9.38772011623775,9.38772011623775,9.38772011623775
rz,c45,wedm_r,conf,green,1,16.0408346838643,16.0408346838643,16.0408346838643,16.0408346838643
rz,c45,wedm_r,conf,red,1,21.4332475135822,21.4332475135822,21.4332475135822,21.4332475135822
rz,c45,wedm_r,fusion,blue,1,47.8130547874107,47.8130547874107,47.8130547874107,47.8130547874107
rz,c45,wedm_r,fusion,green,1,80.141453223139,80.141453223139,80.141453223139,80.141453223139
rz,c45,wedm_r,fusion,red,1,123.570651517184,123.570651517184,123.570651517184,123.570651517184
rz,c45,wedm_r,int,blue,1,28.3850695042983,28.3850695042983,28.3850695042983,28.3850695042983
rz,c45,wedm_r,int,green,1,7.42919568163262,7.42919568163262,7.42919568163262,7.42919568163262
rz,c45,wedm_r,int,red,1,5.46829642399705,5.46829642399705,5.46829642399705,5.46829642399705
rz,c45,wedm_r,int,white,1,7.27858600684011,7.27858600684011,7.27858600684011,7.27858600684011
rz,ellor,gla,FV,blue,1,14.0082731659296,14.0082731659296,14.0082731659296,14.0082731659296
rz,ellor,gla,FV,green,1,12.1020623171195,12.1020623171195,12.1020623171195,12.1020623171195
rz,ellor,gla,FV,red,1,11.8432822392019,11.8432822392019,11.8432822392019,11.8432822392019
rz,ellor,gla,conf,blue,1,19.7362861967989,19.7362861967989,19.7362861967989,19.7362861967989
rz,ellor,gla,conf,green,1,23.0977108861526,23.0977108861526,23.0977108861526,23.0977108861526
rz,ellor,gla,conf,red,1,23.1589600290385,23.1589600290385,23.1589600290385,23.1589600290385
rz,ellor,gla,fusion,blue,1,26.8199217963688,26.8199217963688,26.8199217963688,26.8199217963688
rz,ellor,gla,fusion,green,1,26.7979947176866,26.7979947176866,26.7979947176866,26.7979947176866
rz,ellor,gla,fusion,red,1,31.0819013948968,31.0819013948968,31.0819013948968,31.0819013948968
rz,ellor,gla,int,blue,1,3.35864948603957,3.35864948603957,3.35864948603957,3.35864948603957
rz,ellor,gla,int,green,1,21.5202909491186,21.5202909491186,21.5202909491186,21.5202909491186
rz,ellor,gla,int,red,1,20.2898843393687,20.2898843393687,20.2898843393687,20.2898843393687
rz,ellor,gla,int,white,1,22.6316020543783,22.6316020543783,22.6316020543783,22.6316020543783
rz,ellor,gri,FV,blue,1,171.323511651137,171.323511651137,171.323511651137,171.323511651137
rz,ellor,gri,FV,green,1,164.728052752479,164.728052752479,164.728052752479,164.728052752479
rz,ellor,gri,FV,red,1,167.692900039375,167.692900039375,167.692900039375,167.692900039375
rz,ellor,gri,conf,blue,1,192.818847482863,192.818847482863,192.818847482863,192.818847482863
rz,ellor,gri,conf,green,1,199.155824979814,199.155824979814,199.155824979814,199.155824979814
rz,ellor,gri,conf,red,1,204.772276457104,204.772276457104,204.772276457104,204.772276457104
rz,ellor,gri,fusion,blue,1,209.946946808784,209.946946808784,209.946946808784,209.946946808784
rz,ellor,gri,fusion,green,1,217.61089178525,217.61089178525,217.61089178525,217.61089178525
rz,ellor,gri,fusion,red,1,230.234365226847,230.234365226847,230.234365226847,230.234365226847
rz,ellor,gri,int,blue,1,158.697177543863,158.697177543863,158.697177543863,158.697177543863
rz,ellor,gri,int,green,1,160.41574242053,160.41574242053,160.41574242053,160.41574242053
rz,ellor,gri,int,red,1,189.356978276537,189.356978276537,189.356978276537,189.356978276537
rz,ellor,gri,int,white,1,191.502675401019,191.502675401019,191.502675401019,191.502675401019
rz,ellor,hon,FV,blue,1,88.156944111284,88.156944111284,88.156944111284,88.156944111284
rz,ellor,hon,FV,green,1,12.4609982445358,12.4609982445358,12.4609982445358,12.4609982445358
rz,ellor,hon,FV,red,1,30.8837261775273,30.8837261775273,30.8837261775273,30.8837261775273
rz,ellor,hon,conf,blue,1,76.5816920881505,76.5816920881505,76.5816920881505,76.5816920881505
rz,ellor,hon,conf,green,1,91.2080600963071,91.2080600963071,91.2080600963071,91.2080600963071
rz,ellor,hon,conf,red,1,139.537852720813,139.537852720813,139.537852720813,139.537852720813
rz,ellor,hon,fusion,blue,1,163.790418276258,163.790418276258,163.790418276258,163.790418276258
rz,ellor,hon,fusion,green,1,165.103702488458,165.103702488458,165.103702488458,165.103702488458
rz,ellor,hon,fusion,red,1,233.411141278899,233.411141278899,233.411141278899,233.411141278899
rz,ellor,hon,int,blue,1,44.2429015422676,44.2429015422676,44.2429015422676,44.2429015422676
rz,ellor,hon,int,green,1,19.6953939244566,19.6953939244566,19.6953939244566,19.6953939244566
rz,ellor,hon,int,red,1,4.69628362951645,4.69628362951645,4.69628362951645,4.69628362951645
rz,ellor,hon,int,white,1,22.8060766424998,22.8060766424998,22.8060766424998,22.8060766424998
rz,ellor,mf,FV,blue,1,14.0659396446343,14.0659396446343,14.0659396446343,14.0659396446343
rz,ellor,mf,FV,green,1,26.0612431253834,26.0612431253834,26.0612431253834,26.0612431253834
rz,ellor,mf,FV,red,1,25.8215264064726,25.8215264064726,25.8215264064726,25.8215264064726
rz,ellor,mf,conf,blue,1,13.1445626650138,13.1445626650138,13.1445626650138,13.1445626650138
rz,ellor,mf,conf,green,1,16.6090071154695,16.6090071154695,16.6090071154695,16.6090071154695
rz,ellor,mf,conf,red,1,16.8822983414523,16.8822983414523,16.8822983414523,16.8822983414523
rz,ellor,mf,fusion,blue,1,22.7142225092335,22.7142225092335,22.7142225092335,22.7142225092335
rz,ellor,mf,fusion,green,1,25.7159983144584,25.7159983144584,25.7159983144584,25.7159983144584
rz,ellor,mf,fusion,red,1,85.8848074873459,85.8848074873459,85.8848074873459,85.8848074873459
rz,ellor,mf,int,blue,1,70.3893527791563,70.3893527791563,70.3893527791563,70.3893527791563
rz,ellor,mf,int,green,1,8.48818761821525,8.48818761821525,8.48818761821525,8.48818761821525
rz,ellor,mf,int,red,1,6.29014215164449,6.29014215164449,6.29014215164449,6.29014215164449
rz,ellor,mf,int,white,1,6.18814835949165,6.18814835949165,6.18814835949165,6.18814835949165
rz,ellor,mr,FV,blue,1,7.14653215127404,7.14653215127404,7.14653215127404,7.14653215127404
rz,ellor,mr,FV,green,1,1.118925898217,1.118925898217,1.118925898217,1.118925898217
rz,ellor,mr,FV,red,1,1.84758547826499,1.84758547826499,1.84758547826499,1.84758547826499
rz,ellor,mr,conf,blue,1,27.6956355207465,27.6956355207465,27.6956355207465,27.6956355207465
rz,ellor,mr,conf,green,1,33.1029055999383,33.1029055999383,33.1029055999383,33.1029055999383
rz,ellor,mr,conf,red,1,37.1620797440627,37.1620797440627,37.1620797440627,37.1620797440627
rz,ellor,mr,fusion,blue,1,39.6457087115976,39.6457087115976,39.6457087115976,39.6457087115976
rz,ellor,mr,fusion,green,1,43.447096084713,43.447096084713,43.447096084713,43.447096084713
rz,ellor,mr,fusion,red,1,54.2435633035743,54.2435633035743,54.2435633035743,54.2435633035743
rz,ellor,mr,int,blue,1,63.7079888040364,63.7079888040364,63.7079888040364,63.7079888040364
rz,ellor,mr,int,green,1,22.9128193422656,22.9128193422656,22.9128193422656,22.9128193422656
rz,ellor,mr,int,red,1,19.9546535821818,19.9546535821818,19.9546535821818,19.9546535821818
rz,ellor,mr,int,white,1,22.4970686402442,22.4970686402442,22.4970686402442,22.4970686402442
rz,ellor,tf,FV,blue,1,15.4345080275843,15.4345080275843,15.4345080275843,15.4345080275843
rz,ellor,tf,FV,green,1,20.7908323281994,20.7908323281994,20.7908323281994,20.7908323281994
rz,ellor,tf,FV,red,1,19.0295954620731,19.0295954620731,19.0295954620731,19.0295954620731
rz,ellor,tf,conf,blue,1,8.26168546046795,8.26168546046795,8.26168546046795,8.26168546046795
rz,ellor,tf,conf,green,1,10.0043944439563,10.0043944439563,10.0043944439563,10.0043944439563
rz,ellor,tf,conf,red,1,15.1257702659931,15.1257702659931,15.1257702659931,15.1257702659931
rz,ellor,tf,fusion,blue,1,20.8114323426713,20.8114323426713,20.8114323426713,20.8114323426713
rz,ellor,tf,fusion,green,1,24.6804042013732,24.6804042013732,24.6804042013732,24.6804042013732
rz,ellor,tf,fusion,red,1,36.6811290535946,36.6811290535946,36.6811290535946,36.6811290535946
rz,ellor,tf,int,blue,1,50.3922881195532,50.3922881195532,50.3922881195532,50.3922881195532
rz,ellor,tf,int,green,1,4.88635844461158,4.88635844461158,4.88635844461158,4.88635844461158
rz,ellor,tf,int,red,1,0.025419765049983,0.025419765049983,0.025419765049983,0.025419765049983
rz,ellor,tf,int,white,1,5.44289895512894,5.44289895512894,5.44289895512894,5.44289895512894
rz,ellor,tr,FV,blue,1,6.18990502238804,6.18990502238804,6.18990502238804,6.18990502238804
rz,ellor,tr,FV,green,1,8.07236236037248,8.07236236037248,8.07236236037248,8.07236236037248
rz,ellor,tr,FV,red,1,7.78444454468011,7.78444454468011,7.78444454468011,7.78444454468011
rz,ellor,tr,conf,blue,1,0.436797011783571,0.436797011783571,0.436797011783571,0.436797011783571
rz,ellor,tr,conf,green,1,0.959590944119056,0.959590944119056,0.959590944119056,0.959590944119056
rz,ellor,tr,conf,red,1,2.81830918635507,2.81830918635507,2.81830918635507,2.81830918635507
rz,ellor,tr,fusion,blue,1,6.88919518555926,6.88919518555926,6.88919518555926,6.88919518555926
rz,ellor,tr,fusion,green,1,6.67558202478174,6.67558202478174,6.67558202478174,6.67558202478174
rz,ellor,tr,fusion,red,1,11.3384992077141,11.3384992077141,11.3384992077141,11.3384992077141
rz,ellor,tr,int,blue,1,49.4600677837303,49.4600677837303,49.4600677837303,49.4600677837303
rz,ellor,tr,int,green,1,2.15341801171778,2.15341801171778,2.15341801171778,2.15341801171778
rz,ellor,tr,int,red,1,0.733573430478673,0.733573430478673,0.733573430478673,0.733573430478673
rz,ellor,tr,int,white,1,3.09111064473891,3.09111064473891,3.09111064473891,3.09111064473891
rz,ellor,wedm_f,FV,blue,1,25.9275565403494,25.9275565403494,25.9275565403494,25.9275565403494
rz,ellor,wedm_f,FV,green,1,17.6453294814162,17.6453294814162,17.6453294814162,17.6453294814162
rz,ellor,wedm_f,FV,red,1,19.1944089447919,19.1944089447919,19.1944089447919,19.1944089447919
rz,ellor,wedm_f,conf,blue,1,40.6716449079027,40.6716449079027,40.6716449079027,40.6716449079027
rz,ellor,wedm_f,conf,green,1,43.2696371634752,43.2696371634752,43.2696371634752,43.2696371634752
rz,ellor,wedm_f,conf,red,1,46.1759000221314,46.1759000221314,46.1759000221314,46.1759000221314
rz,ellor,wedm_f,fusion,blue,1,55.9812128100998,55.9812128100998,55.9812128100998,55.9812128100998
rz,ellor,wedm_f,fusion,green,1,59.1029429177324,59.1029429177324,59.1029429177324,59.1029429177324
rz,ellor,wedm_f,fusion,red,1,67.6529536917649,67.6529536917649,67.6529536917649,67.6529536917649
rz,ellor,wedm_f,int,green,1,31.2454007173433,31.2454007173433,31.2454007173433,31.2454007173433
rz,ellor,wedm_f,int,red,1,41.54169397123,41.54169397123,41.54169397123,41.54169397123
rz,ellor,wedm_f,int,white,1,36.7645735927676,36.7645735927676,36.7645735927676,36.7645735927676
rz,ellor,wedm_r,FV,blue,1,6.20314982077746,6.20314982077746,6.20314982077746,6.20314982077746
rz,ellor,wedm_r,FV,green,1,0.602639223597992,0.602639223597992,0.602639223597992,0.602639223597992
rz,ellor,wedm_r,FV,red,1,2.13432319327997,2.13432319327997,2.13432319327997,2.13432319327997
rz,ellor,wedm_r,conf,blue,1,19.9824427856016,19.9824427856016,19.9824427856016,19.9824427856016
rz,ellor,wedm_r,conf,green,1,25.2886866631037,25.2886866631037,25.2886866631037,25.2886866631037
rz,ellor,wedm_r,conf,red,1,27.5261589185206,27.5261589185206,27.5261589185206,27.5261589185206
rz,ellor,wedm_r,fusion,blue,1,29.580089813195,29.580089813195,29.580089813195,29.580089813195
rz,ellor,wedm_r,fusion,green,1,33.2789736693421,33.2789736693421,33.2789736693421,33.2789736693421
rz,ellor,wedm_r,fusion,red,1,39.6827362894518,39.6827362894518,39.6827362894518,39.6827362894518
rz,ellor,wedm_r,int,blue,1,104.312712029016,104.312712029016,104.312712029016,104.312712029016
rz,ellor,wedm_r,int,green,1,5.58254729250842,5.58254729250842,5.58254729250842,5.58254729250842
rz,ellor,wedm_r,int,red,1,29.5430100384843,29.5430100384843,29.5430100384843,29.5430100384843
rz,ellor,wedm_r,int,white,1,22.9337695111532,22.9337695111532,22.9337695111532,22.9337695111532
rz,mo58a,b,FV,blue,2,592.67937669747,592.67937669747,478.87140814292707,706.487345252013
rz,mo58a,b,FV,green,1,299.087310380727,299.087310380727,299.087310380727,299.087310380727
rz,mo58a,b,FV,red,1,299.01525398853,299.01525398853,299.01525398853,299.01525398853
rz,mo58a,b,conf,blue,1,421.752081331554,421.752081331554,421.752081331554,421.752081331554
rz,mo58a,b,conf,green,1,409.560267618727,409.560267618727,409.560267618727,409.560267618727
rz,mo58a,b,conf,red,1,488.858214714805,488.858214714805,488.858214714805,488.858214714805
rz,mo58a,b,fusion,blue,1,564.539697830798,564.539697830798,564.539697830798,564.539697830798
rz,mo58a,b,fusion,green,1,544.042608278458,544.042608278458,544.042608278458,544.042608278458
rz,mo58a,b,fusion,red,1,659.495622304296,659.495622304296,659.495622304296,659.495622304296
rz,mo58a,b,int,blue,1,223.492536439202,223.492536439202,223.492536439202,223.492536439202
rz,mo58a,b,int,green,1,40.5201360129099,40.5201360129099,40.5201360129099,40.5201360129099
rz,mo58a,b,int,red,1,1005.94381140896,1005.94381140896,1005.94381140896,1005.94381140896
rz,mo58a,gla,FV,blue,1,20.3541118840612,20.3541118840612,20.3541118840612,20.3541118840612
rz,mo58a,gla,FV,green,1,14.5172077010039,14.5172077010039,14.5172077010039,14.5172077010039
rz,mo58a,gla,FV,red,1,38.1605978003315,38.1605978003315,38.1605978003315,38.1605978003315
rz,mo58a,gla,conf,blue,1,54.5366115657713,54.5366115657713,54.5366115657713,54.5366115657713
rz,mo58a,gla,conf,green,1,103.502370732572,103.502370732572,103.502370732572,103.502370732572
rz,mo58a,gla,conf,red,1,134.363778026339,134.363778026339,134.363778026339,134.363778026339
rz,mo58a,gla,fusion,blue,1,72.1224415041615,72.1224415041615,72.1224415041615,72.1224415041615
rz,mo58a,gla,fusion,green,1,141.220344125569,141.220344125569,141.220344125569,141.220344125569
rz,mo58a,gla,fusion,red,1,211.157145126021,211.157145126021,211.157145126021,211.157145126021
rz,mo58a,gla,int,blue,1,5.18981092715931,5.18981092715931,5.18981092715931,5.18981092715931
rz,mo58a,gla,int,green,1,19.4001968814264,19.4001968814264,19.4001968814264,19.4001968814264
rz,mo58a,gla,int,red,1,16.4598805862177,16.4598805862177,16.4598805862177,16.4598805862177
rz,mo58a,gla,int,white,1,18.9174575883222,18.9174575883222,18.9174575883222,18.9174575883222
rz,mo58a,gri,FV,blue,1,43.7567642936889,43.7567642936889,43.7567642936889,43.7567642936889
rz,mo58a,gri,FV,green,1,37.0875811517495,37.0875811517495,37.0875811517495,37.0875811517495
rz,mo58a,gri,FV,red,1,73.708552580121,73.708552580121,73.708552580121,73.708552580121
rz,mo58a,gri,conf,blue,1,28.3253656229795,28.3253656229795,28.3253656229795,28.3253656229795
rz,mo58a,gri,conf,green,1,40.3893289533098,40.3893289533098,40.3893289533098,40.3893289533098
rz,mo58a,gri,conf,red,1,50.7877327659035,50.7877327659035,50.7877327659035,50.7877327659035
rz,mo58a,gri,fusion,blue,1,77.0275036668036,77.0275036668036,77.0275036668036,77.0275036668036
rz,mo58a,gri,fusion,green,1,73.0495508276505,73.0495508276505,73.0495508276505,73.0495508276505
rz,mo58a,gri,fusion,red,1,84.8263293261309,84.8263293261309,84.8263293261309,84.8263293261309
rz,mo58a,gri,int,blue,1,1.9818908869572,1.9818908869572,1.9818908869572,1.9818908869572
rz,mo58a,gri,int,green,1,11.3707539562447,11.3707539562447,11.3707539562447,11.3707539562447
rz,mo58a,gri,int,red,1,8.12894175112311,8.12894175112311,8.12894175112311,8.12894175112311
rz,mo58a,gri,int,white,1,11.182001698346,11.182001698346,11.182001698346,11.182001698346
rz,mo58a,hon,FV,blue,1,9.35105283621524,9.35105283621524,9.35105283621524,9.35105283621524
rz,mo58a,hon,FV,green,1,14.9496107854245,14.9496107854245,14.9496107854245,14.9496107854245
rz,mo58a,hon,FV,red,1,49.9314331160758,49.9314331160758,49.9314331160758,49.9314331160758
rz,mo58a,hon,conf,blue,1,1.31932163265783,1.31932163265783,1.31932163265783,1.31932163265783
rz,mo58a,hon,conf,green,1,20.0136200498312,20.0136200498312,20.0136200498312,20.0136200498312
rz,mo58a,hon,conf,red,1,30.6627656831584,30.6627656831584,30.6627656831584,30.6627656831584
rz,mo58a,hon,fusion,blue,1,37.1929716612845,37.1929716612845,37.1929716612845,37.1929716612845
rz,mo58a,hon,fusion,green,1,53.3906932876979,53.3906932876979,53.3906932876979,53.3906932876979
rz,mo58a,hon,fusion,red,1,63.4420362985629,63.4420362985629,63.4420362985629,63.4420362985629
rz,mo58a,hon,int,blue,1,18.7262360552009,18.7262360552009,18.7262360552009,18.7262360552009
rz,mo58a,hon,int,green,1,3.75935511242271,3.75935511242271,3.75935511242271,3.75935511242271
rz,mo58a,hon,int,red,1,8.1734363053454,8.1734363053454,8.1734363053454,8.1734363053454
rz,mo58a,hon,int,white,1,3.62271254234557,3.62271254234557,3.62271254234557,3.62271254234557
rz,mo58a,mf,FV,blue,1,390.367674332466,390.367674332466,390.367674332466,390.367674332466
rz,mo58a,mf,FV,green,1,160.229654919841,160.229654919841,160.229654919841,160.229654919841
rz,mo58a,mf,FV,red,1,195.278038523268,195.278038523268,195.278038523268,195.278038523268
rz,mo58a,mf,conf,blue,1,249.315861906306,249.315861906306,249.315861906306,249.315861906306
rz,mo58a,mf,conf,green,1,286.075538513012,286.075538513012,286.075538513012,286.075538513012
rz,mo58a,mf,conf,red,1,351.983589965818,351.983589965818,351.983589965818,351.983589965818
rz,mo58a,mf,fusion,blue,1,357.30280328448,357.30280328448,357.30280328448,357.30280328448
rz,mo58a,mf,fusion,green,1,387.524810612748,387.524810612748,387.524810612748,387.524810612748
rz,mo58a,mf,fusion,red,1,489.266554819212,489.266554819212,489.266554819212,489.266554819212
rz,mo58a,mf,int,blue,1,107.1031325869,107.1031325869,107.1031325869,107.1031325869
rz,mo58a,mf,int,green,1,28.4335943600433,28.4335943600433,28.4335943600433,28.4335943600433
rz,mo58a,mf,int,red,1,344.219994540107,344.219994540107,344.219994540107,344.219994540107
rz,mo58a,mf,int,white,1,14.6177721995351,14.6177721995351,14.6177721995351,14.6177721995351
rz,mo58a,mr,FV,blue,1,7.67895618006716,7.67895618006716,7.67895618006716,7.67895618006716
rz,mo58a,mr,FV,green,1,53.4614937204431,53.4614937204431,53.4614937204431,53.4614937204431
rz,mo58a,mr,FV,red,1,56.3007333667118,56.3007333667118,56.3007333667118,56.3007333667118
rz,mo58a,mr,conf,blue,1,44.9616637982384,44.9616637982384,44.9616637982384,44.9616637982384
rz,mo58a,mr,conf,green,1,45.3245816932765,45.3245816932765,45.3245816932765,45.3245816932765
rz,mo58a,mr,conf,red,1,40.7821602205021,40.7821602205021,40.7821602205021,40.7821602205021
rz,mo58a,mr,fusion,blue,1,26.007762294683,26.007762294683,26.007762294683,26.007762294683
rz,mo58a,mr,fusion,green,1,29.1821721112148,29.1821721112148,29.1821721112148,29.1821721112148
rz,mo58a,mr,fusion,red,1,24.3805610531266,24.3805610531266,24.3805610531266,24.3805610531266
rz,mo58a,mr,int,blue,1,48.994671500666,48.994671500666,48.994671500666,48.994671500666
rz,mo58a,mr,int,green,1,70.1935790840525,70.1935790840525,70.1935790840525,70.1935790840525
rz,mo58a,mr,int,red,1,63.6129835083373,63.6129835083373,63.6129835083373,63.6129835083373
rz,mo58a,mr,int,white,1,70.830427029284,70.830427029284,70.830427029284,70.830427029284
rz,mo58a,tf,FV,blue,1,52.9136661185752,52.9136661185752,52.9136661185752,52.9136661185752
rz,mo58a,tf,FV,green,1,62.9591244892641,62.9591244892641,62.9591244892641,62.9591244892641
rz,mo58a,tf,FV,red,1,60.5624080791172,60.5624080791172,60.5624080791172,60.5624080791172
rz,mo58a,tf,conf,blue,1,55.6643141553729,55.6643141553729,55.6643141553729,55.6643141553729
rz,mo58a,tf,conf,green,1,53.8839602809621,53.8839602809621,53.8839602809621,53.8839602809621
rz,mo58a,tf,conf,red,1,49.8603983392374,49.8603983392374,49.8603983392374,49.8603983392374
rz,mo58a,tf,fusion,blue,1,45.3307095619556,45.3307095619556,45.3307095619556,45.3307095619556
rz,mo58a,tf,fusion,green,1,44.6813455666508,44.6813455666508,44.6813455666508,44.6813455666508
rz,mo58a,tf,fusion,red,1,39.4781443129604,39.4781443129604,39.4781443129604,39.4781443129604
rz,mo58a,tf,int,blue,1,56.0936044375201,56.0936044375201,56.0936044375201,56.0936044375201
rz,mo58a,tf,int,green,1,63.6857989693711,63.6857989693711,63.6857989693711,63.6857989693711
rz,mo58a,tf,int,red,1,62.116503089024,62.116503089024,62.116503089024,62.116503089024
rz,mo58a,tf,int,white,1,63.8406817987473,63.8406817987473,63.8406817987473,63.8406817987473
rz,mo58a,tr,FV,blue,1,17.3341913912535,17.3341913912535,17.3341913912535,17.3341913912535
rz,mo58a,tr,FV,green,1,29.9836432518299,29.9836432518299,29.9836432518299,29.9836432518299
rz,mo58a,tr,FV,red,1,26.2764685047018,26.2764685047018,26.2764685047018,26.2764685047018
rz,mo58a,tr,conf,blue,1,26.1394643132713,26.1394643132713,26.1394643132713,26.1394643132713
rz,mo58a,tr,conf,green,1,22.3332736539115,22.3332736539115,22.3332736539115,22.3332736539115
rz,mo58a,tr,conf,red,1,16.9602949746538,16.9602949746538,16.9602949746538,16.9602949746538
rz,mo58a,tr,fusion,blue,1,7.60110285807343,7.60110285807343,7.60110285807343,7.60110285807343
rz,mo58a,tr,fusion,green,1,10.1934558955058,10.1934558955058,10.1934558955058,10.1934558955058
rz,mo58a,tr,fusion,red,1,3.43566212538994,3.43566212538994,3.43566212538994,3.43566212538994
rz,mo58a,tr,int,blue,1,26.0280530249154,26.0280530249154,26.0280530249154,26.0280530249154
rz,mo58a,tr,int,green,1,35.0328558077419,35.0328558077419,35.0328558077419,35.0328558077419
rz,mo58a,tr,int,red,1,30.2177185633534,30.2177185633534,30.2177185633534,30.2177185633534
rz,mo58a,tr,int,white,1,34.8236680442866,34.8236680442866,34.8236680442866,34.8236680442866
rz,mo58a,wedm_f,FV,blue,1,38.6510184882854,38.6510184882854,38.6510184882854,38.6510184882854
rz,mo58a,wedm_f,FV,green,1,17.2595963026362,17.2595963026362,17.2595963026362,17.2595963026362
rz,mo58a,wedm_f,FV,red,1,40.4466790871118,40.4466790871118,40.4466790871118,40.4466790871118
rz,mo58a,wedm_f,conf,blue,1,60.7752545323837,60.7752545323837,60.7752545323837,60.7752545323837
rz,mo58a,wedm_f,conf,green,1,74.2870331516772,74.2870331516772,74.2870331516772,74.2870331516772
rz,mo58a,wedm_f,conf,red,1,97.3956739089053,97.3956739089053,97.3956739089053,97.3956739089053
rz,mo58a,wedm_f,fusion,blue,1,122.796086439334,122.796086439334,122.796086439334,122.796086439334
rz,mo58a,wedm_f,fusion,green,1,140.013401988143,140.013401988143,140.013401988143,140.013401988143
rz,mo58a,wedm_f,fusion,red,1,177.304260244376,177.304260244376,177.304260244376,177.304260244376
rz,mo58a,wedm_f,int,blue,1,4.96041115159131,4.96041115159131,4.96041115159131,4.96041115159131
rz,mo58a,wedm_f,int,green,1,0.747196236759834,0.747196236759834,0.747196236759834,0.747196236759834
rz,mo58a,wedm_f,int,red,1,6.20719102816145,6.20719102816145,6.20719102816145,6.20719102816145
rz,mo58a,wedm_f,int,white,1,1.34369180139188,1.34369180139188,1.34369180139188,1.34369180139188
rz,mo58a,wedm_r,FV,blue,1,31.1643299585283,31.1643299585283,31.1643299585283,31.1643299585283
rz,mo58a,wedm_r,FV,green,1,29.0450040502149,29.0450040502149,29.0450040502149,29.0450040502149
rz,mo58a,wedm_r,FV,red,1,24.2197094412993,24.2197094412993,24.2197094412993,24.2197094412993
rz,mo58a,wedm_r,conf,blue,1,24.741948390624,24.741948390624,24.741948390624,24.741948390624
rz,mo58a,wedm_r,conf,green,1,0.239788498800177,0.239788498800177,0.239788498800177,0.239788498800177
rz,mo58a,wedm_r,conf,red,1,11.8895834963193,11.8895834963193,11.8895834963193,11.8895834963193
rz,mo58a,wedm_r,fusion,blue,1,18.3566930934957,18.3566930934957,18.3566930934957,18.3566930934957
rz,mo58a,wedm_r,fusion,green,1,3.44032227934276,3.44032227934276,3.44032227934276,3.44032227934276
rz,mo58a,wedm_r,fusion,red,1,27.0866699922653,27.0866699922653,27.0866699922653,27.0866699922653
rz,mo58a,wedm_r,int,blue,1,33.9061125723529,33.9061125723529,33.9061125723529,33.9061125723529
rz,mo58a,wedm_r,int,green,1,17.3253031124103,17.3253031124103,17.3253031124103,17.3253031124103
rz,mo58a,wedm_r,int,red,1,18.8871324890863,18.8871324890863,18.8871324890863,18.8871324890863
rz,mo58a,wedm_r,int,white,1,17.0138007256446,17.0138007256446,17.0138007256446,17.0138007256446
rz,ti6al4v,b,FV,blue,1,203.268071972884,203.268071972884,203.268071972884,203.268071972884
rz,ti6al4v,b,FV,green,1,102.311527896111,102.311527896111,102.311527896111,102.311527896111
rz,ti6al4v,b,FV,red,1,87.8382213091072,87.8382213091072,87.8382213091072,87.8382213091072
rz,ti6al4v,b,conf,blue,1,140.147755544145,140.147755544145,140.147755544145,140.147755544145
rz,ti6al4v,b,conf,green,1,182.81413035184,182.81413035184,182.81413035184,182.81413035184
rz,ti6al4v,b,conf,red,1,236.320254801943,236.320254801943,236.320254801943,236.320254801943
rz,ti6al4v,b,fusion,blue,1,186.083708115041,186.083708115041,186.083708115041,186.083708115041
rz,ti6al4v,b,fusion,green,1,223.354118563812,223.354118563812,223.354118563812,223.354118563812
rz,ti6al4v,b,fusion,red,1,274.363684674104,274.363684674104,274.363684674104,274.363684674104
rz,ti6al4v,b,int,blue,1,155.112510580229,155.112510580229,155.112510580229,155.112510580229
rz,ti6al4v,b,int,green,1,73.1131185982274,73.1131185982274,73.1131185982274,73.1131185982274
rz,ti6al4v,b,int,red,1,111.543544857626,111.543544857626,111.543544857626,111.543544857626
rz,ti6al4v,b,int,white,1,64.2683201835646,64.2683201835646,64.2683201835646,64.2683201835646
rz,ti6al4v,gla,FV,blue,1,7.38234418165136,7.38234418165136,7.38234418165136,7.38234418165136
rz,ti6al4v,gla,FV,green,1,5.16487688012433,5.16487688012433,5.16487688012433,5.16487688012433
rz,ti6al4v,gla,FV,red,1,24.7474091050224,24.7474091050224,24.7474091050224,24.7474091050224
rz,ti6al4v,gla,conf,blue,1,67.4674024742499,67.4674024742499,67.4674024742499,67.4674024742499
rz,ti6al4v,gla,conf,green,1,84.7757963225408,84.7757963225408,84.7757963225408,84.7757963225408
rz,ti6al4v,gla,conf,red,1,103.692259795306,103.692259795306,103.692259795306,103.692259795306
rz,ti6al4v,gla,fusion,blue,1,130.809426089174,130.809426089174,130.809426089174,130.809426089174
rz,ti6al4v,gla,fusion,green,1,153.741547936654,153.741547936654,153.741547936654,153.741547936654
rz,ti6al4v,gla,fusion,red,1,197.503655219962,197.503655219962,197.503655219962,197.503655219962
rz,ti6al4v,gla,int,blue,1,10.8564200316336,10.8564200316336,10.8564200316336,10.8564200316336
rz,ti6al4v,gla,int,green,1,14.1181510478239,14.1181510478239,14.1181510478239,14.1181510478239
rz,ti6al4v,gla,int,red,1,17.2650011574625,17.2650011574625,17.2650011574625,17.2650011574625
rz,ti6al4v,gla,int,white,1,14.4131037927629,14.4131037927629,14.4131037927629,14.4131037927629
rz,ti6al4v,gri,FV,blue,1,147.986013042425,147.986013042425,147.986013042425,147.986013042425
rz,ti6al4v,gri,FV,green,1,100.410797156018,100.410797156018,100.410797156018,100.410797156018
rz,ti6al4v,gri,FV,red,1,118.81516301068,118.81516301068,118.81516301068,118.81516301068
rz,ti6al4v,gri,conf,blue,1,123.172657586649,123.172657586649,123.172657586649,123.172657586649
rz,ti6al4v,gri,conf,green,1,147.431263568583,147.431263568583,147.431263568583,147.431263568583
rz,ti6al4v,gri,conf,red,1,173.539756237934,173.539756237934,173.539756237934,173.539756237934
rz,ti6al4v,gri,fusion,blue,1,172.055741475883,172.055741475883,172.055741475883,172.055741475883
rz,ti6al4v,gri,fusion,green,1,187.556980480412,187.556980480412,187.556980480412,187.556980480412
rz,ti6al4v,gri,fusion,red,1,218.634762092004,218.634762092004,218.634762092004,218.634762092004
rz,ti6al4v,gri,int,blue,1,105.04824019462,105.04824019462,105.04824019462,105.04824019462
rz,ti6al4v,gri,int,green,1,81.2837767887608,81.2837767887608,81.2837767887608,81.2837767887608
rz,ti6al4v,gri,int,red,1,94.2104595166444,94.2104595166444,94.2104595166444,94.2104595166444
rz,ti6al4v,gri,int,white,1,78.19140209402,78.19140209402,78.19140209402,78.19140209402
rz,ti6al4v,hon,FV,blue,1,87.4905548728142,87.4905548728142,87.4905548728142,87.4905548728142
rz,ti6al4v,hon,FV,green,1,75.368677169838,75.368677169838,75.368677169838,75.368677169838
rz,ti6al4v,hon,FV,red,1,135.393730767366,135.393730767366,135.393730767366,135.393730767366
rz,ti6al4v,hon,conf,blue,1,56.3010149275288,56.3010149275288,56.3010149275288,56.3010149275288
rz,ti6al4v,hon,conf,green,1,85.4475316592258,85.4475316592258,85.4475316592258,85.4475316592258
rz,ti6al4v,hon,conf,red,1,104.752992521593,104.752992521593,104.752992521593,104.752992521593
rz,ti6al4v,hon,fusion,blue,1,125.432791129134,125.432791129134,125.432791129134,125.432791129134
rz,ti6al4v,hon,fusion,green,1,144.622854797305,144.622854797305,144.622854797305,144.622854797305
rz,ti6al4v,hon,fusion,red,1,162.990992271694,162.990992271694,162.990992271694,162.990992271694
rz,ti6al4v,hon,int,blue,1,9.55163709349044,9.55163709349044,9.55163709349044,9.55163709349044
rz,ti6al4v,hon,int,green,1,13.051949524923,13.051949524923,13.051949524923,13.051949524923
rz,ti6al4v,hon,int,red,1,6.02381999811104,6.02381999811104,6.02381999811104,6.02381999811104
rz,ti6al4v,hon,int,white,1,12.9488789466476,12.9488789466476,12.9488789466476,12.9488789466476
rz,ti6al4v,mf,FV,blue,1,89.0833590394806,89.0833590394806,89.0833590394806,89.0833590394806
rz,ti6al4v,mf,FV,green,1,31.3608170140279,31.3608170140279,31.3608170140279,31.3608170140279
rz,ti6al4v,mf,FV,red,1,38.1090226846195,38.1090226846195,38.1090226846195,38.1090226846195
rz,ti6al4v,mf,conf,blue,1,66.3626565829587,66.3626565829587,66.3626565829587,66.3626565829587
rz,ti6al4v,mf,conf,green,1,87.8452982635416,87.8452982635416,87.8452982635416,87.8452982635416
rz,ti6al4v,mf,conf,red,1,108.051853976773,108.051853976773,108.051853976773,108.051853976773
rz,ti6al4v,mf,fusion,blue,1,105.141483518072,105.141483518072,105.141483518072,105.141483518072
rz,ti6al4v,mf,fusion,green,1,125.773506891631,125.773506891631,125.773506891631,125.773506891631
rz,ti6al4v,mf,fusion,red,1,148.389237812733,148.389237812733,148.389237812733,148.389237812733
rz,ti6al4v,mf,int,blue,1,25.8606983444012,25.8606983444012,25.8606983444012,25.8606983444012
rz,ti6al4v,mf,int,green,1,7.97257344401979,7.97257344401979,7.97257344401979,7.97257344401979
rz,ti6al4v,mf,int,red,1,22.5559574240532,22.5559574240532,22.5559574240532,22.5559574240532
rz,ti6al4v,mf,int,white,1,7.52898733396384,7.52898733396384,7.52898733396384,7.52898733396384
rz,ti6al4v,mr,FV,blue,1,30.4262620216277,30.4262620216277,30.4262620216277,30.4262620216277
rz,ti6al4v,mr,FV,green,1,29.3174971332431,29.3174971332431,29.3174971332431,29.3174971332431
rz,ti6al4v,mr,FV,red,1,27.1298791896702,27.1298791896702,27.1298791896702,27.1298791896702
rz,ti6al4v,mr,conf,blue,1,18.5315533242216,18.5315533242216,18.5315533242216,18.5315533242216
rz,ti6al4v,mr,conf,green,1,9.34298078199804,9.34298078199804,9.34298078199804,9.34298078199804
rz,ti6al4v,mr,conf,red,1,4.39585156858264,4.39585156858264,4.39585156858264,4.39585156858264
rz,ti6al4v,mr,fusion,blue,1,4.76526063631428,4.76526063631428,4.76526063631428,4.76526063631428
rz,ti6al4v,mr,fusion,green,1,15.6995043203018,15.6995043203018,15.6995043203018,15.6995043203018
rz,ti6al4v,mr,fusion,red,1,30.2496264452825,30.2496264452825,30.2496264452825,30.2496264452825
rz,ti6al4v,mr,int,blue,1,6.53237084100785,6.53237084100785,6.53237084100785,6.53237084100785
rz,ti6al4v,mr,int,green,1,60.8815913373587,60.8815913373587,60.8815913373587,60.8815913373587
rz,ti6al4v,mr,int,red,1,40.2526250481656,40.2526250481656,40.2526250481656,40.2526250481656
rz,ti6al4v,mr,int,white,1,61.4268608098384,61.4268608098384,61.4268608098384,61.4268608098384
rz,ti6al4v,tf,FV,blue,1,6.68631887178986,6.68631887178986,6.68631887178986,6.68631887178986
rz,ti6al4v,tf,FV,green,1,20.8562419996528,20.8562419996528,20.8562419996528,20.8562419996528
rz,ti6al4v,tf,FV,red,1,12.6076007502324,12.6076007502324,12.6076007502324,12.6076007502324
rz,ti6al4v,tf,conf,blue,1,16.1157255662644,16.1157255662644,16.1157255662644,16.1157255662644
rz,ti6al4v,tf,conf,green,1,5.70747946070508,5.70747946070508,5.70747946070508,5.70747946070508
rz,ti6al4v,tf,conf,red,1,8.5651152522594,8.5651152522594,8.5651152522594,8.5651152522594
rz,ti6al4v,tf,fusion,blue,1,2.52043107945453,2.52043107945453,2.52043107945453,2.52043107945453
rz,ti6al4v,tf,fusion,green,1,9.12260948886734,9.12260948886734,9.12260948886734,9.12260948886734
rz,ti6al4v,tf,fusion,red,1,24.3909987643105,24.3909987643105,24.3909987643105,24.3909987643105
rz,ti6al4v,tf,int,blue,1,6.9478004226307,6.9478004226307,6.9478004226307,6.9478004226307
rz,ti6al4v,tf,int,green,1,31.7810608262033,31.7810608262033,31.7810608262033,31.7810608262033
rz,ti6al4v,tf,int,red,1,11.2923837180931,11.2923837180931,11.2923837180931,11.2923837180931
rz,ti6al4v,tf,int,white,1,32.0005024272397,32.0005024272397,32.0005024272397,32.0005024272397
rz,ti6al4v,tr,FV,blue,1,62.5466987202591,62.5466987202591,62.5466987202591,62.5466987202591
rz,ti6al4v,tr,FV,green,1,62.9380433879011,62.9380433879011,62.9380433879011,62.9380433879011
rz,ti6al4v,tr,FV,red,1,58.0670280622284,58.0670280622284,58.0670280622284,58.0670280622284
rz,ti6al4v,tr,conf,blue,1,59.2814960310248,59.2814960310248,59.2814960310248,59.2814960310248
rz,ti6al4v,tr,conf,green,1,51.5621826349604,51.5621826349604,51.5621826349604,51.5621826349604
rz,ti6al4v,tr,conf,red,1,45.2821860820625,45.2821860820625,45.2821860820625,45.2821860820625
rz,ti6al4v,tr,fusion,blue,1,49.21683307275,49.21683307275,49.21683307275,49.21683307275
rz,ti6al4v,tr,fusion,green,1,41.9153625373201,41.9153625373201,41.9153625373201,41.9153625373201
rz,ti6al4v,tr,fusion,red,1,35.7954512697205,35.7954512697205,35.7954512697205,35.7954512697205
rz,ti6al4v,tr,int,blue,1,49.7801491892924,49.7801491892924,49.7801491892924,49.7801491892924
rz,ti6al4v,tr,int,green,1,66.0422015866047,66.0422015866047,66.0422015866047,66.0422015866047
rz,ti6al4v,tr,int,red,1,64.461971044104,64.461971044104,64.461971044104,64.461971044104
rz,ti6al4v,tr,int,white,1,66.7315187926493,66.7315187926493,66.7315187926493,66.7315187926493
rz,ti6al4v,wedm_f,FV,blue,1,60.7411892255989,60.7411892255989,60.7411892255989,60.7411892255989
rz,ti6al4v,wedm_f,FV,green,1,42.9105957388178,42.9105957388178,42.9105957388178,42.9105957388178
rz,ti6al4v,wedm_f,FV,red,1,85.8910252218655,85.8910252218655,85.8910252218655,85.8910252218655
rz,ti6al4v,wedm_f,conf,blue,1,102.859740256188,102.859740256188,102.859740256188,102.859740256188
rz,ti6al4v,wedm_f,conf,green,1,134.532724556046,134.532724556046,134.532724556046,134.532724556046
rz,ti6al4v,wedm_f,conf,red,1,161.581046101865,161.581046101865,161.581046101865,161.581046101865
rz,ti6al4v,wedm_f,fusion,blue,1,197.058538212279,197.058538212279,197.058538212279,197.058538212279
rz,ti6al4v,wedm_f,fusion,green,1,219.767800484544,219.767800484544,219.767800484544,219.767800484544
rz,ti6al4v,wedm_f,fusion,red,1,262.336967266624,262.336967266624,262.336967266624,262.336967266624
rz,ti6al4v,wedm_f,int,blue,1,1.54865563264495,1.54865563264495,1.54865563264495,1.54865563264495
rz,ti6al4v,wedm_f,int,green,1,24.2602917365266,24.2602917365266,24.2602917365266,24.2602917365266
rz,ti6al4v,wedm_f,int,red,1,22.6833246966206,22.6833246966206,22.6833246966206,22.6833246966206
rz,ti6al4v,wedm_f,int,white,1,25.2988962138277,25.2988962138277,25.2988962138277,25.2988962138277
rz,ti6al4v,wedm_r,FV,blue,1,4.81703050850095,4.81703050850095,4.81703050850095,4.81703050850095
rz,ti6al4v,wedm_r,FV,green,1,3.69178546757826,3.69178546757826,3.69178546757826,3.69178546757826
rz,ti6al4v,wedm_r,FV,red,1,1.41634456954652,1.41634456954652,1.41634456954652,1.41634456954652
rz,ti6al4v,wedm_r,conf,blue,1,23.8007629647805,23.8007629647805,23.8007629647805,23.8007629647805
rz,ti6al4v,wedm_r,conf,green,1,47.4284820647724,47.4284820647724,47.4284820647724,47.4284820647724
rz,ti6al4v,wedm_r,conf,red,1,71.8876940419158,71.8876940419158,71.8876940419158,71.8876940419158
rz,ti6al4v,wedm_r,fusion,blue,1,79.6459900901228,79.6459900901228,79.6459900901228,79.6459900901228
rz,ti6al4v,wedm_r,fusion,green,1,161.165106470796,161.165106470796,161.165106470796,161.165106470796
rz,ti6al4v,wedm_r,fusion,red,1,183.065705909377,183.065705909377,183.065705909377,183.065705909377
rz,ti6al4v,wedm_r,int,blue,1,24.6344034262163,24.6344034262163,24.6344034262163,24.6344034262163
rz,ti6al4v,wedm_r,int,green,1,5.80720277685084,5.80720277685084,5.80720277685084,5.80720277685084
rz,ti6al4v,wedm_r,int,red,1,4.61535242279764,4.61535242279764,4.61535242279764,4.61535242279764
rz,ti6al4v,wedm_r,int,white,1,5.410822718724,5.410822718724,5.410822718724,5.410822718724
rz1max,14301,b,FV,blue,1,103.167128576494,103.167128576494,103.167128576494,103.167128576494
rz1max,14301,b,FV,green,1,8.44388296023295,8.44388296023295,8.44388296023295,8.44388296023295
rz1max,14301,b,FV,red,1,25.9713077213747,25.9713077213747,25.9713077213747,25.9713077213747
rz1max,14301,b,conf,blue,1,55.3605554990468,55.3605554990468,55.3605554990468,55.3605554990468
rz1max,14301,b,conf,green,1,69.2575965066414,69.2575965066414,69.2575965066414,69.2575965066414
rz1max,14301,b,conf,red,1,102.976164391519,102.976164391519,102.976164391519,102.976164391519
rz1max,14301,b,fusion,blue,1,113.772656550606,113.772656550606,113.772656550606,113.772656550606
rz1max,14301,b,fusion,green,1,120.958715742726,120.958715742726,120.958715742726,120.958715742726
rz1max,14301,b,fusion,red,1,161.04952782793,161.04952782793,161.04952782793,161.04952782793
rz1max,14301,b,int,blue,1,44.1760308202046,44.1760308202046,44.1760308202046,44.1760308202046
rz1max,14301,b,int,green,1,48.9015650511335,48.9015650511335,48.9015650511335,48.9015650511335
rz1max,14301,b,int,red,1,36.5167725258179,36.5167725258179,36.5167725258179,36.5167725258179
rz1max,14301,b,int,white,1,51.9647708584223,51.9647708584223,51.9647708584223,51.9647708584223
rz1max,14301,gla,FV,blue,1,6.74305396079212,6.74305396079212,6.74305396079212,6.74305396079212
rz1max,14301,gla,FV,green,1,27.330224701163,27.330224701163,27.330224701163,27.330224701163
rz1max,14301,gla,FV,red,1,6.62392960889887,6.62392960889887,6.62392960889887,6.62392960889887
rz1max,14301,gla,conf,blue,1,17.7723978846367,17.7723978846367,17.7723978846367,17.7723978846367
rz1max,14301,gla,conf,green,1,29.5203393884984,29.5203393884984,29.5203393884984,29.5203393884984
rz1max,14301,gla,conf,red,1,39.9849328210989,39.9849328210989,39.9849328210989,39.9849328210989
rz1max,14301,gla,fusion,blue,1,77.9240647840125,77.9240647840125,77.9240647840125,77.9240647840125
rz1max,14301,gla,fusion,green,1,88.201661608906,88.201661608906,88.201661608906,88.201661608906
rz1max,14301,gla,fusion,red,1,115.043993771393,115.043993771393,115.043993771393,115.043993771393
rz1max,14301,gla,int,blue,1,35.0947689812426,35.0947689812426,35.0947689812426,35.0947689812426
rz1max,14301,gla,int,green,1,39.6435140142195,39.6435140142195,39.6435140142195,39.6435140142195
rz1max,14301,gla,int,red,1,42.3540711037543,42.3540711037543,42.3540711037543,42.3540711037543
rz1max,14301,gla,int,white,1,39.5031337610946,39.5031337610946,39.5031337610946,39.5031337610946
rz1max,14301,gri,FV,blue,1,25.6640405976129,25.6640405976129,25.6640405976129,25.6640405976129
rz1max,14301,gri,FV,green,1,9.61774125531288,9.61774125531288,9.61774125531288,9.61774125531288
rz1max,14301,gri,FV,red,1,38.6344963618943,38.6344963618943,38.6344963618943,38.6344963618943
rz1max,14301,gri,conf,blue,1,3.54557640382485,3.54557640382485,3.54557640382485,3.54557640382485
rz1max,14301,gri,conf,green,1,4.74814536308885,4.74814536308885,4.74814536308885,4.74814536308885
rz1max,14301,gri,conf,red,1,12.936528873951,12.936528873951,12.936528873951,12.936528873951
rz1max,14301,gri,fusion,blue,1,47.5599386703886,47.5599386703886,47.5599386703886,47.5599386703886
rz1max,14301,gri,fusion,green,1,28.1483210425959,28.1483210425959,28.1483210425959,28.1483210425959
rz1max,14301,gri,fusion,red,1,36.54384262289,36.54384262289,36.54384262289,36.54384262289
rz1max,14301,gri,int,blue,1,11.0042858293774,11.0042858293774,11.0042858293774,11.0042858293774
rz1max,14301,gri,int,green,1,5.96949316568754,5.96949316568754,5.96949316568754,5.96949316568754
rz1max,14301,gri,int,red,1,10.3369143731195,10.3369143731195,10.3369143731195,10.3369143731195
rz1max,14301,gri,int,white,1,5.44132070618846,5.44132070618846,5.44132070618846,5.44132070618846
rz1max,14301,hon,FV,blue,1,4.42062209484989,4.42062209484989,4.42062209484989,4.42062209484989
rz1max,14301,hon,FV,green,1,12.9657748211411,12.9657748211411,12.9657748211411,12.9657748211411
rz1max,14301,hon,FV,red,1,47.2391383413348,47.2391383413348,47.2391383413348,47.2391383413348
rz1max,14301,hon,conf,blue,1,8.84111037035355,8.84111037035355,8.84111037035355,8.84111037035355
rz1max,14301,hon,conf,green,1,5.49778710821962,5.49778710821962,5.49778710821962,5.49778710821962
rz1max,14301,hon,conf,red,1,15.6850095044198,15.6850095044198,15.6850095044198,15.6850095044198
rz1max,14301,hon,fusion,blue,1,45.673381036291,45.673381036291,45.673381036291,45.673381036291
rz1max,14301,hon,fusion,green,1,52.4862065720621,52.4862065720621,52.4862065720621,52.4862065720621
rz1max,14301,hon,fusion,red,1,60.9437197119144,60.9437197119144,60.9437197119144,60.9437197119144
rz1max,14301,hon,int,blue,1,31.979316052625,31.979316052625,31.979316052625,31.979316052625
rz1max,14301,hon,int,green,1,15.2879442407217,15.2879442407217,15.2879442407217,15.2879442407217
rz1max,14301,hon,int,red,1,18.5706605102609,18.5706605102609,18.5706605102609,18.5706605102609
rz1max,14301,hon,int,white,1,14.9857641126169,14.9857641126169,14.9857641126169,14.9857641126169
rz1max,14301,mf,FV,blue,1,59.7359656695336,59.7359656695336,59.7359656695336,59.7359656695336
rz1max,14301,mf,FV,green,1,0.703586679761802,0.703586679761802,0.703586679761802,0.703586679761802
rz1max,14301,mf,FV,red,1,7.76256723143188,7.76256723143188,7.76256723143188,7.76256723143188
rz1max,14301,mf,conf,blue,1,16.5814892681943,16.5814892681943,16.5814892681943,16.5814892681943
rz1max,14301,mf,conf,green,1,40.2694385873505,40.2694385873505,40.2694385873505,40.2694385873505
rz1max,14301,mf,conf,red,1,63.7427348914056,63.7427348914056,63.7427348914056,63.7427348914056
rz1max,14301,mf,fusion,blue,1,36.0673430040405,36.0673430040405,36.0673430040405,36.0673430040405
rz1max,14301,mf,fusion,green,1,75.0689666023824,75.0689666023824,75.0689666023824,75.0689666023824
rz1max,14301,mf,fusion,red,1,104.282682942114,104.282682942114,104.282682942114,104.282682942114
rz1max,14301,mf,int,blue,1,70.3912477199332,70.3912477199332,70.3912477199332,70.3912477199332
rz1max,14301,mf,int,green,1,31.7180549949558,31.7180549949558,31.7180549949558,31.7180549949558
rz1max,14301,mf,int,red,1,3.0597937358549,3.0597937358549,3.0597937358549,3.0597937358549
rz1max,14301,mf,int,white,1,33.6056097379092,33.6056097379092,33.6056097379092,33.6056097379092
rz1max,14301,mr,FV,blue,1,55.8280109856572,55.8280109856572,55.8280109856572,55.8280109856572
rz1max,14301,mr,FV,green,1,71.2137704004989,71.2137704004989,71.2137704004989,71.2137704004989
rz1max,14301,mr,FV,red,1,70.9016841650232,70.9016841650232,70.9016841650232,70.9016841650232
rz1max,14301,mr,conf,blue,1,72.7040840238128,72.7040840238128,72.7040840238128,72.7040840238128
rz1max,14301,mr,conf,green,1,66.8502616556202,66.8502616556202,66.8502616556202,66.8502616556202
rz1max,14301,mr,conf,red,1,60.8647004381993,60.8647004381993,60.8647004381993,60.8647004381993
rz1max,14301,mr,fusion,blue,1,64.5135654435948,64.5135654435948,64.5135654435948,64.5135654435948
rz1max,14301,mr,fusion,green,1,59.9473585538571,59.9473585538571,59.9473585538571,59.9473585538571
rz1max,14301,mr,fusion,red,1,54.2098429075003,54.2098429075003,54.2098429075003,54.2098429075003
rz1max,14301,mr,int,blue,1,31.5588864620094,31.5588864620094,31.5588864620094,31.5588864620094
rz1max,14301,mr,int,green,1,83.0746495900323,83.0746495900323,83.0746495900323,83.0746495900323
rz1max,14301,mr,int,red,1,53.6245163353899,53.6245163353899,53.6245163353899,53.6245163353899
rz1max,14301,mr,int,white,1,83.811363502042,83.811363502042,83.811363502042,83.811363502042
rz1max,14301,tf,FV,blue,1,14.0614435742403,14.0614435742403,14.0614435742403,14.0614435742403
rz1max,14301,tf,FV,green,1,58.8827464230681,58.8827464230681,58.8827464230681,58.8827464230681
rz1max,14301,tf,FV,red,1,63.0086628547401,63.0086628547401,63.0086628547401,63.0086628547401
rz1max,14301,tf,conf,blue,1,66.4836782668678,66.4836782668678,66.4836782668678,66.4836782668678
rz1max,14301,tf,conf,green,1,65.1450700980244,65.1450700980244,65.1450700980244,65.1450700980244
rz1max,14301,tf,conf,red,1,63.551284717105,63.551284717105,63.551284717105,63.551284717105
rz1max,14301,tf,fusion,blue,1,62.9069758795348,62.9069758795348,62.9069758795348,62.9069758795348
rz1max,14301,tf,fusion,green,1,60.9879933419797,60.9879933419797,60.9879933419797,60.9879933419797
rz1max,14301,tf,fusion,red,1,58.3720338366266,58.3720338366266,58.3720338366266,58.3720338366266
rz1max,14301,tf,int,blue,1,57.8587312345227,57.8587312345227,57.8587312345227,57.8587312345227
rz1max,14301,tf,int,green,1,71.8674514786144,71.8674514786144,71.8674514786144,71.8674514786144
rz1max,14301,tf,int,red,1,66.1855879464223,66.1855879464223,66.1855879464223,66.1855879464223
rz1max,14301,tf,int,white,1,71.7789077191404,71.7789077191404,71.7789077191404,71.7789077191404
rz1max,14301,tr,FV,blue,1,17.4032247482532,17.4032247482532,17.4032247482532,17.4032247482532
rz1max,14301,tr,FV,green,1,32.4078441056803,32.4078441056803,32.4078441056803,32.4078441056803
rz1max,14301,tr,FV,red,1,31.8564228976853,31.8564228976853,31.8564228976853,31.8564228976853
rz1max,14301,tr,conf,blue,1,24.9780138847956,24.9780138847956,24.9780138847956,24.9780138847956
rz1max,14301,tr,conf,green,1,21.8361050991501,21.8361050991501,21.8361050991501,21.8361050991501
rz1max,14301,tr,conf,red,1,20.1665892809188,20.1665892809188,20.1665892809188,20.1665892809188
rz1max,14301,tr,fusion,blue,1,18.2373224457211,18.2373224457211,18.2373224457211,18.2373224457211
rz1max,14301,tr,fusion,green,1,13.0842869240651,13.0842869240651,13.0842869240651,13.0842869240651
rz1max,14301,tr,fusion,red,1,8.42910701243558,8.42910701243558,8.42910701243558,8.42910701243558
rz1max,14301,tr,int,blue,1,22.2067166485507,22.2067166485507,22.2067166485507,22.2067166485507
rz1max,14301,tr,int,green,1,19.7269856649922,19.7269856649922,19.7269856649922,19.7269856649922
rz1max,14301,tr,int,red,1,15.7930674413565,15.7930674413565,15.7930674413565,15.7930674413565
rz1max,14301,tr,int,white,1,19.77456398074,19.77456398074,19.77456398074,19.77456398074
rz1max,14301,wedm_f,FV,blue,1,16.190168618199,16.190168618199,16.190168618199,16.190168618199
rz1max,14301,wedm_f,FV,green,1,5.55922049173682,5.55922049173682,5.55922049173682,5.55922049173682
rz1max,14301,wedm_f,FV,red,1,15.5850452608147,15.5850452608147,15.5850452608147,15.5850452608147
rz1max,14301,wedm_f,conf,blue,1,46.2190392208525,46.2190392208525,46.2190392208525,46.2190392208525
rz1max,14301,wedm_f,conf,green,1,62.4197972633008,62.4197972633008,62.4197972633008,62.4197972633008
rz1max,14301,wedm_f,conf,red,1,93.6401636735909,93.6401636735909,93.6401636735909,93.6401636735909
rz1max,14301,wedm_f,fusion,blue,1,169.039363376852,169.039363376852,169.039363376852,169.039363376852
rz1max,14301,wedm_f,fusion,green,1,120.037121841476,120.037121841476,120.037121841476,120.037121841476
rz1max,14301,wedm_f,fusion,red,1,162.506704615433,162.506704615433,162.506704615433,162.506704615433
rz1max,14301,wedm_f,int,blue,1,33.9173880115027,33.9173880115027,33.9173880115027,33.9173880115027
rz1max,14301,wedm_f,int,green,1,16.7934125467596,16.7934125467596,16.7934125467596,16.7934125467596
rz1max,14301,wedm_f,int,red,1,26.7894809091074,26.7894809091074,26.7894809091074,26.7894809091074
rz1max,14301,wedm_f,int,white,1,17.019339371966,17.019339371966,17.019339371966,17.019339371966
rz1max,14301,wedm_r,FV,blue,1,8.165985894894,8.165985894894,8.165985894894,8.165985894894
rz1max,14301,wedm_r,FV,green,1,8.72268259031103,8.72268259031103,8.72268259031103,8.72268259031103
rz1max,14301,wedm_r,FV,red,1,7.91997316767505,7.91997316767505,7.91997316767505,7.91997316767505
rz1max,14301,wedm_r,conf,blue,1,4.35980601215966,4.35980601215966,4.35980601215966,4.35980601215966
rz1max,14301,wedm_r,conf,green,1,0.236757887084581,0.236757887084581,0.236757887084581,0.236757887084581
rz1max,14301,wedm_r,conf,red,1,4.18069890576537,4.18069890576537,4.18069890576537,4.18069890576537
rz1max,14301,wedm_r,fusion,blue,1,2.39143023494689,2.39143023494689,2.39143023494689,2.39143023494689
rz1max,14301,wedm_r,fusion,green,1,32.0596471167588,32.0596471167588,32.0596471167588,32.0596471167588
rz1max,14301,wedm_r,fusion,red,1,45.2523294954731,45.2523294954731,45.2523294954731,45.2523294954731
rz1max,14301,wedm_r,int,green,1,3.97395895032382,3.97395895032382,3.97395895032382,3.97395895032382
rz1max,14301,wedm_r,int,red,1,5.89808471078637,5.89808471078637,5.89808471078637,5.89808471078637
rz1max,14301,wedm_r,int,white,1,5.01725107377195,5.01725107377195,5.01725107377195,5.01725107377195
rz1max,al7075,b,FV,blue,1,393.382010976361,393.382010976361,393.382010976361,393.382010976361
rz1max,al7075,b,FV,green,1,138.751298894553,138.751298894553,138.751298894553,138.751298894553
rz1max,al7075,b,FV,red,1,148.386225639914,148.386225639914,148.386225639914,148.386225639914
rz1max,al7075,b,conf,blue,1,188.372213785587,188.372213785587,188.372213785587,188.372213785587
rz1max,al7075,b,conf,green,1,200.542971456487,200.542971456487,200.542971456487,200.542971456487
rz1max,al7075,b,conf,red,1,285.7536811009,285.7536811009,285.7536811009,285.7536811009
rz1max,al7075,b,fusion,blue,1,267.520554274724,267.520554274724,267.520554274724,267.520554274724
rz1max,al7075,b,fusion,green,1,265.381319584834,265.381319584834,265.381319584834,265.381319584834
rz1max,al7075,b,fusion,red,1,380.777236166357,380.777236166357,380.777236166357,380.777236166357
rz1max,al7075,b,int,blue,1,244.772660046036,244.772660046036,244.772660046036,244.772660046036
rz1max,al7075,b,int,green,1,20.3089199895684,20.3089199895684,20.3089199895684,20.3089199895684
rz1max,al7075,b,int,red,1,675.496548559531,675.496548559531,675.496548559531,675.496548559531
rz1max,al7075,b,int,white,1,5.42067026201849,5.42067026201849,5.42067026201849,5.42067026201849
rz1max,al7075,gla,FV,blue,1,13.2821499115066,13.2821499115066,13.2821499115066,13.2821499115066
rz1max,al7075,gla,FV,green,1,23.2196741805655,23.2196741805655,23.2196741805655,23.2196741805655
rz1max,al7075,gla,FV,red,1,0.829329039894767,0.829329039894767,0.829329039894767,0.829329039894767
rz1max,al7075,gla,conf,blue,1,13.4560020089953,13.4560020089953,13.4560020089953,13.4560020089953
rz1max,al7075,gla,conf,green,1,36.9419581812832,36.9419581812832,36.9419581812832,36.9419581812832
rz1max,al7075,gla,conf,red,1,61.203139679554,61.203139679554,61.203139679554,61.203139679554
rz1max,al7075,gla,fusion,blue,1,35.3037883436754,35.3037883436754,35.3037883436754,35.3037883436754
rz1max,al7075,gla,fusion,green,1,160.808151498819,160.808151498819,160.808151498819,160.808151498819
rz1max,al7075,gla,fusion,red,1,164.791869219173,164.791869219173,164.791869219173,164.791869219173
rz1max,al7075,gla,int,blue,1,24.1681342484788,24.1681342484788,24.1681342484788,24.1681342484788
rz1max,al7075,gla,int,green,1,14.7532561282533,14.7532561282533,14.7532561282533,14.7532561282533
rz1max,al7075,gla,int,red,1,17.9981195938815,17.9981195938815,17.9981195938815,17.9981195938815
rz1max,al7075,gla,int,white,1,14.2372817152685,14.2372817152685,14.2372817152685,14.2372817152685
rz1max,al7075,gri,FV,blue,1,15.6349067092538,15.6349067092538,15.6349067092538,15.6349067092538
rz1max,al7075,gri,FV,green,1,33.6548735030325,33.6548735030325,33.6548735030325,33.6548735030325
rz1max,al7075,gri,FV,red,1,12.0234967010214,12.0234967010214,12.0234967010214,12.0234967010214
rz1max,al7075,gri,conf,blue,1,44.6158360513617,44.6158360513617,44.6158360513617,44.6158360513617
rz1max,al7075,gri,conf,green,1,39.0756207235844,39.0756207235844,39.0756207235844,39.0756207235844
rz1max,al7075,gri,conf,red,1,30.8414709270503,30.8414709270503,30.8414709270503,30.8414709270503
rz1max,al7075,gri,fusion,blue,1,28.5397053531573,28.5397053531573,28.5397053531573,28.5397053531573
rz1max,al7075,gri,fusion,green,1,25.6820107711391,25.6820107711391,25.6820107711391,25.6820107711391
rz1max,al7075,gri,fusion,red,1,17.4544788077333,17.4544788077333,17.4544788077333,17.4544788077333
rz1max,al7075,gri,int,blue,1,52.4768875707296,52.4768875707296,52.4768875707296,52.4768875707296
rz1max,al7075,gri,int,green,1,57.6851830316762,57.6851830316762,57.6851830316762,57.6851830316762
rz1max,al7075,gri,int,red,1,54.9433488829544,54.9433488829544,54.9433488829544,54.9433488829544
rz1max,al7075,gri,int,white,1,58.0876582424875,58.0876582424875,58.0876582424875,58.0876582424875
rz1max,al7075,hon,FV,blue,1,24.7987485808743,24.7987485808743,24.7987485808743,24.7987485808743
rz1max,al7075,hon,FV,green,1,29.4981692764137,29.4981692764137,29.4981692764137,29.4981692764137
rz1max,al7075,hon,FV,red,1,1.53977769243159,1.53977769243159,1.53977769243159,1.53977769243159
rz1max,al7075,hon,conf,blue,1,51.9487939705961,51.9487939705961,51.9487939705961,51.9487939705961
rz1max,al7075,hon,conf,green,1,43.4719198952347,43.4719198952347,43.4719198952347,43.4719198952347
rz1max,al7075,hon,conf,red,1,35.8414103825353,35.8414103825353,35.8414103825353,35.8414103825353
rz1max,al7075,hon,fusion,blue,1,33.1608609321285,33.1608609321285,33.1608609321285,33.1608609321285
rz1max,al7075,hon,fusion,green,1,28.6686682937917,28.6686682937917,28.6686682937917,28.6686682937917
rz1max,al7075,hon,fusion,red,1,19.9569683551524,19.9569683551524,19.9569683551524,19.9569683551524
rz1max,al7075,hon,int,blue,1,56.604045841546,56.604045841546,56.604045841546,56.604045841546
rz1max,al7075,hon,int,green,1,59.9654878060308,59.9654878060308,59.9654878060308,59.9654878060308
rz1max,al7075,hon,int,red,1,58.9326604365616,58.9326604365616,58.9326604365616,58.9326604365616
rz1max,al7075,hon,int,white,1,59.9201297679572,59.9201297679572,59.9201297679572,59.9201297679572
rz1max,al7075,mf,FV,blue,1,65.9498296420158,65.9498296420158,65.9498296420158,65.9498296420158
rz1max,al7075,mf,FV,green,1,15.4804604640577,15.4804604640577,15.4804604640577,15.4804604640577
rz1max,al7075,mf,FV,red,1,8.37974466953528,8.37974466953528,8.37974466953528,8.37974466953528
rz1max,al7075,mf,conf,blue,1,5.32117584655307,5.32117584655307,5.32117584655307,5.32117584655307
rz1max,al7075,mf,conf,green,1,7.96306258029333,7.96306258029333,7.96306258029333,7.96306258029333
rz1max,al7075,mf,conf,red,1,30.9624442112594,30.9624442112594,30.9624442112594,30.9624442112594
rz1max,al7075,mf,fusion,blue,1,20.9910301452148,20.9910301452148,20.9910301452148,20.9910301452148
rz1max,al7075,mf,fusion,green,1,34.3756029773931,34.3756029773931,34.3756029773931,34.3756029773931
rz1max,al7075,mf,fusion,red,1,61.2217595872297,61.2217595872297,61.2217595872297,61.2217595872297
rz1max,al7075,mf,int,blue,1,14.5979528840378,14.5979528840378,14.5979528840378,14.5979528840378
rz1max,al7075,mf,int,green,1,64.892786941117,64.892786941117,64.892786941117,64.892786941117
rz1max,al7075,mf,int,red,1,51.3646295233234,51.3646295233234,51.3646295233234,51.3646295233234
rz1max,al7075,mf,int,white,1,66.3815020169345,66.3815020169345,66.3815020169345,66.3815020169345
rz1max,al7075,mr,FV,blue,1,193.03740342288,193.03740342288,193.03740342288,193.03740342288
rz1max,al7075,mr,FV,green,1,69.6250686888242,69.6250686888242,69.6250686888242,69.6250686888242
rz1max,al7075,mr,FV,red,1,43.1993216486099,43.1993216486099,43.1993216486099,43.1993216486099
rz1max,al7075,mr,conf,blue,1,36.2730771588335,36.2730771588335,36.2730771588335,36.2730771588335
rz1max,al7075,mr,conf,green,1,50.1105918947341,50.1105918947341,50.1105918947341,50.1105918947341
rz1max,al7075,mr,conf,red,1,69.7006032685839,69.7006032685839,69.7006032685839,69.7006032685839
rz1max,al7075,mr,fusion,blue,1,78.436519637649,78.436519637649,78.436519637649,78.436519637649
rz1max,al7075,mr,fusion,green,1,98.5911601992461,98.5911601992461,98.5911601992461,98.5911601992461
rz1max,al7075,mr,fusion,red,1,121.092694417117,121.092694417117,121.092694417117,121.092694417117
rz1max,al7075,mr,int,blue,1,56.6121938890914,56.6121938890914,56.6121938890914,56.6121938890914
rz1max,al7075,mr,int,green,1,52.8319467924945,52.8319467924945,52.8319467924945,52.8319467924945
rz1max,al7075,mr,int,red,1,101.011222593055,101.011222593055,101.011222593055,101.011222593055
rz1max,al7075,mr,int,white,1,57.0645970409865,57.0645970409865,57.0645970409865,57.0645970409865
rz1max,al7075,tf,FV,blue,1,35.9658869152047,35.9658869152047,35.9658869152047,35.9658869152047
rz1max,al7075,tf,FV,green,1,57.956139205903,57.956139205903,57.956139205903,57.956139205903
rz1max,al7075,tf,FV,red,1,57.6736722784505,57.6736722784505,57.6736722784505,57.6736722784505
rz1max,al7075,tf,conf,blue,1,59.7410078573658,59.7410078573658,59.7410078573658,59.7410078573658
rz1max,al7075,tf,conf,green,1,53.1353397934188,53.1353397934188,53.1353397934188,53.1353397934188
rz1max,al7075,tf,conf,red,1,46.4445286024746,46.4445286024746,46.4445286024746,46.4445286024746
rz1max,al7075,tf,fusion,blue,1,49.8313720330883,49.8313720330883,49.8313720330883,49.8313720330883
rz1max,al7075,tf,fusion,green,1,41.1998461062103,41.1998461062103,41.1998461062103,41.1998461062103
rz1max,al7075,tf,fusion,red,1,34.389868485375,34.389868485375,34.389868485375,34.389868485375
rz1max,al7075,tf,int,blue,1,48.228571334551,48.228571334551,48.228571334551,48.228571334551
rz1max,al7075,tf,int,green,1,71.4924150559692,71.4924150559692,71.4924150559692,71.4924150559692
rz1max,al7075,tf,int,red,1,48.5909054890118,48.5909054890118,48.5909054890118,48.5909054890118
rz1max,al7075,tf,int,white,1,72.2963963465642,72.2963963465642,72.2963963465642,72.2963963465642
rz1max,al7075,tr,FV,blue,1,25.2644466301628,25.2644466301628,25.2644466301628,25.2644466301628
rz1max,al7075,tr,FV,green,1,36.9552989411542,36.9552989411542,36.9552989411542,36.9552989411542
rz1max,al7075,tr,FV,red,1,35.7988634634075,35.7988634634075,35.7988634634075,35.7988634634075
rz1max,al7075,tr,conf,blue,1,32.3018947697561,32.3018947697561,32.3018947697561,32.3018947697561
rz1max,al7075,tr,conf,green,1,26.4039526565786,26.4039526565786,26.4039526565786,26.4039526565786
rz1max,al7075,tr,conf,red,1,20.3545007179451,20.3545007179451,20.3545007179451,20.3545007179451
rz1max,al7075,tr,fusion,blue,1,27.4322805005392,27.4322805005392,27.4322805005392,27.4322805005392
rz1max,al7075,tr,fusion,green,1,22.3658647359624,22.3658647359624,22.3658647359624,22.3658647359624
rz1max,al7075,tr,fusion,red,1,16.0517315256212,16.0517315256212,16.0517315256212,16.0517315256212
rz1max,al7075,tr,int,blue,1,29.5881109769332,29.5881109769332,29.5881109769332,29.5881109769332
rz1max,al7075,tr,int,green,1,39.5598582513843,39.5598582513843,39.5598582513843,39.5598582513843
rz1max,al7075,tr,int,red,1,35.5406035358191,35.5406035358191,35.5406035358191,35.5406035358191
rz1max,al7075,tr,int,white,1,39.538735846709,39.538735846709,39.538735846709,39.538735846709
rz1max,al7075,wedm_f,FV,blue,1,44.3514530281138,44.3514530281138,44.3514530281138,44.3514530281138
rz1max,al7075,wedm_f,FV,green,1,15.6241704538046,15.6241704538046,15.6241704538046,15.6241704538046
rz1max,al7075,wedm_f,FV,red,1,27.5395525076784,27.5395525076784,27.5395525076784,27.5395525076784
rz1max,al7075,wedm_f,conf,blue,1,99.6402739979116,99.6402739979116,99.6402739979116,99.6402739979116
rz1max,al7075,wedm_f,conf,green,1,80.9430990659815,80.9430990659815,80.9430990659815,80.9430990659815
rz1max,al7075,wedm_f,conf,red,1,107.050303716985,107.050303716985,107.050303716985,107.050303716985
rz1max,al7075,wedm_f,fusion,blue,1,231.450172173285,231.450172173285,231.450172173285,231.450172173285
rz1max,al7075,wedm_f,fusion,green,1,150.241526743718,150.241526743718,150.241526743718,150.241526743718
rz1max,al7075,wedm_f,fusion,red,1,172.937551263261,172.937551263261,172.937551263261,172.937551263261
rz1max,al7075,wedm_f,int,blue,1,0.717278632926195,0.717278632926195,0.717278632926195,0.717278632926195
rz1max,al7075,wedm_f,int,green,1,17.5217901841693,17.5217901841693,17.5217901841693,17.5217901841693
rz1max,al7075,wedm_f,int,red,1,19.4753577624435,19.4753577624435,19.4753577624435,19.4753577624435
rz1max,al7075,wedm_f,int,white,1,17.6431906739223,17.6431906739223,17.6431906739223,17.6431906739223
rz1max,al7075,wedm_r,FV,blue,1,18.3679766417452,18.3679766417452,18.3679766417452,18.3679766417452
rz1max,al7075,wedm_r,FV,green,1,15.1399318346566,15.1399318346566,15.1399318346566,15.1399318346566
rz1max,al7075,wedm_r,FV,red,1,11.9654485797685,11.9654485797685,11.9654485797685,11.9654485797685
rz1max,al7075,wedm_r,conf,blue,1,54.8789415220976,54.8789415220976,54.8789415220976,54.8789415220976
rz1max,al7075,wedm_r,conf,green,1,67.3691397713287,67.3691397713287,67.3691397713287,67.3691397713287
rz1max,al7075,wedm_r,conf,red,1,105.775294632154,105.775294632154,105.775294632154,105.775294632154
rz1max,al7075,wedm_r,fusion,blue,1,152.783851870862,152.783851870862,152.783851870862,152.783851870862
rz1max,al7075,wedm_r,fusion,green,1,208.803164966755,208.803164966755,208.803164966755,208.803164966755
rz1max,al7075,wedm_r,fusion,red,1,224.485188094447,224.485188094447,224.485188094447,224.485188094447
rz1max,al7075,wedm_r,int,blue,1,40.7449291036049,40.7449291036049,40.7449291036049,40.7449291036049
rz1max,al7075,wedm_r,int,green,1,13.652097002299,13.652097002299,13.652097002299,13.652097002299
rz1max,al7075,wedm_r,int,red,1,14.0700982535991,14.0700982535991,14.0700982535991,14.0700982535991
rz1max,al7075,wedm_r,int,white,1,11.4081262721428,11.4081262721428,11.4081262721428,11.4081262721428
rz1max,c45,b,FV,blue,1,134.573104703915,134.573104703915,134.573104703915,134.573104703915
rz1max,c45,b,FV,green,1,25.7105523404342,25.7105523404342,25.7105523404342,25.7105523404342
rz1max,c45,b,FV,red,1,52.9807006667029,52.9807006667029,52.9807006667029,52.9807006667029
rz1max,c45,b,conf,green,1,90.1307545679187,90.1307545679187,90.1307545679187,90.1307545679187
rz1max,c45,b,conf,red,1,138.950654987941,138.950654987941,138.950654987941,138.950654987941
rz1max,c45,b,fusion,blue,1,117.601815383989,117.601815383989,117.601815383989,117.601815383989
rz1max,c45,b,fusion,green,1,139.284273156276,139.284273156276,139.284273156276,139.284273156276
rz1max,c45,b,fusion,red,1,202.897699637471,202.897699637471,202.897699637471,202.897699637471
rz1max,c45,b,int,blue,2,278.445228166091,278.445228166091,277.788456931096,279.101999401086
rz1max,c45,b,int,green,1,38.5817861178976,38.5817861178976,38.5817861178976,38.5817861178976
rz1max,c45,b,int,red,1,16.5537868800798,16.5537868800798,16.5537868800798,16.5537868800798
rz1max,c45,b,int,white,1,41.6154768870986,41.6154768870986,41.6154768870986,41.6154768870986
rz1max,c45,gla,FV,blue,1,0.591010474664309,0.591010474664309,0.591010474664309,0.591010474664309
rz1max,c45,gla,FV,green,1,15.8253939733352,15.8253939733352,15.8253939733352,15.8253939733352
rz1max,c45,gla,FV,red,1,4.16440243086422,4.16440243086422,4.16440243086422,4.16440243086422
rz1max,c45,gla,conf,blue,1,23.327867412599,23.327867412599,23.327867412599,23.327867412599
rz1max,c45,gla,conf,green,1,43.115339914842,43.115339914842,43.115339914842,43.115339914842
rz1max,c45,gla,conf,red,1,62.5687797110215,62.5687797110215,62.5687797110215,62.5687797110215
rz1max,c45,gla,fusion,blue,1,60.7658353169771,60.7658353169771,60.7658353169771,60.7658353169771
rz1max,c45,gla,fusion,green,1,86.1389637113508,86.1389637113508,86.1389637113508,86.1389637113508
rz1max,c45,gla,fusion,red,1,127.312210548217,127.312210548217,127.312210548217,127.312210548217
rz1max,c45,gla,int,blue,1,26.4409844720347,26.4409844720347,26.4409844720347,26.4409844720347
rz1max,c45,gla,int,green,1,14.1349263967673,14.1349263967673,14.1349263967673,14.1349263967673
rz1max,c45,gla,int,red,1,24.6815031891421,24.6815031891421,24.6815031891421,24.6815031891421
rz1max,c45,gla,int,white,1,16.0516258382822,16.0516258382822,16.0516258382822,16.0516258382822
rz1max,c45,gri,FV,blue,1,91.6106355337389,91.6106355337389,91.6106355337389,91.6106355337389
rz1max,c45,gri,FV,green,1,57.9910811134375,57.9910811134375,57.9910811134375,57.9910811134375
rz1max,c45,gri,FV,red,1,115.293887878403,115.293887878403,115.293887878403,115.293887878403
rz1max,c45,gri,conf,blue,1,18.0137900622201,18.0137900622201,18.0137900622201,18.0137900622201
rz1max,c45,gri,conf,green,1,33.9276293586063,33.9276293586063,33.9276293586063,33.9276293586063
rz1max,c45,gri,conf,red,1,51.5196243123771,51.5196243123771,51.5196243123771,51.5196243123771
rz1max,c45,gri,fusion,blue,1,51.5580573456516,51.5580573456516,51.5580573456516,51.5580573456516
rz1max,c45,gri,fusion,green,1,55.7661881921121,55.7661881921121,55.7661881921121,55.7661881921121
rz1max,c45,gri,fusion,red,1,74.5360336270397,74.5360336270397,74.5360336270397,74.5360336270397
rz1max,c45,gri,int,blue,1,5.7169746257654,5.7169746257654,5.7169746257654,5.7169746257654
rz1max,c45,gri,int,green,1,13.7514950754923,13.7514950754923,13.7514950754923,13.7514950754923
rz1max,c45,gri,int,red,1,10.7831356882982,10.7831356882982,10.7831356882982,10.7831356882982
rz1max,c45,gri,int,white,1,14.1004370868004,14.1004370868004,14.1004370868004,14.1004370868004
rz1max,c45,hon,FV,blue,1,9.14380665382573,9.14380665382573,9.14380665382573,9.14380665382573
rz1max,c45,hon,FV,green,1,2.39967942545887,2.39967942545887,2.39967942545887,2.39967942545887
rz1max,c45,hon,FV,red,1,34.0544229023883,34.0544229023883,34.0544229023883,34.0544229023883
rz1max,c45,hon,conf,blue,1,14.555995421928,14.555995421928,14.555995421928,14.555995421928
rz1max,c45,hon,conf,green,1,0.573454799647074,0.573454799647074,0.573454799647074,0.573454799647074
rz1max,c45,hon,conf,red,1,8.73101735734887,8.73101735734887,8.73101735734887,8.73101735734887
rz1max,c45,hon,fusion,blue,1,12.7126695214693,12.7126695214693,12.7126695214693,12.7126695214693
rz1max,c45,hon,fusion,green,1,24.911334258345,24.911334258345,24.911334258345,24.911334258345
rz1max,c45,hon,fusion,red,1,30.9603577963126,30.9603577963126,30.9603577963126,30.9603577963126
rz1max,c45,hon,int,blue,1,32.386528431715,32.386528431715,32.386528431715,32.386528431715
rz1max,c45,hon,int,green,1,13.4380433627235,13.4380433627235,13.4380433627235,13.4380433627235
rz1max,c45,hon,int,red,1,17.5288543493268,17.5288543493268,17.5288543493268,17.5288543493268
rz1max,c45,hon,int,white,1,12.2797624613045,12.2797624613045,12.2797624613045,12.2797624613045
rz1max,c45,mf,FV,blue,1,7.38694832433334,7.38694832433334,7.38694832433334,7.38694832433334
rz1max,c45,mf,FV,green,1,15.5396304123426,15.5396304123426,15.5396304123426,15.5396304123426
rz1max,c45,mf,FV,red,1,10.8475104744537,10.8475104744537,10.8475104744537,10.8475104744537
rz1max,c45,mf,conf,green,1,0.0378090853551009,0.0378090853551009,0.0378090853551009,0.0378090853551009
rz1max,c45,mf,conf,red,1,12.2901729668605,12.2901729668605,12.2901729668605,12.2901729668605
rz1max,c45,mf,fusion,blue,1,26.0124316203384,26.0124316203384,26.0124316203384,26.0124316203384
rz1max,c45,mf,fusion,green,1,30.3810869309636,30.3810869309636,30.3810869309636,30.3810869309636
rz1max,c45,mf,fusion,red,1,44.6353155994482,44.6353155994482,44.6353155994482,44.6353155994482
rz1max,c45,mf,int,blue,1,18.6334613439079,18.6334613439079,18.6334613439079,18.6334613439079
rz1max,c45,mf,int,green,1,39.2019251033781,39.2019251033781,39.2019251033781,39.2019251033781
rz1max,c45,mf,int,red,1,49.993199382547,49.993199382547,49.993199382547,49.993199382547
rz1max,c45,mf,int,white,1,7.58338726635089,7.58338726635089,7.58338726635089,7.58338726635089
rz1max,c45,mr,FV,blue,1,32.3225256937431,32.3225256937431,32.3225256937431,32.3225256937431
rz1max,c45,mr,FV,green,1,36.7959135167378,36.7959135167378,36.7959135167378,36.7959135167378
rz1max,c45,mr,FV,red,1,34.2726070338775,34.2726070338775,34.2726070338775,34.2726070338775
rz1max,c45,mr,conf,green,1,22.8363374196742,22.8363374196742,22.8363374196742,22.8363374196742
rz1max,c45,mr,conf,red,1,16.3939276995141,16.3939276995141,16.3939276995141,16.3939276995141
rz1max,c45,mr,fusion,blue,1,17.3484654984381,17.3484654984381,17.3484654984381,17.3484654984381
rz1max,c45,mr,fusion,green,1,13.3722440596139,13.3722440596139,13.3722440596139,13.3722440596139
rz1max,c45,mr,fusion,red,1,5.65942608624069,5.65942608624069,5.65942608624069,5.65942608624069
rz1max,c45,mr,int,blue,1,26.438425882916,26.438425882916,26.438425882916,26.438425882916
rz1max,c45,mr,int,green,1,35.2552855354337,35.2552855354337,35.2552855354337,35.2552855354337
rz1max,c45,mr,int,red,1,35.3020455125761,35.3020455125761,35.3020455125761,35.3020455125761
rz1max,c45,mr,int,white,1,35.2055691574587,35.2055691574587,35.2055691574587,35.2055691574587
rz1max,c45,tf,FV,blue,1,67.4528202983222,67.4528202983222,67.4528202983222,67.4528202983222
rz1max,c45,tf,FV,green,1,70.0559902733384,70.0559902733384,70.0559902733384,70.0559902733384
rz1max,c45,tf,FV,red,1,68.4417658310062,68.4417658310062,68.4417658310062,68.4417658310062
rz1max,c45,tf,conf,green,1,63.1085986607625,63.1085986607625,63.1085986607625,63.1085986607625
rz1max,c45,tf,conf,red,1,60.3264030648103,60.3264030648103,60.3264030648103,60.3264030648103
rz1max,c45,tf,fusion,blue,1,60.677140229035,60.677140229035,60.677140229035,60.677140229035
rz1max,c45,tf,fusion,green,1,57.9431268005849,57.9431268005849,57.9431268005849,57.9431268005849
rz1max,c45,tf,fusion,red,1,54.7372055303114,54.7372055303114,54.7372055303114,54.7372055303114
rz1max,c45,tf,int,blue,1,64.1870623270164,64.1870623270164,64.1870623270164,64.1870623270164
rz1max,c45,tf,int,green,1,67.7002894879261,67.7002894879261,67.7002894879261,67.7002894879261
rz1max,c45,tf,int,red,1,67.4594098337716,67.4594098337716,67.4594098337716,67.4594098337716
rz1max,c45,tf,int,white,1,67.7475112071012,67.7475112071012,67.7475112071012,67.7475112071012
rz1max,c45,tr,FV,blue,1,89.5717187193419,89.5717187193419,89.5717187193419,89.5717187193419
rz1max,c45,tr,FV,green,1,92.7468111939523,92.7468111939523,92.7468111939523,92.7468111939523
rz1max,c45,tr,FV,red,1,92.2801062550577,92.2801062550577,92.2801062550577,92.2801062550577
rz1max,c45,tr,conf,green,1,90.6517569774805,90.6517569774805,90.6517569774805,90.6517569774805
rz1max,c45,tr,conf,red,1,89.6307708808642,89.6307708808642,89.6307708808642,89.6307708808642
rz1max,c45,tr,fusion,blue,1,89.3374671841026,89.3374671841026,89.3374671841026,89.3374671841026
rz1max,c45,tr,fusion,green,1,88.5026124039292,88.5026124039292,88.5026124039292,88.5026124039292
rz1max,c45,tr,fusion,red,1,87.0953900085443,87.0953900085443,87.0953900085443,87.0953900085443
rz1max,c45,tr,int,blue,1,90.3610632698778,90.3610632698778,90.3610632698778,90.3610632698778
rz1max,c45,tr,int,green,1,93.8140341630404,93.8140341630404,93.8140341630404,93.8140341630404
rz1max,c45,tr,int,red,1,92.6929116214191,92.6929116214191,92.6929116214191,92.6929116214191
rz1max,c45,tr,int,white,1,93.9703808615044,93.9703808615044,93.9703808615044,93.9703808615044
rz1max,c45,wedm_f,FV,blue,1,17.6418087902389,17.6418087902389,17.6418087902389,17.6418087902389
rz1max,c45,wedm_f,FV,green,1,4.17526114355813,4.17526114355813,4.17526114355813,4.17526114355813
rz1max,c45,wedm_f,FV,red,1,29.4485178289563,29.4485178289563,29.4485178289563,29.4485178289563
rz1max,c45,wedm_f,conf,blue,1,99.8056941347128,99.8056941347128,99.8056941347128,99.8056941347128
rz1max,c45,wedm_f,conf,green,1,136.884093097364,136.884093097364,136.884093097364,136.884093097364
rz1max,c45,wedm_f,conf,red,1,157.624952108209,157.624952108209,157.624952108209,157.624952108209
rz1max,c45,wedm_f,fusion,blue,1,287.314606211023,287.314606211023,287.314606211023,287.314606211023
rz1max,c45,wedm_f,fusion,green,1,184.414079958691,184.414079958691,184.414079958691,184.414079958691
rz1max,c45,wedm_f,fusion,red,1,198.151911776425,198.151911776425,198.151911776425,198.151911776425
rz1max,c45,wedm_f,int,blue,1,34.0058917816418,34.0058917816418,34.0058917816418,34.0058917816418
rz1max,c45,wedm_f,int,green,1,21.0429767273443,21.0429767273443,21.0429767273443,21.0429767273443
rz1max,c45,wedm_f,int,red,1,27.025016221575,27.025016221575,27.025016221575,27.025016221575
rz1max,c45,wedm_f,int,white,1,21.0739265709015,21.0739265709015,21.0739265709015,21.0739265709015
rz1max,c45,wedm_r,FV,blue,1,6.10465981519049,6.10465981519049,6.10465981519049,6.10465981519049
rz1max,c45,wedm_r,FV,green,1,7.14225501243205,7.14225501243205,7.14225501243205,7.14225501243205
rz1max,c45,wedm_r,FV,red,1,5.03543374879192,5.03543374879192,5.03543374879192,5.03543374879192
rz1max,c45,wedm_r,conf,blue,1,2.55334059757113,2.55334059757113,2.55334059757113,2.55334059757113
rz1max,c45,wedm_r,conf,green,1,7.4284037744018,7.4284037744018,7.4284037744018,7.4284037744018
rz1max,c45,wedm_r,conf,red,1,12.2873078548698,12.2873078548698,12.2873078548698,12.2873078548698
rz1max,c45,wedm_r,fusion,blue,1,70.9528816872048,70.9528816872048,70.9528816872048,70.9528816872048
rz1max,c45,wedm_r,fusion,green,1,106.12145292104,106.12145292104,106.12145292104,106.12145292104
rz1max,c45,wedm_r,fusion,red,1,144.906461228978,144.906461228978,144.906461228978,144.906461228978
rz1max,c45,wedm_r,int,blue,1,24.5511131491406,24.5511131491406,24.5511131491406,24.5511131491406
rz1max,c45,wedm_r,int,green,1,1.03489788109586,1.03489788109586,1.03489788109586,1.03489788109586
rz1max,c45,wedm_r,int,red,1,2.20972248550705,2.20972248550705,2.20972248550705,2.20972248550705
rz1max,c45,wedm_r,int,white,1,0.959167299880158,0.959167299880158,0.959167299880158,0.959167299880158
rz1max,ellor,gla,FV,blue,1,8.5223529432754,8.5223529432754,8.5223529432754,8.5223529432754
rz1max,ellor,gla,FV,green,1,9.53832543875168,9.53832543875168,9.53832543875168,9.53832543875168
rz1max,ellor,gla,FV,red,1,9.88045953383997,9.88045953383997,9.88045953383997,9.88045953383997
rz1max,ellor,gla,conf,blue,1,6.29977702869492,6.29977702869492,6.29977702869492,6.29977702869492
rz1max,ellor,gla,conf,green,1,2.32561230203258,2.32561230203258,2.32561230203258,2.32561230203258
rz1max,ellor,gla,conf,red,1,4.14486910208637,4.14486910208637,4.14486910208637,4.14486910208637
rz1max,ellor,gla,fusion,blue,1,1.0305206546771,1.0305206546771,1.0305206546771,1.0305206546771
rz1max,ellor,gla,fusion,green,1,2.09452148310299,2.09452148310299,2.09452148310299,2.09452148310299
rz1max,ellor,gla,fusion,red,1,0.842500000200544,0.842500000200544,0.842500000200544,0.842500000200544
rz1max,ellor,gla,int,blue,1,8.58216311889572,8.58216311889572,8.58216311889572,8.58216311889572
rz1max,ellor,gla,int,green,1,5.12394262901398,5.12394262901398,5.12394262901398,5.12394262901398
rz1max,ellor,gla,int,red,1,5.52791606872585,5.52791606872585,5.52791606872585,5.52791606872585
rz1max,ellor,gla,int,white,1,4.42915470426915,4.42915470426915,4.42915470426915,4.42915470426915
rz1max,ellor,gri,FV,blue,1,142.291334357161,142.291334357161,142.291334357161,142.291334357161
rz1max,ellor,gri,FV,green,1,140.135245667767,140.135245667767,140.135245667767,140.135245667767
rz1max,ellor,gri,FV,red,1,140.191070366486,140.191070366486,140.191070366486,140.191070366486
rz1max,ellor,gri,conf,blue,1,152.626251512249,152.626251512249,152.626251512249,152.626251512249
rz1max,ellor,gri,conf,green,1,156.786110746886,156.786110746886,156.786110746886,156.786110746886
rz1max,ellor,gri,conf,red,1,157.930136429297,157.930136429297,157.930136429297,157.930136429297
rz1max,ellor,gri,fusion,blue,1,163.389812539254,163.389812539254,163.389812539254,163.389812539254
rz1max,ellor,gri,fusion,green,1,167.159771017346,167.159771017346,167.159771017346,167.159771017346
rz1max,ellor,gri,fusion,red,1,175.031703505257,175.031703505257,175.031703505257,175.031703505257
rz1max,ellor,gri,int,blue,1,192.584340735558,192.584340735558,192.584340735558,192.584340735558
rz1max,ellor,gri,int,green,1,134.521101651269,134.521101651269,134.521101651269,134.521101651269
rz1max,ellor,gri,int,red,1,145.690972856198,145.690972856198,145.690972856198,145.690972856198
rz1max,ellor,gri,int,white,1,146.885704634349,146.885704634349,146.885704634349,146.885704634349
rz1max,ellor,hon,FV,blue,1,4.95209518928569,4.95209518928569,4.95209518928569,4.95209518928569
rz1max,ellor,hon,FV,green,1,36.9336675507514,36.9336675507514,36.9336675507514,36.9336675507514
rz1max,ellor,hon,FV,red,1,27.0530362661531,27.0530362661531,27.0530362661531,27.0530362661531
rz1max,ellor,hon,conf,blue,1,2.44405724366683,2.44405724366683,2.44405724366683,2.44405724366683
rz1max,ellor,hon,conf,green,1,6.87074508404366,6.87074508404366,6.87074508404366,6.87074508404366
rz1max,ellor,hon,conf,red,1,31.5418198216922,31.5418198216922,31.5418198216922,31.5418198216922
rz1max,ellor,hon,fusion,blue,1,49.8470465050079,49.8470465050079,49.8470465050079,49.8470465050079
rz1max,ellor,hon,fusion,green,1,48.0870136344868,48.0870136344868,48.0870136344868,48.0870136344868
rz1max,ellor,hon,fusion,red,1,84.4494237873096,84.4494237873096,84.4494237873096,84.4494237873096
rz1max,ellor,hon,int,blue,1,20.5534095321351,20.5534095321351,20.5534095321351,20.5534095321351
rz1max,ellor,hon,int,green,1,45.3694380551208,45.3694380551208,45.3694380551208,45.3694380551208
rz1max,ellor,hon,int,red,1,36.3927879011976,36.3927879011976,36.3927879011976,36.3927879011976
rz1max,ellor,hon,int,white,1,46.9413576869324,46.9413576869324,46.9413576869324,46.9413576869324
rz1max,ellor,mf,FV,blue,1,19.3681941991789,19.3681941991789,19.3681941991789,19.3681941991789
rz1max,ellor,mf,FV,green,1,25.9362698476054,25.9362698476054,25.9362698476054,25.9362698476054
rz1max,ellor,mf,FV,red,1,28.0888895121112,28.0888895121112,28.0888895121112,28.0888895121112
rz1max,ellor,mf,conf,blue,1,9.72609404352373,9.72609404352373,9.72609404352373,9.72609404352373
rz1max,ellor,mf,conf,green,1,8.61646242403463,8.61646242403463,8.61646242403463,8.61646242403463
rz1max,ellor,mf,conf,red,1,9.9995710342945,9.9995710342945,9.9995710342945,9.9995710342945
rz1max,ellor,mf,fusion,blue,1,1.46810971659182,1.46810971659182,1.46810971659182,1.46810971659182
rz1max,ellor,mf,fusion,green,1,0.648700864573475,0.648700864573475,0.648700864573475,0.648700864573475
rz1max,ellor,mf,fusion,red,1,83.6961902936117,83.6961902936117,83.6961902936117,83.6961902936117
rz1max,ellor,mf,int,blue,1,79.954312374339,79.954312374339,79.954312374339,79.954312374339
rz1max,ellor,mf,int,green,1,8.54995467649079,8.54995467649079,8.54995467649079,8.54995467649079
rz1max,ellor,mf,int,red,1,10.0586237003852,10.0586237003852,10.0586237003852,10.0586237003852
rz1max,ellor,mf,int,white,1,10.8192747055812,10.8192747055812,10.8192747055812,10.8192747055812
rz1max,ellor,mr,FV,blue,1,2.20745749704685,2.20745749704685,2.20745749704685,2.20745749704685
rz1max,ellor,mr,FV,green,1,6.74393143487828,6.74393143487828,6.74393143487828,6.74393143487828
rz1max,ellor,mr,FV,red,1,6.30864496596931,6.30864496596931,6.30864496596931,6.30864496596931
rz1max,ellor,mr,conf,blue,1,6.46110560888358,6.46110560888358,6.46110560888358,6.46110560888358
rz1max,ellor,mr,conf,green,1,7.73322692267046,7.73322692267046,7.73322692267046,7.73322692267046
rz1max,ellor,mr,conf,red,1,10.2883028160166,10.2883028160166,10.2883028160166,10.2883028160166
rz1max,ellor,mr,fusion,blue,1,13.7985642820289,13.7985642820289,13.7985642820289,13.7985642820289
rz1max,ellor,mr,fusion,green,1,14.8839780619402,14.8839780619402,14.8839780619402,14.8839780619402
rz1max,ellor,mr,fusion,red,1,24.9284858766207,24.9284858766207,24.9284858766207,24.9284858766207
rz1max,ellor,mr,int,blue,1,71.8947628114914,71.8947628114914,71.8947628114914,71.8947628114914
rz1max,ellor,mr,int,green,1,1.39963177681945,1.39963177681945,1.39963177681945,1.39963177681945
rz1max,ellor,mr,int,red,1,0.6858611887352,0.6858611887352,0.6858611887352,0.6858611887352
rz1max,ellor,mr,int,white,1,0.229253101085502,0.229253101085502,0.229253101085502,0.229253101085502
rz1max,ellor,tf,FV,blue,1,20.955903733501,20.955903733501,20.955903733501,20.955903733501
rz1max,ellor,tf,FV,green,1,23.9692233333939,23.9692233333939,23.9692233333939,23.9692233333939
rz1max,ellor,tf,FV,red,1,24.5236473542151,24.5236473542151,24.5236473542151,24.5236473542151
rz1max,ellor,tf,conf,blue,1,7.74137759055797,7.74137759055797,7.74137759055797,7.74137759055797
rz1max,ellor,tf,conf,green,1,8.02642254652542,8.02642254652542,8.02642254652542,8.02642254652542
rz1max,ellor,tf,conf,red,1,6.04745867926373,6.04745867926373,6.04745867926373,6.04745867926373
rz1max,ellor,tf,fusion,blue,1,0.265844585496087,0.265844585496087,0.265844585496087,0.265844585496087
rz1max,ellor,tf,fusion,green,1,1.82152231705221,1.82152231705221,1.82152231705221,1.82152231705221
rz1max,ellor,tf,fusion,red,1,10.751047576245,10.751047576245,10.751047576245,10.751047576245
rz1max,ellor,tf,int,blue,1,62.6860881626988,62.6860881626988,62.6860881626988,62.6860881626988
rz1max,ellor,tf,int,green,1,7.06782752755327,7.06782752755327,7.06782752755327,7.06782752755327
rz1max,ellor,tf,int,red,1,9.46685682157096,9.46685682157096,9.46685682157096,9.46685682157096
rz1max,ellor,tf,int,white,1,7.08138718435911,7.08138718435911,7.08138718435911,7.08138718435911
rz1max,ellor,tr,FV,blue,1,15.0632143714551,15.0632143714551,15.0632143714551,15.0632143714551
rz1max,ellor,tr,FV,green,1,16.2158954682899,16.2158954682899,16.2158954682899,16.2158954682899
rz1max,ellor,tr,FV,red,1,15.8485203782555,15.8485203782555,15.8485203782555,15.8485203782555
rz1max,ellor,tr,conf,blue,1,12.0240513477204,12.0240513477204,12.0240513477204,12.0240513477204
rz1max,ellor,tr,conf,green,1,11.640008584718,11.640008584718,11.640008584718,11.640008584718
rz1max,ellor,tr,conf,red,1,11.0395359655405,11.0395359655405,11.0395359655405,11.0395359655405
rz1max,ellor,tr,fusion,blue,1,7.88228370658591,7.88228370658591,7.88228370658591,7.88228370658591
rz1max,ellor,tr,fusion,green,1,7.81240061614377,7.81240061614377,7.81240061614377,7.81240061614377
rz1max,ellor,tr,fusion,red,1,4.49524588215201,4.49524588215201,4.49524588215201,4.49524588215201
rz1max,ellor,tr,int,blue,1,46.1776050776854,46.1776050776854,46.1776050776854,46.1776050776854
rz1max,ellor,tr,int,green,1,10.6372971164565,10.6372971164565,10.6372971164565,10.6372971164565
rz1max,ellor,tr,int,red,1,10.7691453553764,10.7691453553764,10.7691453553764,10.7691453553764
rz1max,ellor,tr,int,white,1,9.64730312203738,9.64730312203738,9.64730312203738,9.64730312203738
rz1max,ellor,wedm_f,FV,blue,1,18.0747062015733,18.0747062015733,18.0747062015733,18.0747062015733
rz1max,ellor,wedm_f,FV,green,1,11.6221191464138,11.6221191464138,11.6221191464138,11.6221191464138
rz1max,ellor,wedm_f,FV,red,1,13.5788830166721,13.5788830166721,13.5788830166721,13.5788830166721
rz1max,ellor,wedm_f,conf,blue,1,19.6275038219256,19.6275038219256,19.6275038219256,19.6275038219256
rz1max,ellor,wedm_f,conf,green,1,13.8582041983515,13.8582041983515,13.8582041983515,13.8582041983515
rz1max,ellor,wedm_f,conf,red,1,13.9914146218514,13.9914146218514,13.9914146218514,13.9914146218514
rz1max,ellor,wedm_f,fusion,blue,1,31.6048476296057,31.6048476296057,31.6048476296057,31.6048476296057
rz1max,ellor,wedm_f,fusion,green,1,30.7062836863399,30.7062836863399,30.7062836863399,30.7062836863399
rz1max,ellor,wedm_f,fusion,red,1,36.9447533632426,36.9447533632426,36.9447533632426,36.9447533632426
rz1max,ellor,wedm_f,int,green,1,9.9046042615721,9.9046042615721,9.9046042615721,9.9046042615721
rz1max,ellor,wedm_f,int,red,1,15.7738327266263,15.7738327266263,15.7738327266263,15.7738327266263
rz1max,ellor,wedm_f,int,white,1,9.93921705105166,9.93921705105166,9.93921705105166,9.93921705105166
rz1max,ellor,wedm_r,FV,blue,1,12.4218119440613,12.4218119440613,12.4218119440613,12.4218119440613
rz1max,ellor,wedm_r,FV,green,1,14.5515191337721,14.5515191337721,14.5515191337721,14.5515191337721
rz1max,ellor,wedm_r,FV,red,1,14.507683981265,14.507683981265,14.507683981265,14.507683981265
rz1max,ellor,wedm_r,conf,blue,1,9.51530834487007,9.51530834487007,9.51530834487007,9.51530834487007
rz1max,ellor,wedm_r,conf,green,1,6.15100866135651,6.15100866135651,6.15100866135651,6.15100866135651
rz1max,ellor,wedm_r,conf,red,1,6.03951764991946,6.03951764991946,6.03951764991946,6.03951764991946
rz1max,ellor,wedm_r,fusion,blue,1,2.21880456169363,2.21880456169363,2.21880456169363,2.21880456169363
rz1max,ellor,wedm_r,fusion,green,1,0.856092239949363,0.856092239949363,0.856092239949363,0.856092239949363
rz1max,ellor,wedm_r,fusion,red,1,2.82625831575193,2.82625831575193,2.82625831575193,2.82625831575193
rz1max,ellor,wedm_r,int,blue,1,88.6921460602384,88.6921460602384,88.6921460602384,88.6921460602384
rz1max,ellor,wedm_r,int,green,1,16.988827990315,16.988827990315,16.988827990315,16.988827990315
rz1max,ellor,wedm_r,int,red,1,4.91486139543263,4.91486139543263,4.91486139543263,4.91486139543263
rz1max,ellor,wedm_r,int,white,1,10.3609636735721,10.3609636735721,10.3609636735721,10.3609636735721
rz1max,mo58a,b,FV,blue,2,441.93630260842747,441.93630260842747,355.7526825106057,528.1199227062492
rz1max,mo58a,b,FV,green,1,223.733088485999,223.733088485999,223.733088485999,223.733088485999
rz1max,mo58a,b,FV,red,1,228.442742607582,228.442742607582,228.442742607582,228.442742607582
rz1max,mo58a,b,conf,blue,1,300.292410410893,300.292410410893,300.292410410893,300.292410410893
rz1max,mo58a,b,conf,green,1,297.870153758913,297.870153758913,297.870153758913,297.870153758913
rz1max,mo58a,b,conf,red,1,363.30765961091,363.30765961091,363.30765961091,363.30765961091
rz1max,mo58a,b,fusion,blue,1,420.38216711692,420.38216711692,420.38216711692,420.38216711692
rz1max,mo58a,b,fusion,green,1,409.215483827644,409.215483827644,409.215483827644,409.215483827644
rz1max,mo58a,b,fusion,red,1,503.226853733749,503.226853733749,503.226853733749,503.226853733749
rz1max,mo58a,b,int,blue,1,189.134237220306,189.134237220306,189.134237220306,189.134237220306
rz1max,mo58a,b,int,green,1,19.0139678097246,19.0139678097246,19.0139678097246,19.0139678097246
rz1max,mo58a,b,int,red,1,841.860986168977,841.860986168977,841.860986168977,841.860986168977
rz1max,mo58a,gla,FV,blue,1,17.0679485017645,17.0679485017645,17.0679485017645,17.0679485017645
rz1max,mo58a,gla,FV,green,1,11.2067632859515,11.2067632859515,11.2067632859515,11.2067632859515
rz1max,mo58a,gla,FV,red,1,37.0224267549008,37.0224267549008,37.0224267549008,37.0224267549008
rz1max,mo58a,gla,conf,blue,1,42.2210393321142,42.2210393321142,42.2210393321142,42.2210393321142
rz1max,mo58a,gla,conf,green,1,86.6062761849118,86.6062761849118,86.6062761849118,86.6062761849118
rz1max,mo58a,gla,conf,red,1,118.383106936975,118.383106936975,118.383106936975,118.383106936975
rz1max,mo58a,gla,fusion,blue,1,58.3493350738368,58.3493350738368,58.3493350738368,58.3493350738368
rz1max,mo58a,gla,fusion,green,1,126.974779918429,126.974779918429,126.974779918429,126.974779918429
rz1max,mo58a,gla,fusion,red,1,223.108083379882,223.108083379882,223.108083379882,223.108083379882
rz1max,mo58a,gla,int,blue,1,0.510030991071466,0.510030991071466,0.510030991071466,0.510030991071466
rz1max,mo58a,gla,int,green,1,14.7754150221986,14.7754150221986,14.7754150221986,14.7754150221986
rz1max,mo58a,gla,int,red,1,11.5305340224527,11.5305340224527,11.5305340224527,11.5305340224527
rz1max,mo58a,gla,int,white,1,14.4371145948517,14.4371145948517,14.4371145948517,14.4371145948517
rz1max,mo58a,gri,FV,blue,1,26.4540022815432,26.4540022815432,26.4540022815432,26.4540022815432
rz1max,mo58a,gri,FV,green,1,25.5361975573041,25.5361975573041,25.5361975573041,25.5361975573041
rz1max,mo58a,gri,FV,red,1,62.6023523906643,62.6023523906643,62.6023523906643,62.6023523906643
rz1max,mo58a,gri,conf,blue,1,6.2094645386999,6.2094645386999,6.2094645386999,6.2094645386999
rz1max,mo58a,gri,conf,green,1,16.1076344138535,16.1076344138535,16.1076344138535,16.1076344138535
rz1max,mo58a,gri,conf,red,1,25.7959947914975,25.7959947914975,25.7959947914975,25.7959947914975
rz1max,mo58a,gri,fusion,blue,1,46.124932568964,46.124932568964,46.124932568964,46.124932568964
rz1max,mo58a,gri,fusion,green,1,42.8851215158896,42.8851215158896,42.8851215158896,42.8851215158896
rz1max,mo58a,gri,fusion,red,1,53.0205917654606,53.0205917654606,53.0205917654606,53.0205917654606
rz1max,mo58a,gri,int,blue,1,10.8199292906634,10.8199292906634,10.8199292906634,10.8199292906634
rz1max,mo58a,gri,int,green,1,5.73044035761508,5.73044035761508,5.73044035761508,5.73044035761508
rz1max,mo58a,gri,int,red,1,8.9579346397707,8.9579346397707,8.9579346397707,8.9579346397707
rz1max,mo58a,gri,int,white,1,6.32086149270514,6.32086149270514,6.32086149270514,6.32086149270514
rz1max,mo58a,hon,FV,blue,1,6.3279780415643,6.3279780415643,6.3279780415643,6.3279780415643
rz1max,mo58a,hon,FV,green,1,4.91172196003657,4.91172196003657,4.91172196003657,4.91172196003657
rz1max,mo58a,hon,FV,red,1,33.515557837204,33.515557837204,33.515557837204,33.515557837204
rz1max,mo58a,hon,conf,blue,1,17.2719375375847,17.2719375375847,17.2719375375847,17.2719375375847
rz1max,mo58a,hon,conf,green,1,2.51776334607131,2.51776334607131,2.51776334607131,2.51776334607131
rz1max,mo58a,hon,conf,red,1,5.85716251339942,5.85716251339942,5.85716251339942,5.85716251339942
rz1max,mo58a,hon,fusion,blue,1,9.62159649569124,9.62159649569124,9.62159649569124,9.62159649569124
rz1max,mo58a,hon,fusion,green,1,23.7208014090427,23.7208014090427,23.7208014090427,23.7208014090427
rz1max,mo58a,hon,fusion,red,1,32.3597960102232,32.3597960102232,32.3597960102232,32.3597960102232
rz1max,mo58a,hon,int,blue,1,32.6843467494579,32.6843467494579,32.6843467494579,32.6843467494579
rz1max,mo58a,hon,int,green,1,19.2098612773637,19.2098612773637,19.2098612773637,19.2098612773637
rz1max,mo58a,hon,int,red,1,22.0391534674995,22.0391534674995,22.0391534674995,22.0391534674995
rz1max,mo58a,hon,int,white,1,19.167838507417,19.167838507417,19.167838507417,19.167838507417
rz1max,mo58a,mf,FV,blue,1,235.892316932923,235.892316932923,235.892316932923,235.892316932923
rz1max,mo58a,mf,FV,green,1,85.88132116701,85.88132116701,85.88132116701,85.88132116701
rz1max,mo58a,mf,FV,red,1,111.024884214366,111.024884214366,111.024884214366,111.024884214366
rz1max,mo58a,mf,conf,blue,1,136.309584631564,136.309584631564,136.309584631564,136.309584631564
rz1max,mo58a,mf,conf,green,1,155.221396199111,155.221396199111,155.221396199111,155.221396199111
rz1max,mo58a,mf,conf,red,1,197.212195538692,197.212195538692,197.212195538692,197.212195538692
rz1max,mo58a,mf,fusion,blue,1,206.081301786212,206.081301786212,206.081301786212,206.081301786212
rz1max,mo58a,mf,fusion,green,1,221.030991084067,221.030991084067,221.030991084067,221.030991084067
rz1max,mo58a,mf,fusion,red,1,304.056386572929,304.056386572929,304.056386572929,304.056386572929
rz1max,mo58a,mf,int,blue,1,47.5432865945492,47.5432865945492,47.5432865945492,47.5432865945492
rz1max,mo58a,mf,int,green,1,8.61432745002719,8.61432745002719,8.61432745002719,8.61432745002719
rz1max,mo58a,mf,int,red,1,166.765363745292,166.765363745292,166.765363745292,166.765363745292
rz1max,mo58a,mf,int,white,1,16.4760734626971,16.4760734626971,16.4760734626971,16.4760734626971
rz1max,mo58a,mr,FV,blue,1,7.87095643717297,7.87095643717297,7.87095643717297,7.87095643717297
rz1max,mo58a,mr,FV,green,1,50.5649183133507,50.5649183133507,50.5649183133507,50.5649183133507
rz1max,mo58a,mr,FV,red,1,53.2037630994533,53.2037630994533,53.2037630994533,53.2037630994533
rz1max,mo58a,mr,conf,blue,1,35.3580783024564,35.3580783024564,35.3580783024564,35.3580783024564
rz1max,mo58a,mr,conf,green,1,35.736459048558,35.736459048558,35.736459048558,35.736459048558
rz1max,mo58a,mr,conf,red,1,29.7435896667784,29.7435896667784,29.7435896667784,29.7435896667784
rz1max,mo58a,mr,fusion,blue,1,22.0918678416454,22.0918678416454,22.0918678416454,22.0918678416454
rz1max,mo58a,mr,fusion,green,1,19.2115944235723,19.2115944235723,19.2115944235723,19.2115944235723
rz1max,mo58a,mr,fusion,red,1,12.0570271653982,12.0570271653982,12.0570271653982,12.0570271653982
rz1max,mo58a,mr,int,blue,1,42.9526030971946,42.9526030971946,42.9526030971946,42.9526030971946
rz1max,mo58a,mr,int,green,1,61.1712293129317,61.1712293129317,61.1712293129317,61.1712293129317
rz1max,mo58a,mr,int,red,1,58.4778449652388,58.4778449652388,58.4778449652388,58.4778449652388
rz1max,mo58a,mr,int,white,1,61.3730011726465,61.3730011726465,61.3730011726465,61.3730011726465
rz1max,mo58a,tf,FV,blue,1,62.1957889094119,62.1957889094119,62.1957889094119,62.1957889094119
rz1max,mo58a,tf,FV,green,1,67.8297487851913,67.8297487851913,67.8297487851913,67.8297487851913
rz1max,mo58a,tf,FV,red,1,65.3542869668791,65.3542869668791,65.3542869668791,65.3542869668791
rz1max,mo58a,tf,conf,blue,1,62.746443086837,62.746443086837,62.746443086837,62.746443086837
rz1max,mo58a,tf,conf,green,1,60.8909502871927,60.8909502871927,60.8909502871927,60.8909502871927
rz1max,mo58a,tf,conf,red,1,57.3982792455958,57.3982792455958,57.3982792455958,57.3982792455958
rz1max,mo58a,tf,fusion,blue,1,57.4497035185675,57.4497035185675,57.4497035185675,57.4497035185675
rz1max,mo58a,tf,fusion,green,1,54.9462912938193,54.9462912938193,54.9462912938193,54.9462912938193
rz1max,mo58a,tf,fusion,red,1,50.3597966019268,50.3597966019268,50.3597966019268,50.3597966019268
rz1max,mo58a,tf,int,blue,1,63.4526234317988,63.4526234317988,63.4526234317988,63.4526234317988
rz1max,mo58a,tf,int,green,1,66.8676462608355,66.8676462608355,66.8676462608355,66.8676462608355
rz1max,mo58a,tf,int,red,1,66.0785445912255,66.0785445912255,66.0785445912255,66.0785445912255
rz1max,mo58a,tf,int,white,1,66.9815095117105,66.9815095117105,66.9815095117105,66.9815095117105
rz1max,mo58a,tr,FV,blue,1,21.724315017894,21.724315017894,21.724315017894,21.724315017894
rz1max,mo58a,tr,FV,green,1,32.8934289096142,32.8934289096142,32.8934289096142,32.8934289096142
rz1max,mo58a,tr,FV,red,1,27.8967941874122,27.8967941874122,27.8967941874122,27.8967941874122
rz1max,mo58a,tr,conf,blue,1,28.2256702554041,28.2256702554041,28.2256702554041,28.2256702554041
rz1max,mo58a,tr,conf,green,1,25.5257364046603,25.5257364046603,25.5257364046603,25.5257364046603
rz1max,mo58a,tr,conf,red,1,19.6418094385023,19.6418094385023,19.6418094385023,19.6418094385023
rz1max,mo58a,tr,fusion,blue,1,14.7933732294458,14.7933732294458,14.7933732294458,14.7933732294458
rz1max,mo58a,tr,fusion,green,1,14.6500629104517,14.6500629104517,14.6500629104517,14.6500629104517
rz1max,mo58a,tr,fusion,red,1,7.15081007438221,7.15081007438221,7.15081007438221,7.15081007438221
rz1max,mo58a,tr,int,blue,1,30.0159837460439,30.0159837460439,30.0159837460439,30.0159837460439
rz1max,mo58a,tr,int,green,1,37.2778817712607,37.2778817712607,37.2778817712607,37.2778817712607
rz1max,mo58a,tr,int,red,1,33.4129260981911,33.4129260981911,33.4129260981911,33.4129260981911
rz1max,mo58a,tr,int,white,1,36.9935653506025,36.9935653506025,36.9935653506025,36.9935653506025
rz1max,mo58a,wedm_f,FV,blue,1,33.3035244236898,33.3035244236898,33.3035244236898,33.3035244236898
rz1max,mo58a,wedm_f,FV,green,1,14.6083754540349,14.6083754540349,14.6083754540349,14.6083754540349
rz1max,mo58a,wedm_f,FV,red,1,37.2088316833637,37.2088316833637,37.2088316833637,37.2088316833637
rz1max,mo58a,wedm_f,conf,blue,1,52.907435813984,52.907435813984,52.907435813984,52.907435813984
rz1max,mo58a,wedm_f,conf,green,1,59.4952714461577,59.4952714461577,59.4952714461577,59.4952714461577
rz1max,mo58a,wedm_f,conf,red,1,81.6043790353838,81.6043790353838,81.6043790353838,81.6043790353838
rz1max,mo58a,wedm_f,fusion,blue,1,109.06038211248,109.06038211248,109.06038211248,109.06038211248
rz1max,mo58a,wedm_f,fusion,green,1,120.843695233432,120.843695233432,120.843695233432,120.843695233432
rz1max,mo58a,wedm_f,fusion,red,1,156.665748325361,156.665748325361,156.665748325361,156.665748325361
rz1max,mo58a,wedm_f,int,blue,1,13.7416010640771,13.7416010640771,13.7416010640771,13.7416010640771
rz1max,mo58a,wedm_f,int,green,1,8.24873592966875,8.24873592966875,8.24873592966875,8.24873592966875
rz1max,mo58a,wedm_f,int,red,1,13.909182279629,13.909182279629,13.909182279629,13.909182279629
rz1max,mo58a,wedm_f,int,white,1,7.3904647228142,7.3904647228142,7.3904647228142,7.3904647228142
rz1max,mo58a,wedm_r,FV,blue,1,34.003289772914,34.003289772914,34.003289772914,34.003289772914
rz1max,mo58a,wedm_r,FV,green,1,32.1973648593687,32.1973648593687,32.1973648593687,32.1973648593687
rz1max,mo58a,wedm_r,FV,red,1,28.1318752442269,28.1318752442269,28.1318752442269,28.1318752442269
rz1max,mo58a,wedm_r,conf,blue,1,27.9480176978907,27.9480176978907,27.9480176978907,27.9480176978907
rz1max,mo58a,wedm_r,conf,green,1,6.54520556351513,6.54520556351513,6.54520556351513,6.54520556351513
rz1max,mo58a,wedm_r,conf,red,1,8.29727501394737,8.29727501394737,8.29727501394737,8.29727501394737
rz1max,mo58a,wedm_r,fusion,blue,1,23.0225132127247,23.0225132127247,23.0225132127247,23.0225132127247
rz1max,mo58a,wedm_r,fusion,green,1,2.69799097255361,2.69799097255361,2.69799097255361,2.69799097255361
rz1max,mo58a,wedm_r,fusion,red,1,28.4030190121008,28.4030190121008,28.4030190121008,28.4030190121008
rz1max,mo58a,wedm_r,int,blue,1,35.9759934769816,35.9759934769816,35.9759934769816,35.9759934769816
rz1max,mo58a,wedm_r,int,green,1,22.9120266591824,22.9120266591824,22.9120266591824,22.9120266591824
rz1max,mo58a,wedm_r,int,red,1,24.588286302471,24.588286302471,24.588286302471,24.588286302471
rz1max,mo58a,wedm_r,int,white,1,22.6497041627991,22.6497041627991,22.6497041627991,22.6497041627991
rz1max,ti6al4v,b,FV,blue,1,158.575049989557,158.575049989557,158.575049989557,158.575049989557
rz1max,ti6al4v,b,FV,green,1,70.0950392939125,70.0950392939125,70.0950392939125,70.0950392939125
rz1max,ti6al4v,b,FV,red,1,57.8266012699683,57.8266012699683,57.8266012699683,57.8266012699683
rz1max,ti6al4v,b,conf,blue,1,97.3745796979949,97.3745796979949,97.3745796979949,97.3745796979949
rz1max,ti6al4v,b,conf,green,1,137.340185123678,137.340185123678,137.340185123678,137.340185123678
rz1max,ti6al4v,b,conf,red,1,182.760727201631,182.760727201631,182.760727201631,182.760727201631
rz1max,ti6al4v,b,fusion,blue,1,137.907764197728,137.907764197728,137.907764197728,137.907764197728
rz1max,ti6al4v,b,fusion,green,1,171.146631522277,171.146631522277,171.146631522277,171.146631522277
rz1max,ti6al4v,b,fusion,red,1,216.483038392599,216.483038392599,216.483038392599,216.483038392599
rz1max,ti6al4v,b,int,blue,1,135.219322805432,135.219322805432,135.219322805432,135.219322805432
rz1max,ti6al4v,b,int,green,1,36.3018976082637,36.3018976082637,36.3018976082637,36.3018976082637
rz1max,ti6al4v,b,int,red,1,73.4524183447542,73.4524183447542,73.4524183447542,73.4524183447542
rz1max,ti6al4v,b,int,white,1,28.6280767033953,28.6280767033953,28.6280767033953,28.6280767033953
rz1max,ti6al4v,gla,FV,blue,1,7.73358733713347,7.73358733713347,7.73358733713347,7.73358733713347
rz1max,ti6al4v,gla,FV,green,1,17.3641946577007,17.3641946577007,17.3641946577007,17.3641946577007
rz1max,ti6al4v,gla,FV,red,1,10.7995421253476,10.7995421253476,10.7995421253476,10.7995421253476
rz1max,ti6al4v,gla,conf,blue,1,35.2525480054513,35.2525480054513,35.2525480054513,35.2525480054513
rz1max,ti6al4v,gla,conf,green,1,48.9242880753157,48.9242880753157,48.9242880753157,48.9242880753157
rz1max,ti6al4v,gla,conf,red,1,64.6765909415699,64.6765909415699,64.6765909415699,64.6765909415699
rz1max,ti6al4v,gla,fusion,blue,1,87.5551575433876,87.5551575433876,87.5551575433876,87.5551575433876
rz1max,ti6al4v,gla,fusion,green,1,107.517173583114,107.517173583114,107.517173583114,107.517173583114
rz1max,ti6al4v,gla,fusion,red,1,155.867577009287,155.867577009287,155.867577009287,155.867577009287
rz1max,ti6al4v,gla,int,blue,1,26.3059554978911,26.3059554978911,26.3059554978911,26.3059554978911
rz1max,ti6al4v,gla,int,green,1,22.583985849384,22.583985849384,22.583985849384,22.583985849384
rz1max,ti6al4v,gla,int,red,1,28.3066084258795,28.3066084258795,28.3066084258795,28.3066084258795
rz1max,ti6al4v,gla,int,white,1,22.8845403141125,22.8845403141125,22.8845403141125,22.8845403141125
rz1max,ti6al4v,gri,FV,blue,1,59.3955731232195,59.3955731232195,59.3955731232195,59.3955731232195
rz1max,ti6al4v,gri,FV,green,1,32.6553748019217,32.6553748019217,32.6553748019217,32.6553748019217
rz1max,ti6al4v,gri,FV,red,1,44.8491479290339,44.8491479290339,44.8491479290339,44.8491479290339
rz1max,ti6al4v,gri,conf,blue,1,44.0708836104567,44.0708836104567,44.0708836104567,44.0708836104567
rz1max,ti6al4v,gri,conf,green,1,59.8783427845711,59.8783427845711,59.8783427845711,59.8783427845711
rz1max,ti6al4v,gri,conf,red,1,76.1692473510844,76.1692473510844,76.1692473510844,76.1692473510844
rz1max,ti6al4v,gri,fusion,blue,1,76.2109248693443,76.2109248693443,76.2109248693443,76.2109248693443
rz1max,ti6al4v,gri,fusion,green,1,80.3038152963356,80.3038152963356,80.3038152963356,80.3038152963356
rz1max,ti6al4v,gri,fusion,red,1,100.018750272023,100.018750272023,100.018750272023,100.018750272023
rz1max,ti6al4v,gri,int,blue,1,36.2118204857024,36.2118204857024,36.2118204857024,36.2118204857024
rz1max,ti6al4v,gri,int,green,1,22.7005444217131,22.7005444217131,22.7005444217131,22.7005444217131
rz1max,ti6al4v,gri,int,red,1,29.345098152064,29.345098152064,29.345098152064,29.345098152064
rz1max,ti6al4v,gri,int,white,1,20.7953606617574,20.7953606617574,20.7953606617574,20.7953606617574
rz1max,ti6al4v,hon,FV,blue,1,48.9255006342268,48.9255006342268,48.9255006342268,48.9255006342268
rz1max,ti6al4v,hon,FV,green,1,42.874007119477,42.874007119477,42.874007119477,42.874007119477
rz1max,ti6al4v,hon,FV,red,1,91.884167869774,91.884167869774,91.884167869774,91.884167869774
rz1max,ti6al4v,hon,conf,blue,1,18.4607041511411,18.4607041511411,18.4607041511411,18.4607041511411
rz1max,ti6al4v,hon,conf,green,1,37.746304446087,37.746304446087,37.746304446087,37.746304446087
rz1max,ti6al4v,hon,conf,red,1,53.8492349267672,53.8492349267672,53.8492349267672,53.8492349267672
rz1max,ti6al4v,hon,fusion,blue,1,74.3558332941285,74.3558332941285,74.3558332941285,74.3558332941285
rz1max,ti6al4v,hon,fusion,green,1,81.7708666173785,81.7708666173785,81.7708666173785,81.7708666173785
rz1max,ti6al4v,hon,fusion,red,1,94.734106360777,94.734106360777,94.734106360777,94.734106360777
rz1max,ti6al4v,hon,int,blue,1,15.0799049510904,15.0799049510904,15.0799049510904,15.0799049510904
rz1max,ti6al4v,hon,int,green,1,10.9290280222959,10.9290280222959,10.9290280222959,10.9290280222959
rz1max,ti6al4v,hon,int,red,1,18.3103775690259,18.3103775690259,18.3103775690259,18.3103775690259
rz1max,ti6al4v,hon,int,white,1,11.3096956689059,11.3096956689059,11.3096956689059,11.3096956689059
rz1max,ti6al4v,mf,FV,blue,1,53.6628050255562,53.6628050255562,53.6628050255562,53.6628050255562
rz1max,ti6al4v,mf,FV,green,1,5.53739614808642,5.53739614808642,5.53739614808642,5.53739614808642
rz1max,ti6al4v,mf,FV,red,1,13.0216411263523,13.0216411263523,13.0216411263523,13.0216411263523
rz1max,ti6al4v,mf,conf,blue,1,32.4539333012413,32.4539333012413,32.4539333012413,32.4539333012413
rz1max,ti6al4v,mf,conf,green,1,55.0182606665416,55.0182606665416,55.0182606665416,55.0182606665416
rz1max,ti6al4v,mf,conf,red,1,75.2574971895257,75.2574971895257,75.2574971895257,75.2574971895257
rz1max,ti6al4v,mf,fusion,blue,1,61.9391232471287,61.9391232471287,61.9391232471287,61.9391232471287
rz1max,ti6al4v,mf,fusion,green,1,84.5054096938581,84.5054096938581,84.5054096938581,84.5054096938581
rz1max,ti6al4v,mf,fusion,red,1,108.978347423088,108.978347423088,108.978347423088,108.978347423088
rz1max,ti6al4v,mf,int,blue,1,4.23443028054614,4.23443028054614,4.23443028054614,4.23443028054614
rz1max,ti6al4v,mf,int,green,1,13.9393487034752,13.9393487034752,13.9393487034752,13.9393487034752
rz1max,ti6al4v,mf,int,red,1,2.79035375949262,2.79035375949262,2.79035375949262,2.79035375949262
rz1max,ti6al4v,mf,int,white,1,14.157680763364,14.157680763364,14.157680763364,14.157680763364
rz1max,ti6al4v,mr,FV,blue,1,37.867410616282,37.867410616282,37.867410616282,37.867410616282
rz1max,ti6al4v,mr,FV,green,1,65.591226799729,65.591226799729,65.591226799729,65.591226799729
rz1max,ti6al4v,mr,FV,red,1,63.1606787175076,63.1606787175076,63.1606787175076,63.1606787175076
rz1max,ti6al4v,mr,conf,blue,1,58.1350328940285,58.1350328940285,58.1350328940285,58.1350328940285
rz1max,ti6al4v,mr,conf,green,1,51.4599827775418,51.4599827775418,51.4599827775418,51.4599827775418
rz1max,ti6al4v,mr,conf,red,1,44.1335610454958,44.1335610454958,44.1335610454958,44.1335610454958
rz1max,ti6al4v,mr,fusion,blue,1,45.5864959915009,45.5864959915009,45.5864959915009,45.5864959915009
rz1max,ti6al4v,mr,fusion,green,1,37.3111598398749,37.3111598398749,37.3111598398749,37.3111598398749
rz1max,ti6al4v,mr,fusion,red,1,30.0564579250355,30.0564579250355,30.0564579250355,30.0564579250355
rz1max,ti6al4v,mr,int,blue,1,41.6761056432107,41.6761056432107,41.6761056432107,41.6761056432107
rz1max,ti6al4v,mr,int,green,1,79.138613497351,79.138613497351,79.138613497351,79.138613497351
rz1max,ti6al4v,mr,int,red,1,35.5197022876338,35.5197022876338,35.5197022876338,35.5197022876338
rz1max,ti6al4v,mr,int,white,1,79.0706692184476,79.0706692184476,79.0706692184476,79.0706692184476
rz1max,ti6al4v,tf,FV,blue,1,27.8689884830333,27.8689884830333,27.8689884830333,27.8689884830333
rz1max,ti6al4v,tf,FV,green,1,35.9539020983195,35.9539020983195,35.9539020983195,35.9539020983195
rz1max,ti6al4v,tf,FV,red,1,23.8150261098303,23.8150261098303,23.8150261098303,23.8150261098303
rz1max,ti6al4v,tf,conf,blue,1,29.7551591552541,29.7551591552541,29.7551591552541,29.7551591552541
rz1max,ti6al4v,tf,conf,green,1,20.9935564380238,20.9935564380238,20.9935564380238,20.9935564380238
rz1max,ti6al4v,tf,conf,red,1,7.18790969699973,7.18790969699973,7.18790969699973,7.18790969699973
rz1max,ti6al4v,tf,fusion,blue,1,19.1805991007999,19.1805991007999,19.1805991007999,19.1805991007999
rz1max,ti6al4v,tf,fusion,green,1,10.0850341821001,10.0850341821001,10.0850341821001,10.0850341821001
rz1max,ti6al4v,tf,fusion,red,1,4.59290534175228,4.59290534175228,4.59290534175228,4.59290534175228
rz1max,ti6al4v,tf,int,blue,1,16.9503583682403,16.9503583682403,16.9503583682403,16.9503583682403
rz1max,ti6al4v,tf,int,green,1,44.0193718012576,44.0193718012576,44.0193718012576,44.0193718012576
rz1max,ti6al4v,tf,int,red,1,27.3611729866906,27.3611729866906,27.3611729866906,27.3611729866906
rz1max,ti6al4v,tf,int,white,1,43.7494372938086,43.7494372938086,43.7494372938086,43.7494372938086
rz1max,ti6al4v,tr,FV,blue,1,45.1661550878614,45.1661550878614,45.1661550878614,45.1661550878614
rz1max,ti6al4v,tr,FV,green,1,41.9915401917741,41.9915401917741,41.9915401917741,41.9915401917741
rz1max,ti6al4v,tr,FV,red,1,32.6044307319806,32.6044307319806,32.6044307319806,32.6044307319806
rz1max,ti6al4v,tr,conf,blue,1,40.3078467822876,40.3078467822876,40.3078467822876,40.3078467822876
rz1max,ti6al4v,tr,conf,green,1,26.7866867179997,26.7866867179997,26.7866867179997,26.7866867179997
rz1max,ti6al4v,tr,conf,red,1,16.7810474196782,16.7810474196782,16.7810474196782,16.7810474196782
rz1max,ti6al4v,tr,fusion,blue,1,25.4728185436065,25.4728185436065,25.4728185436065,25.4728185436065
rz1max,ti6al4v,tr,fusion,green,1,13.4666795322812,13.4666795322812,13.4666795322812,13.4666795322812
rz1max,ti6al4v,tr,fusion,red,1,3.10811576805179,3.10811576805179,3.10811576805179,3.10811576805179
rz1max,ti6al4v,tr,int,blue,1,34.0845527665174,34.0845527665174,34.0845527665174,34.0845527665174
rz1max,ti6al4v,tr,int,green,1,48.2057457658275,48.2057457658275,48.2057457658275,48.2057457658275
rz1max,ti6al4v,tr,int,red,1,45.8673458698485,45.8673458698485,45.8673458698485,45.8673458698485
rz1max,ti6al4v,tr,int,white,1,47.6900372385072,47.6900372385072,47.6900372385072,47.6900372385072
rz1max,ti6al4v,wedm_f,FV,blue,1,43.9390632804265,43.9390632804265,43.9390632804265,43.9390632804265
rz1max,ti6al4v,wedm_f,FV,green,1,30.2933428906755,30.2933428906755,30.2933428906755,30.2933428906755
rz1max,ti6al4v,wedm_f,FV,red,1,69.5505738047153,69.5505738047153,69.5505738047153,69.5505738047153
rz1max,ti6al4v,wedm_f,conf,blue,1,74.7482748695834,74.7482748695834,74.7482748695834,74.7482748695834
rz1max,ti6al4v,wedm_f,conf,green,1,101.694624615249,101.694624615249,101.694624615249,101.694624615249
rz1max,ti6al4v,wedm_f,conf,red,1,127.467419422946,127.467419422946,127.467419422946,127.467419422946
rz1max,ti6al4v,wedm_f,fusion,blue,1,161.46596119573,161.46596119573,161.46596119573,161.46596119573
rz1max,ti6al4v,wedm_f,fusion,green,1,173.080643840416,173.080643840416,173.080643840416,173.080643840416
rz1max,ti6al4v,wedm_f,fusion,red,1,213.430355974186,213.430355974186,213.430355974186,213.430355974186
rz1max,ti6al4v,wedm_f,int,blue,1,12.4826441242981,12.4826441242981,12.4826441242981,12.4826441242981
rz1max,ti6al4v,wedm_f,int,green,1,31.965715943883,31.965715943883,31.965715943883,31.965715943883
rz1max,ti6al4v,wedm_f,int,red,1,30.7874082285084,30.7874082285084,30.7874082285084,30.7874082285084
rz1max,ti6al4v,wedm_f,int,white,1,32.7983290095981,32.7983290095981,32.7983290095981,32.7983290095981
rz1max,ti6al4v,wedm_r,FV,blue,1,14.1484167448286,14.1484167448286,14.1484167448286,14.1484167448286
rz1max,ti6al4v,wedm_r,FV,green,1,12.8129240241401,12.8129240241401,12.8129240241401,12.8129240241401
rz1max,ti6al4v,wedm_r,FV,red,1,10.9335553324066,10.9335553324066,10.9335553324066,10.9335553324066
rz1max,ti6al4v,wedm_r,conf,blue,1,18.14904845926,18.14904845926,18.14904845926,18.14904845926
rz1max,ti6al4v,wedm_r,conf,green,1,55.6187777850388,55.6187777850388,55.6187777850388,55.6187777850388
rz1max,ti6al4v,wedm_r,conf,red,1,79.360527018313,79.360527018313,79.360527018313,79.360527018313
rz1max,ti6al4v,wedm_r,fusion,blue,1,85.2328381003585,85.2328381003585,85.2328381003585,85.2328381003585
rz1max,ti6al4v,wedm_r,fusion,green,1,154.750768633658,154.750768633658,154.750768633658,154.750768633658
rz1max,ti6al4v,wedm_r,fusion,red,1,169.081185561928,169.081185561928,169.081185561928,169.081185561928
rz1max,ti6al4v,wedm_r,int,blue,1,27.4945196140741,27.4945196140741,27.4945196140741,27.4945196140741
rz1max,ti6al4v,wedm_r,int,green,1,6.93535732127715,6.93535732127715,6.93535732127715,6.93535732127715
rz1max,ti6al4v,wedm_r,int,red,1,7.92286096750778,7.92286096750778,7.92286096750778,7.92286096750778
rz1max,ti6al4v,wedm_r,int,white,1,8.0703676905882,8.0703676905882,8.0703676905882,8.0703676905882
