param,material,process,system,color,n,median_abs_diff_pct,mean_abs_diff_pct,q25_abs_diff_pct,q75_abs_diff_pct,best_median_abs_diff_pct,excess_over_lowest_pct,fixed_category
ra,14301,b,FV,blue,1,344.293315015186,344.293315015186,344.293315015186,344.293315015186,11.140832750516,333.15248226467,>100\%
ra,14301,b,FV,green,1,125.835406540607,125.835406540607,125.835406540607,125.835406540607,11.140832750516,114.694573790091,>100\%
ra,14301,b,FV,red,1,158.782107216207,158.782107216207,158.782107216207,158.782107216207,11.140832750516,147.641274465691,>100\%
ra,14301,b,conf,blue,1,149.135238036735,149.135238036735,149.135238036735,149.135238036735,11.140832750516,137.99440528621898,>100\%
ra,14301,b,conf,green,1,148.504573846377,148.504573846377,148.504573846377,148.504573846377,11.140832750516,137.363741095861,>100\%
ra,14301,b,conf,red,1,198.28508617171,198.28508617171,198.28508617171,198.28508617171,11.140832750516,187.14425342119398,>100\%
ra,14301,b,fusion,blue,1,197.048818353357,197.048818353357,197.048818353357,197.048818353357,11.140832750516,185.907985602841,>100\%
ra,14301,b,fusion,green,1,192.416694772479,192.416694772479,192.416694772479,192.416694772479,11.140832750516,181.27586202196298,>100\%
ra,14301,b,fusion,red,1,253.637097142765,253.637097142765,253.637097142765,253.637097142765,11.140832750516,242.49626439224897,>100\%
ra,14301,b,int,blue,1,141.854425064477,141.854425064477,141.854425064477,141.854425064477,11.140832750516,130.713592313961,>100\%
ra,14301,b,int,green,1,11.140832750516,11.140832750516,11.140832750516,11.140832750516,11.140832750516,0,10--30\%
ra,14301,b,int,red,1,252.513834924244,252.513834924244,252.513834924244,252.513834924244,11.140832750516,241.373002173728,>100\%
ra,14301,b,int,white,1,17.8046093200529,17.8046093200529,17.8046093200529,17.8046093200529,11.140832750516,6.663776569536902,10--30\%
ra,14301,gla,FV,blue,1,6.12694688554963,6.12694688554963,6.12694688554963,6.12694688554963,0.791550096250212,5.335396789299418,<10\%
ra,14301,gla,FV,green,1,17.0875366489345,17.0875366489345,17.0875366489345,17.0875366489345,0.791550096250212,16.295986552684287,10--30\%
ra,14301,gla,FV,red,1,0.791550096250212,0.791550096250212,0.791550096250212,0.791550096250212,0.791550096250212,0,<10\%
ra,14301,gla,conf,blue,1,18.1464090754326,18.1464090754326,18.1464090754326,18.1464090754326,0.791550096250212,17.35485897918239,10--30\%
ra,14301,gla,conf,green,1,36.5405223841291,36.5405223841291,36.5405223841291,36.5405223841291,0.791550096250212,35.748972287878885,>30\%
ra,14301,gla,conf,red,1,53.4519158101584,53.4519158101584,53.4519158101584,53.4519158101584,0.791550096250212,52.660365713908185,>30\%
ra,14301,gla,fusion,blue,1,59.2761195619805,59.2761195619805,59.2761195619805,59.2761195619805,0.791550096250212,58.48456946573029,>30\%
ra,14301,gla,fusion,green,1,70.7748628230854,70.7748628230854,70.7748628230854,70.7748628230854,0.791550096250212,69.9833127268352,>30\%
ra,14301,gla,fusion,red,1,88.9102724165356,88.9102724165356,88.9102724165356,88.9102724165356,0.791550096250212,88.1187223202854,>30\%
ra,14301,gla,int,blue,1,27.8391090159206,27.8391090159206,27.8391090159206,27.8391090159206,0.791550096250212,27.047558919670387,10--30\%
ra,14301,gla,int,green,1,39.9739768300296,39.9739768300296,39.9739768300296,39.9739768300296,0.791550096250212,39.18242673377939,>30\%
ra,14301,gla,int,red,1,31.4815087889724,31.4815087889724,31.4815087889724,31.4815087889724,0.791550096250212,30.689958692722186,>30\%
ra,14301,gla,int,white,1,40.9712929794712,40.9712929794712,40.9712929794712,40.9712929794712,0.791550096250212,40.17974288322099,>30\%
ra,14301,gri,FV,blue,1,63.814152613516,63.814152613516,63.814152613516,63.814152613516,13.3920304552239,50.4221221582921,>30\%
ra,14301,gri,FV,green,1,35.3668218151127,35.3668218151127,35.3668218151127,35.3668218151127,13.3920304552239,21.9747913598888,>30\%
ra,14301,gri,FV,red,1,59.2421146865064,59.2421146865064,59.2421146865064,59.2421146865064,13.3920304552239,45.850084231282494,>30\%
ra,14301,gri,conf,blue,1,28.7375404435786,28.7375404435786,28.7375404435786,28.7375404435786,13.3920304552239,15.3455099883547,10--30\%
ra,14301,gri,conf,green,1,34.9693889831063,34.9693889831063,34.9693889831063,34.9693889831063,13.3920304552239,21.5773585278824,>30\%
ra,14301,gri,conf,red,1,44.6359706806324,44.6359706806324,44.6359706806324,44.6359706806324,13.3920304552239,31.243940225408497,>30\%
ra,14301,gri,fusion,blue,1,47.8819300167161,47.8819300167161,47.8819300167161,47.8819300167161,13.3920304552239,34.489899561492194,>30\%
ra,14301,gri,fusion,green,1,53.0813106126927,53.0813106126927,53.0813106126927,53.0813106126927,13.3920304552239,39.6892801574688,>30\%
ra,14301,gri,fusion,red,1,64.8573959218929,64.8573959218929,64.8573959218929,64.8573959218929,13.3920304552239,51.465365466669,>30\%
ra,14301,gri,int,blue,1,16.3265705044063,16.3265705044063,16.3265705044063,16.3265705044063,13.3920304552239,2.9345400491823987,10--30\%
ra,14301,gri,int,green,1,19.1463594852502,19.1463594852502,19.1463594852502,19.1463594852502,13.3920304552239,5.754329030026302,10--30\%
ra,14301,gri,int,red,1,13.3920304552239,13.3920304552239,13.3920304552239,13.3920304552239,13.3920304552239,0,10--30\%
ra,14301,gri,int,white,1,20.1754033934219,20.1754033934219,20.1754033934219,20.1754033934219,13.3920304552239,6.783372938197999,10--30\%
ra,14301,hon,FV,blue,1,37.1332088640977,37.1332088640977,37.1332088640977,37.1332088640977,0.369447893329784,36.76376097076792,>30\%
ra,14301,hon,FV,green,1,51.8318588955148,51.8318588955148,51.8318588955148,51.8318588955148,0.369447893329784,51.462411002185014,>30\%
ra,14301,hon,FV,red,1,106.749344806359,106.749344806359,106.749344806359,106.749344806359,0.369447893329784,106.37989691302923,>100\%
ra,14301,hon,conf,blue,1,11.723009230651,11.723009230651,11.723009230651,11.723009230651,0.369447893329784,11.353561337321215,10--30\%
ra,14301,hon,conf,green,1,32.7181686323015,32.7181686323015,32.7181686323015,32.7181686323015,0.369447893329784,32.348720738971714,>30\%
ra,14301,hon,conf,red,1,46.8630772424569,46.8630772424569,46.8630772424569,46.8630772424569,0.369447893329784,46.49362934912712,>30\%
ra,14301,hon,fusion,blue,1,55.8846257631041,55.8846257631041,55.8846257631041,55.8846257631041,0.369447893329784,55.51517786977431,>30\%
ra,14301,hon,fusion,green,1,68.2183519912376,68.2183519912376,68.2183519912376,68.2183519912376,0.369447893329784,67.84890409790782,>30\%
ra,14301,hon,fusion,red,1,84.6733279232776,84.6733279232776,84.6733279232776,84.6733279232776,0.369447893329784,84.30388002994782,>30\%
ra,14301,hon,int,blue,1,2.64459501501027,2.64459501501027,2.64459501501027,2.64459501501027,0.369447893329784,2.275147121680486,<10\%
ra,14301,hon,int,green,1,6.13046852563489,6.13046852563489,6.13046852563489,6.13046852563489,0.369447893329784,5.761020632305106,<10\%
ra,14301,hon,int,red,1,0.369447893329784,0.369447893329784,0.369447893329784,0.369447893329784,0.369447893329784,0,<10\%
ra,14301,hon,int,white,1,6.89916630515209,6.89916630515209,6.89916630515209,6.89916630515209,0.369447893329784,6.529718411822307,<10\%
ra,14301,mf,FV,blue,1,124.89243673727,124.89243673727,124.89243673727,124.89243673727,38.9380192751862,85.9544174620838,>100\%
ra,14301,mf,FV,green,1,55.0057318803917,55.0057318803917,55.0057318803917,55.0057318803917,38.9380192751862,16.0677126052055,>30\%
ra,14301,mf,FV,red,1,66.4908429318008,66.4908429318008,66.4908429318008,66.4908429318008,38.9380192751862,27.5528236566146,>30\%
ra,14301,mf,conf,blue,1,80.1521618130216,80.1521618130216,80.1521618130216,80.1521618130216,38.9380192751862,41.21414253783541,>30\%
ra,14301,mf,conf,green,1,95.1077932426705,95.1077932426705,95.1077932426705,95.1077932426705,38.9380192751862,56.169773967484296,>30\%
ra,14301,mf,conf,red,1,123.057601889103,123.057601889103,123.057601889103,123.057601889103,38.9380192751862,84.1195826139168,>100\%
ra,14301,mf,fusion,blue,1,98.3956624095943,98.3956624095943,98.3956624095943,98.3956624095943,38.9380192751862,59.457643134408094,>30\%
ra,14301,mf,fusion,green,1,132.541896304907,132.541896304907,132.541896304907,132.541896304907,38.9380192751862,93.60387702972079,>100\%
ra,14301,mf,fusion,red,1,163.512578120843,163.512578120843,163.512578120843,163.512578120843,38.9380192751862,124.57455884565678,>100\%
ra,14301,mf,int,blue,1,167.36346173791,167.36346173791,167.36346173791,167.36346173791,38.9380192751862,128.4254424627238,>100\%
ra,14301,mf,int,green,1,39.5660894271749,39.5660894271749,39.5660894271749,39.5660894271749,38.9380192751862,0.6280701519887018,>30\%
ra,14301,mf,int,red,1,80.6047162459345,80.6047162459345,80.6047162459345,80.6047162459345,38.9380192751862,41.6666969707483,>30\%
ra,14301,mf,int,white,1,38.9380192751862,38.9380192751862,38.9380192751862,38.9380192751862,38.9380192751862,0,>30\%
ra,14301,mr,FV,blue,1,73.4559199887733,73.4559199887733,73.4559199887733,73.4559199887733,68.7728080900642,4.6831118987091,>30\%
ra,14301,mr,FV,green,1,80.8890120272335,80.8890120272335,80.8890120272335,80.8890120272335,68.7728080900642,12.116203937169303,>30\%
ra,14301,mr,FV,red,1,80.9704690794978,80.9704690794978,80.9704690794978,80.9704690794978,68.7728080900642,12.1976609894336,>30\%
ra,14301,mr,conf,blue,1,83.7390667121205,83.7390667121205,83.7390667121205,83.7390667121205,68.7728080900642,14.966258622056301,>30\%
ra,14301,mr,conf,green,1,79.6899443049974,79.6899443049974,79.6899443049974,79.6899443049974,68.7728080900642,10.917136214933194,>30\%
ra,14301,mr,conf,red,1,75.8689751638108,75.8689751638108,75.8689751638108,75.8689751638108,68.7728080900642,7.096167073746599,>30\%
ra,14301,mr,fusion,blue,1,82.0091470855799,82.0091470855799,82.0091470855799,82.0091470855799,68.7728080900642,13.236338995515695,>30\%
ra,14301,mr,fusion,green,1,77.5561620762261,77.5561620762261,77.5561620762261,77.5561620762261,68.7728080900642,8.783353986161899,>30\%
ra,14301,mr,fusion,red,1,73.6583574903872,73.6583574903872,73.6583574903872,73.6583574903872,68.7728080900642,4.885549400323001,>30\%
ra,14301,mr,int,blue,1,69.5136149849312,69.5136149849312,69.5136149849312,69.5136149849312,68.7728080900642,0.7408068948669921,>30\%
ra,14301,mr,int,green,1,88.9606559891129,88.9606559891129,88.9606559891129,88.9606559891129,68.7728080900642,20.18784789904869,>30\%
ra,14301,mr,int,red,1,68.7728080900642,68.7728080900642,68.7728080900642,68.7728080900642,68.7728080900642,0,>30\%
ra,14301,mr,int,white,1,89.4956469776037,89.4956469776037,89.4956469776037,89.4956469776037,68.7728080900642,20.722838887539496,>30\%
ra,14301,tf,FV,blue,1,15.8612038742836,15.8612038742836,15.8612038742836,15.8612038742836,15.8612038742836,0,10--30\%
ra,14301,tf,FV,green,1,40.5284736295452,40.5284736295452,40.5284736295452,40.5284736295452,15.8612038742836,24.667269755261604,>30\%
ra,14301,tf,FV,red,1,43.9255283875198,43.9255283875198,43.9255283875198,43.9255283875198,15.8612038742836,28.064324513236198,>30\%
ra,14301,tf,conf,blue,1,47.0413335230854,47.0413335230854,47.0413335230854,47.0413335230854,15.8612038742836,31.1801296488018,>30\%
ra,14301,tf,conf,green,1,43.3825992911465,43.3825992911465,43.3825992911465,43.3825992911465,15.8612038742836,27.521395416862898,>30\%
ra,14301,tf,conf,red,1,40.9508424458344,40.9508424458344,40.9508424458344,40.9508424458344,15.8612038742836,25.089638571550797,>30\%
ra,14301,tf,fusion,blue,1,42.3575591732061,42.3575591732061,42.3575591732061,42.3575591732061,15.8612038742836,26.4963552989225,>30\%
ra,14301,tf,fusion,green,1,36.772603929056,36.772603929056,36.772603929056,36.772603929056,15.8612038742836,20.911400054772397,>30\%
ra,14301,tf,fusion,red,1,33.6319093109447,33.6319093109447,33.6319093109447,33.6319093109447,15.8612038742836,17.7707054366611,>30\%
ra,14301,tf,int,blue,1,46.5288902638031,46.5288902638031,46.5288902638031,46.5288902638031,15.8612038742836,30.6676863895195,>30\%
ra,14301,tf,int,green,1,56.0632107480551,56.0632107480551,56.0632107480551,56.0632107480551,15.8612038742836,40.202006873771495,>30\%
ra,14301,tf,int,red,1,50.3969397173515,50.3969397173515,50.3969397173515,50.3969397173515,15.8612038742836,34.5357358430679,>30\%
ra,14301,tf,int,white,1,56.4573767045768,56.4573767045768,56.4573767045768,56.4573767045768,15.8612038742836,40.5961728302932,>30\%
ra,14301,tr,FV,blue,1,42.0059258461871,42.0059258461871,42.0059258461871,42.0059258461871,42.0059258461871,0,>30\%
ra,14301,tr,FV,green,1,58.0426420501938,58.0426420501938,58.0426420501938,58.0426420501938,42.0059258461871,16.0367162040067,>30\%
ra,14301,tr,FV,red,1,58.7764291969623,58.7764291969623,58.7764291969623,58.7764291969623,42.0059258461871,16.7705033507752,>30\%
ra,14301,tr,conf,blue,1,58.3441817087037,58.3441817087037,58.3441817087037,58.3441817087037,42.0059258461871,16.338255862516604,>30\%
ra,14301,tr,conf,green,1,55.7152772389075,55.7152772389075,55.7152772389075,55.7152772389075,42.0059258461871,13.7093513927204,>30\%
ra,14301,tr,conf,red,1,54.344484897329,54.344484897329,54.344484897329,54.344484897329,42.0059258461871,12.3385590511419,>30\%
ra,14301,tr,fusion,blue,1,55.7363438158918,55.7363438158918,55.7363438158918,55.7363438158918,42.0059258461871,13.730417969704703,>30\%
ra,14301,tr,fusion,green,1,51.8644700775104,51.8644700775104,51.8644700775104,51.8644700775104,42.0059258461871,9.8585442313233,>30\%
ra,14301,tr,fusion,red,1,49.6100780089457,49.6100780089457,49.6100780089457,49.6100780089457,42.0059258461871,7.604152162758602,>30\%
ra,14301,tr,int,blue,1,50.6070872438708,50.6070872438708,50.6070872438708,50.6070872438708,42.0059258461871,8.601161397683704,>30\%
ra,14301,tr,int,green,1,60.1773816663922,60.1773816663922,60.1773816663922,60.1773816663922,42.0059258461871,18.171455820205104,>30\%
ra,14301,tr,int,red,1,55.5448025087653,55.5448025087653,55.5448025087653,55.5448025087653,42.0059258461871,13.538876662578204,>30\%
ra,14301,tr,int,white,1,60.1871437122612,60.1871437122612,60.1871437122612,60.1871437122612,42.0059258461871,18.1812178660741,>30\%
ra,14301,wedm_f,FV,blue,1,32.9803158650808,32.9803158650808,32.9803158650808,32.9803158650808,1.24459149132401,31.73572437375679,>30\%
ra,14301,wedm_f,FV,green,1,1.24459149132401,1.24459149132401,1.24459149132401,1.24459149132401,1.24459149132401,0,<10\%
ra,14301,wedm_f,FV,red,1,22.6406629395838,22.6406629395838,22.6406629395838,22.6406629395838,1.24459149132401,21.396071448259793,10--30\%
ra,14301,wedm_f,conf,blue,1,46.8493492018148,46.8493492018148,46.8493492018148,46.8493492018148,1.24459149132401,45.604757710490794,>30\%
ra,14301,wedm_f,conf,green,1,55.8994885157176,55.8994885157176,55.8994885157176,55.8994885157176,1.24459149132401,54.65489702439359,>30\%
ra,14301,wedm_f,conf,red,1,77.4890386868856,77.4890386868856,77.4890386868856,77.4890386868856,1.24459149132401,76.24444719556159,>30\%
ra,14301,wedm_f,fusion,blue,1,93.3335998971211,93.3335998971211,93.3335998971211,93.3335998971211,1.24459149132401,92.08900840579709,>30\%
ra,14301,wedm_f,fusion,green,1,100.284581929348,100.284581929348,100.284581929348,100.284581929348,1.24459149132401,99.03999043802398,>100\%
ra,14301,wedm_f,fusion,red,1,127.12712869378,127.12712869378,127.12712869378,127.12712869378,1.24459149132401,125.88253720245598,>100\%
ra,14301,wedm_f,int,blue,1,21.3404624546262,21.3404624546262,21.3404624546262,21.3404624546262,1.24459149132401,20.09587096330219,10--30\%
ra,14301,wedm_f,int,green,1,10.7021873553114,10.7021873553114,10.7021873553114,10.7021873553114,1.24459149132401,9.45759586398739,10--30\%
ra,14301,wedm_f,int,red,1,17.0762204833089,17.0762204833089,17.0762204833089,17.0762204833089,1.24459149132401,15.831628991984891,10--30\%
ra,14301,wedm_f,int,white,1,10.5930217537381,10.5930217537381,10.5930217537381,10.5930217537381,1.24459149132401,9.34843026241409,10--30\%
ra,14301,wedm_r,FV,blue,1,7.14410356088411,7.14410356088411,7.14410356088411,7.14410356088411,0.209405732199418,6.934697828684692,<10\%
ra,14301,wedm_r,FV,green,1,1.35766628685674,1.35766628685674,1.35766628685674,1.35766628685674,0.209405732199418,1.148260554657322,<10\%
ra,14301,wedm_r,FV,red,1,0.209405732199418,0.209405732199418,0.209405732199418,0.209405732199418,0.209405732199418,0,<10\%
ra,14301,wedm_r,conf,blue,1,2.99984111376968,2.99984111376968,2.99984111376968,2.99984111376968,0.209405732199418,2.790435381570262,<10\%
ra,14301,wedm_r,conf,green,1,3.24063206592493,3.24063206592493,3.24063206592493,3.24063206592493,0.209405732199418,3.0312263337255123,<10\%
ra,14301,wedm_r,conf,red,1,5.74393158625355,5.74393158625355,5.74393158625355,5.74393158625355,0.209405732199418,5.534525854054132,<10\%
ra,14301,wedm_r,fusion,blue,1,9.9582074324597,9.9582074324597,9.9582074324597,9.9582074324597,0.209405732199418,9.748801700260282,<10\%
ra,14301,wedm_r,fusion,green,1,6.04918583848721,6.04918583848721,6.04918583848721,6.04918583848721,0.209405732199418,5.839780106287792,<10\%
ra,14301,wedm_r,fusion,red,1,9.47623206237262,9.47623206237262,9.47623206237262,9.47623206237262,0.209405732199418,9.266826330173203,<10\%
ra,14301,wedm_r,int,green,1,11.0380468335306,11.0380468335306,11.0380468335306,11.0380468335306,0.209405732199418,10.828641101331183,10--30\%
ra,14301,wedm_r,int,red,1,6.9596031117015,6.9596031117015,6.9596031117015,6.9596031117015,0.209405732199418,6.750197379502082,<10\%
ra,14301,wedm_r,int,white,1,10.3357270203197,10.3357270203197,10.3357270203197,10.3357270203197,0.209405732199418,10.126321288120282,10--30\%
ra,al7075,b,FV,blue,1,342.144687994523,342.144687994523,342.144687994523,342.144687994523,22.5879655120824,319.5567224824406,>100\%
ra,al7075,b,FV,green,1,128.508880366776,128.508880366776,128.508880366776,128.508880366776,22.5879655120824,105.92091485469359,>100\%
ra,al7075,b,FV,red,1,137.191356087829,137.191356087829,137.191356087829,137.191356087829,22.5879655120824,114.6033905757466,>100\%
ra,al7075,b,conf,blue,1,139.757171889541,139.757171889541,139.757171889541,139.757171889541,22.5879655120824,117.16920637745861,>100\%
ra,al7075,b,conf,green,1,133.428940244121,133.428940244121,133.428940244121,133.428940244121,22.5879655120824,110.8409747320386,>100\%
ra,al7075,b,conf,red,1,163.68509739247,163.68509739247,163.68509739247,163.68509739247,22.5879655120824,141.0971318803876,>100\%
ra,al7075,b,fusion,blue,1,173.516494847041,173.516494847041,173.516494847041,173.516494847041,22.5879655120824,150.9285293349586,>100\%
ra,al7075,b,fusion,green,1,162.837828587075,162.837828587075,162.837828587075,162.837828587075,22.5879655120824,140.2498630749926,>100\%
ra,al7075,b,fusion,red,1,197.023680949666,197.023680949666,197.023680949666,197.023680949666,22.5879655120824,174.43571543758358,>100\%
ra,al7075,b,int,blue,1,314.794058588336,314.794058588336,314.794058588336,314.794058588336,22.5879655120824,292.2060930762536,>100\%
ra,al7075,b,int,green,1,52.3891623139716,52.3891623139716,52.3891623139716,52.3891623139716,22.5879655120824,29.801196801889205,>30\%
ra,al7075,b,int,red,1,915.094899854739,915.094899854739,915.094899854739,915.094899854739,22.5879655120824,892.5069343426566,>100\%
ra,al7075,b,int,white,1,22.5879655120824,22.5879655120824,22.5879655120824,22.5879655120824,22.5879655120824,0,10--30\%
ra,al7075,gla,FV,blue,1,15.8267738873313,15.8267738873313,15.8267738873313,15.8267738873313,2.96568817466986,12.861085712661438,10--30\%
ra,al7075,gla,FV,green,1,17.4100927689479,17.4100927689479,17.4100927689479,17.4100927689479,2.96568817466986,14.44440459427804,10--30\%
ra,al7075,gla,FV,red,1,2.96568817466986,2.96568817466986,2.96568817466986,2.96568817466986,2.96568817466986,0,<10\%
ra,al7075,gla,conf,blue,1,7.26627245537553,7.26627245537553,7.26627245537553,7.26627245537553,2.96568817466986,4.30058428070567,<10\%
ra,al7075,gla,conf,green,1,31.7602980556338,31.7602980556338,31.7602980556338,31.7602980556338,2.96568817466986,28.79460988096394,>30\%
ra,al7075,gla,conf,red,1,49.5401094987197,49.5401094987197,49.5401094987197,49.5401094987197,2.96568817466986,46.574421324049844,>30\%
ra,al7075,gla,fusion,blue,1,34.855539165732,34.855539165732,34.855539165732,34.855539165732,2.96568817466986,31.889850991062136,>30\%
ra,al7075,gla,fusion,green,1,51.1520627250386,51.1520627250386,51.1520627250386,51.1520627250386,2.96568817466986,48.18637455036874,>30\%
ra,al7075,gla,fusion,red,1,68.8009147900972,68.8009147900972,68.8009147900972,68.8009147900972,2.96568817466986,65.83522661542733,>30\%
ra,al7075,gla,int,blue,1,11.2685213034861,11.2685213034861,11.2685213034861,11.2685213034861,2.96568817466986,8.30283312881624,10--30\%
ra,al7075,gla,int,green,1,8.09560258362423,8.09560258362423,8.09560258362423,8.09560258362423,2.96568817466986,5.129914408954369,<10\%
ra,al7075,gla,int,red,1,10.7602492398193,10.7602492398193,10.7602492398193,10.7602492398193,2.96568817466986,7.79456106514944,10--30\%
ra,al7075,gla,int,white,1,8.06801440921043,8.06801440921043,8.06801440921043,8.06801440921043,2.96568817466986,5.102326234540571,<10\%
ra,al7075,gri,FV,blue,1,87.3879103304465,87.3879103304465,87.3879103304465,87.3879103304465,2.57868982813595,84.80922050231055,>30\%
ra,al7075,gri,FV,green,1,42.5612937688618,42.5612937688618,42.5612937688618,42.5612937688618,2.57868982813595,39.98260394072585,>30\%
ra,al7075,gri,FV,red,1,65.5034562813063,65.5034562813063,65.5034562813063,65.5034562813063,2.57868982813595,62.92476645317035,>30\%
ra,al7075,gri,conf,blue,1,16.615221072802,16.615221072802,16.615221072802,16.615221072802,2.57868982813595,14.036531244666051,10--30\%
ra,al7075,gri,conf,green,1,31.4587711726046,31.4587711726046,31.4587711726046,31.4587711726046,2.57868982813595,28.88008134446865,>30\%
ra,al7075,gri,conf,red,1,47.3961547824289,47.3961547824289,47.3961547824289,47.3961547824289,2.57868982813595,44.81746495429295,>30\%
ra,al7075,gri,fusion,blue,1,36.6147828051782,36.6147828051782,36.6147828051782,36.6147828051782,2.57868982813595,34.03609297704225,>30\%
ra,al7075,gri,fusion,green,1,54.5583165104749,54.5583165104749,54.5583165104749,54.5583165104749,2.57868982813595,51.97962668233895,>30\%
ra,al7075,gri,fusion,red,1,70.6962341497769,70.6962341497769,70.6962341497769,70.6962341497769,2.57868982813595,68.11754432164095,>30\%
ra,al7075,gri,int,blue,1,6.67363867690772,6.67363867690772,6.67363867690772,6.67363867690772,2.57868982813595,4.09494884877177,<10\%
ra,al7075,gri,int,green,1,17.5621830380557,17.5621830380557,17.5621830380557,17.5621830380557,2.57868982813595,14.98349320991975,10--30\%
ra,al7075,gri,int,red,1,2.57868982813595,2.57868982813595,2.57868982813595,2.57868982813595,2.57868982813595,0,<10\%
ra,al7075,gri,int,white,1,18.9246199066266,18.9246199066266,18.9246199066266,18.9246199066266,2.57868982813595,16.34593007849065,10--30\%
ra,al7075,hon,FV,blue,1,8.12777316879399,8.12777316879399,8.12777316879399,8.12777316879399,6.0009881264271,2.1267850423668895,<10\%
ra,al7075,hon,FV,green,1,25.8782240047812,25.8782240047812,25.8782240047812,25.8782240047812,6.0009881264271,19.8772358783541,10--30\%
ra,al7075,hon,FV,red,1,6.0009881264271,6.0009881264271,6.0009881264271,6.0009881264271,6.0009881264271,0,<10\%
ra,al7075,hon,conf,blue,1,44.4502948314108,44.4502948314108,44.4502948314108,44.4502948314108,6.0009881264271,38.4493067049837,>30\%
ra,al7075,hon,conf,green,1,33.3544799986207,33.3544799986207,33.3544799986207,33.3544799986207,6.0009881264271,27.353491872193597,>30\%
ra,al7075,hon,conf,red,1,25.0966160332082,25.0966160332082,25.0966160332082,25.0966160332082,6.0009881264271,19.0956279067811,10--30\%
ra,al7075,hon,fusion,blue,1,32.8036836474726,32.8036836474726,32.8036836474726,32.8036836474726,6.0009881264271,26.802695521045504,>30\%
ra,al7075,hon,fusion,green,1,19.7192713225225,19.7192713225225,19.7192713225225,19.7192713225225,6.0009881264271,13.718283196095399,10--30\%
ra,al7075,hon,fusion,red,1,11.4160459605529,11.4160459605529,11.4160459605529,11.4160459605529,6.0009881264271,5.4150578341257996,10--30\%
ra,al7075,hon,int,blue,1,51.5359747230621,51.5359747230621,51.5359747230621,51.5359747230621,6.0009881264271,45.534986596634994,>30\%
ra,al7075,hon,int,green,1,57.3969041851939,57.3969041851939,57.3969041851939,57.3969041851939,6.0009881264271,51.395916058766794,>30\%
ra,al7075,hon,int,red,1,51.4268227902706,51.4268227902706,51.4268227902706,51.4268227902706,6.0009881264271,45.425834663843496,>30\%
ra,al7075,hon,int,white,1,57.683752108618,57.683752108618,57.683752108618,57.683752108618,6.0009881264271,51.6827639821909,>30\%
ra,al7075,mf,FV,blue,1,215.637038517854,215.637038517854,215.637038517854,215.637038517854,21.100970864567,194.536067653287,>100\%
ra,al7075,mf,FV,green,1,81.6073240344425,81.6073240344425,81.6073240344425,81.6073240344425,21.100970864567,60.506353169875496,>30\%
ra,al7075,mf,FV,red,1,92.866563137828,92.866563137828,92.866563137828,92.866563137828,21.100970864567,71.76559227326099,>30\%
ra,al7075,mf,conf,blue,1,85.8145457570519,85.8145457570519,85.8145457570519,85.8145457570519,21.100970864567,64.7135748924849,>30\%
ra,al7075,mf,conf,green,1,105.448314700607,105.448314700607,105.448314700607,105.448314700607,21.100970864567,84.34734383604,>100\%
ra,al7075,mf,conf,red,1,144.659147260974,144.659147260974,144.659147260974,144.659147260974,21.100970864567,123.558176396407,>100\%
ra,al7075,mf,fusion,blue,1,120.242091858471,120.242091858471,120.242091858471,120.242091858471,21.100970864567,99.141120993904,>100\%
ra,al7075,mf,fusion,green,1,138.859757080858,138.859757080858,138.859757080858,138.859757080858,21.100970864567,117.758786216291,>100\%
ra,al7075,mf,fusion,red,1,176.776761056208,176.776761056208,176.776761056208,176.776761056208,21.100970864567,155.675790191641,>100\%
ra,al7075,mf,int,blue,1,109.092498265802,109.092498265802,109.092498265802,109.092498265802,21.100970864567,87.991527401235,>100\%
ra,al7075,mf,int,green,1,21.100970864567,21.100970864567,21.100970864567,21.100970864567,21.100970864567,0,10--30\%
ra,al7075,mf,int,red,1,326.61225242357,326.61225242357,326.61225242357,326.61225242357,21.100970864567,305.511281559003,>100\%
ra,al7075,mf,int,white,1,33.4927674787668,33.4927674787668,33.4927674787668,33.4927674787668,21.100970864567,12.391796614199801,>30\%
ra,al7075,mr,FV,blue,1,278.791044232937,278.791044232937,278.791044232937,278.791044232937,42.7863388990324,236.0047053339046,>100\%
ra,al7075,mr,FV,green,1,142.314251065407,142.314251065407,142.314251065407,142.314251065407,42.7863388990324,99.5279121663746,>100\%
ra,al7075,mr,FV,red,1,97.357975361091,97.357975361091,97.357975361091,97.357975361091,42.7863388990324,54.57163646205859,>30\%
ra,al7075,mr,conf,blue,1,57.8842887803918,57.8842887803918,57.8842887803918,57.8842887803918,42.7863388990324,15.097949881359398,>30\%
ra,al7075,mr,conf,green,1,79.0342127102346,79.0342127102346,79.0342127102346,79.0342127102346,42.7863388990324,36.2478738112022,>30\%
ra,al7075,mr,conf,red,1,97.1399164417483,97.1399164417483,97.1399164417483,97.1399164417483,42.7863388990324,54.3535775427159,>30\%
ra,al7075,mr,fusion,blue,1,96.8906421462502,96.8906421462502,96.8906421462502,96.8906421462502,42.7863388990324,54.1043032472178,>30\%
ra,al7075,mr,fusion,green,1,129.716077335982,129.716077335982,129.716077335982,129.716077335982,42.7863388990324,86.92973843694959,>100\%
ra,al7075,mr,fusion,red,1,145.882316040098,145.882316040098,145.882316040098,145.882316040098,42.7863388990324,103.0959771410656,>100\%
ra,al7075,mr,int,blue,1,53.6023037201248,53.6023037201248,53.6023037201248,53.6023037201248,42.7863388990324,10.8159648210924,>30\%
ra,al7075,mr,int,green,1,42.7863388990324,42.7863388990324,42.7863388990324,42.7863388990324,42.7863388990324,0,>30\%
ra,al7075,mr,int,red,1,182.047428541522,182.047428541522,182.047428541522,182.047428541522,42.7863388990324,139.2610896424896,>100\%
ra,al7075,mr,int,white,1,49.5371548990939,49.5371548990939,49.5371548990939,49.5371548990939,42.7863388990324,6.750816000061498,>30\%
ra,al7075,tf,FV,blue,1,2.45513718401794,2.45513718401794,2.45513718401794,2.45513718401794,2.45513718401794,0,<10\%
ra,al7075,tf,FV,green,1,26.3814326072156,26.3814326072156,26.3814326072156,26.3814326072156,2.45513718401794,23.92629542319766,10--30\%
ra,al7075,tf,FV,red,1,27.8763594202811,27.8763594202811,27.8763594202811,27.8763594202811,2.45513718401794,25.421222236263162,10--30\%
ra,al7075,tf,conf,blue,1,37.8065305635832,37.8065305635832,37.8065305635832,37.8065305635832,2.45513718401794,35.35139337956526,>30\%
ra,al7075,tf,conf,green,1,26.8236050713632,26.8236050713632,26.8236050713632,26.8236050713632,2.45513718401794,24.36846788734526,10--30\%
ra,al7075,tf,conf,red,1,18.0490632391343,18.0490632391343,18.0490632391343,18.0490632391343,2.45513718401794,15.59392605511636,10--30\%
ra,al7075,tf,fusion,blue,1,28.9060103396827,28.9060103396827,28.9060103396827,28.9060103396827,2.45513718401794,26.450873155664762,10--30\%
ra,al7075,tf,fusion,green,1,13.7361096140719,13.7361096140719,13.7361096140719,13.7361096140719,2.45513718401794,11.28097243005396,10--30\%
ra,al7075,tf,fusion,red,1,4.4129997135243,4.4129997135243,4.4129997135243,4.4129997135243,2.45513718401794,1.95786252950636,<10\%
ra,al7075,tf,int,blue,1,27.5923589721983,27.5923589721983,27.5923589721983,27.5923589721983,2.45513718401794,25.137221788180362,10--30\%
ra,al7075,tf,int,green,1,45.784596198139,45.784596198139,45.784596198139,45.784596198139,2.45513718401794,43.329459014121056,>30\%
ra,al7075,tf,int,red,1,13.0443965869145,13.0443965869145,13.0443965869145,13.0443965869145,2.45513718401794,10.589259402896559,10--30\%
ra,al7075,tf,int,white,1,47.4719727975258,47.4719727975258,47.4719727975258,47.4719727975258,2.45513718401794,45.01683561350786,>30\%
ra,al7075,tr,FV,blue,1,65.7990810780424,65.7990810780424,65.7990810780424,65.7990810780424,65.7990810780424,0,>30\%
ra,al7075,tr,FV,green,1,70.888104398402,70.888104398402,70.888104398402,70.888104398402,65.7990810780424,5.089023320359601,>30\%
ra,al7075,tr,FV,red,1,70.9568433265427,70.9568433265427,70.9568433265427,70.9568433265427,65.7990810780424,5.1577622485002905,>30\%
ra,al7075,tr,conf,blue,1,70.0844428338544,70.0844428338544,70.0844428338544,70.0844428338544,65.7990810780424,4.285361755811991,>30\%
ra,al7075,tr,conf,green,1,69.9074569794514,69.9074569794514,69.9074569794514,69.9074569794514,65.7990810780424,4.108375901408991,>30\%
ra,al7075,tr,conf,red,1,68.6438221746473,68.6438221746473,68.6438221746473,68.6438221746473,65.7990810780424,2.844741096604892,>30\%
ra,al7075,tr,fusion,blue,1,68.7970124762689,68.7970124762689,68.7970124762689,68.7970124762689,65.7990810780424,2.9979313982264983,>30\%
ra,al7075,tr,fusion,green,1,68.203087574476,68.203087574476,68.203087574476,68.203087574476,65.7990810780424,2.4040064964335954,>30\%
ra,al7075,tr,fusion,red,1,66.7822975559401,66.7822975559401,66.7822975559401,66.7822975559401,65.7990810780424,0.9832164778976988,>30\%
ra,al7075,tr,int,blue,1,68.2615942806926,68.2615942806926,68.2615942806926,68.2615942806926,65.7990810780424,2.4625132026502,>30\%
ra,al7075,tr,int,green,1,73.0223960379787,73.0223960379787,73.0223960379787,73.0223960379787,65.7990810780424,7.223314959936289,>30\%
ra,al7075,tr,int,red,1,71.8574323542234,71.8574323542234,71.8574323542234,71.8574323542234,65.7990810780424,6.058351276181,>30\%
ra,al7075,tr,int,white,1,73.0688394820217,73.0688394820217,73.0688394820217,73.0688394820217,65.7990810780424,7.269758403979296,>30\%
ra,al7075,wedm_f,FV,blue,1,78.2390444129736,78.2390444129736,78.2390444129736,78.2390444129736,3.19073260976706,75.04831180320654,>30\%
ra,al7075,wedm_f,FV,green,1,43.1222776344827,43.1222776344827,43.1222776344827,43.1222776344827,3.19073260976706,39.93154502471564,>30\%
ra,al7075,wedm_f,FV,red,1,60.6089191882771,60.6089191882771,60.6089191882771,60.6089191882771,3.19073260976706,57.41818657851004,>30\%
ra,al7075,wedm_f,conf,blue,1,99.3870190500584,99.3870190500584,99.3870190500584,99.3870190500584,3.19073260976706,96.19628644029135,>30\%
ra,al7075,wedm_f,conf,green,1,96.6286230240909,96.6286230240909,96.6286230240909,96.6286230240909,3.19073260976706,93.43789041432385,>30\%
ra,al7075,wedm_f,conf,red,1,126.039078610481,126.039078610481,126.039078610481,126.039078610481,3.19073260976706,122.84834600071395,>100\%
ra,al7075,wedm_f,fusion,blue,1,183.140821899242,183.140821899242,183.140821899242,183.140821899242,3.19073260976706,179.95008928947496,>100\%
ra,al7075,wedm_f,fusion,green,1,166.04758023728,166.04758023728,166.04758023728,166.04758023728,3.19073260976706,162.85684762751293,>100\%
ra,al7075,wedm_f,fusion,red,1,210.300337505511,210.300337505511,210.300337505511,210.300337505511,3.19073260976706,207.10960489574396,>100\%
ra,al7075,wedm_f,int,blue,1,35.7985458510849,35.7985458510849,35.7985458510849,35.7985458510849,3.19073260976706,32.60781324131784,>30\%
ra,al7075,wedm_f,int,green,1,4.12337753915893,4.12337753915893,4.12337753915893,4.12337753915893,3.19073260976706,0.9326449293918695,<10\%
ra,al7075,wedm_f,int,red,1,3.19073260976706,3.19073260976706,3.19073260976706,3.19073260976706,3.19073260976706,0,<10\%
ra,al7075,wedm_f,int,white,1,8.30820410655968,8.30820410655968,8.30820410655968,8.30820410655968,3.19073260976706,5.11747149679262,<10\%
ra,al7075,wedm_r,FV,blue,1,13.8448241066791,13.8448241066791,13.8448241066791,13.8448241066791,1.61552200658661,12.22930210009249,10--30\%
ra,al7075,wedm_r,FV,green,1,7.25300113326929,7.25300113326929,7.25300113326929,7.25300113326929,1.61552200658661,5.63747912668268,<10\%
ra,al7075,wedm_r,FV,red,1,3.10358605626855,3.10358605626855,3.10358605626855,3.10358605626855,1.61552200658661,1.4880640496819402,<10\%
ra,al7075,wedm_r,conf,blue,1,1.61552200658661,1.61552200658661,1.61552200658661,1.61552200658661,1.61552200658661,0,<10\%
ra,al7075,wedm_r,conf,green,1,4.58135915628518,4.58135915628518,4.58135915628518,4.58135915628518,1.61552200658661,2.9658371496985705,<10\%
ra,al7075,wedm_r,conf,red,1,11.9509401884167,11.9509401884167,11.9509401884167,11.9509401884167,1.61552200658661,10.33541818183009,10--30\%
ra,al7075,wedm_r,fusion,blue,1,15.8533445768414,15.8533445768414,15.8533445768414,15.8533445768414,1.61552200658661,14.237822570254789,10--30\%
ra,al7075,wedm_r,fusion,green,1,26.9037454630398,26.9037454630398,26.9037454630398,26.9037454630398,1.61552200658661,25.288223456453192,10--30\%
ra,al7075,wedm_r,fusion,red,1,38.3621137143612,38.3621137143612,38.3621137143612,38.3621137143612,1.61552200658661,36.74659170777459,>30\%
ra,al7075,wedm_r,int,blue,1,10.6476591277627,10.6476591277627,10.6476591277627,10.6476591277627,1.61552200658661,9.03213712117609,10--30\%
ra,al7075,wedm_r,int,green,1,4.74977630605428,4.74977630605428,4.74977630605428,4.74977630605428,1.61552200658661,3.1342542994676705,<10\%
ra,al7075,wedm_r,int,red,1,5.41961695603626,5.41961695603626,5.41961695603626,5.41961695603626,1.61552200658661,3.8040949494496505,<10\%
ra,al7075,wedm_r,int,white,1,3.9918026587578,3.9918026587578,3.9918026587578,3.9918026587578,1.61552200658661,2.3762806521711903,<10\%
ra,c45,b,FV,blue,1,276.258093072863,276.258093072863,276.258093072863,276.258093072863,1.19216757511038,275.06592549775263,>100\%
ra,c45,b,FV,green,1,100.941902717151,100.941902717151,100.941902717151,100.941902717151,1.19216757511038,99.74973514204062,>100\%
ra,c45,b,FV,red,1,149.163365271809,149.163365271809,149.163365271809,149.163365271809,1.19216757511038,147.97119769669862,>100\%
ra,c45,b,conf,green,1,160.478156013958,160.478156013958,160.478156013958,160.478156013958,1.19216757511038,159.28598843884762,>100\%
ra,c45,b,conf,red,1,216.092280394828,216.092280394828,216.092280394828,216.092280394828,1.19216757511038,214.90011281971763,>100\%
ra,c45,b,fusion,blue,1,173.085485142269,173.085485142269,173.085485142269,173.085485142269,1.19216757511038,171.89331756715862,>100\%
ra,c45,b,fusion,green,1,199.242742593517,199.242742593517,199.242742593517,199.242742593517,1.19216757511038,198.05057501840662,>100\%
ra,c45,b,fusion,red,1,267.339069415089,267.339069415089,267.339069415089,267.339069415089,1.19216757511038,266.1469018399786,>100\%
ra,c45,b,int,blue,2,590.914575179542,590.914575179542,588.9698192224605,592.8593311366235,1.19216757511038,589.7224076044316,>100\%
ra,c45,b,int,green,1,2.8715360386855,2.8715360386855,2.8715360386855,2.8715360386855,1.19216757511038,1.67936846357512,<10\%
ra,c45,b,int,red,1,71.2103504799368,71.2103504799368,71.2103504799368,71.2103504799368,1.19216757511038,70.01818290482643,>30\%
ra,c45,b,int,white,1,1.19216757511038,1.19216757511038,1.19216757511038,1.19216757511038,1.19216757511038,0,<10\%
ra,c45,gla,FV,blue,1,8.98952851184786,8.98952851184786,8.98952851184786,8.98952851184786,5.63443129810873,3.35509721373913,<10\%
ra,c45,gla,FV,green,1,22.1458083150716,22.1458083150716,22.1458083150716,22.1458083150716,5.63443129810873,16.51137701696287,10--30\%
ra,c45,gla,FV,red,1,9.33433877981654,9.33433877981654,9.33433877981654,9.33433877981654,5.63443129810873,3.6999074817078093,<10\%
ra,c45,gla,conf,blue,1,5.63443129810873,5.63443129810873,5.63443129810873,5.63443129810873,5.63443129810873,0,<10\%
ra,c45,gla,conf,green,1,30.1102623359625,30.1102623359625,30.1102623359625,30.1102623359625,5.63443129810873,24.47583103785377,>30\%
ra,c45,gla,conf,red,1,48.3144778264733,48.3144778264733,48.3144778264733,48.3144778264733,5.63443129810873,42.68004652836457,>30\%
ra,c45,gla,fusion,blue,1,29.6806858893203,29.6806858893203,29.6806858893203,29.6806858893203,5.63443129810873,24.04625459121157,10--30\%
ra,c45,gla,fusion,green,1,51.9493210836576,51.9493210836576,51.9493210836576,51.9493210836576,5.63443129810873,46.31488978554887,>30\%
ra,c45,gla,fusion,red,1,72.6928986774418,72.6928986774418,72.6928986774418,72.6928986774418,5.63443129810873,67.05846737933308,>30\%
ra,c45,gla,int,blue,1,22.5501680151096,22.5501680151096,22.5501680151096,22.5501680151096,5.63443129810873,16.91573671700087,10--30\%
ra,c45,gla,int,green,1,22.2006184321389,22.2006184321389,22.2006184321389,22.2006184321389,5.63443129810873,16.56618713403017,10--30\%
ra,c45,gla,int,red,1,19.9086429864234,19.9086429864234,19.9086429864234,19.9086429864234,5.63443129810873,14.274211688314669,10--30\%
ra,c45,gla,int,white,1,22.6906459622271,22.6906459622271,22.6906459622271,22.6906459622271,5.63443129810873,17.05621466411837,10--30\%
ra,c45,gri,FV,blue,1,147.921080941742,147.921080941742,147.921080941742,147.921080941742,0.589963833273956,147.33111710846802,>100\%
ra,c45,gri,FV,green,1,95.7536383357018,95.7536383357018,95.7536383357018,95.7536383357018,0.589963833273956,95.16367450242784,>30\%
ra,c45,gri,FV,red,1,134.231653858902,134.231653858902,134.231653858902,134.231653858902,0.589963833273956,133.64169002562804,>100\%
ra,c45,gri,conf,blue,1,46.5213957675668,46.5213957675668,46.5213957675668,46.5213957675668,0.589963833273956,45.931431934292846,>30\%
ra,c45,gri,conf,green,1,67.5670458733205,67.5670458733205,67.5670458733205,67.5670458733205,0.589963833273956,66.97708204004654,>30\%
ra,c45,gri,conf,red,1,84.7940323665863,84.7940323665863,84.7940323665863,84.7940323665863,0.589963833273956,84.20406853331234,>30\%
ra,c45,gri,fusion,blue,1,69.0480945920007,69.0480945920007,69.0480945920007,69.0480945920007,0.589963833273956,68.45813075872674,>30\%
ra,c45,gri,fusion,green,1,93.2400908109817,93.2400908109817,93.2400908109817,93.2400908109817,0.589963833273956,92.65012697770774,>30\%
ra,c45,gri,fusion,red,1,110.959996121252,110.959996121252,110.959996121252,110.959996121252,0.589963833273956,110.37003228797805,>100\%
ra,c45,gri,int,blue,1,11.3040456441041,11.3040456441041,11.3040456441041,11.3040456441041,0.589963833273956,10.714081810830145,10--30\%
ra,c45,gri,int,green,1,1.80875684341368,1.80875684341368,1.80875684341368,1.80875684341368,0.589963833273956,1.218793010139724,<10\%
ra,c45,gri,int,red,1,14.9246084371426,14.9246084371426,14.9246084371426,14.9246084371426,0.589963833273956,14.334644603868645,10--30\%
ra,c45,gri,int,white,1,0.589963833273956,0.589963833273956,0.589963833273956,0.589963833273956,0.589963833273956,0,<10\%
ra,c45,hon,FV,blue,1,18.8546433395808,18.8546433395808,18.8546433395808,18.8546433395808,1.3552064757115,17.4994368638693,10--30\%
ra,c45,hon,FV,green,1,30.3052540545297,30.3052540545297,30.3052540545297,30.3052540545297,1.3552064757115,28.9500475788182,>30\%
ra,c45,hon,FV,red,1,81.5676618895576,81.5676618895576,81.5676618895576,81.5676618895576,1.3552064757115,80.2124554138461,>30\%
ra,c45,hon,conf,blue,1,4.11336548927176,4.11336548927176,4.11336548927176,4.11336548927176,1.3552064757115,2.7581590135602596,<10\%
ra,c45,hon,conf,green,1,12.7867820653212,12.7867820653212,12.7867820653212,12.7867820653212,1.3552064757115,11.4315755896097,10--30\%
ra,c45,hon,conf,red,1,24.4234554102743,24.4234554102743,24.4234554102743,24.4234554102743,1.3552064757115,23.0682489345628,10--30\%
ra,c45,hon,fusion,blue,1,26.9791417291484,26.9791417291484,26.9791417291484,26.9791417291484,1.3552064757115,25.623935253436898,10--30\%
ra,c45,hon,fusion,green,1,39.5564004529816,39.5564004529816,39.5564004529816,39.5564004529816,1.3552064757115,38.2011939772701,>30\%
ra,c45,hon,fusion,red,1,52.3657777426164,52.3657777426164,52.3657777426164,52.3657777426164,1.3552064757115,51.010571266904904,>30\%
ra,c45,hon,int,blue,1,10.7583022854949,10.7583022854949,10.7583022854949,10.7583022854949,1.3552064757115,9.4030958097834,10--30\%
ra,c45,hon,int,green,1,2.14858304077373,2.14858304077373,2.14858304077373,2.14858304077373,1.3552064757115,0.79337656506223,<10\%
ra,c45,hon,int,red,1,7.87218771338354,7.87218771338354,7.87218771338354,7.87218771338354,1.3552064757115,6.51698123767204,<10\%
ra,c45,hon,int,white,1,1.3552064757115,1.3552064757115,1.3552064757115,1.3552064757115,1.3552064757115,0,<10\%
ra,c45,mf,FV,blue,1,22.1737632221992,22.1737632221992,22.1737632221992,22.1737632221992,1.2335612787083,20.940201943490898,10--30\%
ra,c45,mf,FV,green,1,32.5383337777272,32.5383337777272,32.5383337777272,32.5383337777272,1.2335612787083,31.304772499018902,>30\%
ra,c45,mf,FV,red,1,23.0634478862901,23.0634478862901,23.0634478862901,23.0634478862901,1.2335612787083,21.8298866075818,10--30\%
ra,c45,mf,conf,green,1,12.363953002275201,12.363953002275201,12.363953002275201,12.363953002275201,1.2335612787083,11.130391723566902,10--30\%
ra,c45,mf,conf,red,1,1.26493636235549,1.26493636235549,1.26493636235549,1.26493636235549,1.2335612787083,0.031375083647189994,<10\%
ra,c45,mf,fusion,blue,1,15.7213860106013,15.7213860106013,15.7213860106013,15.7213860106013,1.2335612787083,14.487824731893,10--30\%
ra,c45,mf,fusion,green,1,1.2335612787083,1.2335612787083,1.2335612787083,1.2335612787083,1.2335612787083,0,<10\%
ra,c45,mf,fusion,red,1,11.0602259782697,11.0602259782697,11.0602259782697,11.0602259782697,1.2335612787083,9.826664699561402,10--30\%
ra,c45,mf,int,blue,1,26.0869862266919,26.0869862266919,26.0869862266919,26.0869862266919,1.2335612787083,24.853424947983598,10--30\%
ra,c45,mf,int,green,1,27.345434073068,27.345434073068,27.345434073068,27.345434073068,1.2335612787083,26.111872794359698,10--30\%
ra,c45,mf,int,red,1,24.1436233936037,24.1436233936037,24.1436233936037,24.1436233936037,1.2335612787083,22.9100621148954,10--30\%
ra,c45,mf,int,white,1,30.2994385280537,30.2994385280537,30.2994385280537,30.2994385280537,1.2335612787083,29.065877249345398,>30\%
ra,c45,mr,FV,blue,1,48.4643120133412,48.4643120133412,48.4643120133412,48.4643120133412,37.0105008176241,11.453811195717101,>30\%
ra,c45,mr,FV,green,1,53.2256481397638,53.2256481397638,53.2256481397638,53.2256481397638,37.0105008176241,16.2151473221397,>30\%
ra,c45,mr,FV,red,1,50.9367959658017,50.9367959658017,50.9367959658017,50.9367959658017,37.0105008176241,13.926295148177601,>30\%
ra,c45,mr,conf,green,1,46.6259346774947,46.6259346774947,46.6259346774947,46.6259346774947,37.0105008176241,9.615433859870599,>30\%
ra,c45,mr,conf,red,1,42.5966258526177,42.5966258526177,42.5966258526177,42.5966258526177,37.0105008176241,5.5861250349936,>30\%
ra,c45,mr,fusion,blue,1,45.97946015329,45.97946015329,45.97946015329,45.97946015329,37.0105008176241,8.9689593356659,>30\%
ra,c45,mr,fusion,green,1,41.774657852721,41.774657852721,41.774657852721,41.774657852721,37.0105008176241,4.7641570350969005,>30\%
ra,c45,mr,fusion,red,1,37.0105008176241,37.0105008176241,37.0105008176241,37.0105008176241,37.0105008176241,0,>30\%
ra,c45,mr,int,blue,1,45.065639223907,45.065639223907,45.065639223907,45.065639223907,37.0105008176241,8.0551384062829,>30\%
ra,c45,mr,int,green,1,52.7848240283857,52.7848240283857,52.7848240283857,52.7848240283857,37.0105008176241,15.774323210761601,>30\%
ra,c45,mr,int,red,1,52.2264036475756,52.2264036475756,52.2264036475756,52.2264036475756,37.0105008176241,15.215902829951503,>30\%
ra,c45,mr,int,white,1,52.8654787942324,52.8654787942324,52.8654787942324,52.8654787942324,37.0105008176241,15.854977976608303,>30\%
ra,c45,tf,FV,blue,1,64.3994385636263,64.3994385636263,64.3994385636263,64.3994385636263,54.2827325336984,10.116706029927904,>30\%
ra,c45,tf,FV,green,1,66.6289917061015,66.6289917061015,66.6289917061015,66.6289917061015,54.2827325336984,12.346259172403101,>30\%
ra,c45,tf,FV,red,1,63.9315959211752,63.9315959211752,63.9315959211752,63.9315959211752,54.2827325336984,9.648863387476801,>30\%
ra,c45,tf,conf,green,1,62.1211898030397,62.1211898030397,62.1211898030397,62.1211898030397,54.2827325336984,7.838457269341298,>30\%
ra,c45,tf,conf,red,1,59.3003028622063,59.3003028622063,59.3003028622063,59.3003028622063,54.2827325336984,5.017570328507901,>30\%
ra,c45,tf,fusion,blue,1,61.5939021109977,61.5939021109977,61.5939021109977,61.5939021109977,54.2827325336984,7.311169577299303,>30\%
ra,c45,tf,fusion,green,1,57.6662738453568,57.6662738453568,57.6662738453568,57.6662738453568,54.2827325336984,3.383541311658398,>30\%
ra,c45,tf,fusion,red,1,54.2827325336984,54.2827325336984,54.2827325336984,54.2827325336984,54.2827325336984,0,>30\%
ra,c45,tf,int,blue,1,61.7224088557729,61.7224088557729,61.7224088557729,61.7224088557729,54.2827325336984,7.439676322074497,>30\%
ra,c45,tf,int,green,1,66.0838461999746,66.0838461999746,66.0838461999746,66.0838461999746,54.2827325336984,11.801113666276201,>30\%
ra,c45,tf,int,red,1,66.0470408928818,66.0470408928818,66.0470408928818,66.0470408928818,54.2827325336984,11.764308359183396,>30\%
ra,c45,tf,int,white,1,66.1321840845458,66.1321840845458,66.1321840845458,66.1321840845458,54.2827325336984,11.849451550847398,>30\%
ra,c45,tr,FV,blue,1,80.0509661350495,80.0509661350495,80.0509661350495,80.0509661350495,80.0509661350495,0,>30\%
ra,c45,tr,FV,green,1,86.62093717701,86.62093717701,86.62093717701,86.62093717701,80.0509661350495,6.5699710419605,>30\%
ra,c45,tr,FV,red,1,86.5343877152992,86.5343877152992,86.5343877152992,86.5343877152992,80.0509661350495,6.483421580249697,>30\%
ra,c45,tr,conf,green,1,84.9759415498794,84.9759415498794,84.9759415498794,84.9759415498794,80.0509661350495,4.924975414829888,>30\%
ra,c45,tr,conf,red,1,83.2305209576431,83.2305209576431,83.2305209576431,83.2305209576431,80.0509661350495,3.1795548225935875,>30\%
ra,c45,tr,fusion,blue,1,84.9750431534861,84.9750431534861,84.9750431534861,84.9750431534861,80.0509661350495,4.924077018436591,>30\%
ra,c45,tr,fusion,green,1,81.8348366944075,81.8348366944075,81.8348366944075,81.8348366944075,80.0509661350495,1.783870559357993,>30\%
ra,c45,tr,fusion,red,1,80.2129913213055,80.2129913213055,80.2129913213055,80.2129913213055,80.0509661350495,0.16202518625598827,>30\%
ra,c45,tr,int,blue,1,85.5325803160426,85.5325803160426,85.5325803160426,85.5325803160426,80.0509661350495,5.481614180993091,>30\%
ra,c45,tr,int,green,1,90.9092373625716,90.9092373625716,90.9092373625716,90.9092373625716,80.0509661350495,10.858271227522096,>30\%
ra,c45,tr,int,red,1,86.9366849816131,86.9366849816131,86.9366849816131,86.9366849816131,80.0509661350495,6.8857188465635915,>30\%
ra,c45,tr,int,white,1,90.8963069376022,90.8963069376022,90.8963069376022,90.8963069376022,80.0509661350495,10.845340802552698,>30\%
ra,c45,wedm_f,FV,blue,1,23.6204418185821,23.6204418185821,23.6204418185821,23.6204418185821,12.984742048451,10.635699770131101,10--30\%
ra,c45,wedm_f,FV,green,1,12.984742048451,12.984742048451,12.984742048451,12.984742048451,12.984742048451,0,10--30\%
ra,c45,wedm_f,FV,red,1,43.6633722621706,43.6633722621706,43.6633722621706,43.6633722621706,12.984742048451,30.678630213719597,>30\%
ra,c45,wedm_f,conf,blue,1,60.161255578651,60.161255578651,60.161255578651,60.161255578651,12.984742048451,47.1765135302,>30\%
ra,c45,wedm_f,conf,green,1,87.6945852308907,87.6945852308907,87.6945852308907,87.6945852308907,12.984742048451,74.7098431824397,>30\%
ra,c45,wedm_f,conf,red,1,99.2301512389065,99.2301512389065,99.2301512389065,99.2301512389065,12.984742048451,86.2454091904555,>30\%
ra,c45,wedm_f,fusion,blue,1,107.13711983053,107.13711983053,107.13711983053,107.13711983053,12.984742048451,94.152377782079,>100\%
ra,c45,wedm_f,fusion,green,1,130.087996795905,130.087996795905,130.087996795905,130.087996795905,12.984742048451,117.10325474745402,>100\%
ra,c45,wedm_f,fusion,red,1,140.897750276865,140.897750276865,140.897750276865,140.897750276865,12.984742048451,127.913008228414,>100\%
ra,c45,wedm_f,int,blue,1,28.8202262165583,28.8202262165583,28.8202262165583,28.8202262165583,12.984742048451,15.8354841681073,10--30\%
ra,c45,wedm_f,int,green,1,19.8579404307505,19.8579404307505,19.8579404307505,19.8579404307505,12.984742048451,6.873198382299499,10--30\%
ra,c45,wedm_f,int,red,1,19.7475915495609,19.7475915495609,19.7475915495609,19.7475915495609,12.984742048451,6.762849501109901,10--30\%
ra,c45,wedm_f,int,white,1,20.0086766261828,20.0086766261828,20.0086766261828,20.0086766261828,12.984742048451,7.023934577731801,10--30\%
ra,c45,wedm_r,FV,blue,1,0.161494139254598,0.161494139254598,0.161494139254598,0.161494139254598,0.161494139254598,0,<10\%
ra,c45,wedm_r,FV,green,1,2.35963533424109,2.35963533424109,2.35963533424109,2.35963533424109,0.161494139254598,2.198141194986492,<10\%
ra,c45,wedm_r,FV,red,1,1.60792248290309,1.60792248290309,1.60792248290309,1.60792248290309,0.161494139254598,1.446428343648492,<10\%
ra,c45,wedm_r,conf,blue,1,2.9119227118512,2.9119227118512,2.9119227118512,2.9119227118512,0.161494139254598,2.750428572596602,<10\%
ra,c45,wedm_r,conf,green,1,7.15755752308339,7.15755752308339,7.15755752308339,7.15755752308339,0.161494139254598,6.996063383828791,<10\%
ra,c45,wedm_r,conf,red,1,10.9542232781368,10.9542232781368,10.9542232781368,10.9542232781368,0.161494139254598,10.792729138882201,10--30\%
ra,c45,wedm_r,fusion,blue,1,9.48996323497304,9.48996323497304,9.48996323497304,9.48996323497304,0.161494139254598,9.328469095718441,<10\%
ra,c45,wedm_r,fusion,green,1,13.5996510705422,13.5996510705422,13.5996510705422,13.5996510705422,0.161494139254598,13.438156931287601,10--30\%
ra,c45,wedm_r,fusion,red,1,22.8615285673692,22.8615285673692,22.8615285673692,22.8615285673692,0.161494139254598,22.700034428114602,10--30\%
ra,c45,wedm_r,int,blue,1,36.9002670507223,36.9002670507223,36.9002670507223,36.9002670507223,0.161494139254598,36.7387729114677,>30\%
ra,c45,wedm_r,int,green,1,9.29869902561806,9.29869902561806,9.29869902561806,9.29869902561806,0.161494139254598,9.137204886363461,<10\%
ra,c45,wedm_r,int,red,1,7.10664124730565,7.10664124730565,7.10664124730565,7.10664124730565,0.161494139254598,6.945147108051052,<10\%
ra,c45,wedm_r,int,white,1,9.20333421768702,9.20333421768702,9.20333421768702,9.20333421768702,0.161494139254598,9.041840078432422,<10\%
ra,ellor,gla,FV,blue,1,14.2485955647095,14.2485955647095,14.2485955647095,14.2485955647095,12.7328876887696,1.515707875939901,10--30\%
ra,ellor,gla,FV,green,1,12.9979548162384,12.9979548162384,12.9979548162384,12.9979548162384,12.7328876887696,0.2650671274688001,10--30\%
ra,ellor,gla,FV,red,1,12.7328876887696,12.7328876887696,12.7328876887696,12.7328876887696,12.7328876887696,0,10--30\%
ra,ellor,gla,conf,blue,1,16.4300760050511,16.4300760050511,16.4300760050511,16.4300760050511,12.7328876887696,3.6971883162814994,10--30\%
ra,ellor,gla,conf,green,1,18.3598166939507,18.3598166939507,18.3598166939507,18.3598166939507,12.7328876887696,5.626929005181102,10--30\%
ra,ellor,gla,conf,red,1,18.7297818580718,18.7297818580718,18.7297818580718,18.7297818580718,12.7328876887696,5.9968941693022,10--30\%
ra,ellor,gla,fusion,blue,1,19.4117582852834,19.4117582852834,19.4117582852834,19.4117582852834,12.7328876887696,6.678870596513802,10--30\%
ra,ellor,gla,fusion,green,1,19.0342680334551,19.0342680334551,19.0342680334551,19.0342680334551,12.7328876887696,6.3013803446855,10--30\%
ra,ellor,gla,fusion,red,1,21.0601426609733,21.0601426609733,21.0601426609733,21.0601426609733,12.7328876887696,8.327254972203699,10--30\%
ra,ellor,gla,int,blue,1,15.0732437637598,15.0732437637598,15.0732437637598,15.0732437637598,12.7328876887696,2.3403560749902006,10--30\%
ra,ellor,gla,int,green,1,18.1589330650612,18.1589330650612,18.1589330650612,18.1589330650612,12.7328876887696,5.426045376291599,10--30\%
ra,ellor,gla,int,red,1,17.4683608460603,17.4683608460603,17.4683608460603,17.4683608460603,12.7328876887696,4.7354731572907,10--30\%
ra,ellor,gla,int,white,1,18.9151525059312,18.9151525059312,18.9151525059312,18.9151525059312,12.7328876887696,6.182264817161601,10--30\%
ra,ellor,gri,FV,blue,1,209.995504861144,209.995504861144,209.995504861144,209.995504861144,41.458237408676,168.53726745246803,>100\%
ra,ellor,gri,FV,green,1,193.253423926116,193.253423926116,193.253423926116,193.253423926116,41.458237408676,151.79518651744002,>100\%
ra,ellor,gri,FV,red,1,192.626187469869,192.626187469869,192.626187469869,192.626187469869,41.458237408676,151.16795006119298,>100\%
ra,ellor,gri,conf,blue,1,230.440207941505,230.440207941505,230.440207941505,230.440207941505,41.458237408676,188.981970532829,>100\%
ra,ellor,gri,conf,green,1,241.431320761682,241.431320761682,241.431320761682,241.431320761682,41.458237408676,199.97308335300602,>100\%
ra,ellor,gri,conf,red,1,249.853096286127,249.853096286127,249.853096286127,249.853096286127,41.458237408676,208.39485887745099,>100\%
ra,ellor,gri,fusion,blue,1,223.918202150167,223.918202150167,223.918202150167,223.918202150167,41.458237408676,182.45996474149098,>100\%
ra,ellor,gri,fusion,green,1,245.494258519123,245.494258519123,245.494258519123,245.494258519123,41.458237408676,204.036021110447,>100\%
ra,ellor,gri,fusion,red,1,251.543397846164,251.543397846164,251.543397846164,251.543397846164,41.458237408676,210.085160437488,>100\%
ra,ellor,gri,int,blue,1,41.458237408676,41.458237408676,41.458237408676,41.458237408676,41.458237408676,0,>30\%
ra,ellor,gri,int,green,1,166.056328222203,166.056328222203,166.056328222203,166.056328222203,41.458237408676,124.59809081352701,>100\%
ra,ellor,gri,int,red,1,224.253828357706,224.253828357706,224.253828357706,224.253828357706,41.458237408676,182.79559094903,>100\%
ra,ellor,gri,int,white,1,225.263915304454,225.263915304454,225.263915304454,225.263915304454,41.458237408676,183.805677895778,>100\%
ra,ellor,hon,FV,blue,1,180.690445041762,180.690445041762,180.690445041762,180.690445041762,20.4365055893064,160.2539394524556,>100\%
ra,ellor,hon,FV,green,1,60.6734952164825,60.6734952164825,60.6734952164825,60.6734952164825,20.4365055893064,40.2369896271761,>30\%
ra,ellor,hon,FV,red,1,87.9563979091997,87.9563979091997,87.9563979091997,87.9563979091997,20.4365055893064,67.5198923198933,>30\%
ra,ellor,hon,conf,blue,1,106.971151992051,106.971151992051,106.971151992051,106.971151992051,20.4365055893064,86.53464640274461,>100\%
ra,ellor,hon,conf,green,1,135.646710151902,135.646710151902,135.646710151902,135.646710151902,20.4365055893064,115.2102045625956,>100\%
ra,ellor,hon,conf,red,1,199.278061243964,199.278061243964,199.278061243964,199.278061243964,20.4365055893064,178.8415556546576,>100\%
ra,ellor,hon,fusion,blue,1,171.496488123038,171.496488123038,171.496488123038,171.496488123038,20.4365055893064,151.0599825337316,>100\%
ra,ellor,hon,fusion,green,1,194.712051399008,194.712051399008,194.712051399008,194.712051399008,20.4365055893064,174.2755458097016,>100\%
ra,ellor,hon,fusion,red,1,273.107122838378,273.107122838378,273.107122838378,273.107122838378,20.4365055893064,252.67061724907163,>100\%
ra,ellor,hon,int,blue,1,64.0893846736103,64.0893846736103,64.0893846736103,64.0893846736103,20.4365055893064,43.6528790843039,>30\%
ra,ellor,hon,int,green,1,20.4365055893064,20.4365055893064,20.4365055893064,20.4365055893064,20.4365055893064,0,10--30\%
ra,ellor,hon,int,red,1,23.3974278628072,23.3974278628072,23.3974278628072,23.3974278628072,20.4365055893064,2.960922273500799,10--30\%
ra,ellor,hon,int,white,1,25.6728462963656,25.6728462963656,25.6728462963656,25.6728462963656,20.4365055893064,5.236340707059199,10--30\%
ra,ellor,mf,FV,blue,1,19.9310947452946,19.9310947452946,19.9310947452946,19.9310947452946,0.416582343602304,19.514512401692297,10--30\%
ra,ellor,mf,FV,green,1,41.4997919808839,41.4997919808839,41.4997919808839,41.4997919808839,0.416582343602304,41.08320963728159,>30\%
ra,ellor,mf,FV,red,1,32.5356802995636,32.5356802995636,32.5356802995636,32.5356802995636,0.416582343602304,32.119097955961294,>30\%
ra,ellor,mf,conf,blue,1,7.80707054724903,7.80707054724903,7.80707054724903,7.80707054724903,0.416582343602304,7.390488203646726,<10\%
ra,ellor,mf,conf,green,1,12.9777482103192,12.9777482103192,12.9777482103192,12.9777482103192,0.416582343602304,12.561165866716896,10--30\%
ra,ellor,mf,conf,red,1,27.0766323665111,27.0766323665111,27.0766323665111,27.0766323665111,0.416582343602304,26.660050022908795,10--30\%
ra,ellor,mf,fusion,blue,1,0.416582343602304,0.416582343602304,0.416582343602304,0.416582343602304,0.416582343602304,0,<10\%
ra,ellor,mf,fusion,green,1,12.8048939174268,12.8048939174268,12.8048939174268,12.8048939174268,0.416582343602304,12.388311573824495,10--30\%
ra,ellor,mf,fusion,red,1,37.2224531367515,37.2224531367515,37.2224531367515,37.2224531367515,0.416582343602304,36.80587079314919,>30\%
ra,ellor,mf,int,blue,1,66.6929674977417,66.6929674977417,66.6929674977417,66.6929674977417,0.416582343602304,66.2763851541394,>30\%
ra,ellor,mf,int,green,1,24.3123637531813,24.3123637531813,24.3123637531813,24.3123637531813,0.416582343602304,23.895781409578998,10--30\%
ra,ellor,mf,int,red,1,19.9727072092245,19.9727072092245,19.9727072092245,19.9727072092245,0.416582343602304,19.556124865622195,10--30\%
ra,ellor,mf,int,white,1,25.5847636700928,25.5847636700928,25.5847636700928,25.5847636700928,0.416582343602304,25.168181326490497,10--30\%
ra,ellor,mr,FV,blue,1,6.03079439808666,6.03079439808666,6.03079439808666,6.03079439808666,0.451829936317876,5.578964461768784,<10\%
ra,ellor,mr,FV,green,1,16.3615590505089,16.3615590505089,16.3615590505089,16.3615590505089,0.451829936317876,15.909729114191025,10--30\%
ra,ellor,mr,FV,red,1,13.4287718415202,13.4287718415202,13.4287718415202,13.4287718415202,0.451829936317876,12.976941905202324,10--30\%
ra,ellor,mr,conf,blue,1,8.91603843921483,8.91603843921483,8.91603843921483,8.91603843921483,0.451829936317876,8.464208502896954,<10\%
ra,ellor,mr,conf,green,1,18.2672401214155,18.2672401214155,18.2672401214155,18.2672401214155,0.451829936317876,17.815410185097626,10--30\%
ra,ellor,mr,conf,red,1,27.7702974399734,27.7702974399734,27.7702974399734,27.7702974399734,0.451829936317876,27.318467503655526,10--30\%
ra,ellor,mr,fusion,blue,1,10.7624705409092,10.7624705409092,10.7624705409092,10.7624705409092,0.451829936317876,10.310640604591324,10--30\%
ra,ellor,mr,fusion,green,1,21.8386966048144,21.8386966048144,21.8386966048144,21.8386966048144,0.451829936317876,21.386866668496523,10--30\%
ra,ellor,mr,fusion,red,1,33.1088195091507,33.1088195091507,33.1088195091507,33.1088195091507,0.451829936317876,32.65698957283282,>30\%
ra,ellor,mr,int,blue,1,62.2946839346997,62.2946839346997,62.2946839346997,62.2946839346997,0.451829936317876,61.84285399838182,>30\%
ra,ellor,mr,int,green,1,0.978407615390802,0.978407615390802,0.978407615390802,0.978407615390802,0.451829936317876,0.526577679072926,<10\%
ra,ellor,mr,int,red,1,0.451829936317876,0.451829936317876,0.451829936317876,0.451829936317876,0.451829936317876,0,<10\%
ra,ellor,mr,int,white,1,1.67352122890309,1.67352122890309,1.67352122890309,1.67352122890309,0.451829936317876,1.2216912925852141,<10\%
ra,ellor,tf,FV,blue,1,11.0306495176859,11.0306495176859,11.0306495176859,11.0306495176859,4.60955712473424,6.4210923929516595,10--30\%
ra,ellor,tf,FV,green,1,17.9412323294964,17.9412323294964,17.9412323294964,17.9412323294964,4.60955712473424,13.33167520476216,10--30\%
ra,ellor,tf,FV,red,1,13.1324475241966,13.1324475241966,13.1324475241966,13.1324475241966,4.60955712473424,8.522890399462359,10--30\%
ra,ellor,tf,conf,blue,1,4.60955712473424,4.60955712473424,4.60955712473424,4.60955712473424,4.60955712473424,0,<10\%
ra,ellor,tf,conf,green,1,11.5860283118433,11.5860283118433,11.5860283118433,11.5860283118433,4.60955712473424,6.97647118710906,10--30\%
ra,ellor,tf,conf,red,1,22.1722038079148,22.1722038079148,22.1722038079148,22.1722038079148,4.60955712473424,17.56264668318056,10--30\%
ra,ellor,tf,fusion,blue,1,20.2515277819964,20.2515277819964,20.2515277819964,20.2515277819964,4.60955712473424,15.64197065726216,10--30\%
ra,ellor,tf,fusion,green,1,25.4859883956195,25.4859883956195,25.4859883956195,25.4859883956195,4.60955712473424,20.87643127088526,10--30\%
ra,ellor,tf,fusion,red,1,41.5367056915581,41.5367056915581,41.5367056915581,41.5367056915581,4.60955712473424,36.92714856682386,>30\%
ra,ellor,tf,int,blue,1,36.5848404530975,36.5848404530975,36.5848404530975,36.5848404530975,4.60955712473424,31.975283328363258,>30\%
ra,ellor,tf,int,green,1,6.97267606970778,6.97267606970778,6.97267606970778,6.97267606970778,4.60955712473424,2.3631189449735395,<10\%
ra,ellor,tf,int,red,1,8.7045078074613,8.7045078074613,8.7045078074613,8.7045078074613,4.60955712473424,4.094950682727059,<10\%
ra,ellor,tf,int,white,1,6.61830475920391,6.61830475920391,6.61830475920391,6.61830475920391,4.60955712473424,2.0087476344696693,<10\%
ra,ellor,tr,FV,blue,1,17.0749728941608,17.0749728941608,17.0749728941608,17.0749728941608,10.0673435565085,7.0076293376523004,10--30\%
ra,ellor,tr,FV,green,1,19.2024880203181,19.2024880203181,19.2024880203181,19.2024880203181,10.0673435565085,9.135144463809599,10--30\%
ra,ellor,tr,FV,red,1,19.6202050918924,19.6202050918924,19.6202050918924,19.6202050918924,10.0673435565085,9.5528615353839,10--30\%
ra,ellor,tr,conf,blue,1,14.1573357374526,14.1573357374526,14.1573357374526,14.1573357374526,10.0673435565085,4.089992180944099,10--30\%
ra,ellor,tr,conf,green,1,13.4120095347504,13.4120095347504,13.4120095347504,13.4120095347504,10.0673435565085,3.344665978241899,10--30\%
ra,ellor,tr,conf,red,1,12.4592069728331,12.4592069728331,12.4592069728331,12.4592069728331,10.0673435565085,2.3918634163245986,10--30\%
ra,ellor,tr,fusion,blue,1,12.3884713792164,12.3884713792164,12.3884713792164,12.3884713792164,10.0673435565085,2.321127822707899,10--30\%
ra,ellor,tr,fusion,green,1,11.8965464683131,11.8965464683131,11.8965464683131,11.8965464683131,10.0673435565085,1.8292029118045985,10--30\%
ra,ellor,tr,fusion,red,1,10.0673435565085,10.0673435565085,10.0673435565085,10.0673435565085,10.0673435565085,0,10--30\%
ra,ellor,tr,int,blue,1,59.6522949475773,59.6522949475773,59.6522949475773,59.6522949475773,10.0673435565085,49.5849513910688,>30\%
ra,ellor,tr,int,green,1,13.2397765328976,13.2397765328976,13.2397765328976,13.2397765328976,10.0673435565085,3.1724329763891,10--30\%
ra,ellor,tr,int,red,1,14.2604643636704,14.2604643636704,14.2604643636704,14.2604643636704,10.0673435565085,4.193120807161899,10--30\%
ra,ellor,tr,int,white,1,12.185479065509501,12.185479065509501,12.185479065509501,12.185479065509501,10.0673435565085,2.118135509001,10--30\%
ra,ellor,wedm_f,FV,blue,1,20.0157005289421,20.0157005289421,20.0157005289421,20.0157005289421,9.29216495918331,10.723535569758791,10--30\%
ra,ellor,wedm_f,FV,green,1,9.29216495918331,9.29216495918331,9.29216495918331,9.29216495918331,9.29216495918331,0,<10\%
ra,ellor,wedm_f,FV,red,1,12.3781934953838,12.3781934953838,12.3781934953838,12.3781934953838,9.29216495918331,3.086028536200489,10--30\%
ra,ellor,wedm_f,conf,blue,1,27.4362332019594,27.4362332019594,27.4362332019594,27.4362332019594,9.29216495918331,18.14406824277609,10--30\%
ra,ellor,wedm_f,conf,green,1,35.1622152600697,35.1622152600697,35.1622152600697,35.1622152600697,9.29216495918331,25.87005030088639,>30\%
ra,ellor,wedm_f,conf,red,1,42.7858877910447,42.7858877910447,42.7858877910447,42.7858877910447,9.29216495918331,33.49372283186139,>30\%
ra,ellor,wedm_f,fusion,blue,1,38.6382175846201,38.6382175846201,38.6382175846201,38.6382175846201,9.29216495918331,29.34605262543679,>30\%
ra,ellor,wedm_f,fusion,green,1,43.0347900910423,43.0347900910423,43.0347900910423,43.0347900910423,9.29216495918331,33.742625131858986,>30\%
ra,ellor,wedm_f,fusion,red,1,54.0480960142856,54.0480960142856,54.0480960142856,54.0480960142856,9.29216495918331,44.75593105510229,>30\%
ra,ellor,wedm_f,int,green,1,12.055643757917,12.055643757917,12.055643757917,12.055643757917,9.29216495918331,2.76347879873369,10--30\%
ra,ellor,wedm_f,int,red,1,22.4242469907156,22.4242469907156,22.4242469907156,22.4242469907156,9.29216495918331,13.132082031532288,10--30\%
ra,ellor,wedm_f,int,white,1,19.9061216831781,19.9061216831781,19.9061216831781,19.9061216831781,9.29216495918331,10.61395672399479,10--30\%
ra,ellor,wedm_r,FV,blue,1,7.0179884192184,7.0179884192184,7.0179884192184,7.0179884192184,0.856552813854951,6.161435605363449,<10\%
ra,ellor,wedm_r,FV,green,1,2.38664795045504,2.38664795045504,2.38664795045504,2.38664795045504,0.856552813854951,1.530095136600089,<10\%
ra,ellor,wedm_r,FV,red,1,0.856552813854951,0.856552813854951,0.856552813854951,0.856552813854951,0.856552813854951,0,<10\%
ra,ellor,wedm_r,conf,blue,1,15.5387603587418,15.5387603587418,15.5387603587418,15.5387603587418,0.856552813854951,14.68220754488685,10--30\%
ra,ellor,wedm_r,conf,green,1,23.3154058605197,23.3154058605197,23.3154058605197,23.3154058605197,0.856552813854951,22.45885304666475,10--30\%
ra,ellor,wedm_r,conf,red,1,29.0676434070974,29.0676434070974,29.0676434070974,29.0676434070974,0.856552813854951,28.21109059324245,10--30\%
ra,ellor,wedm_r,fusion,blue,1,18.2767264292969,18.2767264292969,18.2767264292969,18.2767264292969,0.856552813854951,17.42017361544195,10--30\%
ra,ellor,wedm_r,fusion,green,1,26.0954592563501,26.0954592563501,26.0954592563501,26.0954592563501,0.856552813854951,25.23890644249515,10--30\%
ra,ellor,wedm_r,fusion,red,1,33.9566603304599,33.9566603304599,33.9566603304599,33.9566603304599,0.856552813854951,33.10010751660494,>30\%
ra,ellor,wedm_r,int,blue,1,43.0577702383042,43.0577702383042,43.0577702383042,43.0577702383042,0.856552813854951,42.20121742444925,>30\%
ra,ellor,wedm_r,int,green,1,6.73905582866835,6.73905582866835,6.73905582866835,6.73905582866835,0.856552813854951,5.882503014813399,<10\%
ra,ellor,wedm_r,int,red,1,17.5146051389132,17.5146051389132,17.5146051389132,17.5146051389132,0.856552813854951,16.65805232505825,10--30\%
ra,ellor,wedm_r,int,white,1,14.8743061568505,14.8743061568505,14.8743061568505,14.8743061568505,0.856552813854951,14.01775334299555,10--30\%
ra,mo58a,b,FV,blue,2,709.8253238202481,709.8253238202481,571.862149644391,847.788497996105,94.4986202941751,615.326703526073,>100\%
ra,mo58a,b,FV,green,1,375.831510106531,375.831510106531,375.831510106531,375.831510106531,94.4986202941751,281.3328898123559,>100\%
ra,mo58a,b,FV,red,1,383.690354640879,383.690354640879,383.690354640879,383.690354640879,94.4986202941751,289.19173434670387,>100\%
ra,mo58a,b,conf,blue,1,434.129126104726,434.129126104726,434.129126104726,434.129126104726,94.4986202941751,339.6305058105509,>100\%
ra,mo58a,b,conf,green,1,374.994381605254,374.994381605254,374.994381605254,374.994381605254,94.4986202941751,280.49576131107887,>100\%
ra,mo58a,b,conf,red,1,416.736285074941,416.736285074941,416.736285074941,416.736285074941,94.4986202941751,322.2376647807659,>100\%
ra,mo58a,b,fusion,blue,1,539.700239825829,539.700239825829,539.700239825829,539.700239825829,94.4986202941751,445.20161953165393,>100\%
ra,mo58a,b,fusion,green,1,460.880699739395,460.880699739395,460.880699739395,460.880699739395,94.4986202941751,366.3820794452199,>100\%
ra,mo58a,b,fusion,red,1,510.760341827002,510.760341827002,510.760341827002,510.760341827002,94.4986202941751,416.26172153282687,>100\%
ra,mo58a,b,int,blue,1,347.096298432034,347.096298432034,347.096298432034,347.096298432034,94.4986202941751,252.5976781378589,>100\%
ra,mo58a,b,int,green,1,94.4986202941751,94.4986202941751,94.4986202941751,94.4986202941751,94.4986202941751,0,>30\%
ra,mo58a,b,int,red,1,1684.12772208321,1684.12772208321,1684.12772208321,1684.12772208321,94.4986202941751,1589.629101789035,>100\%
ra,mo58a,gla,FV,blue,1,12.1991503578126,12.1991503578126,12.1991503578126,12.1991503578126,3.45282452329206,8.74632583452054,10--30\%
ra,mo58a,gla,FV,green,1,12.4034439308901,12.4034439308901,12.4034439308901,12.4034439308901,3.45282452329206,8.95061940759804,10--30\%
ra,mo58a,gla,FV,red,1,31.7905177619381,31.7905177619381,31.7905177619381,31.7905177619381,3.45282452329206,28.33769323864604,>30\%
ra,mo58a,gla,conf,blue,1,25.2306089944248,25.2306089944248,25.2306089944248,25.2306089944248,3.45282452329206,21.77778447113274,10--30\%
ra,mo58a,gla,conf,green,1,64.5968954094062,64.5968954094062,64.5968954094062,64.5968954094062,3.45282452329206,61.14407088611414,>30\%
ra,mo58a,gla,conf,red,1,84.836963336962,84.836963336962,84.836963336962,84.836963336962,3.45282452329206,81.38413881366994,>30\%
ra,mo58a,gla,fusion,blue,1,58.8046952160865,58.8046952160865,58.8046952160865,58.8046952160865,3.45282452329206,55.35187069279444,>30\%
ra,mo58a,gla,fusion,green,1,84.2375845640445,84.2375845640445,84.2375845640445,84.2375845640445,3.45282452329206,80.78476004075243,>30\%
ra,mo58a,gla,fusion,red,1,108.770320015408,108.770320015408,108.770320015408,108.770320015408,3.45282452329206,105.31749549211594,>100\%
ra,mo58a,gla,int,blue,1,3.45282452329206,3.45282452329206,3.45282452329206,3.45282452329206,3.45282452329206,0,<10\%
ra,mo58a,gla,int,green,1,14.2423585195909,14.2423585195909,14.2423585195909,14.2423585195909,3.45282452329206,10.78953399629884,10--30\%
ra,mo58a,gla,int,red,1,12.8103518610676,12.8103518610676,12.8103518610676,12.8103518610676,3.45282452329206,9.35752733777554,10--30\%
ra,mo58a,gla,int,white,1,13.568423243888,13.568423243888,13.568423243888,13.568423243888,3.45282452329206,10.11559872059594,10--30\%
ra,mo58a,gri,FV,blue,1,57.6519352277007,57.6519352277007,57.6519352277007,57.6519352277007,13.8660570255142,43.785878202186495,>30\%
ra,mo58a,gri,FV,green,1,48.9726916295794,48.9726916295794,48.9726916295794,48.9726916295794,13.8660570255142,35.1066346040652,>30\%
ra,mo58a,gri,FV,red,1,88.1480440691527,88.1480440691527,88.1480440691527,88.1480440691527,13.8660570255142,74.28198704363851,>30\%
ra,mo58a,gri,conf,blue,1,30.6523913750664,30.6523913750664,30.6523913750664,30.6523913750664,13.8660570255142,16.7863343495522,>30\%
ra,mo58a,gri,conf,green,1,45.4908896636662,45.4908896636662,45.4908896636662,45.4908896636662,13.8660570255142,31.624832638152,>30\%
ra,mo58a,gri,conf,red,1,53.6039782703605,53.6039782703605,53.6039782703605,53.6039782703605,13.8660570255142,39.7379212448463,>30\%
ra,mo58a,gri,fusion,blue,1,98.2929051849275,98.2929051849275,98.2929051849275,98.2929051849275,13.8660570255142,84.42684815941331,>30\%
ra,mo58a,gri,fusion,green,1,67.5436121015011,67.5436121015011,67.5436121015011,67.5436121015011,13.8660570255142,53.677555075986895,>30\%
ra,mo58a,gri,fusion,red,1,77.18602324942,77.18602324942,77.18602324942,77.18602324942,13.8660570255142,63.3199662239058,>30\%
ra,mo58a,gri,int,blue,1,14.5975958151313,14.5975958151313,14.5975958151313,14.5975958151313,13.8660570255142,0.7315387896170993,10--30\%
ra,mo58a,gri,int,green,1,19.8223613311913,19.8223613311913,19.8223613311913,19.8223613311913,13.8660570255142,5.956304305677099,10--30\%
ra,mo58a,gri,int,red,1,13.8660570255142,13.8660570255142,13.8660570255142,13.8660570255142,13.8660570255142,0,10--30\%
ra,mo58a,gri,int,white,1,20.5393521435823,20.5393521435823,20.5393521435823,20.5393521435823,13.8660570255142,6.673295118068099,10--30\%
ra,mo58a,hon,FV,blue,1,29.1971014868367,29.1971014868367,29.1971014868367,29.1971014868367,2.5613902209418,26.6357112658949,10--30\%
ra,mo58a,hon,FV,green,1,33.3206555689219,33.3206555689219,33.3206555689219,33.3206555689219,2.5613902209418,30.7592653479801,>30\%
ra,mo58a,hon,FV,red,1,82.9367214614041,82.9367214614041,82.9367214614041,82.9367214614041,2.5613902209418,80.3753312404623,>30\%
ra,mo58a,hon,conf,blue,1,2.5613902209418,2.5613902209418,2.5613902209418,2.5613902209418,2.5613902209418,0,<10\%
ra,mo58a,hon,conf,green,1,19.0471029583727,19.0471029583727,19.0471029583727,19.0471029583727,2.5613902209418,16.4857127374309,10--30\%
ra,mo58a,hon,conf,red,1,30.6984880382392,30.6984880382392,30.6984880382392,30.6984880382392,2.5613902209418,28.137097817297402,>30\%
ra,mo58a,hon,fusion,blue,1,41.4205957596263,41.4205957596263,41.4205957596263,41.4205957596263,2.5613902209418,38.8592055386845,>30\%
ra,mo58a,hon,fusion,green,1,44.3599365194667,44.3599365194667,44.3599365194667,44.3599365194667,2.5613902209418,41.7985462985249,>30\%
ra,mo58a,hon,fusion,red,1,57.5716522200216,57.5716522200216,57.5716522200216,57.5716522200216,2.5613902209418,55.010261999079795,>30\%
ra,mo58a,hon,int,blue,1,4.33719683737422,4.33719683737422,4.33719683737422,4.33719683737422,2.5613902209418,1.7758066164324204,<10\%
ra,mo58a,hon,int,green,1,9.82324391858137,9.82324391858137,9.82324391858137,9.82324391858137,2.5613902209418,7.261853697639571,<10\%
ra,mo58a,hon,int,red,1,3.02893141561847,3.02893141561847,3.02893141561847,3.02893141561847,2.5613902209418,0.4675411946766701,<10\%
ra,mo58a,hon,int,white,1,10.2397218404036,10.2397218404036,10.2397218404036,10.2397218404036,2.5613902209418,7.678331619461801,10--30\%
ra,mo58a,mf,FV,blue,1,365.220936263183,365.220936263183,365.220936263183,365.220936263183,4.54089760519341,360.68003865798954,>100\%
ra,mo58a,mf,FV,green,1,113.125487189628,113.125487189628,113.125487189628,113.125487189628,4.54089760519341,108.5845895844346,>100\%
ra,mo58a,mf,FV,red,1,130.821431173406,130.821431173406,130.821431173406,130.821431173406,4.54089760519341,126.2805335682126,>100\%
ra,mo58a,mf,conf,blue,1,150.156557378523,150.156557378523,150.156557378523,150.156557378523,4.54089760519341,145.61565977332958,>100\%
ra,mo58a,mf,conf,green,1,169.262138967108,169.262138967108,169.262138967108,169.262138967108,4.54089760519341,164.7212413619146,>100\%
ra,mo58a,mf,conf,red,1,213.440456000318,213.440456000318,213.440456000318,213.440456000318,4.54089760519341,208.8995583951246,>100\%
ra,mo58a,mf,fusion,blue,1,193.002838102205,193.002838102205,193.002838102205,193.002838102205,4.54089760519341,188.4619404970116,>100\%
ra,mo58a,mf,fusion,green,1,209.494662638726,209.494662638726,209.494662638726,209.494662638726,4.54089760519341,204.9537650335326,>100\%
ra,mo58a,mf,fusion,red,1,273.847882083134,273.847882083134,273.847882083134,273.847882083134,4.54089760519341,269.30698447794055,>100\%
ra,mo58a,mf,int,blue,1,82.4676487949194,82.4676487949194,82.4676487949194,82.4676487949194,4.54089760519341,77.92675118972599,>30\%
ra,mo58a,mf,int,green,1,4.54089760519341,4.54089760519341,4.54089760519341,4.54089760519341,4.54089760519341,0,<10\%
ra,mo58a,mf,int,red,1,382.230758010396,382.230758010396,382.230758010396,382.230758010396,4.54089760519341,377.6898604052026,>100\%
ra,mo58a,mf,int,white,1,17.3234979264106,17.3234979264106,17.3234979264106,17.3234979264106,4.54089760519341,12.782600321217188,10--30\%
ra,mo58a,mr,FV,blue,1,18.3643999830254,18.3643999830254,18.3643999830254,18.3643999830254,18.3643999830254,0,10--30\%
ra,mo58a,mr,FV,green,1,57.0816013587805,57.0816013587805,57.0816013587805,57.0816013587805,18.3643999830254,38.7172013757551,>30\%
ra,mo58a,mr,FV,red,1,59.2244518107146,59.2244518107146,59.2244518107146,59.2244518107146,18.3643999830254,40.8600518276892,>30\%
ra,mo58a,mr,conf,blue,1,55.9883927759861,55.9883927759861,55.9883927759861,55.9883927759861,18.3643999830254,37.6239927929607,>30\%
ra,mo58a,mr,conf,green,1,53.9873701665996,53.9873701665996,53.9873701665996,53.9873701665996,18.3643999830254,35.622970183574196,>30\%
ra,mo58a,mr,conf,red,1,49.8292469725201,49.8292469725201,49.8292469725201,49.8292469725201,18.3643999830254,31.464846989494703,>30\%
ra,mo58a,mr,fusion,blue,1,45.5182011071399,45.5182011071399,45.5182011071399,45.5182011071399,18.3643999830254,27.1538011241145,>30\%
ra,mo58a,mr,fusion,green,1,44.6900222012059,44.6900222012059,44.6900222012059,44.6900222012059,18.3643999830254,26.3256222181805,>30\%
ra,mo58a,mr,fusion,red,1,39.8518546220179,39.8518546220179,39.8518546220179,39.8518546220179,18.3643999830254,21.487454638992503,>30\%
ra,mo58a,mr,int,blue,1,56.4107952425117,56.4107952425117,56.4107952425117,56.4107952425117,18.3643999830254,38.0463952594863,>30\%
ra,mo58a,mr,int,green,1,67.6613447497765,67.6613447497765,67.6613447497765,67.6613447497765,18.3643999830254,49.2969447667511,>30\%
ra,mo58a,mr,int,red,1,63.5767890084072,63.5767890084072,63.5767890084072,63.5767890084072,18.3643999830254,45.212389025381796,>30\%
ra,mo58a,mr,int,white,1,67.600918504053,67.600918504053,67.600918504053,67.600918504053,18.3643999830254,49.2365185210276,>30\%
ra,mo58a,tf,FV,blue,1,54.1887634068038,54.1887634068038,54.1887634068038,54.1887634068038,48.8032932012631,5.385470205540699,>30\%
ra,mo58a,tf,FV,green,1,60.5704307369855,60.5704307369855,60.5704307369855,60.5704307369855,48.8032932012631,11.767137535722398,>30\%
ra,mo58a,tf,FV,red,1,58.4774926464816,58.4774926464816,58.4774926464816,58.4774926464816,48.8032932012631,9.674199445218498,>30\%
ra,mo58a,tf,conf,blue,1,58.2418835710488,58.2418835710488,58.2418835710488,58.2418835710488,48.8032932012631,9.4385903697857,>30\%
ra,mo58a,tf,conf,green,1,56.7671034651877,56.7671034651877,56.7671034651877,56.7671034651877,48.8032932012631,7.9638102639246,>30\%
ra,mo58a,tf,conf,red,1,53.9098929064817,53.9098929064817,53.9098929064817,53.9098929064817,48.8032932012631,5.106599705218599,>30\%
ra,mo58a,tf,fusion,blue,1,50.4806657992802,50.4806657992802,50.4806657992802,50.4806657992802,48.8032932012631,1.6773725980171008,>30\%
ra,mo58a,tf,fusion,green,1,52.2100672453507,52.2100672453507,52.2100672453507,52.2100672453507,48.8032932012631,3.406774044087598,>30\%
ra,mo58a,tf,fusion,red,1,48.8032932012631,48.8032932012631,48.8032932012631,48.8032932012631,48.8032932012631,0,>30\%
ra,mo58a,tf,int,blue,1,54.3824258132976,54.3824258132976,54.3824258132976,54.3824258132976,48.8032932012631,5.579132612034499,>30\%
ra,mo58a,tf,int,green,1,57.3776202854573,57.3776202854573,57.3776202854573,57.3776202854573,48.8032932012631,8.574327084194195,>30\%
ra,mo58a,tf,int,red,1,57.3550127233609,57.3550127233609,57.3550127233609,57.3550127233609,48.8032932012631,8.551719522097798,>30\%
ra,mo58a,tf,int,white,1,57.204372929272,57.204372929272,57.204372929272,57.204372929272,48.8032932012631,8.401079728008895,>30\%
ra,mo58a,tr,FV,blue,1,15.548145528707,15.548145528707,15.548145528707,15.548145528707,13.4139688678033,2.1341766609037,10--30\%
ra,mo58a,tr,FV,green,1,22.6204213530183,22.6204213530183,22.6204213530183,22.6204213530183,13.4139688678033,9.206452485215001,10--30\%
ra,mo58a,tr,FV,red,1,20.184103928701,20.184103928701,20.184103928701,20.184103928701,13.4139688678033,6.770135060897699,10--30\%
ra,mo58a,tr,conf,blue,1,24.1182032742713,24.1182032742713,24.1182032742713,24.1182032742713,13.4139688678033,10.704234406467998,10--30\%
ra,mo58a,tr,conf,green,1,21.4338868838012,21.4338868838012,21.4338868838012,21.4338868838012,13.4139688678033,8.0199180159979,10--30\%
ra,mo58a,tr,conf,red,1,18.5093569667489,18.5093569667489,18.5093569667489,18.5093569667489,13.4139688678033,5.0953880989456,10--30\%
ra,mo58a,tr,fusion,blue,1,16.9859790390054,16.9859790390054,16.9859790390054,16.9859790390054,13.4139688678033,3.5720101712021,10--30\%
ra,mo58a,tr,fusion,green,1,17.0360026309403,17.0360026309403,17.0360026309403,17.0360026309403,13.4139688678033,3.622033763136999,10--30\%
ra,mo58a,tr,fusion,red,1,13.4139688678033,13.4139688678033,13.4139688678033,13.4139688678033,13.4139688678033,0,10--30\%
ra,mo58a,tr,int,blue,1,20.0996355533097,20.0996355533097,20.0996355533097,20.0996355533097,13.4139688678033,6.6856666855063995,10--30\%
ra,mo58a,tr,int,green,1,21.8589285095609,21.8589285095609,21.8589285095609,21.8589285095609,13.4139688678033,8.4449596417576,10--30\%
ra,mo58a,tr,int,red,1,21.2829253377834,21.2829253377834,21.2829253377834,21.2829253377834,13.4139688678033,7.8689564699801,10--30\%
ra,mo58a,tr,int,white,1,21.3585394521198,21.3585394521198,21.3585394521198,21.3585394521198,13.4139688678033,7.9445705843165,10--30\%
ra,mo58a,wedm_f,FV,blue,1,35.8243519633523,35.8243519633523,35.8243519633523,35.8243519633523,2.84397846719863,32.98037349615367,>30\%
ra,mo58a,wedm_f,FV,green,1,12.1000920193773,12.1000920193773,12.1000920193773,12.1000920193773,2.84397846719863,9.25611355217867,10--30\%
ra,mo58a,wedm_f,FV,red,1,32.3860955085513,32.3860955085513,32.3860955085513,32.3860955085513,2.84397846719863,29.542117041352668,>30\%
ra,mo58a,wedm_f,conf,blue,1,23.1255923410189,23.1255923410189,23.1255923410189,23.1255923410189,2.84397846719863,20.28161387382027,10--30\%
ra,mo58a,wedm_f,conf,green,1,48.8350412742626,48.8350412742626,48.8350412742626,48.8350412742626,2.84397846719863,45.99106280706397,>30\%
ra,mo58a,wedm_f,conf,red,1,67.3925542619367,67.3925542619367,67.3925542619367,67.3925542619367,2.84397846719863,64.54857579473807,>30\%
ra,mo58a,wedm_f,fusion,blue,1,112.955226613006,112.955226613006,112.955226613006,112.955226613006,2.84397846719863,110.11124814580738,>100\%
ra,mo58a,wedm_f,fusion,green,1,92.1023254430769,92.1023254430769,92.1023254430769,92.1023254430769,2.84397846719863,89.25834697587827,>30\%
ra,mo58a,wedm_f,fusion,red,1,114.920859771768,114.920859771768,114.920859771768,114.920859771768,2.84397846719863,112.07688130456937,>100\%
ra,mo58a,wedm_f,int,blue,1,2.89024096030875,2.89024096030875,2.89024096030875,2.89024096030875,2.84397846719863,0.04626249311012032,<10\%
ra,mo58a,wedm_f,int,green,1,2.9712351392016,2.9712351392016,2.9712351392016,2.9712351392016,2.84397846719863,0.1272566720029702,<10\%
ra,mo58a,wedm_f,int,red,1,2.84397846719863,2.84397846719863,2.84397846719863,2.84397846719863,2.84397846719863,0,<10\%
ra,mo58a,wedm_f,int,white,1,3.83367362674581,3.83367362674581,3.83367362674581,3.83367362674581,2.84397846719863,0.9896951595471801,<10\%
ra,mo58a,wedm_r,FV,blue,1,32.2376632379682,32.2376632379682,32.2376632379682,32.2376632379682,9.81671957298616,22.42094366498204,>30\%
ra,mo58a,wedm_r,FV,green,1,28.6688497735066,28.6688497735066,28.6688497735066,28.6688497735066,9.81671957298616,18.852130200520442,10--30\%
ra,mo58a,wedm_r,FV,red,1,24.8314844576932,24.8314844576932,24.8314844576932,24.8314844576932,9.81671957298616,15.01476488470704,10--30\%
ra,mo58a,wedm_r,conf,blue,1,34.7563059739238,34.7563059739238,34.7563059739238,34.7563059739238,9.81671957298616,24.939586400937642,>30\%
ra,mo58a,wedm_r,conf,green,1,18.3710342520008,18.3710342520008,18.3710342520008,18.3710342520008,9.81671957298616,8.55431467901464,10--30\%
ra,mo58a,wedm_r,conf,red,1,13.5354132672504,13.5354132672504,13.5354132672504,13.5354132672504,9.81671957298616,3.718693694264239,10--30\%
ra,mo58a,wedm_r,fusion,blue,1,24.9186392118296,24.9186392118296,24.9186392118296,24.9186392118296,9.81671957298616,15.10191963884344,10--30\%
ra,mo58a,wedm_r,fusion,green,1,15.9337582885993,15.9337582885993,15.9337582885993,15.9337582885993,9.81671957298616,6.117038715613139,10--30\%
ra,mo58a,wedm_r,fusion,red,1,9.81671957298616,9.81671957298616,9.81671957298616,9.81671957298616,9.81671957298616,0,<10\%
ra,mo58a,wedm_r,int,blue,1,35.1812360918808,35.1812360918808,35.1812360918808,35.1812360918808,9.81671957298616,25.36451651889464,>30\%
ra,mo58a,wedm_r,int,green,1,19.7254490383962,19.7254490383962,19.7254490383962,19.7254490383962,9.81671957298616,9.908729465410039,10--30\%
ra,mo58a,wedm_r,int,red,1,21.2020531031126,21.2020531031126,21.2020531031126,21.2020531031126,9.81671957298616,11.38533353012644,10--30\%
ra,mo58a,wedm_r,int,white,1,19.5797775792818,19.5797775792818,19.5797775792818,19.5797775792818,9.81671957298616,9.763058006295639,10--30\%
ra,ti6al4v,b,FV,blue,1,175.300290788108,175.300290788108,175.300290788108,175.300290788108,18.1279163715876,157.1723744165204,>100\%
ra,ti6al4v,b,FV,green,1,88.3029588435391,88.3029588435391,88.3029588435391,88.3029588435391,18.1279163715876,70.1750424719515,>30\%
ra,ti6al4v,b,FV,red,1,79.6252383514694,79.6252383514694,79.6252383514694,79.6252383514694,18.1279163715876,61.497321979881804,>30\%
ra,ti6al4v,b,conf,blue,1,94.2560566622982,94.2560566622982,94.2560566622982,94.2560566622982,18.1279163715876,76.1281402907106,>30\%
ra,ti6al4v,b,conf,green,1,138.277728898476,138.277728898476,138.277728898476,138.277728898476,18.1279163715876,120.1498125268884,>100\%
ra,ti6al4v,b,conf,red,1,183.679842496927,183.679842496927,183.679842496927,183.679842496927,18.1279163715876,165.5519261253394,>100\%
ra,ti6al4v,b,fusion,blue,1,107.531510822191,107.531510822191,107.531510822191,107.531510822191,18.1279163715876,89.40359445060339,>100\%
ra,ti6al4v,b,fusion,green,1,151.458396099889,151.458396099889,151.458396099889,151.458396099889,18.1279163715876,133.3304797283014,>100\%
ra,ti6al4v,b,fusion,red,1,198.694811516823,198.694811516823,198.694811516823,198.694811516823,18.1279163715876,180.5668951452354,>100\%
ra,ti6al4v,b,int,blue,1,48.9152023711809,48.9152023711809,48.9152023711809,48.9152023711809,18.1279163715876,30.787285999593298,>30\%
ra,ti6al4v,b,int,green,1,22.4643427585022,22.4643427585022,22.4643427585022,22.4643427585022,18.1279163715876,4.336426386914603,10--30\%
ra,ti6al4v,b,int,red,1,63.2155064537468,63.2155064537468,63.2155064537468,63.2155064537468,18.1279163715876,45.087590082159196,>30\%
ra,ti6al4v,b,int,white,1,18.1279163715876,18.1279163715876,18.1279163715876,18.1279163715876,18.1279163715876,0,10--30\%
ra,ti6al4v,gla,FV,blue,1,20.208822727081,20.208822727081,20.208822727081,20.208822727081,7.56032617309386,12.64849655398714,10--30\%
ra,ti6al4v,gla,FV,green,1,8.18284466086562,8.18284466086562,8.18284466086562,8.18284466086562,7.56032617309386,0.6225184877717593,<10\%
ra,ti6al4v,gla,FV,red,1,39.6701459722574,39.6701459722574,39.6701459722574,39.6701459722574,7.56032617309386,32.10981979916354,>30\%
ra,ti6al4v,gla,conf,blue,1,52.5939219989475,52.5939219989475,52.5939219989475,52.5939219989475,7.56032617309386,45.03359582585364,>30\%
ra,ti6al4v,gla,conf,green,1,77.5435351519081,77.5435351519081,77.5435351519081,77.5435351519081,7.56032617309386,69.98320897881425,>30\%
ra,ti6al4v,gla,conf,red,1,104.913101226417,104.913101226417,104.913101226417,104.913101226417,7.56032617309386,97.35277505332314,>100\%
ra,ti6al4v,gla,fusion,blue,1,101.399490524746,101.399490524746,101.399490524746,101.399490524746,7.56032617309386,93.83916435165214,>100\%
ra,ti6al4v,gla,fusion,green,1,119.886436602701,119.886436602701,119.886436602701,119.886436602701,7.56032617309386,112.32611042960714,>100\%
ra,ti6al4v,gla,fusion,red,1,153.658782740676,153.658782740676,153.658782740676,153.658782740676,7.56032617309386,146.09845656758213,>100\%
ra,ti6al4v,gla,int,blue,1,7.56032617309386,7.56032617309386,7.56032617309386,7.56032617309386,7.56032617309386,0,<10\%
ra,ti6al4v,gla,int,green,1,20.0337611730686,20.0337611730686,20.0337611730686,20.0337611730686,7.56032617309386,12.473434999974742,10--30\%
ra,ti6al4v,gla,int,red,1,9.0607074507626,9.0607074507626,9.0607074507626,9.0607074507626,7.56032617309386,1.5003812776687395,<10\%
ra,ti6al4v,gla,int,white,1,20.7378952646953,20.7378952646953,20.7378952646953,20.7378952646953,7.56032617309386,13.177569091601441,10--30\%
ra,ti6al4v,gri,FV,blue,1,127.293290775166,127.293290775166,127.293290775166,127.293290775166,66.2988630766762,60.9944276984898,>100\%
ra,ti6al4v,gri,FV,green,1,78.1699543883456,78.1699543883456,78.1699543883456,78.1699543883456,66.2988630766762,11.871091311669403,>30\%
ra,ti6al4v,gri,FV,red,1,83.6776859066996,83.6776859066996,83.6776859066996,83.6776859066996,66.2988630766762,17.378822830023395,>30\%
ra,ti6al4v,gri,conf,blue,1,87.3146327319135,87.3146327319135,87.3146327319135,87.3146327319135,66.2988630766762,21.015769655237307,>30\%
ra,ti6al4v,gri,conf,green,1,108.15305329658,108.15305329658,108.15305329658,108.15305329658,66.2988630766762,41.8541902199038,>100\%
ra,ti6al4v,gri,conf,red,1,126.885335640792,126.885335640792,126.885335640792,126.885335640792,66.2988630766762,60.586472564115795,>100\%
ra,ti6al4v,gri,fusion,blue,1,104.075561759153,104.075561759153,104.075561759153,104.075561759153,66.2988630766762,37.776698682476805,>100\%
ra,ti6al4v,gri,fusion,green,1,128.484138192091,128.484138192091,128.484138192091,128.484138192091,66.2988630766762,62.1852751154148,>100\%
ra,ti6al4v,gri,fusion,red,1,151.505707449065,151.505707449065,151.505707449065,151.505707449065,66.2988630766762,85.2068443723888,>100\%
ra,ti6al4v,gri,int,blue,1,73.3567991207547,73.3567991207547,73.3567991207547,73.3567991207547,66.2988630766762,7.057936044078502,>30\%
ra,ti6al4v,gri,int,green,1,69.8710133230331,69.8710133230331,69.8710133230331,69.8710133230331,66.2988630766762,3.572150246356898,>30\%
ra,ti6al4v,gri,int,red,1,72.0411106551521,72.0411106551521,72.0411106551521,72.0411106551521,66.2988630766762,5.742247578475897,>30\%
ra,ti6al4v,gri,int,white,1,66.2988630766762,66.2988630766762,66.2988630766762,66.2988630766762,66.2988630766762,0,>30\%
ra,ti6al4v,hon,FV,blue,1,131.80805972929,131.80805972929,131.80805972929,131.80805972929,24.2596130134239,107.54844671586609,>100\%
ra,ti6al4v,hon,FV,green,1,115.037344095239,115.037344095239,115.037344095239,115.037344095239,24.2596130134239,90.7777310818151,>100\%
ra,ti6al4v,hon,FV,red,1,195.139237835612,195.139237835612,195.139237835612,195.139237835612,24.2596130134239,170.8796248221881,>100\%
ra,ti6al4v,hon,conf,blue,1,60.7517603622263,60.7517603622263,60.7517603622263,60.7517603622263,24.2596130134239,36.492147348802405,>30\%
ra,ti6al4v,hon,conf,green,1,95.7301275958345,95.7301275958345,95.7301275958345,95.7301275958345,24.2596130134239,71.4705145824106,>30\%
ra,ti6al4v,hon,conf,red,1,117.550777895498,117.550777895498,117.550777895498,117.550777895498,24.2596130134239,93.2911648820741,>100\%
ra,ti6al4v,hon,fusion,blue,1,100.374345877479,100.374345877479,100.374345877479,100.374345877479,24.2596130134239,76.1147328640551,>100\%
ra,ti6al4v,hon,fusion,green,1,146.910179630556,146.910179630556,146.910179630556,146.910179630556,24.2596130134239,122.6505666171321,>100\%
ra,ti6al4v,hon,fusion,red,1,172.542055834369,172.542055834369,172.542055834369,172.542055834369,24.2596130134239,148.2824428209451,>100\%
ra,ti6al4v,hon,int,blue,1,27.5630780537031,27.5630780537031,27.5630780537031,27.5630780537031,24.2596130134239,3.303465040279203,10--30\%
ra,ti6al4v,hon,int,green,1,24.8214011781049,24.8214011781049,24.8214011781049,24.8214011781049,24.2596130134239,0.5617881646810012,10--30\%
ra,ti6al4v,hon,int,red,1,24.2596130134239,24.2596130134239,24.2596130134239,24.2596130134239,24.2596130134239,0,10--30\%
ra,ti6al4v,hon,int,white,1,24.3304453075173,24.3304453075173,24.3304453075173,24.3304453075173,24.2596130134239,0.07083229409340319,10--30\%
ra,ti6al4v,mf,FV,blue,1,66.5008077748016,66.5008077748016,66.5008077748016,66.5008077748016,13.518971698162,52.9818360766396,>30\%
ra,ti6al4v,mf,FV,green,1,32.4136129283986,32.4136129283986,32.4136129283986,32.4136129283986,13.518971698162,18.8946412302366,>30\%
ra,ti6al4v,mf,FV,red,1,34.0912106040196,34.0912106040196,34.0912106040196,34.0912106040196,13.518971698162,20.572238905857603,>30\%
ra,ti6al4v,mf,conf,blue,1,36.1795606607987,36.1795606607987,36.1795606607987,36.1795606607987,13.518971698162,22.6605889626367,>30\%
ra,ti6al4v,mf,conf,green,1,51.6936470994426,51.6936470994426,51.6936470994426,51.6936470994426,13.518971698162,38.1746754012806,>30\%
ra,ti6al4v,mf,conf,red,1,64.7506744862043,64.7506744862043,64.7506744862043,64.7506744862043,13.518971698162,51.231702788042305,>30\%
ra,ti6al4v,mf,fusion,blue,1,48.5322499243988,48.5322499243988,48.5322499243988,48.5322499243988,13.518971698162,35.0132782262368,>30\%
ra,ti6al4v,mf,fusion,green,1,64.4573106019408,64.4573106019408,64.4573106019408,64.4573106019408,13.518971698162,50.938338903778806,>30\%
ra,ti6al4v,mf,fusion,red,1,78.0385556270735,78.0385556270735,78.0385556270735,78.0385556270735,13.518971698162,64.5195839289115,>30\%
ra,ti6al4v,mf,int,blue,1,15.5109338092623,15.5109338092623,15.5109338092623,15.5109338092623,13.518971698162,1.9919621111002996,10--30\%
ra,ti6al4v,mf,int,green,1,14.1012247754597,14.1012247754597,14.1012247754597,14.1012247754597,13.518971698162,0.5822530772977004,10--30\%
ra,ti6al4v,mf,int,red,1,21.1518343011252,21.1518343011252,21.1518343011252,21.1518343011252,13.518971698162,7.632862602963199,10--30\%
ra,ti6al4v,mf,int,white,1,13.518971698162,13.518971698162,13.518971698162,13.518971698162,13.518971698162,0,10--30\%
ra,ti6al4v,mr,FV,blue,1,61.2787634210297,61.2787634210297,61.2787634210297,61.2787634210297,5.74001856157168,55.53874485945802,>30\%
ra,ti6al4v,mr,FV,green,1,10.4977827769305,10.4977827769305,10.4977827769305,10.4977827769305,5.74001856157168,4.7577642153588195,10--30\%
ra,ti6al4v,mr,FV,red,1,10.3428384584679,10.3428384584679,10.3428384584679,10.3428384584679,5.74001856157168,4.602819896896221,10--30\%
ra,ti6al4v,mr,conf,blue,1,9.5262855137311,9.5262855137311,9.5262855137311,9.5262855137311,5.74001856157168,3.78626695215942,<10\%
ra,ti6al4v,mr,conf,green,1,7.63529513048007,7.63529513048007,7.63529513048007,7.63529513048007,5.74001856157168,1.8952765689083897,<10\%
ra,ti6al4v,mr,conf,red,1,22.9769260230087,22.9769260230087,22.9769260230087,22.9769260230087,5.74001856157168,17.23690746143702,10--30\%
ra,ti6al4v,mr,fusion,blue,1,9.98837391704945,9.98837391704945,9.98837391704945,9.98837391704945,5.74001856157168,4.248355355477771,<10\%
ra,ti6al4v,mr,fusion,green,1,28.2248603309939,28.2248603309939,28.2248603309939,28.2248603309939,5.74001856157168,22.484841769422218,10--30\%
ra,ti6al4v,mr,fusion,red,1,41.1325109016125,41.1325109016125,41.1325109016125,41.1325109016125,5.74001856157168,35.39249234004082,>30\%
ra,ti6al4v,mr,int,blue,1,5.74001856157168,5.74001856157168,5.74001856157168,5.74001856157168,5.74001856157168,0,<10\%
ra,ti6al4v,mr,int,green,1,45.339851167157,45.339851167157,45.339851167157,45.339851167157,5.74001856157168,39.59983260558532,>30\%
ra,ti6al4v,mr,int,red,1,67.1712011467193,67.1712011467193,67.1712011467193,67.1712011467193,5.74001856157168,61.43118258514762,>30\%
ra,ti6al4v,mr,int,white,1,44.2669920995845,44.2669920995845,44.2669920995845,44.2669920995845,5.74001856157168,38.52697353801282,>30\%
ra,ti6al4v,tf,FV,blue,1,24.1004817531142,24.1004817531142,24.1004817531142,24.1004817531142,10.0478601900836,14.052621563030598,10--30\%
ra,ti6al4v,tf,FV,green,1,25.6284128418146,25.6284128418146,25.6284128418146,25.6284128418146,10.0478601900836,15.580552651731,10--30\%
ra,ti6al4v,tf,FV,red,1,17.018182444559,17.018182444559,17.018182444559,17.018182444559,10.0478601900836,6.970322254475398,10--30\%
ra,ti6al4v,tf,conf,blue,1,29.386201483364,29.386201483364,29.386201483364,29.386201483364,10.0478601900836,19.3383412932804,10--30\%
ra,ti6al4v,tf,conf,green,1,25.7529737478677,25.7529737478677,25.7529737478677,25.7529737478677,10.0478601900836,15.705113557784099,10--30\%
ra,ti6al4v,tf,conf,red,1,16.5904637890337,16.5904637890337,16.5904637890337,16.5904637890337,10.0478601900836,6.542603598950098,10--30\%
ra,ti6al4v,tf,fusion,blue,1,24.2238380193012,24.2238380193012,24.2238380193012,24.2238380193012,10.0478601900836,14.1759778292176,10--30\%
ra,ti6al4v,tf,fusion,green,1,19.1975890007384,19.1975890007384,19.1975890007384,19.1975890007384,10.0478601900836,9.1497288106548,10--30\%
ra,ti6al4v,tf,fusion,red,1,10.0478601900836,10.0478601900836,10.0478601900836,10.0478601900836,10.0478601900836,0,10--30\%
ra,ti6al4v,tf,int,blue,1,15.2523402569831,15.2523402569831,15.2523402569831,15.2523402569831,10.0478601900836,5.2044800668994995,10--30\%
ra,ti6al4v,tf,int,green,1,23.9016048533836,23.9016048533836,23.9016048533836,23.9016048533836,10.0478601900836,13.853744663299999,10--30\%
ra,ti6al4v,tf,int,red,1,17.5348611168574,17.5348611168574,17.5348611168574,17.5348611168574,10.0478601900836,7.487000926773799,10--30\%
ra,ti6al4v,tf,int,white,1,23.5868332280673,23.5868332280673,23.5868332280673,23.5868332280673,10.0478601900836,13.538973037983698,10--30\%
ra,ti6al4v,tr,FV,blue,1,72.8316150263797,72.8316150263797,72.8316150263797,72.8316150263797,62.7230090165748,10.108606009804895,>30\%
ra,ti6al4v,tr,FV,green,1,72.6619907712514,72.6619907712514,72.6619907712514,72.6619907712514,62.7230090165748,9.938981754676597,>30\%
ra,ti6al4v,tr,FV,red,1,70.1897633621597,70.1897633621597,70.1897633621597,70.1897633621597,62.7230090165748,7.466754345584896,>30\%
ra,ti6al4v,tr,conf,blue,1,73.3154827242273,73.3154827242273,73.3154827242273,73.3154827242273,62.7230090165748,10.592473707652495,>30\%
ra,ti6al4v,tr,conf,green,1,70.015617771579,70.015617771579,70.015617771579,70.015617771579,62.7230090165748,7.292608755004203,>30\%
ra,ti6al4v,tr,conf,red,1,66.2112882602426,66.2112882602426,66.2112882602426,66.2112882602426,62.7230090165748,3.4882792436677974,>30\%
ra,ti6al4v,tr,fusion,blue,1,70.1291199429622,70.1291199429622,70.1291199429622,70.1291199429622,62.7230090165748,7.406110926387406,>30\%
ra,ti6al4v,tr,fusion,green,1,66.7392320872316,66.7392320872316,66.7392320872316,66.7392320872316,62.7230090165748,4.0162230706568,>30\%
ra,ti6al4v,tr,fusion,red,1,62.7230090165748,62.7230090165748,62.7230090165748,62.7230090165748,62.7230090165748,0,>30\%
ra,ti6al4v,tr,int,blue,1,66.8444568395437,66.8444568395437,66.8444568395437,66.8444568395437,62.7230090165748,4.1214478229688964,>30\%
ra,ti6al4v,tr,int,green,1,73.7250973709551,73.7250973709551,73.7250973709551,73.7250973709551,62.7230090165748,11.002088354380298,>30\%
ra,ti6al4v,tr,int,red,1,73.8534486435049,73.8534486435049,73.8534486435049,73.8534486435049,62.7230090165748,11.130439626930105,>30\%
ra,ti6al4v,tr,int,white,1,74.2157673556268,74.2157673556268,74.2157673556268,74.2157673556268,62.7230090165748,11.492758339051996,>30\%
ra,ti6al4v,wedm_f,FV,blue,1,82.9501722869581,82.9501722869581,82.9501722869581,82.9501722869581,8.29135373430735,74.65881855265074,>30\%
ra,ti6al4v,wedm_f,FV,green,1,59.3451143155473,59.3451143155473,59.3451143155473,59.3451143155473,8.29135373430735,51.05376058123995,>30\%
ra,ti6al4v,wedm_f,FV,red,1,107.903517396971,107.903517396971,107.903517396971,107.903517396971,8.29135373430735,99.61216366266365,>100\%
ra,ti6al4v,wedm_f,conf,blue,1,102.282614244741,102.282614244741,102.282614244741,102.282614244741,8.29135373430735,93.99126051043365,>100\%
ra,ti6al4v,wedm_f,conf,green,1,132.630891821026,132.630891821026,132.630891821026,132.630891821026,8.29135373430735,124.33953808671866,>100\%
ra,ti6al4v,wedm_f,conf,red,1,156.309996213605,156.309996213605,156.309996213605,156.309996213605,8.29135373430735,148.01864247929763,>100\%
ra,ti6al4v,wedm_f,fusion,blue,1,173.896102320361,173.896102320361,173.896102320361,173.896102320361,8.29135373430735,165.60474858605363,>100\%
ra,ti6al4v,wedm_f,fusion,green,1,208.496461348142,208.496461348142,208.496461348142,208.496461348142,8.29135373430735,200.20510761383463,>100\%
ra,ti6al4v,wedm_f,fusion,red,1,239.112811422403,239.112811422403,239.112811422403,239.112811422403,8.29135373430735,230.82145768809568,>100\%
ra,ti6al4v,wedm_f,int,blue,1,8.29135373430735,8.29135373430735,8.29135373430735,8.29135373430735,8.29135373430735,0,<10\%
ra,ti6al4v,wedm_f,int,green,1,21.8541198912135,21.8541198912135,21.8541198912135,21.8541198912135,8.29135373430735,13.56276615690615,10--30\%
ra,ti6al4v,wedm_f,int,red,1,17.4205995875886,17.4205995875886,17.4205995875886,17.4205995875886,8.29135373430735,9.129245853281251,10--30\%
ra,ti6al4v,wedm_f,int,white,1,23.3161664398837,23.3161664398837,23.3161664398837,23.3161664398837,8.29135373430735,15.024812705576348,10--30\%
ra,ti6al4v,wedm_r,FV,blue,1,7.56635916987141,7.56635916987141,7.56635916987141,7.56635916987141,2.56224245122463,5.004116718646779,<10\%
ra,ti6al4v,wedm_r,FV,green,1,7.06555324075441,7.06555324075441,7.06555324075441,7.06555324075441,2.56224245122463,4.503310789529779,<10\%
ra,ti6al4v,wedm_r,FV,red,1,5.80694484347838,5.80694484347838,5.80694484347838,5.80694484347838,2.56224245122463,3.24470239225375,<10\%
ra,ti6al4v,wedm_r,conf,blue,1,3.92538450524705,3.92538450524705,3.92538450524705,3.92538450524705,2.56224245122463,1.3631420540224202,<10\%
ra,ti6al4v,wedm_r,conf,green,1,7.22588419517566,7.22588419517566,7.22588419517566,7.22588419517566,2.56224245122463,4.663641743951031,<10\%
ra,ti6al4v,wedm_r,conf,red,1,11.4850968845464,11.4850968845464,11.4850968845464,11.4850968845464,2.56224245122463,8.922854433321769,10--30\%
ra,ti6al4v,wedm_r,fusion,blue,1,14.1007565668503,14.1007565668503,14.1007565668503,14.1007565668503,2.56224245122463,11.53851411562567,10--30\%
ra,ti6al4v,wedm_r,fusion,green,1,24.7417123061132,24.7417123061132,24.7417123061132,24.7417123061132,2.56224245122463,22.17946985488857,10--30\%
ra,ti6al4v,wedm_r,fusion,red,1,35.3573942991111,35.3573942991111,35.3573942991111,35.3573942991111,2.56224245122463,32.79515184788647,>30\%
ra,ti6al4v,wedm_r,int,blue,1,30.8137969767114,30.8137969767114,30.8137969767114,30.8137969767114,2.56224245122463,28.25155452548677,>30\%
ra,ti6al4v,wedm_r,int,green,1,3.75990380543341,3.75990380543341,3.75990380543341,3.75990380543341,2.56224245122463,1.1976613542087802,<10\%
ra,ti6al4v,wedm_r,int,red,1,2.56224245122463,2.56224245122463,2.56224245122463,2.56224245122463,2.56224245122463,0,<10\%
ra,ti6al4v,wedm_r,int,white,1,4.18049204306045,4.18049204306045,4.18049204306045,4.18049204306045,2.56224245122463,1.6182495918358204,<10\%
rq,14301,b,FV,blue,1,279.719897855277,279.719897855277,279.719897855277,279.719897855277,24.15278893874,255.567108916537,>100\%
rq,14301,b,FV,green,1,94.0700648701976,94.0700648701976,94.0700648701976,94.0700648701976,24.15278893874,69.9172759314576,>30\%
rq,14301,b,FV,red,1,122.884220565241,122.884220565241,122.884220565241,122.884220565241,24.15278893874,98.73143162650099,>100\%
rq,14301,b,conf,blue,1,118.569598728481,118.569598728481,118.569598728481,118.569598728481,24.15278893874,94.416809789741,>100\%
rq,14301,b,conf,green,1,123.02983020647,123.02983020647,123.02983020647,123.02983020647,24.15278893874,98.87704126773,>100\%
rq,14301,b,conf,red,1,169.125098302478,169.125098302478,169.125098302478,169.125098302478,24.15278893874,144.972309363738,>100\%
rq,14301,b,fusion,blue,1,166.059741591735,166.059741591735,166.059741591735,166.059741591735,24.15278893874,141.906952652995,>100\%
rq,14301,b,fusion,green,1,167.410462610293,167.410462610293,167.410462610293,167.410462610293,24.15278893874,143.257673671553,>100\%
rq,14301,b,fusion,red,1,225.593884626124,225.593884626124,225.593884626124,225.593884626124,24.15278893874,201.441095687384,>100\%
rq,14301,b,int,blue,1,112.279848535222,112.279848535222,112.279848535222,112.279848535222,24.15278893874,88.127059596482,>100\%
rq,14301,b,int,green,1,24.15278893874,24.15278893874,24.15278893874,24.15278893874,24.15278893874,0,10--30\%
rq,14301,b,int,red,1,192.566035282288,192.566035282288,192.566035282288,192.566035282288,24.15278893874,168.413246343548,>100\%
rq,14301,b,int,white,1,29.5192569928081,29.5192569928081,29.5192569928081,29.5192569928081,24.15278893874,5.3664680540681005,10--30\%
rq,14301,gla,FV,blue,1,7.28661456690898,7.28661456690898,7.28661456690898,7.28661456690898,1.02366330143366,6.26295126547532,<10\%
rq,14301,gla,FV,green,1,16.4138228273351,16.4138228273351,16.4138228273351,16.4138228273351,1.02366330143366,15.39015952590144,10--30\%
rq,14301,gla,FV,red,1,1.02366330143366,1.02366330143366,1.02366330143366,1.02366330143366,1.02366330143366,0,<10\%
rq,14301,gla,conf,blue,1,22.5102275978832,22.5102275978832,22.5102275978832,22.5102275978832,1.02366330143366,21.48656429644954,10--30\%
rq,14301,gla,conf,green,1,39.8103602237287,39.8103602237287,39.8103602237287,39.8103602237287,1.02366330143366,38.78669692229504,>30\%
rq,14301,gla,conf,red,1,56.3059037038514,56.3059037038514,56.3059037038514,56.3059037038514,1.02366330143366,55.28224040241774,>30\%
rq,14301,gla,fusion,blue,1,73.0083053638519,73.0083053638519,73.0083053638519,73.0083053638519,1.02366330143366,71.98464206241825,>30\%
rq,14301,gla,fusion,green,1,79.2045914996103,79.2045914996103,79.2045914996103,79.2045914996103,1.02366330143366,78.18092819817664,>30\%
rq,14301,gla,fusion,red,1,97.9141716249969,97.9141716249969,97.9141716249969,97.9141716249969,1.02366330143366,96.89050832356324,>30\%
rq,14301,gla,int,blue,1,26.9886992592057,26.9886992592057,26.9886992592057,26.9886992592057,1.02366330143366,25.965035957772038,10--30\%
rq,14301,gla,int,green,1,38.1294977917037,38.1294977917037,38.1294977917037,38.1294977917037,1.02366330143366,37.10583449027004,>30\%
rq,14301,gla,int,red,1,30.7409380768862,30.7409380768862,30.7409380768862,30.7409380768862,1.02366330143366,29.717274775452537,>30\%
rq,14301,gla,int,white,1,39.2137308971395,39.2137308971395,39.2137308971395,39.2137308971395,1.02366330143366,38.19006759570584,>30\%
rq,14301,gri,FV,blue,1,56.3957176786078,56.3957176786078,56.3957176786078,56.3957176786078,10.9948248034705,45.4008928751373,>30\%
rq,14301,gri,FV,green,1,30.2616371172825,30.2616371172825,30.2616371172825,30.2616371172825,10.9948248034705,19.266812313812,>30\%
rq,14301,gri,FV,red,1,53.7647892789169,53.7647892789169,53.7647892789169,53.7647892789169,10.9948248034705,42.7699644754464,>30\%
rq,14301,gri,conf,blue,1,24.0069325087032,24.0069325087032,24.0069325087032,24.0069325087032,10.9948248034705,13.012107705232701,10--30\%
rq,14301,gri,conf,green,1,29.2265276678907,29.2265276678907,29.2265276678907,29.2265276678907,10.9948248034705,18.2317028644202,10--30\%
rq,14301,gri,conf,red,1,38.085647343125,38.085647343125,38.085647343125,38.085647343125,10.9948248034705,27.090822539654496,>30\%
rq,14301,gri,fusion,blue,1,46.2818914913261,46.2818914913261,46.2818914913261,46.2818914913261,10.9948248034705,35.2870666878556,>30\%
rq,14301,gri,fusion,green,1,47.2335429119783,47.2335429119783,47.2335429119783,47.2335429119783,10.9948248034705,36.2387181085078,>30\%
rq,14301,gri,fusion,red,1,58.343039583233,58.343039583233,58.343039583233,58.343039583233,10.9948248034705,47.3482147797625,>30\%
rq,14301,gri,int,blue,1,12.6660964466483,12.6660964466483,12.6660964466483,12.6660964466483,10.9948248034705,1.6712716431777999,10--30\%
rq,14301,gri,int,green,1,16.3742348999466,16.3742348999466,16.3742348999466,16.3742348999466,10.9948248034705,5.3794100964761,10--30\%
rq,14301,gri,int,red,1,10.9948248034705,10.9948248034705,10.9948248034705,10.9948248034705,10.9948248034705,0,10--30\%
rq,14301,gri,int,white,1,17.3764287571918,17.3764287571918,17.3764287571918,17.3764287571918,10.9948248034705,6.381603953721299,10--30\%
rq,14301,hon,FV,blue,1,32.9978759061937,32.9978759061937,32.9978759061937,32.9978759061937,1.54374353590113,31.45413237029257,>30\%
rq,14301,hon,FV,green,1,47.2381994396729,47.2381994396729,47.2381994396729,47.2381994396729,1.54374353590113,45.69445590377177,>30\%
rq,14301,hon,FV,red,1,98.6559828704797,98.6559828704797,98.6559828704797,98.6559828704797,1.54374353590113,97.11223933457858,>30\%
rq,14301,hon,conf,blue,1,10.3654579682979,10.3654579682979,10.3654579682979,10.3654579682979,1.54374353590113,8.8217144323967691,10--30\%
rq,14301,hon,conf,green,1,31.2866965336205,31.2866965336205,31.2866965336205,31.2866965336205,1.54374353590113,29.74295299771937,>30\%
rq,14301,hon,conf,red,1,45.5891238325497,45.5891238325497,45.5891238325497,45.5891238325497,1.54374353590113,44.045380296648574,>30\%
rq,14301,hon,fusion,blue,1,68.1032144843059,68.1032144843059,68.1032144843059,68.1032144843059,1.54374353590113,66.55947094840477,>30\%
rq,14301,hon,fusion,green,1,69.4760873746905,69.4760873746905,69.4760873746905,69.4760873746905,1.54374353590113,67.93234383878936,>30\%
rq,14301,hon,fusion,red,1,84.8624431713748,84.8624431713748,84.8624431713748,84.8624431713748,1.54374353590113,83.31869963547368,>30\%
rq,14301,hon,int,blue,1,5.00315554115871,5.00315554115871,5.00315554115871,5.00315554115871,1.54374353590113,3.4594120052575805,<10\%
rq,14301,hon,int,green,1,5.20762836638706,5.20762836638706,5.20762836638706,5.20762836638706,1.54374353590113,3.66388483048593,<10\%
rq,14301,hon,int,red,1,1.54374353590113,1.54374353590113,1.54374353590113,1.54374353590113,1.54374353590113,0,<10\%
rq,14301,hon,int,white,1,5.90659603617192,5.90659603617192,5.90659603617192,5.90659603617192,1.54374353590113,4.36285250027079,<10\%
rq,14301,mf,FV,blue,1,114.93543658301,114.93543658301,114.93543658301,114.93543658301,24.5239623611835,90.4114742218265,>100\%
rq,14301,mf,FV,green,1,45.60142580485,45.60142580485,45.60142580485,45.60142580485,24.5239623611835,21.077463443666502,>30\%
rq,14301,mf,FV,red,1,56.806352320785,56.806352320785,56.806352320785,56.806352320785,24.5239623611835,32.2823899596015,>30\%
rq,14301,mf,conf,blue,1,69.7816175251194,69.7816175251194,69.7816175251194,69.7816175251194,24.5239623611835,45.2576551639359,>30\%
rq,14301,mf,conf,green,1,86.847518574786,86.847518574786,86.847518574786,86.847518574786,24.5239623611835,62.323556213602494,>30\%
rq,14301,mf,conf,red,1,115.566300382512,115.566300382512,115.566300382512,115.566300382512,24.5239623611835,91.0423380213285,>100\%
rq,14301,mf,fusion,blue,1,88.8065303847491,88.8065303847491,88.8065303847491,88.8065303847491,24.5239623611835,64.2825680235656,>30\%
rq,14301,mf,fusion,green,1,125.186107059609,125.186107059609,125.186107059609,125.186107059609,24.5239623611835,100.6621446984255,>100\%
rq,14301,mf,fusion,red,1,157.894373540262,157.894373540262,157.894373540262,157.894373540262,24.5239623611835,133.3704111790785,>100\%
rq,14301,mf,int,blue,1,154.339065479213,154.339065479213,154.339065479213,154.339065479213,24.5239623611835,129.8151031180295,>100\%
rq,14301,mf,int,green,1,25.5806494842133,25.5806494842133,25.5806494842133,25.5806494842133,24.5239623611835,1.0566871230297998,10--30\%
rq,14301,mf,int,red,1,66.9761726456345,66.9761726456345,66.9761726456345,66.9761726456345,24.5239623611835,42.452210284451006,>30\%
rq,14301,mf,int,white,1,24.5239623611835,24.5239623611835,24.5239623611835,24.5239623611835,24.5239623611835,0,10--30\%
rq,14301,mr,FV,blue,1,70.9237592992592,70.9237592992592,70.9237592992592,70.9237592992592,64.778192935098,6.145566364161198,>30\%
rq,14301,mr,FV,green,1,79.300710914112,79.300710914112,79.300710914112,79.300710914112,64.778192935098,14.522517979013998,>30\%
rq,14301,mr,FV,red,1,79.3803615748723,79.3803615748723,79.3803615748723,79.3803615748723,64.778192935098,14.602168639774291,>30\%
rq,14301,mr,conf,blue,1,82.2829840397752,82.2829840397752,82.2829840397752,82.2829840397752,64.778192935098,17.504791104677196,>30\%
rq,14301,mr,conf,green,1,77.9285712143719,77.9285712143719,77.9285712143719,77.9285712143719,64.778192935098,13.150378279273895,>30\%
rq,14301,mr,conf,red,1,73.7727263884944,73.7727263884944,73.7727263884944,73.7727263884944,64.778192935098,8.9945334533964,>30\%
rq,14301,mr,fusion,blue,1,80.1628265852563,80.1628265852563,80.1628265852563,80.1628265852563,64.778192935098,15.384633650158293,>30\%
rq,14301,mr,fusion,green,1,75.4581291648165,75.4581291648165,75.4581291648165,75.4581291648165,64.778192935098,10.679936229718493,>30\%
rq,14301,mr,fusion,red,1,71.2536653899401,71.2536653899401,71.2536653899401,71.2536653899401,64.778192935098,6.475472454842091,>30\%
rq,14301,mr,int,blue,1,64.778192935098,64.778192935098,64.778192935098,64.778192935098,64.778192935098,0,>30\%
rq,14301,mr,int,green,1,88.032907947467,88.032907947467,88.032907947467,88.032907947467,64.778192935098,23.25471501236899,>30\%
rq,14301,mr,int,red,1,65.5393431463569,65.5393431463569,65.5393431463569,65.5393431463569,64.778192935098,0.7611502112588937,>30\%
rq,14301,mr,int,white,1,88.5898033783116,88.5898033783116,88.5898033783116,88.5898033783116,64.778192935098,23.811610443213596,>30\%
rq,14301,tf,FV,blue,1,20.5682534752589,20.5682534752589,20.5682534752589,20.5682534752589,20.5682534752589,0,10--30\%
rq,14301,tf,FV,green,1,40.06925337,40.06925337,40.06925337,40.06925337,20.5682534752589,19.5009998947411,>30\%
rq,14301,tf,FV,red,1,43.8929891007655,43.8929891007655,43.8929891007655,43.8929891007655,20.5682534752589,23.324735625506598,>30\%
rq,14301,tf,conf,blue,1,47.083009920175,47.083009920175,47.083009920175,47.083009920175,20.5682534752589,26.514756444916102,>30\%
rq,14301,tf,conf,green,1,44.023084777704,44.023084777704,44.023084777704,44.023084777704,20.5682534752589,23.4548313024451,>30\%
rq,14301,tf,conf,red,1,41.7876149361569,41.7876149361569,41.7876149361569,41.7876149361569,20.5682534752589,21.219361460898,>30\%
rq,14301,tf,fusion,blue,1,42.5045623199479,42.5045623199479,42.5045623199479,42.5045623199479,20.5682534752589,21.936308844689002,>30\%
rq,14301,tf,fusion,green,1,37.5932026159575,37.5932026159575,37.5932026159575,37.5932026159575,20.5682534752589,17.024949140698602,>30\%
rq,14301,tf,fusion,red,1,34.5524542715247,34.5524542715247,34.5524542715247,34.5524542715247,20.5682534752589,13.984200796265803,>30\%
rq,14301,tf,int,blue,1,44.6963806276909,44.6963806276909,44.6963806276909,44.6963806276909,20.5682534752589,24.128127152432,>30\%
rq,14301,tf,int,green,1,56.8031788614631,56.8031788614631,56.8031788614631,56.8031788614631,20.5682534752589,36.2349253862042,>30\%
rq,14301,tf,int,red,1,50.607330389883,50.607330389883,50.607330389883,50.607330389883,20.5682534752589,30.039076914624104,>30\%
rq,14301,tf,int,white,1,57.0710691397496,57.0710691397496,57.0710691397496,57.0710691397496,20.5682534752589,36.502815664490704,>30\%
rq,14301,tr,FV,blue,1,37.2142312168571,37.2142312168571,37.2142312168571,37.2142312168571,37.2142312168571,0,>30\%
rq,14301,tr,FV,green,1,54.1770327678148,54.1770327678148,54.1770327678148,54.1770327678148,37.2142312168571,16.9628015509577,>30\%
rq,14301,tr,FV,red,1,54.7876676254021,54.7876676254021,54.7876676254021,54.7876676254021,37.2142312168571,17.573436408545,>30\%
rq,14301,tr,conf,blue,1,54.0975268123251,54.0975268123251,54.0975268123251,54.0975268123251,37.2142312168571,16.883295595468,>30\%
rq,14301,tr,conf,green,1,51.3471309696064,51.3471309696064,51.3471309696064,51.3471309696064,37.2142312168571,14.132899752749296,>30\%
rq,14301,tr,conf,red,1,49.8750230403426,49.8750230403426,49.8750230403426,49.8750230403426,37.2142312168571,12.660791823485496,>30\%
rq,14301,tr,fusion,blue,1,51.1190259768113,51.1190259768113,51.1190259768113,51.1190259768113,37.2142312168571,13.9047947599542,>30\%
rq,14301,tr,fusion,green,1,47.1222700044477,47.1222700044477,47.1222700044477,47.1222700044477,37.2142312168571,9.908038787590598,>30\%
rq,14301,tr,fusion,red,1,44.6368991606353,44.6368991606353,44.6368991606353,44.6368991606353,37.2142312168571,7.422667943778201,>30\%
rq,14301,tr,int,blue,1,45.9410350172319,45.9410350172319,45.9410350172319,45.9410350172319,37.2142312168571,8.726803800374796,>30\%
rq,14301,tr,int,green,1,55.03370025968,55.03370025968,55.03370025968,55.03370025968,37.2142312168571,17.819469042822902,>30\%
rq,14301,tr,int,red,1,50.3988057370908,50.3988057370908,50.3988057370908,50.3988057370908,37.2142312168571,13.184574520233696,>30\%
rq,14301,tr,int,white,1,55.0114661886648,55.0114661886648,55.0114661886648,55.0114661886648,37.2142312168571,17.797234971807697,>30\%
rq,14301,wedm_f,FV,blue,1,32.7557532244636,32.7557532244636,32.7557532244636,32.7557532244636,1.73830630641958,31.017446918044016,>30\%
rq,14301,wedm_f,FV,green,1,1.73830630641958,1.73830630641958,1.73830630641958,1.73830630641958,1.73830630641958,0,<10\%
rq,14301,wedm_f,FV,red,1,23.7750667951306,23.7750667951306,23.7750667951306,23.7750667951306,1.73830630641958,22.036760488711018,10--30\%
rq,14301,wedm_f,conf,blue,1,48.1008601579963,48.1008601579963,48.1008601579963,48.1008601579963,1.73830630641958,46.36255385157672,>30\%
rq,14301,wedm_f,conf,green,1,58.3633026929403,58.3633026929403,58.3633026929403,58.3633026929403,1.73830630641958,56.62499638652072,>30\%
rq,14301,wedm_f,conf,red,1,81.1898963324122,81.1898963324122,81.1898963324122,81.1898963324122,1.73830630641958,79.45159002599263,>30\%
rq,14301,wedm_f,fusion,blue,1,101.041561764776,101.041561764776,101.041561764776,101.041561764776,1.73830630641958,99.30325545835643,>100\%
rq,14301,wedm_f,fusion,green,1,104.901001632568,104.901001632568,104.901001632568,104.901001632568,1.73830630641958,103.16269532614842,>100\%
rq,14301,wedm_f,fusion,red,1,132.806199465758,132.806199465758,132.806199465758,132.806199465758,1.73830630641958,131.0678931593384,>100\%
rq,14301,wedm_f,int,blue,1,22.0356653068472,22.0356653068472,22.0356653068472,22.0356653068472,1.73830630641958,20.29735900042762,10--30\%
rq,14301,wedm_f,int,green,1,10.5177789497127,10.5177789497127,10.5177789497127,10.5177789497127,1.73830630641958,8.779472643293118,10--30\%
rq,14301,wedm_f,int,red,1,17.1881029583875,17.1881029583875,17.1881029583875,17.1881029583875,1.73830630641958,15.449796651967919,10--30\%
rq,14301,wedm_f,int,white,1,10.3372735805471,10.3372735805471,10.3372735805471,10.3372735805471,1.73830630641958,8.59896727412752,10--30\%
rq,14301,wedm_r,FV,blue,1,5.38090815797424,5.38090815797424,5.38090815797424,5.38090815797424,0.58014113632052,4.800767021653719,<10\%
rq,14301,wedm_r,FV,green,1,0.58014113632052,0.58014113632052,0.58014113632052,0.58014113632052,0.58014113632052,0,<10\%
rq,14301,wedm_r,FV,red,1,0.658195934224594,0.658195934224594,0.658195934224594,0.658195934224594,0.58014113632052,0.07805479790407399,<10\%
rq,14301,wedm_r,conf,blue,1,2.08798323808385,2.08798323808385,2.08798323808385,2.08798323808385,0.58014113632052,1.50784210176333,<10\%
rq,14301,wedm_r,conf,green,1,2.86142062761149,2.86142062761149,2.86142062761149,2.86142062761149,0.58014113632052,2.28127949129097,<10\%
rq,14301,wedm_r,conf,red,1,5.62467596925604,5.62467596925604,5.62467596925604,5.62467596925604,0.58014113632052,5.04453483293552,<10\%
rq,14301,wedm_r,fusion,blue,1,8.76051750609983,8.76051750609983,8.76051750609983,8.76051750609983,0.58014113632052,8.18037636977931,<10\%
rq,14301,wedm_r,fusion,green,1,6.75416308827634,6.75416308827634,6.75416308827634,6.75416308827634,0.58014113632052,6.174021951955821,<10\%
rq,14301,wedm_r,fusion,red,1,11.0704893900757,11.0704893900757,11.0704893900757,11.0704893900757,0.58014113632052,10.49034825375518,10--30\%
rq,14301,wedm_r,int,green,1,9.31123632843059,9.31123632843059,9.31123632843059,9.31123632843059,0.58014113632052,8.73109519211007,<10\%
rq,14301,wedm_r,int,red,1,5.7405790290807,5.7405790290807,5.7405790290807,5.7405790290807,0.58014113632052,5.16043789276018,<10\%
rq,14301,wedm_r,int,white,1,8.7840313298818309,8.7840313298818309,8.7840313298818309,8.7840313298818309,0.58014113632052,8.20389019356131,<10\%
rq,al7075,b,FV,blue,1,321.537494527088,321.537494527088,321.537494527088,321.537494527088,7.98239796856328,313.55509655852467,>100\%
rq,al7075,b,FV,green,1,111.403505706984,111.403505706984,111.403505706984,111.403505706984,7.98239796856328,103.42110773842073,>100\%
rq,al7075,b,FV,red,1,120.712627076966,120.712627076966,120.712627076966,120.712627076966,7.98239796856328,112.73022910840272,>100\%
rq,al7075,b,conf,blue,1,121.581577385277,121.581577385277,121.581577385277,121.581577385277,7.98239796856328,113.59917941671372,>100\%
rq,al7075,b,conf,green,1,118.518459859516,118.518459859516,118.518459859516,118.518459859516,7.98239796856328,110.53606189095272,>100\%
rq,al7075,b,conf,red,1,152.215219736515,152.215219736515,152.215219736515,152.215219736515,7.98239796856328,144.23282176795172,>100\%
rq,al7075,b,fusion,blue,1,155.00709722817,155.00709722817,155.00709722817,155.00709722817,7.98239796856328,147.02469925960673,>100\%
rq,al7075,b,fusion,green,1,148.353140063532,148.353140063532,148.353140063532,148.353140063532,7.98239796856328,140.37074209496873,>100\%
rq,al7075,b,fusion,red,1,188.53215395032,188.53215395032,188.53215395032,188.53215395032,7.98239796856328,180.54975598175673,>100\%
rq,al7075,b,int,blue,1,277.18600551774,277.18600551774,277.18600551774,277.18600551774,7.98239796856328,269.2036075491767,>100\%
rq,al7075,b,int,green,1,35.8937058867851,35.8937058867851,35.8937058867851,35.8937058867851,7.98239796856328,27.91130791822182,>30\%
rq,al7075,b,int,red,1,805.524821501696,805.524821501696,805.524821501696,805.524821501696,7.98239796856328,797.5424235331327,>100\%
rq,al7075,b,int,white,1,7.98239796856328,7.98239796856328,7.98239796856328,7.98239796856328,7.98239796856328,0,<10\%
rq,al7075,gla,FV,blue,1,14.5350580020133,14.5350580020133,14.5350580020133,14.5350580020133,3.28167645043082,11.253381551582478,10--30\%
rq,al7075,gla,FV,green,1,17.1309839831305,17.1309839831305,17.1309839831305,17.1309839831305,3.28167645043082,13.84930753269968,10--30\%
rq,al7075,gla,FV,red,1,3.28167645043082,3.28167645043082,3.28167645043082,3.28167645043082,3.28167645043082,0,<10\%
rq,al7075,gla,conf,blue,1,9.27958762288054,9.27958762288054,9.27958762288054,9.27958762288054,3.28167645043082,5.99791117244972,<10\%
rq,al7075,gla,conf,green,1,34.5811744032659,34.5811744032659,34.5811744032659,34.5811744032659,3.28167645043082,31.29949795283508,>30\%
rq,al7075,gla,conf,red,1,53.3539328028937,53.3539328028937,53.3539328028937,53.3539328028937,3.28167645043082,50.07225635246288,>30\%
rq,al7075,gla,fusion,blue,1,35.4452825746705,35.4452825746705,35.4452825746705,35.4452825746705,3.28167645043082,32.16360612423968,>30\%
rq,al7075,gla,fusion,green,1,57.9630111910248,57.9630111910248,57.9630111910248,57.9630111910248,3.28167645043082,54.681334740593975,>30\%
rq,al7075,gla,fusion,red,1,75.8471676412939,75.8471676412939,75.8471676412939,75.8471676412939,3.28167645043082,72.56549119086307,>30\%
rq,al7075,gla,int,blue,1,11.6611908796485,11.6611908796485,11.6611908796485,11.6611908796485,3.28167645043082,8.379514429217679,10--30\%
rq,al7075,gla,int,green,1,8.23667638884593,8.23667638884593,8.23667638884593,8.23667638884593,3.28167645043082,4.954999938415111,<10\%
rq,al7075,gla,int,red,1,10.5702242432879,10.5702242432879,10.5702242432879,10.5702242432879,3.28167645043082,7.28854779285708,10--30\%
rq,al7075,gla,int,white,1,8.1923837040228,8.1923837040228,8.1923837040228,8.1923837040228,3.28167645043082,4.910707253591981,<10\%
rq,al7075,gri,FV,blue,1,74.5474580222142,74.5474580222142,74.5474580222142,74.5474580222142,8.13938053629963,66.40807748591457,>30\%
rq,al7075,gri,FV,green,1,33.6916811852085,33.6916811852085,33.6916811852085,33.6916811852085,8.13938053629963,25.552300648908872,>30\%
rq,al7075,gri,FV,red,1,57.5864319662441,57.5864319662441,57.5864319662441,57.5864319662441,8.13938053629963,49.447051429944466,>30\%
rq,al7075,gri,conf,blue,1,8.57880401201827,8.57880401201827,8.57880401201827,8.57880401201827,8.13938053629963,0.43942347571864104,<10\%
rq,al7075,gri,conf,green,1,22.3456308924886,22.3456308924886,22.3456308924886,22.3456308924886,8.13938053629963,14.20625035618897,10--30\%
rq,al7075,gri,conf,red,1,37.727128039294,37.727128039294,37.727128039294,37.727128039294,8.13938053629963,29.58774750299437,>30\%
rq,al7075,gri,fusion,blue,1,27.893248020111,27.893248020111,27.893248020111,27.893248020111,8.13938053629963,19.75386748381137,10--30\%
rq,al7075,gri,fusion,green,1,44.1630944326924,44.1630944326924,44.1630944326924,44.1630944326924,8.13938053629963,36.02371389639276,>30\%
rq,al7075,gri,fusion,red,1,59.6703814417771,59.6703814417771,59.6703814417771,59.6703814417771,8.13938053629963,51.53100090547747,>30\%
rq,al7075,gri,int,blue,1,11.4825409936134,11.4825409936134,11.4825409936134,11.4825409936134,8.13938053629963,3.34316045731377,10--30\%
rq,al7075,gri,int,green,1,20.2505907878941,20.2505907878941,20.2505907878941,20.2505907878941,8.13938053629963,12.111210251594471,10--30\%
rq,al7075,gri,int,red,1,8.13938053629963,8.13938053629963,8.13938053629963,8.13938053629963,8.13938053629963,0,<10\%
rq,al7075,gri,int,white,1,21.3175159935659,21.3175159935659,21.3175159935659,21.3175159935659,8.13938053629963,13.178135457266272,10--30\%
rq,al7075,hon,FV,blue,1,9.60919388128935,9.60919388128935,9.60919388128935,9.60919388128935,2.87178947219126,6.73740440909809,<10\%
rq,al7075,hon,FV,green,1,25.5640451920804,25.5640451920804,25.5640451920804,25.5640451920804,2.87178947219126,22.69225571988914,10--30\%
rq,al7075,hon,FV,red,1,2.87178947219126,2.87178947219126,2.87178947219126,2.87178947219126,2.87178947219126,0,<10\%
rq,al7075,hon,conf,blue,1,45.5412548142242,45.5412548142242,45.5412548142242,45.5412548142242,2.87178947219126,42.66946534203294,>30\%
rq,al7075,hon,conf,green,1,34.6490057385737,34.6490057385737,34.6490057385737,34.6490057385737,2.87178947219126,31.77721626638244,>30\%
rq,al7075,hon,conf,red,1,26.4393653444394,26.4393653444394,26.4393653444394,26.4393653444394,2.87178947219126,23.56757587224814,10--30\%
rq,al7075,hon,fusion,blue,1,33.4105683357283,33.4105683357283,33.4105683357283,33.4105683357283,2.87178947219126,30.53877886353704,>30\%
rq,al7075,hon,fusion,green,1,20.762504946381,20.762504946381,20.762504946381,20.762504946381,2.87178947219126,17.89071547418974,10--30\%
rq,al7075,hon,fusion,red,1,12.3759886573076,12.3759886573076,12.3759886573076,12.3759886573076,2.87178947219126,9.50419918511634,10--30\%
rq,al7075,hon,int,blue,1,51.6423011000318,51.6423011000318,51.6423011000318,51.6423011000318,2.87178947219126,48.77051162784054,>30\%
rq,al7075,hon,int,green,1,56.4019152154632,56.4019152154632,56.4019152154632,56.4019152154632,2.87178947219126,53.53012574327194,>30\%
rq,al7075,hon,int,red,1,51.8201841683054,51.8201841683054,51.8201841683054,51.8201841683054,2.87178947219126,48.94839469611414,>30\%
rq,al7075,hon,int,white,1,56.5252681075817,56.5252681075817,56.5252681075817,56.5252681075817,2.87178947219126,53.65347863539044,>30\%
rq,al7075,mf,FV,blue,1,132.387773824816,132.387773824816,132.387773824816,132.387773824816,29.6185493492974,102.76922447551861,>100\%
rq,al7075,mf,FV,green,1,29.6185493492974,29.6185493492974,29.6185493492974,29.6185493492974,29.6185493492974,0,10--30\%
rq,al7075,mf,FV,red,1,38.027229299436,38.027229299436,38.027229299436,38.027229299436,29.6185493492974,8.408679950138602,>30\%
rq,al7075,mf,conf,blue,1,33.9171042250911,33.9171042250911,33.9171042250911,33.9171042250911,29.6185493492974,4.298554875793702,>30\%
rq,al7075,mf,conf,green,1,50.5996934017701,50.5996934017701,50.5996934017701,50.5996934017701,29.6185493492974,20.981144052472697,>30\%
rq,al7075,mf,conf,red,1,80.3176606420626,80.3176606420626,80.3176606420626,80.3176606420626,29.6185493492974,50.69911129276521,>30\%
rq,al7075,mf,fusion,blue,1,59.8408220310089,59.8408220310089,59.8408220310089,59.8408220310089,29.6185493492974,30.222272681711498,>30\%
rq,al7075,mf,fusion,green,1,76.1420494401757,76.1420494401757,76.1420494401757,76.1420494401757,29.6185493492974,46.5235000908783,>30\%
rq,al7075,mf,fusion,red,1,105.941314823587,105.941314823587,105.941314823587,105.941314823587,29.6185493492974,76.32276547428961,>100\%
rq,al7075,mf,int,blue,1,47.2988818479342,47.2988818479342,47.2988818479342,47.2988818479342,29.6185493492974,17.680332498636798,>30\%
rq,al7075,mf,int,green,1,45.096199206864,45.096199206864,45.096199206864,45.096199206864,29.6185493492974,15.4776498575666,>30\%
rq,al7075,mf,int,red,1,196.561195825856,196.561195825856,196.561195825856,196.561195825856,29.6185493492974,166.9426464765586,>100\%
rq,al7075,mf,int,white,1,53.0514252095521,53.0514252095521,53.0514252095521,53.0514252095521,29.6185493492974,23.4328758602547,>30\%
rq,al7075,mr,FV,blue,1,279.414494304632,279.414494304632,279.414494304632,279.414494304632,42.6355007738218,236.7789935308102,>100\%
rq,al7075,mr,FV,green,1,138.977387307228,138.977387307228,138.977387307228,138.977387307228,42.6355007738218,96.34188653340621,>100\%
rq,al7075,mr,FV,red,1,94.6241548912837,94.6241548912837,94.6241548912837,94.6241548912837,42.6355007738218,51.98865411746189,>30\%
rq,al7075,mr,conf,blue,1,58.6211341725327,58.6211341725327,58.6211341725327,58.6211341725327,42.6355007738218,15.985633398710895,>30\%
rq,al7075,mr,conf,green,1,79.8866238519952,79.8866238519952,79.8866238519952,79.8866238519952,42.6355007738218,37.25112307817339,>30\%
rq,al7075,mr,conf,red,1,99.0286306400737,99.0286306400737,99.0286306400737,99.0286306400737,42.6355007738218,56.3931298662519,>30\%
rq,al7075,mr,fusion,blue,1,99.5861440244476,99.5861440244476,99.5861440244476,99.5861440244476,42.6355007738218,56.9506432506258,>30\%
rq,al7075,mr,fusion,green,1,132.524150173863,132.524150173863,132.524150173863,132.524150173863,42.6355007738218,89.8886494000412,>100\%
rq,al7075,mr,fusion,red,1,149.693721602754,149.693721602754,149.693721602754,149.693721602754,42.6355007738218,107.0582208289322,>100\%
rq,al7075,mr,int,blue,1,58.5116818053431,58.5116818053431,58.5116818053431,58.5116818053431,42.6355007738218,15.876181031521298,>30\%
rq,al7075,mr,int,green,1,42.6355007738218,42.6355007738218,42.6355007738218,42.6355007738218,42.6355007738218,0,>30\%
rq,al7075,mr,int,red,1,184.680559958237,184.680559958237,184.680559958237,184.680559958237,42.6355007738218,142.0450591844152,>100\%
rq,al7075,mr,int,white,1,49.384048722692,49.384048722692,49.384048722692,49.384048722692,42.6355007738218,6.748547948870197,>30\%
rq,al7075,tf,FV,blue,1,3.00227922326047,3.00227922326047,3.00227922326047,3.00227922326047,3.00227922326047,0,<10\%
rq,al7075,tf,FV,green,1,28.750186967084,28.750186967084,28.750186967084,28.750186967084,3.00227922326047,25.747907743823532,10--30\%
rq,al7075,tf,FV,red,1,29.9961397390069,29.9961397390069,29.9961397390069,29.9961397390069,3.00227922326047,26.99386051574643,10--30\%
rq,al7075,tf,conf,blue,1,39.4806873616835,39.4806873616835,39.4806873616835,39.4806873616835,3.00227922326047,36.47840813842303,>30\%
rq,al7075,tf,conf,green,1,28.3296604435163,28.3296604435163,28.3296604435163,28.3296604435163,3.00227922326047,25.32738122025583,10--30\%
rq,al7075,tf,conf,red,1,19.0704990284794,19.0704990284794,19.0704990284794,19.0704990284794,3.00227922326047,16.06821980521893,10--30\%
rq,al7075,tf,fusion,blue,1,30.1810603488478,30.1810603488478,30.1810603488478,30.1810603488478,3.00227922326047,27.17878112558733,>30\%
rq,al7075,tf,fusion,green,1,14.5707509396313,14.5707509396313,14.5707509396313,14.5707509396313,3.00227922326047,11.56847171637083,10--30\%
rq,al7075,tf,fusion,red,1,4.36949905698885,4.36949905698885,4.36949905698885,4.36949905698885,3.00227922326047,1.3672198337283805,<10\%
rq,al7075,tf,int,blue,1,28.0530749777189,28.0530749777189,28.0530749777189,28.0530749777189,3.00227922326047,25.05079575445843,10--30\%
rq,al7075,tf,int,green,1,49.3099133332232,49.3099133332232,49.3099133332232,49.3099133332232,3.00227922326047,46.30763410996273,>30\%
rq,al7075,tf,int,red,1,14.6824019758759,14.6824019758759,14.6824019758759,14.6824019758759,3.00227922326047,11.68012275261543,10--30\%
rq,al7075,tf,int,white,1,50.9611970017344,50.9611970017344,50.9611970017344,50.9611970017344,3.00227922326047,47.958917778473925,>30\%
rq,al7075,tr,FV,blue,1,62.1595140284249,62.1595140284249,62.1595140284249,62.1595140284249,62.1595140284249,0,>30\%
rq,al7075,tr,FV,green,1,68.6262628467497,68.6262628467497,68.6262628467497,68.6262628467497,62.1595140284249,6.466748818324795,>30\%
rq,al7075,tr,FV,red,1,68.7447343923554,68.7447343923554,68.7447343923554,68.7447343923554,62.1595140284249,6.585220363930496,>30\%
rq,al7075,tr,conf,blue,1,68.1523260620119,68.1523260620119,68.1523260620119,68.1523260620119,62.1595140284249,5.992812033586993,>30\%
rq,al7075,tr,conf,green,1,67.5181447808574,67.5181447808574,67.5181447808574,67.5181447808574,62.1595140284249,5.3586307524324965,>30\%
rq,al7075,tr,conf,red,1,65.8601084275594,65.8601084275594,65.8601084275594,65.8601084275594,62.1595140284249,3.700594399134495,>30\%
rq,al7075,tr,fusion,blue,1,66.6051361449142,66.6051361449142,66.6051361449142,66.6051361449142,62.1595140284249,4.445622116489297,>30\%
rq,al7075,tr,fusion,green,1,65.5603682946392,65.5603682946392,65.5603682946392,65.5603682946392,62.1595140284249,3.400854266214303,>30\%
rq,al7075,tr,fusion,red,1,63.7249544625061,63.7249544625061,63.7249544625061,63.7249544625061,62.1595140284249,1.5654404340811965,>30\%
rq,al7075,tr,int,blue,1,65.5109261654153,65.5109261654153,65.5109261654153,65.5109261654153,62.1595140284249,3.3514121369903975,>30\%
rq,al7075,tr,int,green,1,71.1267130853722,71.1267130853722,71.1267130853722,71.1267130853722,62.1595140284249,8.967199056947301,>30\%
rq,al7075,tr,int,red,1,69.818723532616,69.818723532616,69.818723532616,69.818723532616,62.1595140284249,7.659209504191104,>30\%
rq,al7075,tr,int,white,1,71.1454390946223,71.1454390946223,71.1454390946223,71.1454390946223,62.1595140284249,8.985925066197403,>30\%
rq,al7075,wedm_f,FV,blue,1,77.5450687251128,77.5450687251128,77.5450687251128,77.5450687251128,2.16284391167135,75.38222481344145,>30\%
rq,al7075,wedm_f,FV,green,1,42.5941990561184,42.5941990561184,42.5941990561184,42.5941990561184,2.16284391167135,40.431355144447046,>30\%
rq,al7075,wedm_f,FV,red,1,59.6365779703707,59.6365779703707,59.6365779703707,59.6365779703707,2.16284391167135,57.47373405869935,>30\%
rq,al7075,wedm_f,conf,blue,1,103.852693468464,103.852693468464,103.852693468464,103.852693468464,2.16284391167135,101.68984955679265,>100\%
rq,al7075,wedm_f,conf,green,1,98.8013838727199,98.8013838727199,98.8013838727199,98.8013838727199,2.16284391167135,96.63853996104855,>30\%
rq,al7075,wedm_f,conf,red,1,128.787412788401,128.787412788401,128.787412788401,128.787412788401,2.16284391167135,126.62456887672967,>100\%
rq,al7075,wedm_f,fusion,blue,1,183.764177062305,183.764177062305,183.764177062305,183.764177062305,2.16284391167135,181.60133315063365,>100\%
rq,al7075,wedm_f,fusion,green,1,168.919432774409,168.919432774409,168.919432774409,168.919432774409,2.16284391167135,166.75658886273763,>100\%
rq,al7075,wedm_f,fusion,red,1,210.932861540809,210.932861540809,210.932861540809,210.932861540809,2.16284391167135,208.77001762913764,>100\%
rq,al7075,wedm_f,int,blue,1,33.3410188867784,33.3410188867784,33.3410188867784,33.3410188867784,2.16284391167135,31.17817497510705,>30\%
rq,al7075,wedm_f,int,green,1,2.91308684765022,2.91308684765022,2.91308684765022,2.91308684765022,2.16284391167135,0.75024293597887,<10\%
rq,al7075,wedm_f,int,red,1,2.16284391167135,2.16284391167135,2.16284391167135,2.16284391167135,2.16284391167135,0,<10\%
rq,al7075,wedm_f,int,white,1,6.41577766416561,6.41577766416561,6.41577766416561,6.41577766416561,2.16284391167135,4.252933752494259,<10\%
rq,al7075,wedm_r,FV,blue,1,14.0287784568346,14.0287784568346,14.0287784568346,14.0287784568346,3.46219730562423,10.56658115121037,10--30\%
rq,al7075,wedm_r,FV,green,1,7.92184500763972,7.92184500763972,7.92184500763972,7.92184500763972,3.46219730562423,4.45964770201549,<10\%
rq,al7075,wedm_r,FV,red,1,4.04568200266513,4.04568200266513,4.04568200266513,4.04568200266513,3.46219730562423,0.5834846970408996,<10\%
rq,al7075,wedm_r,conf,blue,1,3.46219730562423,3.46219730562423,3.46219730562423,3.46219730562423,3.46219730562423,0,<10\%
rq,al7075,wedm_r,conf,green,1,7.48932950698333,7.48932950698333,7.48932950698333,7.48932950698333,3.46219730562423,4.0271322013591,<10\%
rq,al7075,wedm_r,conf,red,1,19.9792356155548,19.9792356155548,19.9792356155548,19.9792356155548,3.46219730562423,16.51703830993057,10--30\%
rq,al7075,wedm_r,fusion,blue,1,30.4395745093778,30.4395745093778,30.4395745093778,30.4395745093778,3.46219730562423,26.97737720375357,>30\%
rq,al7075,wedm_r,fusion,green,1,52.1170679191098,52.1170679191098,52.1170679191098,52.1170679191098,3.46219730562423,48.65487061348557,>30\%
rq,al7075,wedm_r,fusion,red,1,69.2239784164665,69.2239784164665,69.2239784164665,69.2239784164665,3.46219730562423,65.76178111084226,>30\%
rq,al7075,wedm_r,int,blue,1,7.53552271216797,7.53552271216797,7.53552271216797,7.53552271216797,3.46219730562423,4.07332540654374,<10\%
rq,al7075,wedm_r,int,green,1,5.36854273858241,5.36854273858241,5.36854273858241,5.36854273858241,3.46219730562423,1.90634543295818,<10\%
rq,al7075,wedm_r,int,red,1,6.04710826319487,6.04710826319487,6.04710826319487,6.04710826319487,3.46219730562423,2.58491095757064,<10\%
rq,al7075,wedm_r,int,white,1,4.32454292033769,4.32454292033769,4.32454292033769,4.32454292033769,3.46219730562423,0.8623456147134596,<10\%
rq,c45,b,FV,blue,1,261.1988815941,261.1988815941,261.1988815941,261.1988815941,2.86690894379413,258.33197265030583,>100\%
rq,c45,b,FV,green,1,92.3180815935003,92.3180815935003,92.3180815935003,92.3180815935003,2.86690894379413,89.45117264970617,>30\%
rq,c45,b,FV,red,1,138.15681666212,138.15681666212,138.15681666212,138.15681666212,2.86690894379413,135.28990771832588,>100\%
rq,c45,b,conf,green,1,154.280332639641,154.280332639641,154.280332639641,154.280332639641,2.86690894379413,151.41342369584686,>100\%
rq,c45,b,conf,red,1,211.50246764286,211.50246764286,211.50246764286,211.50246764286,2.86690894379413,208.63555869906588,>100\%
rq,c45,b,fusion,blue,1,168.934162172944,168.934162172944,168.934162172944,168.934162172944,2.86690894379413,166.06725322914988,>100\%
rq,c45,b,fusion,green,1,196.925278238469,196.925278238469,196.925278238469,196.925278238469,2.86690894379413,194.05836929467486,>100\%
rq,c45,b,fusion,red,1,268.811710332504,268.811710332504,268.811710332504,268.811710332504,2.86690894379413,265.94480138870983,>100\%
rq,c45,b,int,blue,2,549.2599676211595,549.2599676211595,547.5599713945742,550.9599638477448,2.86690894379413,546.3930586773654,>100\%
rq,c45,b,int,green,1,2.86690894379413,2.86690894379413,2.86690894379413,2.86690894379413,2.86690894379413,0,<10\%
rq,c45,b,int,red,1,65.2436744413649,65.2436744413649,65.2436744413649,65.2436744413649,2.86690894379413,62.37676549757077,>30\%
rq,c45,b,int,white,1,4.58056760408519,4.58056760408519,4.58056760408519,4.58056760408519,2.86690894379413,1.7136586602910602,<10\%
rq,c45,gla,FV,blue,1,7.22296316645531,7.22296316645531,7.22296316645531,7.22296316645531,7.22296316645531,0,<10\%
rq,c45,gla,FV,green,1,21.0994173284303,21.0994173284303,21.0994173284303,21.0994173284303,7.22296316645531,13.876454161974989,10--30\%
rq,c45,gla,FV,red,1,7.43030314548483,7.43030314548483,7.43030314548483,7.43030314548483,7.22296316645531,0.20733997902951984,<10\%
rq,c45,gla,conf,blue,1,8.98301553211627,8.98301553211627,8.98301553211627,8.98301553211627,7.22296316645531,1.7600523656609592,<10\%
rq,c45,gla,conf,green,1,33.4757348064612,33.4757348064612,33.4757348064612,33.4757348064612,7.22296316645531,26.25277164000589,>30\%
rq,c45,gla,conf,red,1,52.26310374696,52.26310374696,52.26310374696,52.26310374696,7.22296316645531,45.04014058050469,>30\%
rq,c45,gla,fusion,blue,1,35.4715075451189,35.4715075451189,35.4715075451189,35.4715075451189,7.22296316645531,28.24854437866359,>30\%
rq,c45,gla,fusion,green,1,57.7562880002013,57.7562880002013,57.7562880002013,57.7562880002013,7.22296316645531,50.53332483374599,>30\%
rq,c45,gla,fusion,red,1,80.2012538214994,80.2012538214994,80.2012538214994,80.2012538214994,7.22296316645531,72.97829065504409,>30\%
rq,c45,gla,int,blue,1,22.2266315898878,22.2266315898878,22.2266315898878,22.2266315898878,7.22296316645531,15.003668423432488,10--30\%
rq,c45,gla,int,green,1,21.420437447338,21.420437447338,21.420437447338,21.420437447338,7.22296316645531,14.19747428088269,10--30\%
rq,c45,gla,int,red,1,19.7842688402316,19.7842688402316,19.7842688402316,19.7842688402316,7.22296316645531,12.56130567377629,10--30\%
rq,c45,gla,int,white,1,22.0277088918671,22.0277088918671,22.0277088918671,22.0277088918671,7.22296316645531,14.80474572541179,10--30\%
rq,c45,gri,FV,blue,1,134.589176831788,134.589176831788,134.589176831788,134.589176831788,0.157895225024561,134.43128160676343,>100\%
rq,c45,gri,FV,green,1,86.0062240606841,86.0062240606841,86.0062240606841,86.0062240606841,0.157895225024561,85.84832883565954,>30\%
rq,c45,gri,FV,red,1,126.612405546728,126.612405546728,126.612405546728,126.612405546728,0.157895225024561,126.45451032170344,>100\%
rq,c45,gri,conf,blue,1,38.9920032513928,38.9920032513928,38.9920032513928,38.9920032513928,0.157895225024561,38.83410802636824,>30\%
rq,c45,gri,conf,green,1,58.6351531101022,58.6351531101022,58.6351531101022,58.6351531101022,0.157895225024561,58.47725788507764,>30\%
rq,c45,gri,conf,red,1,75.2465253908766,75.2465253908766,75.2465253908766,75.2465253908766,0.157895225024561,75.08863016585204,>30\%
rq,c45,gri,fusion,blue,1,61.2352608851388,61.2352608851388,61.2352608851388,61.2352608851388,0.157895225024561,61.07736566011424,>30\%
rq,c45,gri,fusion,green,1,82.9690735181566,82.9690735181566,82.9690735181566,82.9690735181566,0.157895225024561,82.81117829313204,>30\%
rq,c45,gri,fusion,red,1,100.291693663106,100.291693663106,100.291693663106,100.291693663106,0.157895225024561,100.13379843808144,>100\%
rq,c45,gri,int,blue,1,8.50882806652013,8.50882806652013,8.50882806652013,8.50882806652013,0.157895225024561,8.350932841495569,<10\%
rq,c45,gri,int,green,1,0.602484456040458,0.602484456040458,0.602484456040458,0.602484456040458,0.157895225024561,0.444589231015897,<10\%
rq,c45,gri,int,red,1,11.8253138558973,11.8253138558973,11.8253138558973,11.8253138558973,0.157895225024561,11.667418630872739,10--30\%
rq,c45,gri,int,white,1,0.157895225024561,0.157895225024561,0.157895225024561,0.157895225024561,0.157895225024561,0,<10\%
rq,c45,hon,FV,blue,1,16.4498812985029,16.4498812985029,16.4498812985029,16.4498812985029,0.590891109475945,15.858990189026953,10--30\%
rq,c45,hon,FV,green,1,27.572753094779902,27.572753094779902,27.572753094779902,27.572753094779902,0.590891109475945,26.981861985303958,10--30\%
rq,c45,hon,FV,red,1,75.951670860987,75.951670860987,75.951670860987,75.951670860987,0.590891109475945,75.36077975151105,>30\%
rq,c45,hon,conf,blue,1,4.45064688810036,4.45064688810036,4.45064688810036,4.45064688810036,0.590891109475945,3.8597557786244154,<10\%
rq,c45,hon,conf,green,1,12.643436187773,12.643436187773,12.643436187773,12.643436187773,0.590891109475945,12.052545078297054,10--30\%
rq,c45,hon,conf,red,1,24.5801894031962,24.5801894031962,24.5801894031962,24.5801894031962,0.590891109475945,23.989298293720257,10--30\%
rq,c45,hon,fusion,blue,1,31.1683779046582,31.1683779046582,31.1683779046582,31.1683779046582,0.590891109475945,30.577486795182256,>30\%
rq,c45,hon,fusion,green,1,40.3450845707087,40.3450845707087,40.3450845707087,40.3450845707087,0.590891109475945,39.75419346123275,>30\%
rq,c45,hon,fusion,red,1,52.6307541003356,52.6307541003356,52.6307541003356,52.6307541003356,0.590891109475945,52.03986299085965,>30\%
rq,c45,hon,int,blue,1,11.7934411615273,11.7934411615273,11.7934411615273,11.7934411615273,0.590891109475945,11.202550052051354,10--30\%
rq,c45,hon,int,green,1,1.3527657231067,1.3527657231067,1.3527657231067,1.3527657231067,0.590891109475945,0.761874613630755,<10\%
rq,c45,hon,int,red,1,7.56254934577229,7.56254934577229,7.56254934577229,7.56254934577229,0.590891109475945,6.971658236296345,<10\%
rq,c45,hon,int,white,1,0.590891109475945,0.590891109475945,0.590891109475945,0.590891109475945,0.590891109475945,0,<10\%
rq,c45,mf,FV,blue,1,22.0088055891654,22.0088055891654,22.0088055891654,22.0088055891654,0.192235887788273,21.81656970137713,10--30\%
rq,c45,mf,FV,green,1,32.2273145040411,32.2273145040411,32.2273145040411,32.2273145040411,0.192235887788273,32.035078616252825,>30\%
rq,c45,mf,FV,red,1,21.4105505818743,21.4105505818743,21.4105505818743,21.4105505818743,0.192235887788273,21.21831469408603,10--30\%
rq,c45,mf,conf,green,1,12.7382557204592,12.7382557204592,12.7382557204592,12.7382557204592,0.192235887788273,12.546019832670927,10--30\%
rq,c45,mf,conf,red,1,1.87194385903235,1.87194385903235,1.87194385903235,1.87194385903235,0.192235887788273,1.679707971244077,<10\%
rq,c45,mf,fusion,blue,1,12.8977400355889,12.8977400355889,12.8977400355889,12.8977400355889,0.192235887788273,12.705504147800626,10--30\%
rq,c45,mf,fusion,green,1,0.192235887788273,0.192235887788273,0.192235887788273,0.192235887788273,0.192235887788273,0,<10\%
rq,c45,mf,fusion,red,1,12.2955784277387,12.2955784277387,12.2955784277387,12.2955784277387,0.192235887788273,12.103342539950427,10--30\%
rq,c45,mf,int,blue,1,27.0005040715743,27.0005040715743,27.0005040715743,27.0005040715743,0.192235887788273,26.80826818378603,10--30\%
rq,c45,mf,int,green,1,21.2704326274057,21.2704326274057,21.2704326274057,21.2704326274057,0.192235887788273,21.07819673961743,10--30\%
rq,c45,mf,int,red,1,17.9482307720082,17.9482307720082,17.9482307720082,17.9482307720082,0.192235887788273,17.755994884219927,10--30\%
rq,c45,mf,int,white,1,26.9645982045646,26.9645982045646,26.9645982045646,26.9645982045646,0.192235887788273,26.772362316776327,10--30\%
rq,c45,mr,FV,blue,1,47.0086542526725,47.0086542526725,47.0086542526725,47.0086542526725,34.5144649142337,12.494189338438801,>30\%
rq,c45,mr,FV,green,1,51.6012979169185,51.6012979169185,51.6012979169185,51.6012979169185,34.5144649142337,17.0868330026848,>30\%
rq,c45,mr,FV,red,1,49.4845014866517,49.4845014866517,49.4845014866517,49.4845014866517,34.5144649142337,14.970036572418003,>30\%
rq,c45,mr,conf,green,1,44.4573670879433,44.4573670879433,44.4573670879433,44.4573670879433,34.5144649142337,9.942902173709598,>30\%
rq,c45,mr,conf,red,1,40.3448064400296,40.3448064400296,40.3448064400296,40.3448064400296,34.5144649142337,5.830341525795902,>30\%
rq,c45,mr,fusion,blue,1,43.338219130121,43.338219130121,43.338219130121,43.338219130121,34.5144649142337,8.823754215887298,>30\%
rq,c45,mr,fusion,green,1,39.4377080102065,39.4377080102065,39.4377080102065,39.4377080102065,34.5144649142337,4.923243095972801,>30\%
rq,c45,mr,fusion,red,1,34.5144649142337,34.5144649142337,34.5144649142337,34.5144649142337,34.5144649142337,0,>30\%
rq,c45,mr,int,blue,1,42.928015237027,42.928015237027,42.928015237027,42.928015237027,34.5144649142337,8.413550322793299,>30\%
rq,c45,mr,int,green,1,50.5271644179885,50.5271644179885,50.5271644179885,50.5271644179885,34.5144649142337,16.012699503754803,>30\%
rq,c45,mr,int,red,1,50.2471179484623,50.2471179484623,50.2471179484623,50.2471179484623,34.5144649142337,15.732653034228598,>30\%
rq,c45,mr,int,white,1,50.6527518194373,50.6527518194373,50.6527518194373,50.6527518194373,34.5144649142337,16.1382869052036,>30\%
rq,c45,tf,FV,blue,1,65.3614084106825,65.3614084106825,65.3614084106825,65.3614084106825,55.0386871984375,10.322721212245,>30\%
rq,c45,tf,FV,green,1,67.6780237853033,67.6780237853033,67.6780237853033,67.6780237853033,55.0386871984375,12.639336586865795,>30\%
rq,c45,tf,FV,red,1,65.2793659464846,65.2793659464846,65.2793659464846,65.2793659464846,55.0386871984375,10.240678748047102,>30\%
rq,c45,tf,conf,green,1,62.8052059330104,62.8052059330104,62.8052059330104,62.8052059330104,55.0386871984375,7.766518734572898,>30\%
rq,c45,tf,conf,red,1,60.0106695049928,60.0106695049928,60.0106695049928,60.0106695049928,55.0386871984375,4.971982306555297,>30\%
rq,c45,tf,fusion,blue,1,62.184214046989,62.184214046989,62.184214046989,62.184214046989,55.0386871984375,7.145526848551498,>30\%
rq,c45,tf,fusion,green,1,58.4012090899513,58.4012090899513,58.4012090899513,58.4012090899513,55.0386871984375,3.3625218915138007,>30\%
rq,c45,tf,fusion,red,1,55.0386871984375,55.0386871984375,55.0386871984375,55.0386871984375,55.0386871984375,0,>30\%
rq,c45,tf,int,blue,1,62.6121976160377,62.6121976160377,62.6121976160377,62.6121976160377,55.0386871984375,7.573510417600197,>30\%
rq,c45,tf,int,green,1,66.65205256165,66.65205256165,66.65205256165,66.65205256165,55.0386871984375,11.613365363212495,>30\%
rq,c45,tf,int,red,1,66.7104300685079,66.7104300685079,66.7104300685079,66.7104300685079,55.0386871984375,11.671742870070403,>30\%
rq,c45,tf,int,white,1,66.7310440559751,66.7310440559751,66.7310440559751,66.7310440559751,55.0386871984375,11.692356857537604,>30\%
rq,c45,tr,FV,blue,1,85.4580141715004,85.4580141715004,85.4580141715004,85.4580141715004,85.3392977248463,0.11871644665409065,>30\%
rq,c45,tr,FV,green,1,90.3241377040584,90.3241377040584,90.3241377040584,90.3241377040584,85.3392977248463,4.984839979212097,>30\%
rq,c45,tr,FV,red,1,90.1874665321925,90.1874665321925,90.1874665321925,90.1874665321925,85.3392977248463,4.848168807346198,>30\%
rq,c45,tr,conf,green,1,88.9126500362157,88.9126500362157,88.9126500362157,88.9126500362157,85.3392977248463,3.5733523113693906,>30\%
rq,c45,tr,conf,red,1,87.6882854512532,87.6882854512532,87.6882854512532,87.6882854512532,85.3392977248463,2.3489877264068895,>30\%
rq,c45,tr,fusion,blue,1,88.7451835925172,88.7451835925172,88.7451835925172,88.7451835925172,85.3392977248463,3.4058858676708894,>30\%
rq,c45,tr,fusion,green,1,86.5485190396299,86.5485190396299,86.5485190396299,86.5485190396299,85.3392977248463,1.2092213147835906,>30\%
rq,c45,tr,fusion,red,1,85.3392977248463,85.3392977248463,85.3392977248463,85.3392977248463,85.3392977248463,0,>30\%
rq,c45,tr,int,blue,1,89.2014594752635,89.2014594752635,89.2014594752635,89.2014594752635,85.3392977248463,3.862161750417201,>30\%
rq,c45,tr,int,green,1,93.1281285901625,93.1281285901625,93.1281285901625,93.1281285901625,85.3392977248463,7.7888308653162,>30\%
rq,c45,tr,int,red,1,90.5129412238462,90.5129412238462,90.5129412238462,90.5129412238462,85.3392977248463,5.173643498999894,>30\%
rq,c45,tr,int,white,1,93.1299070112728,93.1299070112728,93.1299070112728,93.1299070112728,85.3392977248463,7.790609286426502,>30\%
rq,c45,wedm_f,FV,blue,1,24.2639102466963,24.2639102466963,24.2639102466963,24.2639102466963,13.2979156733886,10.965994573307702,10--30\%
rq,c45,wedm_f,FV,green,1,13.2979156733886,13.2979156733886,13.2979156733886,13.2979156733886,13.2979156733886,0,10--30\%
rq,c45,wedm_f,FV,red,1,43.6980292759328,43.6980292759328,43.6980292759328,43.6980292759328,13.2979156733886,30.400113602544195,>30\%
rq,c45,wedm_f,conf,blue,1,65.523518126274,65.523518126274,65.523518126274,65.523518126274,13.2979156733886,52.2256024528854,>30\%
rq,c45,wedm_f,conf,green,1,96.1857806651697,96.1857806651697,96.1857806651697,96.1857806651697,13.2979156733886,82.8878649917811,>30\%
rq,c45,wedm_f,conf,red,1,108.787120344292,108.787120344292,108.787120344292,108.787120344292,13.2979156733886,95.4892046709034,>100\%
rq,c45,wedm_f,fusion,blue,1,125.381156779508,125.381156779508,125.381156779508,125.381156779508,13.2979156733886,112.0832411061194,>100\%
rq,c45,wedm_f,fusion,green,1,137.999779821235,137.999779821235,137.999779821235,137.999779821235,13.2979156733886,124.7018641478464,>100\%
rq,c45,wedm_f,fusion,red,1,149.299442437309,149.299442437309,149.299442437309,149.299442437309,13.2979156733886,136.00152676392042,>100\%
rq,c45,wedm_f,int,blue,1,28.7129557874179,28.7129557874179,28.7129557874179,28.7129557874179,13.2979156733886,15.415040114029301,10--30\%
rq,c45,wedm_f,int,green,1,19.4398121759727,19.4398121759727,19.4398121759727,19.4398121759727,13.2979156733886,6.1418965025841015,10--30\%
rq,c45,wedm_f,int,red,1,19.5813081912544,19.5813081912544,19.5813081912544,19.5813081912544,13.2979156733886,6.283392517865801,10--30\%
rq,c45,wedm_f,int,white,1,19.5611377288444,19.5611377288444,19.5611377288444,19.5611377288444,13.2979156733886,6.263222055455801,10--30\%
rq,c45,wedm_r,FV,blue,1,0.953873215428021,0.953873215428021,0.953873215428021,0.953873215428021,0.953873215428021,0,<10\%
rq,c45,wedm_r,FV,green,1,3.10053822763671,3.10053822763671,3.10053822763671,3.10053822763671,0.953873215428021,2.146665012208689,<10\%
rq,c45,wedm_r,FV,red,1,2.15387277580727,2.15387277580727,2.15387277580727,2.15387277580727,0.953873215428021,1.1999995603792493,<10\%
rq,c45,wedm_r,conf,blue,1,2.28806941376539,2.28806941376539,2.28806941376539,2.28806941376539,0.953873215428021,1.3341961983373691,<10\%
rq,c45,wedm_r,conf,green,1,6.3305007418775,6.3305007418775,6.3305007418775,6.3305007418775,0.953873215428021,5.376627526449479,<10\%
rq,c45,wedm_r,conf,red,1,10.0923233661775,10.0923233661775,10.0923233661775,10.0923233661775,0.953873215428021,9.138450150749478,10--30\%
rq,c45,wedm_r,fusion,blue,1,11.1797225932781,11.1797225932781,11.1797225932781,11.1797225932781,0.953873215428021,10.225849377850079,10--30\%
rq,c45,wedm_r,fusion,green,1,17.6308500785376,17.6308500785376,17.6308500785376,17.6308500785376,0.953873215428021,16.676976863109576,10--30\%
rq,c45,wedm_r,fusion,red,1,31.9615286268962,31.9615286268962,31.9615286268962,31.9615286268962,0.953873215428021,31.00765541146818,>30\%
rq,c45,wedm_r,int,blue,1,34.3085858510871,34.3085858510871,34.3085858510871,34.3085858510871,0.953873215428021,33.354712635659084,>30\%
rq,c45,wedm_r,int,green,1,7.69903248600006,7.69903248600006,7.69903248600006,7.69903248600006,0.953873215428021,6.745159270572039,<10\%
rq,c45,wedm_r,int,red,1,5.61914180443881,5.61914180443881,5.61914180443881,5.61914180443881,0.953873215428021,4.665268589010789,<10\%
rq,c45,wedm_r,int,white,1,7.54942701456449,7.54942701456449,7.54942701456449,7.54942701456449,0.953873215428021,6.595553799136469,<10\%
rq,ellor,gla,FV,blue,1,9.75285627704789,9.75285627704789,9.75285627704789,9.75285627704789,8.33719387349765,1.4156624035502396,<10\%
rq,ellor,gla,FV,green,1,8.63394306859205,8.63394306859205,8.63394306859205,8.63394306859205,8.33719387349765,0.29674919509439945,<10\%
rq,ellor,gla,FV,red,1,8.33719387349765,8.33719387349765,8.33719387349765,8.33719387349765,8.33719387349765,0,<10\%
rq,ellor,gla,conf,blue,1,11.6489370768598,11.6489370768598,11.6489370768598,11.6489370768598,8.33719387349765,3.31174320336215,10--30\%
rq,ellor,gla,conf,green,1,13.8860495291888,13.8860495291888,13.8860495291888,13.8860495291888,8.33719387349765,5.548855655691149,10--30\%
rq,ellor,gla,conf,red,1,13.8522646937885,13.8522646937885,13.8522646937885,13.8522646937885,8.33719387349765,5.51507082029085,10--30\%
rq,ellor,gla,fusion,blue,1,14.5861725360151,14.5861725360151,14.5861725360151,14.5861725360151,8.33719387349765,6.24897866251745,10--30\%
rq,ellor,gla,fusion,green,1,14.3751743525457,14.3751743525457,14.3751743525457,14.3751743525457,8.33719387349765,6.03798047904805,10--30\%
rq,ellor,gla,fusion,red,1,16.321874958584,16.321874958584,16.321874958584,16.321874958584,8.33719387349765,7.9846810850863505,10--30\%
rq,ellor,gla,int,blue,1,16.4751993839024,16.4751993839024,16.4751993839024,16.4751993839024,8.33719387349765,8.13800551040475,10--30\%
rq,ellor,gla,int,green,1,13.7615765536798,13.7615765536798,13.7615765536798,13.7615765536798,8.33719387349765,5.42438268018215,10--30\%
rq,ellor,gla,int,red,1,13.1167384310818,13.1167384310818,13.1167384310818,13.1167384310818,8.33719387349765,4.779544557584149,10--30\%
rq,ellor,gla,int,white,1,14.6154190263952,14.6154190263952,14.6154190263952,14.6154190263952,8.33719387349765,6.27822515289755,10--30\%
rq,ellor,gri,FV,blue,1,224.107848630902,224.107848630902,224.107848630902,224.107848630902,82.9985095144709,141.1093391164311,>100\%
rq,ellor,gri,FV,green,1,213.219369875882,213.219369875882,213.219369875882,213.219369875882,82.9985095144709,130.2208603614111,>100\%
rq,ellor,gri,FV,red,1,212.398158216638,212.398158216638,212.398158216638,212.398158216638,82.9985095144709,129.3996487021671,>100\%
rq,ellor,gri,conf,blue,1,239.591969479671,239.591969479671,239.591969479671,239.591969479671,82.9985095144709,156.5934599652001,>100\%
rq,ellor,gri,conf,green,1,247.656704759129,247.656704759129,247.656704759129,247.656704759129,82.9985095144709,164.65819524465812,>100\%
rq,ellor,gri,conf,red,1,253.253131536268,253.253131536268,253.253131536268,253.253131536268,82.9985095144709,170.2546220217971,>100\%
rq,ellor,gri,fusion,blue,1,235.957499798009,235.957499798009,235.957499798009,235.957499798009,82.9985095144709,152.9589902835381,>100\%
rq,ellor,gri,fusion,green,1,251.374371207674,251.374371207674,251.374371207674,251.374371207674,82.9985095144709,168.3758616932031,>100\%
rq,ellor,gri,fusion,red,1,256.254582097528,256.254582097528,256.254582097528,256.254582097528,82.9985095144709,173.2560725830571,>100\%
rq,ellor,gri,int,blue,1,82.9985095144709,82.9985095144709,82.9985095144709,82.9985095144709,82.9985095144709,0,>30\%
rq,ellor,gri,int,green,1,187.446160101839,187.446160101839,187.446160101839,187.446160101839,82.9985095144709,104.44765058736812,>100\%
rq,ellor,gri,int,red,1,238.440742432675,238.440742432675,238.440742432675,238.440742432675,82.9985095144709,155.4422329182041,>100\%
rq,ellor,gri,int,white,1,239.758285635885,239.758285635885,239.758285635885,239.758285635885,82.9985095144709,156.7597761214141,>100\%
rq,ellor,hon,FV,blue,1,133.323971470526,133.323971470526,133.323971470526,133.323971470526,7.37799806884879,125.94597340167721,>100\%
rq,ellor,hon,FV,green,1,34.5265868162317,34.5265868162317,34.5265868162317,34.5265868162317,7.37799806884879,27.14858874738291,>30\%
rq,ellor,hon,FV,red,1,56.9924459037057,56.9924459037057,56.9924459037057,56.9924459037057,7.37799806884879,49.61444783485691,>30\%
rq,ellor,hon,conf,blue,1,77.0244695647489,77.0244695647489,77.0244695647489,77.0244695647489,7.37799806884879,69.6464714959001,>30\%
rq,ellor,hon,conf,green,1,101.431953712468,101.431953712468,101.431953712468,101.431953712468,7.37799806884879,94.05395564361922,>100\%
rq,ellor,hon,conf,red,1,155.801393199266,155.801393199266,155.801393199266,155.801393199266,7.37799806884879,148.4233951304172,>100\%
rq,ellor,hon,fusion,blue,1,139.745521624748,139.745521624748,139.745521624748,139.745521624748,7.37799806884879,132.3675235558992,>100\%
rq,ellor,hon,fusion,green,1,154.989959771356,154.989959771356,154.989959771356,154.989959771356,7.37799806884879,147.61196170250722,>100\%
rq,ellor,hon,fusion,red,1,223.597480773675,223.597480773675,223.597480773675,223.597480773675,7.37799806884879,216.2194827048262,>100\%
rq,ellor,hon,int,blue,1,43.0443602312888,43.0443602312888,43.0443602312888,43.0443602312888,7.37799806884879,35.66636216244001,>30\%
rq,ellor,hon,int,green,1,25.6476240201424,25.6476240201424,25.6476240201424,25.6476240201424,7.37799806884879,18.26962595129361,10--30\%
rq,ellor,hon,int,red,1,7.37799806884879,7.37799806884879,7.37799806884879,7.37799806884879,7.37799806884879,0,<10\%
rq,ellor,hon,int,white,1,29.9367021656099,29.9367021656099,29.9367021656099,29.9367021656099,7.37799806884879,22.55870409676111,10--30\%
rq,ellor,mf,FV,blue,1,24.8998914205829,24.8998914205829,24.8998914205829,24.8998914205829,1.04664225372099,23.85324916686191,10--30\%
rq,ellor,mf,FV,green,1,40.4534714902537,40.4534714902537,40.4534714902537,40.4534714902537,1.04664225372099,39.40682923653271,>30\%
rq,ellor,mf,FV,red,1,37.7370919952592,37.7370919952592,37.7370919952592,37.7370919952592,1.04664225372099,36.69044974153821,>30\%
rq,ellor,mf,conf,blue,1,11.7436718828562,11.7436718828562,11.7436718828562,11.7436718828562,1.04664225372099,10.69702962913521,10--30\%
rq,ellor,mf,conf,green,1,2.43734916317126,2.43734916317126,2.43734916317126,2.43734916317126,1.04664225372099,1.3907069094502698,<10\%
rq,ellor,mf,conf,red,1,8.5952315875176,8.5952315875176,8.5952315875176,8.5952315875176,1.04664225372099,7.548589333796611,<10\%
rq,ellor,mf,fusion,blue,1,7.53870009013128,7.53870009013128,7.53870009013128,7.53870009013128,1.04664225372099,6.492057836410289,<10\%
rq,ellor,mf,fusion,green,1,1.04664225372099,1.04664225372099,1.04664225372099,1.04664225372099,1.04664225372099,0,<10\%
rq,ellor,mf,fusion,red,1,25.1624500579992,25.1624500579992,25.1624500579992,25.1624500579992,1.04664225372099,24.115807804278212,10--30\%
rq,ellor,mf,int,blue,1,73.1970827881055,73.1970827881055,73.1970827881055,73.1970827881055,1.04664225372099,72.150440534384515,>30\%
rq,ellor,mf,int,green,1,11.8063974892914,11.8063974892914,11.8063974892914,11.8063974892914,1.04664225372099,10.759755235570411,10--30\%
rq,ellor,mf,int,red,1,12.9205142815072,12.9205142815072,12.9205142815072,12.9205142815072,1.04664225372099,11.873872027786211,10--30\%
rq,ellor,mf,int,white,1,13.7378033296714,13.7378033296714,13.7378033296714,13.7378033296714,1.04664225372099,12.691161075950411,10--30\%
rq,ellor,mr,FV,blue,1,5.151661146128,5.151661146128,5.151661146128,5.151661146128,3.08606497592766,2.0655961702003403,<10\%
rq,ellor,mr,FV,green,1,12.810496976269,12.810496976269,12.810496976269,12.810496976269,3.08606497592766,9.724432000341341,10--30\%
rq,ellor,mr,FV,red,1,12.4524080680016,12.4524080680016,12.4524080680016,12.4524080680016,3.08606497592766,9.36634309207394,10--30\%
rq,ellor,mr,conf,blue,1,7.76016296689874,7.76016296689874,7.76016296689874,7.76016296689874,3.08606497592766,4.67409799097108,<10\%
rq,ellor,mr,conf,green,1,13.5706337740641,13.5706337740641,13.5706337740641,13.5706337740641,3.08606497592766,10.48456879813644,10--30\%
rq,ellor,mr,conf,red,1,18.6883992053462,18.6883992053462,18.6883992053462,18.6883992053462,3.08606497592766,15.602334229418542,10--30\%
rq,ellor,mr,fusion,blue,1,8.73376304102229,8.73376304102229,8.73376304102229,8.73376304102229,3.08606497592766,5.647698065094629,<10\%
rq,ellor,mr,fusion,green,1,15.6028832799325,15.6028832799325,15.6028832799325,15.6028832799325,3.08606497592766,12.51681830400484,10--30\%
rq,ellor,mr,fusion,red,1,23.3623034846948,23.3623034846948,23.3623034846948,23.3623034846948,3.08606497592766,20.27623850876714,10--30\%
rq,ellor,mr,int,blue,1,67.5758513456314,67.5758513456314,67.5758513456314,67.5758513456314,3.08606497592766,64.48978636970375,>30\%
rq,ellor,mr,int,green,1,4.53947647146655,4.53947647146655,4.53947647146655,4.53947647146655,3.08606497592766,1.45341149553889,<10\%
rq,ellor,mr,int,red,1,3.08606497592766,3.08606497592766,3.08606497592766,3.08606497592766,3.08606497592766,0,<10\%
rq,ellor,mr,int,white,1,4.1332845869805,4.1332845869805,4.1332845869805,4.1332845869805,3.08606497592766,1.0472196110528404,<10\%
rq,ellor,tf,FV,blue,1,15.3999991093461,15.3999991093461,15.3999991093461,15.3999991093461,0.538197893325502,14.861801216020597,10--30\%
rq,ellor,tf,FV,green,1,21.473373134144,21.473373134144,21.473373134144,21.473373134144,0.538197893325502,20.9351752408185,10--30\%
rq,ellor,tf,FV,red,1,18.4068894679696,18.4068894679696,18.4068894679696,18.4068894679696,0.538197893325502,17.868691574644096,10--30\%
rq,ellor,tf,conf,blue,1,0.538197893325502,0.538197893325502,0.538197893325502,0.538197893325502,0.538197893325502,0,<10\%
rq,ellor,tf,conf,green,1,5.00732971486628,5.00732971486628,5.00732971486628,5.00732971486628,0.538197893325502,4.4691318215407785,<10\%
rq,ellor,tf,conf,red,1,12.6411158460404,12.6411158460404,12.6411158460404,12.6411158460404,0.538197893325502,12.102917952714897,10--30\%
rq,ellor,tf,fusion,blue,1,11.18473692602,11.18473692602,11.18473692602,11.18473692602,0.538197893325502,10.646539032694497,10--30\%
rq,ellor,tf,fusion,green,1,15.9028482810215,15.9028482810215,15.9028482810215,15.9028482810215,0.538197893325502,15.364650387695997,10--30\%
rq,ellor,tf,fusion,red,1,29.1350827166432,29.1350827166432,29.1350827166432,29.1350827166432,0.538197893325502,28.596884823317698,10--30\%
rq,ellor,tf,int,blue,1,44.4585177097162,44.4585177097162,44.4585177097162,44.4585177097162,0.538197893325502,43.920319816390695,>30\%
rq,ellor,tf,int,green,1,6.53029195530804,6.53029195530804,6.53029195530804,6.53029195530804,0.538197893325502,5.992094061982538,<10\%
rq,ellor,tf,int,red,1,9.13481338435711,9.13481338435711,9.13481338435711,9.13481338435711,0.538197893325502,8.596615491031608,<10\%
rq,ellor,tf,int,white,1,5.90024147272108,5.90024147272108,5.90024147272108,5.90024147272108,0.538197893325502,5.3620435793955785,<10\%
rq,ellor,tr,FV,blue,1,13.6091791482896,13.6091791482896,13.6091791482896,13.6091791482896,7.28141733182135,6.32776181646825,10--30\%
rq,ellor,tr,FV,green,1,15.2015401465733,15.2015401465733,15.2015401465733,15.2015401465733,7.28141733182135,7.9201228147519505,10--30\%
rq,ellor,tr,FV,red,1,15.5619671869368,15.5619671869368,15.5619671869368,15.5619671869368,7.28141733182135,8.28054985511545,10--30\%
rq,ellor,tr,conf,blue,1,11.2506432819053,11.2506432819053,11.2506432819053,11.2506432819053,7.28141733182135,3.969225950083949,10--30\%
rq,ellor,tr,conf,green,1,10.7801888170021,10.7801888170021,10.7801888170021,10.7801888170021,7.28141733182135,3.4987714851807503,10--30\%
rq,ellor,tr,conf,red,1,10.0175057565226,10.0175057565226,10.0175057565226,10.0175057565226,7.28141733182135,2.736088424701249,10--30\%
rq,ellor,tr,fusion,blue,1,9.25488512063651,9.25488512063651,9.25488512063651,9.25488512063651,7.28141733182135,1.9734677888151602,<10\%
rq,ellor,tr,fusion,green,1,9.04820924888363,9.04820924888363,9.04820924888363,9.04820924888363,7.28141733182135,1.76679191706228,<10\%
rq,ellor,tr,fusion,red,1,7.28141733182135,7.28141733182135,7.28141733182135,7.28141733182135,7.28141733182135,0,<10\%
rq,ellor,tr,int,blue,1,58.1746742525745,58.1746742525745,58.1746742525745,58.1746742525745,7.28141733182135,50.893256920753146,>30\%
rq,ellor,tr,int,green,1,9.95710946613156,9.95710946613156,9.95710946613156,9.95710946613156,7.28141733182135,2.675692134310209,<10\%
rq,ellor,tr,int,red,1,10.8237850493405,10.8237850493405,10.8237850493405,10.8237850493405,7.28141733182135,3.5423677175191504,10--30\%
rq,ellor,tr,int,white,1,8.95295280475156,8.95295280475156,8.95295280475156,8.95295280475156,7.28141733182135,1.6715354729302092,<10\%
rq,ellor,wedm_f,FV,blue,1,19.1737620084192,19.1737620084192,19.1737620084192,19.1737620084192,10.1223211467704,9.0514408616488,10--30\%
rq,ellor,wedm_f,FV,green,1,10.1223211467704,10.1223211467704,10.1223211467704,10.1223211467704,10.1223211467704,0,10--30\%
rq,ellor,wedm_f,FV,red,1,11.9190513496491,11.9190513496491,11.9190513496491,11.9190513496491,10.1223211467704,1.7967302028787007,10--30\%
rq,ellor,wedm_f,conf,blue,1,26.1593174848123,26.1593174848123,26.1593174848123,26.1593174848123,10.1223211467704,16.0369963380419,10--30\%
rq,ellor,wedm_f,conf,green,1,31.5036040940637,31.5036040940637,31.5036040940637,31.5036040940637,10.1223211467704,21.3812829472933,>30\%
rq,ellor,wedm_f,conf,red,1,35.9413124099651,35.9413124099651,35.9413124099651,35.9413124099651,10.1223211467704,25.8189912631947,>30\%
rq,ellor,wedm_f,fusion,blue,1,35.0425556149389,35.0425556149389,35.0425556149389,35.0425556149389,10.1223211467704,24.9202344681685,>30\%
rq,ellor,wedm_f,fusion,green,1,38.0428885086006,38.0428885086006,38.0428885086006,38.0428885086006,10.1223211467704,27.920567361830198,>30\%
rq,ellor,wedm_f,fusion,red,1,46.0612397344144,46.0612397344144,46.0612397344144,46.0612397344144,10.1223211467704,35.938918587644,>30\%
rq,ellor,wedm_f,int,green,1,15.1580602789829,15.1580602789829,15.1580602789829,15.1580602789829,10.1223211467704,5.0357391322125,10--30\%
rq,ellor,wedm_f,int,red,1,25.4813988428815,25.4813988428815,25.4813988428815,25.4813988428815,10.1223211467704,15.3590776961111,10--30\%
rq,ellor,wedm_f,int,white,1,22.0133187210168,22.0133187210168,22.0133187210168,22.0133187210168,10.1223211467704,11.890997574246402,10--30\%
rq,ellor,wedm_r,FV,blue,1,1.55365637815849,1.55365637815849,1.55365637815849,1.55365637815849,1.55365637815849,0,<10\%
rq,ellor,wedm_r,FV,green,1,5.3141470368648704,5.3141470368648704,5.3141470368648704,5.3141470368648704,1.55365637815849,3.7604906587063804,<10\%
rq,ellor,wedm_r,FV,red,1,4.32730790720984,4.32730790720984,4.32730790720984,4.32730790720984,1.55365637815849,2.77365152905135,<10\%
rq,ellor,wedm_r,conf,blue,1,9.29061696276478,9.29061696276478,9.29061696276478,9.29061696276478,1.55365637815849,7.73696058460629,<10\%
rq,ellor,wedm_r,conf,green,1,16.001770986836,16.001770986836,16.001770986836,16.001770986836,1.55365637815849,14.44811460867751,10--30\%
rq,ellor,wedm_r,conf,red,1,19.25662324038,19.25662324038,19.25662324038,19.25662324038,1.55365637815849,17.702966862221512,10--30\%
rq,ellor,wedm_r,fusion,blue,1,11.2835460127618,11.2835460127618,11.2835460127618,11.2835460127618,1.55365637815849,9.72988963460331,10--30\%
rq,ellor,wedm_r,fusion,green,1,17.2948384782225,17.2948384782225,17.2948384782225,17.2948384782225,1.55365637815849,15.741182100064009,10--30\%
rq,ellor,wedm_r,fusion,red,1,23.0517123393154,23.0517123393154,23.0517123393154,23.0517123393154,1.55365637815849,21.49805596115691,10--30\%
rq,ellor,wedm_r,int,blue,1,58.2855241286054,58.2855241286054,58.2855241286054,58.2855241286054,1.55365637815849,56.73186775044691,>30\%
rq,ellor,wedm_r,int,green,1,7.50441111536981,7.50441111536981,7.50441111536981,7.50441111536981,1.55365637815849,5.950754737211319,<10\%
rq,ellor,wedm_r,int,red,1,15.4434103829899,15.4434103829899,15.4434103829899,15.4434103829899,1.55365637815849,13.88975400483141,10--30\%
rq,ellor,wedm_r,int,white,1,11.6758806362985,11.6758806362985,11.6758806362985,11.6758806362985,1.55365637815849,10.12222425814001,10--30\%
rq,mo58a,b,FV,blue,2,363.04803443897697,363.04803443897697,284.24249833990496,441.853570538049,5.85054569358116,357.1974887453958,>100\%
rq,mo58a,b,FV,green,1,168.203807200259,168.203807200259,168.203807200259,168.203807200259,5.85054569358116,162.35326150667785,>100\%
rq,mo58a,b,FV,red,1,172.631203685418,172.631203685418,172.631203685418,172.631203685418,5.85054569358116,166.78065799183685,>100\%
rq,mo58a,b,conf,blue,1,201.430388662596,201.430388662596,201.430388662596,201.430388662596,5.85054569358116,195.57984296901483,>100\%
rq,mo58a,b,conf,green,1,175.86471781024,175.86471781024,175.86471781024,175.86471781024,5.85054569358116,170.01417211665884,>100\%
rq,mo58a,b,conf,red,1,203.001768711934,203.001768711934,203.001768711934,203.001768711934,5.85054569358116,197.15122301835285,>100\%
rq,mo58a,b,fusion,blue,1,262.344618571861,262.344618571861,262.344618571861,262.344618571861,5.85054569358116,256.49407287827984,>100\%
rq,mo58a,b,fusion,green,1,228.630794553325,228.630794553325,228.630794553325,228.630794553325,5.85054569358116,222.78024885974384,>100\%
rq,mo58a,b,fusion,red,1,264.049033865628,264.049033865628,264.049033865628,264.049033865628,5.85054569358116,258.19848817204684,>100\%
rq,mo58a,b,int,blue,1,150.377592805384,150.377592805384,150.377592805384,150.377592805384,5.85054569358116,144.52704711180286,>100\%
rq,mo58a,b,int,green,1,5.85054569358116,5.85054569358116,5.85054569358116,5.85054569358116,5.85054569358116,0,<10\%
rq,mo58a,b,int,red,1,856.259748009307,856.259748009307,856.259748009307,856.259748009307,5.85054569358116,850.4092023157259,>100\%
rq,mo58a,gla,FV,blue,1,13.3861942089032,13.3861942089032,13.3861942089032,13.3861942089032,3.78055055915993,9.60564364974327,10--30\%
rq,mo58a,gla,FV,green,1,12.8957240562258,12.8957240562258,12.8957240562258,12.8957240562258,3.78055055915993,9.11517349706587,10--30\%
rq,mo58a,gla,FV,red,1,32.7383978423521,32.7383978423521,32.7383978423521,32.7383978423521,3.78055055915993,28.95784728319217,>30\%
rq,mo58a,gla,conf,blue,1,27.6020381945427,27.6020381945427,27.6020381945427,27.6020381945427,3.78055055915993,23.82148763538277,10--30\%
rq,mo58a,gla,conf,green,1,68.5734847815664,68.5734847815664,68.5734847815664,68.5734847815664,3.78055055915993,64.79293422240647,>30\%
rq,mo58a,gla,conf,red,1,90.3288776074361,90.3288776074361,90.3288776074361,90.3288776074361,3.78055055915993,86.54832704827616,>30\%
rq,mo58a,gla,fusion,blue,1,57.3066168696312,57.3066168696312,57.3066168696312,57.3066168696312,3.78055055915993,53.52606631047127,>30\%
rq,mo58a,gla,fusion,green,1,89.5195164782671,89.5195164782671,89.5195164782671,89.5195164782671,3.78055055915993,85.73896591910716,>30\%
rq,mo58a,gla,fusion,red,1,119.667650802761,119.667650802761,119.667650802761,119.667650802761,3.78055055915993,115.88710024360107,>100\%
rq,mo58a,gla,int,blue,1,3.78055055915993,3.78055055915993,3.78055055915993,3.78055055915993,3.78055055915993,0,<10\%
rq,mo58a,gla,int,green,1,14.8310146901872,14.8310146901872,14.8310146901872,14.8310146901872,3.78055055915993,11.050464131027269,10--30\%
rq,mo58a,gla,int,red,1,13.0585591619763,13.0585591619763,13.0585591619763,13.0585591619763,3.78055055915993,9.278008602816369,10--30\%
rq,mo58a,gla,int,white,1,14.1951770530793,14.1951770530793,14.1951770530793,14.1951770530793,3.78055055915993,10.41462649391937,10--30\%
rq,mo58a,gri,FV,blue,1,52.7969471119329,52.7969471119329,52.7969471119329,52.7969471119329,11.4843959748618,41.312551137071104,>30\%
rq,mo58a,gri,FV,green,1,44.9360748622278,44.9360748622278,44.9360748622278,44.9360748622278,11.4843959748618,33.451678887366,>30\%
rq,mo58a,gri,FV,red,1,82.7508224072882,82.7508224072882,82.7508224072882,82.7508224072882,11.4843959748618,71.2664264324264,>30\%
rq,mo58a,gri,conf,blue,1,26.8456150344285,26.8456150344285,26.8456150344285,26.8456150344285,11.4843959748618,15.361219059566702,10--30\%
rq,mo58a,gri,conf,green,1,40.525621097946,40.525621097946,40.525621097946,40.525621097946,11.4843959748618,29.041225123084203,>30\%
rq,mo58a,gri,conf,red,1,48.7545921218936,48.7545921218936,48.7545921218936,48.7545921218936,11.4843959748618,37.270196147031804,>30\%
rq,mo58a,gri,fusion,blue,1,89.4958118114101,89.4958118114101,89.4958118114101,89.4958118114101,11.4843959748618,78.01141583654831,>30\%
rq,mo58a,gri,fusion,green,1,62.391627107024,62.391627107024,62.391627107024,62.391627107024,11.4843959748618,50.9072311321622,>30\%
rq,mo58a,gri,fusion,red,1,72.1933574181172,72.1933574181172,72.1933574181172,72.1933574181172,11.4843959748618,60.708961443255404,>30\%
rq,mo58a,gri,int,blue,1,11.4843959748618,11.4843959748618,11.4843959748618,11.4843959748618,11.4843959748618,0,10--30\%
rq,mo58a,gri,int,green,1,17.3696389355311,17.3696389355311,17.3696389355311,17.3696389355311,11.4843959748618,5.8852429606693,10--30\%
rq,mo58a,gri,int,red,1,12.016587875149,12.016587875149,12.016587875149,12.016587875149,11.4843959748618,0.5321919002872004,10--30\%
rq,mo58a,gri,int,white,1,17.887099102897,17.887099102897,17.887099102897,17.887099102897,11.4843959748618,6.402703128035201,10--30\%
rq,mo58a,hon,FV,blue,1,25.006552407717,25.006552407717,25.006552407717,25.006552407717,0.0873568097525594,24.91919559796444,10--30\%
rq,mo58a,hon,FV,green,1,29.3963901616164,29.3963901616164,29.3963901616164,29.3963901616164,0.0873568097525594,29.30903335186384,10--30\%
rq,mo58a,hon,FV,red,1,75.1547341730262,75.1547341730262,75.1547341730262,75.1547341730262,0.0873568097525594,75.06737736327364,>30\%
rq,mo58a,hon,conf,blue,1,0.0873568097525594,0.0873568097525594,0.0873568097525594,0.0873568097525594,0.0873568097525594,0,<10\%
rq,mo58a,hon,conf,green,1,16.9358833692073,16.9358833692073,16.9358833692073,16.9358833692073,0.0873568097525594,16.84852655945474,10--30\%
rq,mo58a,hon,conf,red,1,28.4759360589986,28.4759360589986,28.4759360589986,28.4759360589986,0.0873568097525594,28.38857924924604,10--30\%
rq,mo58a,hon,fusion,blue,1,42.0762306364739,42.0762306364739,42.0762306364739,42.0762306364739,0.0873568097525594,41.988873826721345,>30\%
rq,mo58a,hon,fusion,green,1,43.2369760340695,43.2369760340695,43.2369760340695,43.2369760340695,0.0873568097525594,43.14961922431694,>30\%
rq,mo58a,hon,fusion,red,1,55.9201918623253,55.9201918623253,55.9201918623253,55.9201918623253,0.0873568097525594,55.83283505257274,>30\%
rq,mo58a,hon,int,blue,1,1.17963871887085,1.17963871887085,1.17963871887085,1.17963871887085,0.0873568097525594,1.0922819091182905,<10\%
rq,mo58a,hon,int,green,1,5.08574020234367,5.08574020234367,5.08574020234367,5.08574020234367,0.0873568097525594,4.998383392591111,<10\%
rq,mo58a,hon,int,red,1,0.693113429114918,0.693113429114918,0.693113429114918,0.693113429114918,0.0873568097525594,0.6057566193623586,<10\%
rq,mo58a,hon,int,white,1,5.3344128405803,5.3344128405803,5.3344128405803,5.3344128405803,0.0873568097525594,5.247056030827741,<10\%
rq,mo58a,mf,FV,blue,1,317.14860180512,317.14860180512,317.14860180512,317.14860180512,10.6886879010934,306.4599139040266,>100\%
rq,mo58a,mf,FV,green,1,94.4697343485592,94.4697343485592,94.4697343485592,94.4697343485592,10.6886879010934,83.7810464474658,>30\%
rq,mo58a,mf,FV,red,1,112.599973299051,112.599973299051,112.599973299051,112.599973299051,10.6886879010934,101.9112853979576,>100\%
rq,mo58a,mf,conf,blue,1,131.37504198498,131.37504198498,131.37504198498,131.37504198498,10.6886879010934,120.68635408388658,>100\%
rq,mo58a,mf,conf,green,1,153.85012594565,153.85012594565,153.85012594565,153.85012594565,10.6886879010934,143.1614380445566,>100\%
rq,mo58a,mf,conf,red,1,195.307102288408,195.307102288408,195.307102288408,195.307102288408,10.6886879010934,184.6184143873146,>100\%
rq,mo58a,mf,fusion,blue,1,174.747423305972,174.747423305972,174.747423305972,174.747423305972,10.6886879010934,164.0587354048786,>100\%
rq,mo58a,mf,fusion,green,1,195.793984946133,195.793984946133,195.793984946133,195.793984946133,10.6886879010934,185.1052970450396,>100\%
rq,mo58a,mf,fusion,red,1,257.686554317782,257.686554317782,257.686554317782,257.686554317782,10.6886879010934,246.9978664166886,>100\%
rq,mo58a,mf,int,blue,1,60.5409475171891,60.5409475171891,60.5409475171891,60.5409475171891,10.6886879010934,49.8522596160957,>30\%
rq,mo58a,mf,int,green,1,10.6886879010934,10.6886879010934,10.6886879010934,10.6886879010934,10.6886879010934,0,10--30\%
rq,mo58a,mf,int,red,1,310.738158273353,310.738158273353,310.738158273353,310.738158273353,10.6886879010934,300.04947037225963,>100\%
rq,mo58a,mf,int,white,1,21.3002367086321,21.3002367086321,21.3002367086321,21.3002367086321,10.6886879010934,10.611548807538698,10--30\%
rq,mo58a,mr,FV,blue,1,17.270827945022,17.270827945022,17.270827945022,17.270827945022,17.270827945022,0,10--30\%
rq,mo58a,mr,FV,green,1,56.8302630669146,56.8302630669146,56.8302630669146,56.8302630669146,17.270827945022,39.5594351218926,>30\%
rq,mo58a,mr,FV,red,1,59.0617559472573,59.0617559472573,59.0617559472573,59.0617559472573,17.270827945022,41.790928002235304,>30\%
rq,mo58a,mr,conf,blue,1,54.6642135637289,54.6642135637289,54.6642135637289,54.6642135637289,17.270827945022,37.3933856187069,>30\%
rq,mo58a,mr,conf,green,1,52.9354787536974,52.9354787536974,52.9354787536974,52.9354787536974,17.270827945022,35.664650808675404,>30\%
rq,mo58a,mr,conf,red,1,48.6674493189629,48.6674493189629,48.6674493189629,48.6674493189629,17.270827945022,31.396621373940903,>30\%
rq,mo58a,mr,fusion,blue,1,42.9924791019107,42.9924791019107,42.9924791019107,42.9924791019107,17.270827945022,25.721651156888704,>30\%
rq,mo58a,mr,fusion,green,1,42.9011803057739,42.9011803057739,42.9011803057739,42.9011803057739,17.270827945022,25.6303523607519,>30\%
rq,mo58a,mr,fusion,red,1,37.9031000716239,37.9031000716239,37.9031000716239,37.9031000716239,17.270827945022,20.632272126601904,>30\%
rq,mo58a,mr,int,blue,1,55.5614362862471,55.5614362862471,55.5614362862471,55.5614362862471,17.270827945022,38.2906083412251,>30\%
rq,mo58a,mr,int,green,1,67.6988867569366,67.6988867569366,67.6988867569366,67.6988867569366,17.270827945022,50.4280588119146,>30\%
rq,mo58a,mr,int,red,1,63.8360008090687,63.8360008090687,63.8360008090687,63.8360008090687,17.270827945022,46.5651728640467,>30\%
rq,mo58a,mr,int,white,1,67.6545559074456,67.6545559074456,67.6545559074456,67.6545559074456,17.270827945022,50.3837279624236,>30\%
rq,mo58a,tf,FV,blue,1,55.8333356380612,55.8333356380612,55.8333356380612,55.8333356380612,49.8300180539769,6.0033175840843,>30\%
rq,mo58a,tf,FV,green,1,62.4651367883691,62.4651367883691,62.4651367883691,62.4651367883691,49.8300180539769,12.6351187343922,>30\%
rq,mo58a,tf,FV,red,1,60.4086488717919,60.4086488717919,60.4086488717919,60.4086488717919,49.8300180539769,10.578630817814997,>30\%
rq,mo58a,tf,conf,blue,1,59.7004574634145,59.7004574634145,59.7004574634145,59.7004574634145,49.8300180539769,9.870439409437601,>30\%
rq,mo58a,tf,conf,green,1,58.2222816752004,58.2222816752004,58.2222816752004,58.2222816752004,49.8300180539769,8.3922636212235,>30\%
rq,mo58a,tf,conf,red,1,55.260373101563,55.260373101563,55.260373101563,55.260373101563,49.8300180539769,5.430355047586097,>30\%
rq,mo58a,tf,fusion,blue,1,51.8495851000167,51.8495851000167,51.8495851000167,51.8495851000167,49.8300180539769,2.0195670460397963,>30\%
rq,mo58a,tf,fusion,green,1,53.4268073422991,53.4268073422991,53.4268073422991,53.4268073422991,49.8300180539769,3.5967892883221992,>30\%
rq,mo58a,tf,fusion,red,1,49.8300180539769,49.8300180539769,49.8300180539769,49.8300180539769,49.8300180539769,0,>30\%
rq,mo58a,tf,int,blue,1,56.4231730895415,56.4231730895415,56.4231730895415,56.4231730895415,49.8300180539769,6.5931550355646,>30\%
rq,mo58a,tf,int,green,1,59.6889564455814,59.6889564455814,59.6889564455814,59.6889564455814,49.8300180539769,9.858938391604497,>30\%
rq,mo58a,tf,int,red,1,59.7313399334656,59.7313399334656,59.7313399334656,59.7313399334656,49.8300180539769,9.901321879488698,>30\%
rq,mo58a,tf,int,white,1,59.5164172656212,59.5164172656212,59.5164172656212,59.5164172656212,49.8300180539769,9.6863992116443,>30\%
rq,mo58a,tr,FV,blue,1,17.007222928326,17.007222928326,17.007222928326,17.007222928326,14.2006957345988,2.8065271937272023,10--30\%
rq,mo58a,tr,FV,green,1,24.5689072372266,24.5689072372266,24.5689072372266,24.5689072372266,14.2006957345988,10.368211502627801,10--30\%
rq,mo58a,tr,FV,red,1,21.8623590098709,21.8623590098709,21.8623590098709,21.8623590098709,14.2006957345988,7.661663275272101,10--30\%
rq,mo58a,tr,conf,blue,1,25.9867846569171,25.9867846569171,25.9867846569171,25.9867846569171,14.2006957345988,11.7860889223183,10--30\%
rq,mo58a,tr,conf,green,1,23.2312644659541,23.2312644659541,23.2312644659541,23.2312644659541,14.2006957345988,9.030568731355302,10--30\%
rq,mo58a,tr,conf,red,1,20.0137049452766,20.0137049452766,20.0137049452766,20.0137049452766,14.2006957345988,5.8130092106778015,10--30\%
rq,mo58a,tr,fusion,blue,1,17.1214691474443,17.1214691474443,17.1214691474443,17.1214691474443,14.2006957345988,2.9207734128455023,10--30\%
rq,mo58a,tr,fusion,green,1,18.3353182733946,18.3353182733946,18.3353182733946,18.3353182733946,14.2006957345988,4.134622538795799,10--30\%
rq,mo58a,tr,fusion,red,1,14.2006957345988,14.2006957345988,14.2006957345988,14.2006957345988,14.2006957345988,0,10--30\%
rq,mo58a,tr,int,blue,1,22.3869154407115,22.3869154407115,22.3869154407115,22.3869154407115,14.2006957345988,8.186219706112702,10--30\%
rq,mo58a,tr,int,green,1,24.3606074531157,24.3606074531157,24.3606074531157,24.3606074531157,14.2006957345988,10.159911718516902,10--30\%
rq,mo58a,tr,int,red,1,23.4614720868666,23.4614720868666,23.4614720868666,23.4614720868666,14.2006957345988,9.2607763522678,10--30\%
rq,mo58a,tr,int,white,1,23.8833123968148,23.8833123968148,23.8833123968148,23.8833123968148,14.2006957345988,9.682616662216002,10--30\%
rq,mo58a,wedm_f,FV,blue,1,38.6773060965731,38.6773060965731,38.6773060965731,38.6773060965731,2.54758876184916,36.129717334723935,>30\%
rq,mo58a,wedm_f,FV,green,1,15.0053174251622,15.0053174251622,15.0053174251622,15.0053174251622,2.54758876184916,12.457728663313041,10--30\%
rq,mo58a,wedm_f,FV,red,1,36.5800677272317,36.5800677272317,36.5800677272317,36.5800677272317,2.54758876184916,34.03247896538254,>30\%
rq,mo58a,wedm_f,conf,blue,1,29.1528102979897,29.1528102979897,29.1528102979897,29.1528102979897,2.54758876184916,26.60522153614054,10--30\%
rq,mo58a,wedm_f,conf,green,1,52.2002043848508,52.2002043848508,52.2002043848508,52.2002043848508,2.54758876184916,49.65261562300164,>30\%
rq,mo58a,wedm_f,conf,red,1,71.5420843278983,71.5420843278983,71.5420843278983,71.5420843278983,2.54758876184916,68.99449556604914,>30\%
rq,mo58a,wedm_f,fusion,blue,1,109.321994513365,109.321994513365,109.321994513365,109.321994513365,2.54758876184916,106.77440575151584,>100\%
rq,mo58a,wedm_f,fusion,green,1,98.3637451981466,98.3637451981466,98.3637451981466,98.3637451981466,2.54758876184916,95.81615643629745,>30\%
rq,mo58a,wedm_f,fusion,red,1,123.093864229967,123.093864229967,123.093864229967,123.093864229967,2.54758876184916,120.54627546811784,>100\%
rq,mo58a,wedm_f,int,blue,1,2.91255201782855,2.91255201782855,2.91255201782855,2.91255201782855,2.54758876184916,0.36496325597939006,<10\%
rq,mo58a,wedm_f,int,green,1,2.92495636154436,2.92495636154436,2.92495636154436,2.92495636154436,2.54758876184916,0.3773675996952002,<10\%
rq,mo58a,wedm_f,int,red,1,2.54758876184916,2.54758876184916,2.54758876184916,2.54758876184916,2.54758876184916,0,<10\%
rq,mo58a,wedm_f,int,white,1,3.63119914345415,3.63119914345415,3.63119914345415,3.63119914345415,2.54758876184916,1.08361038160499,<10\%
rq,mo58a,wedm_r,FV,blue,1,32.5913145068886,32.5913145068886,32.5913145068886,32.5913145068886,7.67917363436174,24.912140872526862,>30\%
rq,mo58a,wedm_r,FV,green,1,29.2178797806226,29.2178797806226,29.2178797806226,29.2178797806226,7.67917363436174,21.53870614626086,10--30\%
rq,mo58a,wedm_r,FV,red,1,25.2482866166461,25.2482866166461,25.2482866166461,25.2482866166461,7.67917363436174,17.569112982284363,10--30\%
rq,mo58a,wedm_r,conf,blue,1,34.6389312293151,34.6389312293151,34.6389312293151,34.6389312293151,7.67917363436174,26.95975759495336,>30\%
rq,mo58a,wedm_r,conf,green,1,17.9408071603483,17.9408071603483,17.9408071603483,17.9408071603483,7.67917363436174,10.26163352598656,10--30\%
rq,mo58a,wedm_r,conf,red,1,12.2626378339377,12.2626378339377,12.2626378339377,12.2626378339377,7.67917363436174,4.5834641995759595,10--30\%
rq,mo58a,wedm_r,fusion,blue,1,25.0302012266991,25.0302012266991,25.0302012266991,25.0302012266991,7.67917363436174,17.35102759233736,10--30\%
rq,mo58a,wedm_r,fusion,green,1,15.5633723963661,15.5633723963661,15.5633723963661,15.5633723963661,7.67917363436174,7.8841987620043605,10--30\%
rq,mo58a,wedm_r,fusion,red,1,7.67917363436174,7.67917363436174,7.67917363436174,7.67917363436174,7.67917363436174,0,<10\%
rq,mo58a,wedm_r,int,blue,1,35.3115738033523,35.3115738033523,35.3115738033523,35.3115738033523,7.67917363436174,27.632400168990564,>30\%
rq,mo58a,wedm_r,int,green,1,20.2798899198976,20.2798899198976,20.2798899198976,20.2798899198976,7.67917363436174,12.60071628553586,10--30\%
rq,mo58a,wedm_r,int,red,1,21.7284855841339,21.7284855841339,21.7284855841339,21.7284855841339,7.67917363436174,14.04931194977216,10--30\%
rq,mo58a,wedm_r,int,white,1,20.1428987909221,20.1428987909221,20.1428987909221,20.1428987909221,7.67917363436174,12.463725156560361,10--30\%
rq,ti6al4v,b,FV,blue,1,172.160661865859,172.160661865859,172.160661865859,172.160661865859,34.0747175539102,138.0859443119488,>100\%
rq,ti6al4v,b,FV,green,1,84.4569581087033,84.4569581087033,84.4569581087033,84.4569581087033,34.0747175539102,50.38224055479311,>30\%
rq,ti6al4v,b,FV,red,1,71.0109779314885,71.0109779314885,71.0109779314885,71.0109779314885,34.0747175539102,36.9362603775783,>30\%
rq,ti6al4v,b,conf,blue,1,92.2124844204634,92.2124844204634,92.2124844204634,92.2124844204634,34.0747175539102,58.1377668665532,>30\%
rq,ti6al4v,b,conf,green,1,132.165990291743,132.165990291743,132.165990291743,132.165990291743,34.0747175539102,98.09127273783278,>100\%
rq,ti6al4v,b,conf,red,1,174.857005470407,174.857005470407,174.857005470407,174.857005470407,34.0747175539102,140.78228791649678,>100\%
rq,ti6al4v,b,fusion,blue,1,106.972436086391,106.972436086391,106.972436086391,106.972436086391,34.0747175539102,72.89771853248081,>100\%
rq,ti6al4v,b,fusion,green,1,146.02900862952,146.02900862952,146.02900862952,146.02900862952,34.0747175539102,111.9542910756098,>100\%
rq,ti6al4v,b,fusion,red,1,190.092380430251,190.092380430251,190.092380430251,190.092380430251,34.0747175539102,156.0176628763408,>100\%
rq,ti6al4v,b,int,blue,1,59.6382697148125,59.6382697148125,59.6382697148125,59.6382697148125,34.0747175539102,25.563552160902304,>30\%
rq,ti6al4v,b,int,green,1,38.33961925816,38.33961925816,38.33961925816,38.33961925816,34.0747175539102,4.264901704249802,>30\%
rq,ti6al4v,b,int,red,1,65.900272995568,65.900272995568,65.900272995568,65.900272995568,34.0747175539102,31.825555441657805,>30\%
rq,ti6al4v,b,int,white,1,34.0747175539102,34.0747175539102,34.0747175539102,34.0747175539102,34.0747175539102,0,>30\%
rq,ti6al4v,gla,FV,blue,1,16.9450481837326,16.9450481837326,16.9450481837326,16.9450481837326,4.84328779066432,12.101760393068279,10--30\%
rq,ti6al4v,gla,FV,green,1,4.84328779066432,4.84328779066432,4.84328779066432,4.84328779066432,4.84328779066432,0,<10\%
rq,ti6al4v,gla,FV,red,1,36.069946117383,36.069946117383,36.069946117383,36.069946117383,4.84328779066432,31.226658326718677,>30\%
rq,ti6al4v,gla,conf,blue,1,52.4578843031202,52.4578843031202,52.4578843031202,52.4578843031202,4.84328779066432,47.61459651245588,>30\%
rq,ti6al4v,gla,conf,green,1,75.4426442476174,75.4426442476174,75.4426442476174,75.4426442476174,4.84328779066432,70.59935645695307,>30\%
rq,ti6al4v,gla,conf,red,1,101.049357779127,101.049357779127,101.049357779127,101.049357779127,4.84328779066432,96.20606998846269,>100\%
rq,ti6al4v,gla,fusion,blue,1,105.640368004957,105.640368004957,105.640368004957,105.640368004957,4.84328779066432,100.79708021429268,>100\%
rq,ti6al4v,gla,fusion,green,1,121.400447776473,121.400447776473,121.400447776473,121.400447776473,4.84328779066432,116.55715998580868,>100\%
rq,ti6al4v,gla,fusion,red,1,155.018409561907,155.018409561907,155.018409561907,155.018409561907,4.84328779066432,150.1751217712427,>100\%
rq,ti6al4v,gla,int,blue,1,9.70646927855938,9.70646927855938,9.70646927855938,9.70646927855938,4.84328779066432,4.86318148789506,<10\%
rq,ti6al4v,gla,int,green,1,19.6356816650167,19.6356816650167,19.6356816650167,19.6356816650167,4.84328779066432,14.792393874352381,10--30\%
rq,ti6al4v,gla,int,red,1,10.8506221667787,10.8506221667787,10.8506221667787,10.8506221667787,4.84328779066432,6.007334376114381,10--30\%
rq,ti6al4v,gla,int,white,1,20.2160080786977,20.2160080786977,20.2160080786977,20.2160080786977,4.84328779066432,15.372720288033381,10--30\%
rq,ti6al4v,gri,FV,blue,1,114.453162878499,114.453162878499,114.453162878499,114.453162878499,60.9055335158899,53.5476293626091,>100\%
rq,ti6al4v,gri,FV,green,1,71.12062030403,71.12062030403,71.12062030403,71.12062030403,60.9055335158899,10.215086788140098,>30\%
rq,ti6al4v,gri,FV,red,1,77.8202044184031,77.8202044184031,77.8202044184031,77.8202044184031,60.9055335158899,16.914670902513194,>30\%
rq,ti6al4v,gri,conf,blue,1,79.5950427448445,79.5950427448445,79.5950427448445,79.5950427448445,60.9055335158899,18.689509228954606,>30\%
rq,ti6al4v,gri,conf,green,1,98.8304662241896,98.8304662241896,98.8304662241896,98.8304662241896,60.9055335158899,37.92493270829971,>30\%
rq,ti6al4v,gri,conf,red,1,116.733613844325,116.733613844325,116.733613844325,116.733613844325,60.9055335158899,55.82808032843511,>100\%
rq,ti6al4v,gri,fusion,blue,1,96.8753045250552,96.8753045250552,96.8753045250552,96.8753045250552,60.9055335158899,35.9697710091653,>30\%
rq,ti6al4v,gri,fusion,green,1,118.733941775177,118.733941775177,118.733941775177,118.733941775177,60.9055335158899,57.8284082592871,>100\%
rq,ti6al4v,gri,fusion,red,1,140.836103775147,140.836103775147,140.836103775147,140.836103775147,60.9055335158899,79.9305702592571,>100\%
rq,ti6al4v,gri,int,blue,1,68.6057868001598,68.6057868001598,68.6057868001598,68.6057868001598,60.9055335158899,7.700253284269905,>30\%
rq,ti6al4v,gri,int,green,1,64.1390205924647,64.1390205924647,64.1390205924647,64.1390205924647,60.9055335158899,3.2334870765748036,>30\%
rq,ti6al4v,gri,int,red,1,67.0374401509307,67.0374401509307,67.0374401509307,67.0374401509307,60.9055335158899,6.1319066350408065,>30\%
rq,ti6al4v,gri,int,white,1,60.9055335158899,60.9055335158899,60.9055335158899,60.9055335158899,60.9055335158899,0,>30\%
rq,ti6al4v,hon,FV,blue,1,123.669485716499,123.669485716499,123.669485716499,123.669485716499,20.9386344454526,102.73085127104639,>100\%
rq,ti6al4v,hon,FV,green,1,107.768520911663,107.768520911663,107.768520911663,107.768520911663,20.9386344454526,86.82988646621041,>100\%
rq,ti6al4v,hon,FV,red,1,183.802881058006,183.802881058006,183.802881058006,183.802881058006,20.9386344454526,162.8642466125534,>100\%
rq,ti6al4v,hon,conf,blue,1,57.5985992099405,57.5985992099405,57.5985992099405,57.5985992099405,20.9386344454526,36.6599647644879,>30\%
rq,ti6al4v,hon,conf,green,1,91.8760951368828,91.8760951368828,91.8760951368828,91.8760951368828,20.9386344454526,70.9374606914302,>30\%
rq,ti6al4v,hon,conf,red,1,113.402717605406,113.402717605406,113.402717605406,113.402717605406,20.9386344454526,92.46408315995339,>100\%
rq,ti6al4v,hon,fusion,blue,1,101.770293749432,101.770293749432,101.770293749432,101.770293749432,20.9386344454526,80.8316593039794,>100\%
rq,ti6al4v,hon,fusion,green,1,143.762210041275,143.762210041275,143.762210041275,143.762210041275,20.9386344454526,122.8235755958224,>100\%
rq,ti6al4v,hon,fusion,red,1,168.086003264821,168.086003264821,168.086003264821,168.086003264821,20.9386344454526,147.14736881936838,>100\%
rq,ti6al4v,hon,int,blue,1,24.163056404018,24.163056404018,24.163056404018,24.163056404018,20.9386344454526,3.224421958565401,10--30\%
rq,ti6al4v,hon,int,green,1,22.3175678599617,22.3175678599617,22.3175678599617,22.3175678599617,20.9386344454526,1.378933414509099,10--30\%
rq,ti6al4v,hon,int,red,1,20.9386344454526,20.9386344454526,20.9386344454526,20.9386344454526,20.9386344454526,0,10--30\%
rq,ti6al4v,hon,int,white,1,21.8515767113611,21.8515767113611,21.8515767113611,21.8515767113611,20.9386344454526,0.9129422659085016,10--30\%
rq,ti6al4v,mf,FV,blue,1,59.7511964965106,59.7511964965106,59.7511964965106,59.7511964965106,4.42163525100068,55.32956124550992,>30\%
rq,ti6al4v,mf,FV,green,1,22.8113261614867,22.8113261614867,22.8113261614867,22.8113261614867,4.42163525100068,18.38969091048602,10--30\%
rq,ti6al4v,mf,FV,red,1,24.9971080905076,24.9971080905076,24.9971080905076,24.9971080905076,4.42163525100068,20.57547283950692,10--30\%
rq,ti6al4v,mf,conf,blue,1,28.4226492216114,28.4226492216114,28.4226492216114,28.4226492216114,4.42163525100068,24.00101397061072,10--30\%
rq,ti6al4v,mf,conf,green,1,44.3147338464983,44.3147338464983,44.3147338464983,44.3147338464983,4.42163525100068,39.89309859549762,>30\%
rq,ti6al4v,mf,conf,red,1,58.2378895701703,58.2378895701703,58.2378895701703,58.2378895701703,4.42163525100068,53.81625431916962,>30\%
rq,ti6al4v,mf,fusion,blue,1,42.6411624638856,42.6411624638856,42.6411624638856,42.6411624638856,4.42163525100068,38.21952721288492,>30\%
rq,ti6al4v,mf,fusion,green,1,58.7725887129972,58.7725887129972,58.7725887129972,58.7725887129972,4.42163525100068,54.35095346199652,>30\%
rq,ti6al4v,mf,fusion,red,1,73.421278591895,73.421278591895,73.421278591895,73.421278591895,4.42163525100068,68.99964334089432,>30\%
rq,ti6al4v,mf,int,blue,1,8.20487359259892,8.20487359259892,8.20487359259892,8.20487359259892,4.42163525100068,3.7832383415982402,<10\%
rq,ti6al4v,mf,int,green,1,5.04513218728387,5.04513218728387,5.04513218728387,5.04513218728387,4.42163525100068,0.6234969362831899,<10\%
rq,ti6al4v,mf,int,red,1,13.2798350653436,13.2798350653436,13.2798350653436,13.2798350653436,4.42163525100068,8.85819981434292,10--30\%
rq,ti6al4v,mf,int,white,1,4.42163525100068,4.42163525100068,4.42163525100068,4.42163525100068,4.42163525100068,0,<10\%
rq,ti6al4v,mr,FV,blue,1,28.6191141079496,28.6191141079496,28.6191141079496,28.6191141079496,1.98418525316298,26.63492885478662,10--30\%
rq,ti6al4v,mr,FV,green,1,29.1036017063276,29.1036017063276,29.1036017063276,29.1036017063276,1.98418525316298,27.119416453164618,10--30\%
rq,ti6al4v,mr,FV,red,1,28.6311107835739,28.6311107835739,28.6311107835739,28.6311107835739,1.98418525316298,26.64692553041092,10--30\%
rq,ti6al4v,mr,conf,blue,1,27.2419240933557,27.2419240933557,27.2419240933557,27.2419240933557,1.98418525316298,25.25773884019272,10--30\%
rq,ti6al4v,mr,conf,green,1,13.9696416018109,13.9696416018109,13.9696416018109,13.9696416018109,1.98418525316298,11.98545634864792,10--30\%
rq,ti6al4v,mr,conf,red,1,1.98418525316298,1.98418525316298,1.98418525316298,1.98418525316298,1.98418525316298,0,<10\%
rq,ti6al4v,mr,fusion,blue,1,10.7445642592131,10.7445642592131,10.7445642592131,10.7445642592131,1.98418525316298,8.760379006050119,10--30\%
rq,ti6al4v,mr,fusion,green,1,3.31892803014653,3.31892803014653,3.31892803014653,3.31892803014653,1.98418525316298,1.3347427769835498,<10\%
rq,ti6al4v,mr,fusion,red,1,13.5720670221368,13.5720670221368,13.5720670221368,13.5720670221368,1.98418525316298,11.58788176897382,10--30\%
rq,ti6al4v,mr,int,blue,1,12.0373094169215,12.0373094169215,12.0373094169215,12.0373094169215,1.98418525316298,10.05312416375852,10--30\%
rq,ti6al4v,mr,int,green,1,57.0398569655555,57.0398569655555,57.0398569655555,57.0398569655555,1.98418525316298,55.055671712392524,>30\%
rq,ti6al4v,mr,int,red,1,34.8401862367047,34.8401862367047,34.8401862367047,34.8401862367047,1.98418525316298,32.856000983541726,>30\%
rq,ti6al4v,mr,int,white,1,56.2639045302366,56.2639045302366,56.2639045302366,56.2639045302366,1.98418525316298,54.279719277073625,>30\%
rq,ti6al4v,tf,FV,blue,1,19.6170892289835,19.6170892289835,19.6170892289835,19.6170892289835,2.97673659016319,16.64035263882031,10--30\%
rq,ti6al4v,tf,FV,green,1,23.669833656632,23.669833656632,23.669833656632,23.669833656632,2.97673659016319,20.69309706646881,10--30\%
rq,ti6al4v,tf,FV,red,1,14.8951542613749,14.8951542613749,14.8951542613749,14.8951542613749,2.97673659016319,11.91841767121171,10--30\%
rq,ti6al4v,tf,conf,blue,1,26.9118065426624,26.9118065426624,26.9118065426624,26.9118065426624,2.97673659016319,23.935069952499212,10--30\%
rq,ti6al4v,tf,conf,green,1,21.0190026926882,21.0190026926882,21.0190026926882,21.0190026926882,2.97673659016319,18.042266102525012,10--30\%
rq,ti6al4v,tf,conf,red,1,10.617411580586,10.617411580586,10.617411580586,10.617411580586,2.97673659016319,7.640674990422809,10--30\%
rq,ti6al4v,tf,fusion,blue,1,20.5282513199868,20.5282513199868,20.5282513199868,20.5282513199868,2.97673659016319,17.55151472982361,10--30\%
rq,ti6al4v,tf,fusion,green,1,13.5207091914038,13.5207091914038,13.5207091914038,13.5207091914038,2.97673659016319,10.54397260124061,10--30\%
rq,ti6al4v,tf,fusion,red,1,2.97673659016319,2.97673659016319,2.97673659016319,2.97673659016319,2.97673659016319,0,<10\%
rq,ti6al4v,tf,int,blue,1,12.5219716806855,12.5219716806855,12.5219716806855,12.5219716806855,2.97673659016319,9.54523509052231,10--30\%
rq,ti6al4v,tf,int,green,1,24.1363284841319,24.1363284841319,24.1363284841319,24.1363284841319,2.97673659016319,21.15959189396871,10--30\%
rq,ti6al4v,tf,int,red,1,15.6523431360541,15.6523431360541,15.6523431360541,15.6523431360541,2.97673659016319,12.67560654589091,10--30\%
rq,ti6al4v,tf,int,white,1,23.9703285342771,23.9703285342771,23.9703285342771,23.9703285342771,2.97673659016319,20.99359194411391,10--30\%
rq,ti6al4v,tr,FV,blue,1,69.7776633645169,69.7776633645169,69.7776633645169,69.7776633645169,56.8692163363402,12.908447028176695,>30\%
rq,ti6al4v,tr,FV,green,1,68.8323524278854,68.8323524278854,68.8323524278854,68.8323524278854,56.8692163363402,11.963136091545195,>30\%
rq,ti6al4v,tr,FV,red,1,65.6780367042905,65.6780367042905,65.6780367042905,65.6780367042905,56.8692163363402,8.808820367950304,>30\%
rq,ti6al4v,tr,conf,blue,1,69.7162814927209,69.7162814927209,69.7162814927209,69.7162814927209,56.8692163363402,12.847065156380694,>30\%
rq,ti6al4v,tr,conf,green,1,65.3905480964904,65.3905480964904,65.3905480964904,65.3905480964904,56.8692163363402,8.521331760150204,>30\%
rq,ti6al4v,tr,conf,red,1,61.049739362362,61.049739362362,61.049739362362,61.049739362362,56.8692163363402,4.180523026021795,>30\%
rq,ti6al4v,tr,fusion,blue,1,65.6177162678646,65.6177162678646,65.6177162678646,65.6177162678646,56.8692163363402,8.748499931524393,>30\%
rq,ti6al4v,tr,fusion,green,1,61.4615875834851,61.4615875834851,61.4615875834851,61.4615875834851,56.8692163363402,4.5923712471448965,>30\%
rq,ti6al4v,tr,fusion,red,1,56.8692163363402,56.8692163363402,56.8692163363402,56.8692163363402,56.8692163363402,0,>30\%
rq,ti6al4v,tr,int,blue,1,62.9944814606341,62.9944814606341,62.9944814606341,62.9944814606341,56.8692163363402,6.125265124293897,>30\%
rq,ti6al4v,tr,int,green,1,70.2339392810016,70.2339392810016,70.2339392810016,70.2339392810016,56.8692163363402,13.364722944661395,>30\%
rq,ti6al4v,tr,int,red,1,70.3185765398349,70.3185765398349,70.3185765398349,70.3185765398349,56.8692163363402,13.449360203494692,>30\%
rq,ti6al4v,tr,int,white,1,70.5795059161694,70.5795059161694,70.5795059161694,70.5795059161694,56.8692163363402,13.710289579829194,>30\%
rq,ti6al4v,wedm_f,FV,blue,1,81.1690408337458,81.1690408337458,81.1690408337458,81.1690408337458,7.43154626858765,73.73749456515814,>30\%
rq,ti6al4v,wedm_f,FV,green,1,58.2911047396575,58.2911047396575,58.2911047396575,58.2911047396575,7.43154626858765,50.859558471069846,>30\%
rq,ti6al4v,wedm_f,FV,red,1,106.684196132167,106.684196132167,106.684196132167,106.684196132167,7.43154626858765,99.25264986357935,>100\%
rq,ti6al4v,wedm_f,conf,blue,1,101.803687476384,101.803687476384,101.803687476384,101.803687476384,7.43154626858765,94.37214120779635,>100\%
rq,ti6al4v,wedm_f,conf,green,1,132.359960533519,132.359960533519,132.359960533519,132.359960533519,7.43154626858765,124.92841426493135,>100\%
rq,ti6al4v,wedm_f,conf,red,1,156.144390683406,156.144390683406,156.144390683406,156.144390683406,7.43154626858765,148.71284441481833,>100\%
rq,ti6al4v,wedm_f,fusion,blue,1,177.222906416343,177.222906416343,177.222906416343,177.222906416343,7.43154626858765,169.79136014775534,>100\%
rq,ti6al4v,wedm_f,fusion,green,1,209.455243635013,209.455243635013,209.455243635013,209.455243635013,7.43154626858765,202.02369736642535,>100\%
rq,ti6al4v,wedm_f,fusion,red,1,241.124111303743,241.124111303743,241.124111303743,241.124111303743,7.43154626858765,233.69256503515535,>100\%
rq,ti6al4v,wedm_f,int,blue,1,7.43154626858765,7.43154626858765,7.43154626858765,7.43154626858765,7.43154626858765,0,<10\%
rq,ti6al4v,wedm_f,int,green,1,21.8383592438525,21.8383592438525,21.8383592438525,21.8383592438525,7.43154626858765,14.406812975264852,10--30\%
rq,ti6al4v,wedm_f,int,red,1,17.3305296087973,17.3305296087973,17.3305296087973,17.3305296087973,7.43154626858765,9.89898334020965,10--30\%
rq,ti6al4v,wedm_f,int,white,1,23.0891814984453,23.0891814984453,23.0891814984453,23.0891814984453,7.43154626858765,15.65763522985765,10--30\%
rq,ti6al4v,wedm_r,FV,blue,1,7.29213048321241,7.29213048321241,7.29213048321241,7.29213048321241,1.97281564866619,5.31931483454622,<10\%
rq,ti6al4v,wedm_r,FV,green,1,6.82193539097177,6.82193539097177,6.82193539097177,6.82193539097177,1.97281564866619,4.8491197423055805,<10\%
rq,ti6al4v,wedm_r,FV,red,1,5.65759381009889,5.65759381009889,5.65759381009889,5.65759381009889,1.97281564866619,3.6847781614326998,<10\%
rq,ti6al4v,wedm_r,conf,blue,1,4.27086107429048,4.27086107429048,4.27086107429048,4.27086107429048,1.97281564866619,2.2980454256242897,<10\%
rq,ti6al4v,wedm_r,conf,green,1,9.08189790701196,9.08189790701196,9.08189790701196,9.08189790701196,1.97281564866619,7.1090822583457705,<10\%
rq,ti6al4v,wedm_r,conf,red,1,15.7131568683417,15.7131568683417,15.7131568683417,15.7131568683417,1.97281564866619,13.74034121967551,10--30\%
rq,ti6al4v,wedm_r,fusion,blue,1,18.204956143852,18.204956143852,18.204956143852,18.204956143852,1.97281564866619,16.23214049518581,10--30\%
rq,ti6al4v,wedm_r,fusion,green,1,39.8188096307221,39.8188096307221,39.8188096307221,39.8188096307221,1.97281564866619,37.84599398205591,>30\%
rq,ti6al4v,wedm_r,fusion,red,1,55.6491497962976,55.6491497962976,55.6491497962976,55.6491497962976,1.97281564866619,53.67633414763141,>30\%
rq,ti6al4v,wedm_r,int,blue,1,29.111643616221,29.111643616221,29.111643616221,29.111643616221,1.97281564866619,27.138827967554807,10--30\%
rq,ti6al4v,wedm_r,int,green,1,3.03739016972372,3.03739016972372,3.03739016972372,3.03739016972372,1.97281564866619,1.0645745210575297,<10\%
rq,ti6al4v,wedm_r,int,red,1,1.97281564866619,1.97281564866619,1.97281564866619,1.97281564866619,1.97281564866619,0,<10\%
rq,ti6al4v,wedm_r,int,white,1,3.33178213070286,3.33178213070286,3.33178213070286,3.33178213070286,1.97281564866619,1.35896648203667,<10\%
rsm,14301,b,FV,blue,1,99.9627734744675,99.9627734744675,99.9627734744675,99.9627734744675,99.9567568489663,0.006016625501203521,>30\%
rsm,14301,b,FV,green,1,99.9622052945191,99.9622052945191,99.9622052945191,99.9622052945191,99.9567568489663,0.005448445552801218,>30\%
rsm,14301,b,FV,red,1,99.9585586551069,99.9585586551069,99.9585586551069,99.9585586551069,99.9567568489663,0.001801806140605322,>30\%
rsm,14301,b,conf,blue,1,99.9804452078168,99.9804452078168,99.9804452078168,99.9804452078168,99.9567568489663,0.023688358850506575,>30\%
rsm,14301,b,conf,green,1,99.9784305515908,99.9784305515908,99.9784305515908,99.9784305515908,99.9567568489663,0.021673702624511293,>30\%
rsm,14301,b,conf,red,1,99.9783909645261,99.9783909645261,99.9783909645261,99.9783909645261,99.9567568489663,0.021634115559805878,>30\%
rsm,14301,b,fusion,blue,1,99.9835996688702,99.9835996688702,99.9835996688702,99.9835996688702,99.9567568489663,0.026842819903905024,>30\%
rsm,14301,b,fusion,green,1,99.9818013848652,99.9818013848652,99.9818013848652,99.9818013848652,99.9567568489663,0.025044535898899767,>30\%
rsm,14301,b,fusion,red,1,99.981794050097207,99.981794050097207,99.981794050097207,99.981794050097207,99.9567568489663,0.0250372011309139,>30\%
rsm,14301,b,int,blue,1,99.9678200171362,99.9678200171362,99.9678200171362,99.9678200171362,99.9567568489663,0.011063168169911819,>30\%
rsm,14301,b,int,green,1,99.9570413399372,99.9570413399372,99.9570413399372,99.9570413399372,99.9567568489663,2.8449097091254316e-4,>30\%
rsm,14301,b,int,red,1,99.9696585538253,99.9696585538253,99.9696585538253,99.9696585538253,99.9567568489663,0.012901704859004326,>30\%
rsm,14301,b,int,white,1,99.9567568489663,99.9567568489663,99.9567568489663,99.9567568489663,99.9567568489663,0,>30\%
rsm,14301,gla,FV,blue,1,99.9484048358295,99.9484048358295,99.9484048358295,99.9484048358295,99.9457034703262,0.0027013655033130135,>30\%
rsm,14301,gla,FV,green,1,99.946779644128,99.946779644128,99.946779644128,99.946779644128,99.9457034703262,0.001076173801806135,>30\%
rsm,14301,gla,FV,red,1,99.9457034703262,99.9457034703262,99.9457034703262,99.9457034703262,99.9457034703262,0,>30\%
rsm,14301,gla,conf,blue,1,99.9742698416098,99.9742698416098,99.9742698416098,99.9742698416098,99.9457034703262,0.02856637128360262,>30\%
rsm,14301,gla,conf,green,1,99.9714875269265,99.9714875269265,99.9714875269265,99.9714875269265,99.9457034703262,0.025784056600301142,>30\%
rsm,14301,gla,conf,red,1,99.9697329033695,99.9697329033695,99.9697329033695,99.9697329033695,99.9457034703262,0.024029433043310178,>30\%
rsm,14301,gla,fusion,blue,1,99.9773514983744,99.9773514983744,99.9773514983744,99.9773514983744,99.9457034703262,0.03164802804820965,>30\%
rsm,14301,gla,fusion,green,1,99.975253895107,99.975253895107,99.975253895107,99.975253895107,99.9457034703262,0.02955042478080827,>30\%
rsm,14301,gla,fusion,red,1,99.9733954702794,99.9733954702794,99.9733954702794,99.9733954702794,99.9457034703262,0.02769199995320548,>30\%
rsm,14301,gla,int,blue,1,99.9595848014915,99.9595848014915,99.9595848014915,99.9595848014915,99.9457034703262,0.013881331165308097,>30\%
rsm,14301,gla,int,green,1,99.9487970155665,99.9487970155665,99.9487970155665,99.9487970155665,99.9457034703262,0.003093545240304252,>30\%
rsm,14301,gla,int,red,1,99.9558525642376,99.9558525642376,99.9558525642376,99.9558525642376,99.9457034703262,0.010149093911408613,>30\%
rsm,14301,gla,int,white,1,99.948218933161,99.948218933161,99.948218933161,99.948218933161,99.9457034703262,0.0025154628348076358,>30\%
rsm,14301,gri,FV,blue,1,99.9098089275645,99.9098089275645,99.9098089275645,99.9098089275645,99.906180552509,0.0036283750554986227,>30\%
rsm,14301,gri,FV,green,1,99.906180552509,99.906180552509,99.906180552509,99.906180552509,99.906180552509,0,>30\%
rsm,14301,gri,FV,red,1,99.9073947453021,99.9073947453021,99.9073947453021,99.9073947453021,99.906180552509,0.0012141927930997554,>30\%
rsm,14301,gri,conf,blue,1,99.9501695288276,99.9501695288276,99.9501695288276,99.9501695288276,99.906180552509,0.04398897631860166,>30\%
rsm,14301,gri,conf,green,1,99.9529739953732,99.9529739953732,99.9529739953732,99.9529739953732,99.906180552509,0.04679344286419962,>30\%
rsm,14301,gri,conf,red,1,99.9541414831301,99.9541414831301,99.9541414831301,99.9541414831301,99.906180552509,0.04796093062110174,>30\%
rsm,14301,gri,fusion,blue,1,99.9598444524586,99.9598444524586,99.9598444524586,99.9598444524586,99.906180552509,0.05366389994959775,>30\%
rsm,14301,gri,fusion,green,1,99.9625948672359,99.9625948672359,99.9625948672359,99.9625948672359,99.906180552509,0.05641431472689362,>30\%
rsm,14301,gri,fusion,red,1,99.9637327305404,99.9637327305404,99.9637327305404,99.9637327305404,99.906180552509,0.05755217803140056,>30\%
rsm,14301,gri,int,blue,1,99.9098391191085,99.9098391191085,99.9098391191085,99.9098391191085,99.906180552509,0.0036585665994977035,>30\%
rsm,14301,gri,int,green,1,99.9350360985818,99.9350360985818,99.9350360985818,99.9350360985818,99.906180552509,0.028855546072804827,>30\%
rsm,14301,gri,int,red,1,99.9318932478875,99.9318932478875,99.9318932478875,99.9318932478875,99.906180552509,0.02571269537850185,>30\%
rsm,14301,gri,int,white,1,99.9367952749894,99.9367952749894,99.9367952749894,99.9367952749894,99.906180552509,0.030614722480393652,>30\%
rsm,14301,hon,FV,blue,1,99.8730138856257,99.8730138856257,99.8730138856257,99.8730138856257,99.8729507503177,6.313530799673117e-5,>30\%
rsm,14301,hon,FV,green,1,99.8729507503177,99.8729507503177,99.8729507503177,99.8729507503177,99.8729507503177,0,>30\%
rsm,14301,hon,FV,red,1,99.8762729930086,99.8762729930086,99.8762729930086,99.8762729930086,99.8729507503177,0.003322242690899202,>30\%
rsm,14301,hon,conf,blue,1,99.9427465119076,99.9427465119076,99.9427465119076,99.9427465119076,99.8729507503177,0.06979576158990142,>30\%
rsm,14301,hon,conf,green,1,99.9497216966714,99.9497216966714,99.9497216966714,99.9497216966714,99.8729507503177,0.07677094635370452,>30\%
rsm,14301,hon,conf,red,1,99.9504718378426,99.9504718378426,99.9504718378426,99.9504718378426,99.8729507503177,0.07752108752490017,>30\%
rsm,14301,hon,fusion,blue,1,99.9524636926758,99.9524636926758,99.9524636926758,99.9524636926758,99.8729507503177,0.07951294235810735,>30\%
rsm,14301,hon,fusion,green,1,99.9605762485267,99.9605762485267,99.9605762485267,99.9605762485267,99.8729507503177,0.08762549820900745,>30\%
rsm,14301,hon,fusion,red,1,99.9616813683497,99.9616813683497,99.9616813683497,99.9616813683497,99.8729507503177,0.08873061803200244,>30\%
rsm,14301,hon,int,blue,1,99.8798556040617,99.8798556040617,99.8798556040617,99.8798556040617,99.8729507503177,0.006904853744003958,>30\%
rsm,14301,hon,int,green,1,99.9187735160536,99.9187735160536,99.9187735160536,99.9187735160536,99.8729507503177,0.045822765735906046,>30\%
rsm,14301,hon,int,red,1,99.9171889259609,99.9171889259609,99.9171889259609,99.9171889259609,99.8729507503177,0.044238175643201316,>30\%
rsm,14301,hon,int,white,1,99.9194134765762,99.9194134765762,99.9194134765762,99.9194134765762,99.8729507503177,0.0464627262584969,>30\%
rsm,14301,mf,FV,blue,1,99.9544394888542,99.9544394888542,99.9544394888542,99.9544394888542,99.9326461128934,0.021793375960811545,>30\%
rsm,14301,mf,FV,green,1,99.9555126859099,99.9555126859099,99.9555126859099,99.9555126859099,99.9326461128934,0.022866573016500524,>30\%
rsm,14301,mf,FV,red,1,99.9564626156118,99.9564626156118,99.9564626156118,99.9564626156118,99.9326461128934,0.023816502718403854,>30\%
rsm,14301,mf,conf,blue,1,99.972923356992,99.972923356992,99.972923356992,99.972923356992,99.9326461128934,0.040277244098604115,>30\%
rsm,14301,mf,conf,green,1,99.9745366082598,99.9745366082598,99.9745366082598,99.9745366082598,99.9326461128934,0.04189049536640255,>30\%
rsm,14301,mf,conf,red,1,99.9717941539179,99.9717941539179,99.9717941539179,99.9717941539179,99.9326461128934,0.039148041024503755,>30\%
rsm,14301,mf,fusion,blue,1,99.9795470107328,99.9795470107328,99.9795470107328,99.9795470107328,99.9326461128934,0.04690089783940721,>30\%
rsm,14301,mf,fusion,green,1,99.9809234199436,99.9809234199436,99.9809234199436,99.9809234199436,99.9326461128934,0.04827730705019917,>30\%
rsm,14301,mf,fusion,red,1,99.9789342313288,99.9789342313288,99.9789342313288,99.9789342313288,99.9326461128934,0.04628811843539893,>30\%
rsm,14301,mf,int,blue,1,99.9714492873994,99.9714492873994,99.9714492873994,99.9714492873994,99.9326461128934,0.03880317450600046,>30\%
rsm,14301,mf,int,green,1,99.938210588559,99.938210588559,99.938210588559,99.938210588559,99.9326461128934,0.005564475665607915,>30\%
rsm,14301,mf,int,red,1,99.9673402938297,99.9673402938297,99.9673402938297,99.9673402938297,99.9326461128934,0.034694180936298835,>30\%
rsm,14301,mf,int,white,1,99.9326461128934,99.9326461128934,99.9326461128934,99.9326461128934,99.9326461128934,0,>30\%
rsm,14301,mr,FV,blue,1,99.9842216838306,99.9842216838306,99.9842216838306,99.9842216838306,99.9653787221798,0.018842961650790357,>30\%
rsm,14301,mr,FV,green,1,99.9823595309307,99.9823595309307,99.9823595309307,99.9823595309307,99.9653787221798,0.016980808750886922,>30\%
rsm,14301,mr,FV,red,1,99.9797620321937,99.9797620321937,99.9797620321937,99.9797620321937,99.9653787221798,0.014383310013897699,>30\%
rsm,14301,mr,conf,blue,1,99.9879114054581,99.9879114054581,99.9879114054581,99.9879114054581,99.9653787221798,0.022532683278299714,>30\%
rsm,14301,mr,conf,green,1,99.983853704275,99.983853704275,99.983853704275,99.983853704275,99.9653787221798,0.018474982095199266,>30\%
rsm,14301,mr,conf,red,1,99.9833071329469,99.9833071329469,99.9833071329469,99.9833071329469,99.9653787221798,0.017928410767098057,>30\%
rsm,14301,mr,fusion,blue,1,99.9893530969838,99.9893530969838,99.9893530969838,99.9893530969838,99.9653787221798,0.023974374803998444,>30\%
rsm,14301,mr,fusion,green,1,99.9852040659806,99.9852040659806,99.9852040659806,99.9852040659806,99.9653787221798,0.019825343800789597,>30\%
rsm,14301,mr,fusion,red,1,99.9846468482773,99.9846468482773,99.9846468482773,99.9846468482773,99.9653787221798,0.019268126097486515,>30\%
rsm,14301,mr,int,blue,1,99.9817669269661,99.9817669269661,99.9817669269661,99.9817669269661,99.9653787221798,0.016388204786295546,>30\%
rsm,14301,mr,int,green,1,99.9719902521275,99.9719902521275,99.9719902521275,99.9719902521275,99.9653787221798,0.006611529947690542,>30\%
rsm,14301,mr,int,red,1,99.9884507141203,99.9884507141203,99.9884507141203,99.9884507141203,99.9653787221798,0.023071991940497583,>30\%
rsm,14301,mr,int,white,1,99.9653787221798,99.9653787221798,99.9653787221798,99.9653787221798,99.9653787221798,0,>30\%
rsm,14301,tf,FV,blue,1,99.8606819415042,99.8606819415042,99.8606819415042,99.8606819415042,99.5654405653468,0.2952413761573922,>30\%
rsm,14301,tf,FV,green,1,99.8476410894815,99.8476410894815,99.8476410894815,99.8476410894815,99.5654405653468,0.2822005241346943,>30\%
rsm,14301,tf,FV,red,1,99.8445486417263,99.8445486417263,99.8445486417263,99.8445486417263,99.5654405653468,0.27910807637950086,>30\%
rsm,14301,tf,conf,blue,1,99.8863482922164,99.8863482922164,99.8863482922164,99.8863482922164,99.5654405653468,0.3209077268695921,>30\%
rsm,14301,tf,conf,green,1,99.8644332882485,99.8644332882485,99.8644332882485,99.8644332882485,99.5654405653468,0.2989927229017013,>30\%
rsm,14301,tf,conf,red,1,99.8448003712598,99.8448003712598,99.8448003712598,99.8448003712598,99.5654405653468,0.27935980591298915,>30\%
rsm,14301,tf,fusion,blue,1,99.9076295435147,99.9076295435147,99.9076295435147,99.9076295435147,99.5654405653468,0.34218897816789706,>30\%
rsm,14301,tf,fusion,green,1,99.884641544008,99.884641544008,99.884641544008,99.884641544008,99.5654405653468,0.31920097866120045,>30\%
rsm,14301,tf,fusion,red,1,99.8661331940294,99.8661331940294,99.8661331940294,99.8661331940294,99.5654405653468,0.3006926286825973,>30\%
rsm,14301,tf,int,blue,1,99.8664892785787,99.8664892785787,99.8664892785787,99.8664892785787,99.5654405653468,0.30104871323189286,>30\%
rsm,14301,tf,int,green,1,99.6058827641247,99.6058827641247,99.6058827641247,99.6058827641247,99.5654405653468,0.04044219877789601,>30\%
rsm,14301,tf,int,red,1,99.8876135963097,99.8876135963097,99.8876135963097,99.8876135963097,99.5654405653468,0.32217303096290095,>30\%
rsm,14301,tf,int,white,1,99.5654405653468,99.5654405653468,99.5654405653468,99.5654405653468,99.5654405653468,0,>30\%
rsm,14301,tr,FV,blue,1,99.9066780123341,99.9066780123341,99.9066780123341,99.9066780123341,99.7206575803274,0.18602043200669982,>30\%
rsm,14301,tr,FV,green,1,99.8908394096563,99.8908394096563,99.8908394096563,99.8908394096563,99.7206575803274,0.17018182932889658,>30\%
rsm,14301,tr,FV,red,1,99.8867199072517,99.8867199072517,99.8867199072517,99.8867199072517,99.7206575803274,0.16606232692430467,>30\%
rsm,14301,tr,conf,blue,1,99.8951262414603,99.8951262414603,99.8951262414603,99.8951262414603,99.7206575803274,0.17446866113290582,>30\%
rsm,14301,tr,conf,green,1,99.8878985709288,99.8878985709288,99.8878985709288,99.8878985709288,99.7206575803274,0.16724099060139963,>30\%
rsm,14301,tr,conf,red,1,99.879002520048,99.879002520048,99.879002520048,99.879002520048,99.7206575803274,0.1583449397206067,>30\%
rsm,14301,tr,fusion,blue,1,99.9203232687498,99.9203232687498,99.9203232687498,99.9203232687498,99.7206575803274,0.1996656884223995,>30\%
rsm,14301,tr,fusion,green,1,99.9095370453072,99.9095370453072,99.9095370453072,99.9095370453072,99.7206575803274,0.1888794649798058,>30\%
rsm,14301,tr,fusion,red,1,99.9035051268442,99.9035051268442,99.9035051268442,99.9035051268442,99.7206575803274,0.1828475465167969,>30\%
rsm,14301,tr,int,blue,1,99.9180404942356,99.9180404942356,99.9180404942356,99.9180404942356,99.7206575803274,0.19738291390819995,>30\%
rsm,14301,tr,int,green,1,99.7365401305619,99.7365401305619,99.7365401305619,99.7365401305619,99.7206575803274,0.01588255023450813,>30\%
rsm,14301,tr,int,red,1,99.9201214038598,99.9201214038598,99.9201214038598,99.9201214038598,99.7206575803274,0.19946382353239756,>30\%
rsm,14301,tr,int,white,1,99.7206575803274,99.7206575803274,99.7206575803274,99.7206575803274,99.7206575803274,0,>30\%
rsm,14301,wedm_f,FV,blue,1,99.8941412507772,99.8941412507772,99.8941412507772,99.8941412507772,99.892869201598,0.001272049179192436,>30\%
rsm,14301,wedm_f,FV,green,1,99.892869201598,99.892869201598,99.892869201598,99.892869201598,99.892869201598,0,>30\%
rsm,14301,wedm_f,FV,red,1,99.8935802616999,99.8935802616999,99.8935802616999,99.8935802616999,99.892869201598,7.11060101892258e-4,>30\%
rsm,14301,wedm_f,conf,blue,1,99.9489201434557,99.9489201434557,99.9489201434557,99.9489201434557,99.892869201598,0.05605094185769133,>30\%
rsm,14301,wedm_f,conf,green,1,99.9485682402172,99.9485682402172,99.9485682402172,99.9485682402172,99.892869201598,0.05569903861919556,>30\%
rsm,14301,wedm_f,conf,red,1,99.9483727860516,99.9483727860516,99.9483727860516,99.9483727860516,99.892869201598,0.055503584453603594,>30\%
rsm,14301,wedm_f,fusion,blue,1,99.9537276525958,99.9537276525958,99.9537276525958,99.9537276525958,99.892869201598,0.06085845099779874,>30\%
rsm,14301,wedm_f,fusion,green,1,99.9565863471316,99.9565863471316,99.9565863471316,99.9565863471316,99.892869201598,0.06371714553360164,>30\%
rsm,14301,wedm_f,fusion,red,1,99.9559848324238,99.9559848324238,99.9559848324238,99.9559848324238,99.892869201598,0.06311563082579141,>30\%
rsm,14301,wedm_f,int,blue,1,99.9009658052035,99.9009658052035,99.9009658052035,99.9009658052035,99.892869201598,0.008096603605494579,>30\%
rsm,14301,wedm_f,int,green,1,99.9267370030886,99.9267370030886,99.9267370030886,99.9267370030886,99.892869201598,0.03386780149060087,>30\%
rsm,14301,wedm_f,int,red,1,99.9245589639584,99.9245589639584,99.9245589639584,99.9245589639584,99.892869201598,0.031689762360400664,>30\%
rsm,14301,wedm_f,int,white,1,99.9279520142524,99.9279520142524,99.9279520142524,99.9279520142524,99.892869201598,0.0350828126543945,>30\%
rsm,14301,wedm_r,FV,blue,1,99.922158233045,99.922158233045,99.922158233045,99.922158233045,99.9172731766875,0.004885056357494477,>30\%
rsm,14301,wedm_r,FV,green,1,99.9176360657891,99.9176360657891,99.9176360657891,99.9176360657891,99.9172731766875,3.6288910159498755e-4,>30\%
rsm,14301,wedm_r,FV,red,1,99.9172731766875,99.9172731766875,99.9172731766875,99.9172731766875,99.9172731766875,0,>30\%
rsm,14301,wedm_r,conf,blue,1,99.9353118852208,99.9353118852208,99.9353118852208,99.9353118852208,99.9172731766875,0.0180387085332967,>30\%
rsm,14301,wedm_r,conf,green,1,99.9345848425681,99.9345848425681,99.9345848425681,99.9345848425681,99.9172731766875,0.01731166588059807,>30\%
rsm,14301,wedm_r,conf,red,1,99.939013160485,99.939013160485,99.939013160485,99.939013160485,99.9172731766875,0.021739983797502305,>30\%
rsm,14301,wedm_r,fusion,blue,1,99.9452656221905,99.9452656221905,99.9452656221905,99.9452656221905,99.9172731766875,0.027992445503002727,>30\%
rsm,14301,wedm_r,fusion,green,1,99.9396551226251,99.9396551226251,99.9396551226251,99.9396551226251,99.9172731766875,0.022381945937596015,>30\%
rsm,14301,wedm_r,fusion,red,1,99.9434128423299,99.9434128423299,99.9434128423299,99.9434128423299,99.9172731766875,0.026139665642403997,>30\%
rsm,14301,wedm_r,int,green,1,99.9413454645131,99.9413454645131,99.9413454645131,99.9413454645131,99.9172731766875,0.024072287825603667,>30\%
rsm,14301,wedm_r,int,red,1,99.9364097732715,99.9364097732715,99.9364097732715,99.9364097732715,99.9172731766875,0.019136596584004906,>30\%
rsm,14301,wedm_r,int,white,1,99.9412874031617,99.9412874031617,99.9412874031617,99.9412874031617,99.9172731766875,0.02401422647419338,>30\%
rsm,al7075,b,FV,blue,1,99.9583032572647,99.9583032572647,99.9583032572647,99.9583032572647,99.9226170758621,0.03568618140259616,>30\%
rsm,al7075,b,FV,green,1,99.9584817677532,99.9584817677532,99.9584817677532,99.9584817677532,99.9226170758621,0.03586469189109209,>30\%
rsm,al7075,b,FV,red,1,99.952713547993,99.952713547993,99.952713547993,99.952713547993,99.9226170758621,0.03009647213089295,>30\%
rsm,al7075,b,conf,blue,1,99.9800370776205,99.9800370776205,99.9800370776205,99.9800370776205,99.9226170758621,0.057420001758387684,>30\%
rsm,al7075,b,conf,green,1,99.9778785692994,99.9778785692994,99.9778785692994,99.9778785692994,99.9226170758621,0.05526149343729969,>30\%
rsm,al7075,b,conf,red,1,99.9774380171224,99.9774380171224,99.9774380171224,99.9774380171224,99.9226170758621,0.05482094126028869,>30\%
rsm,al7075,b,fusion,blue,1,99.984182254309,99.984182254309,99.984182254309,99.984182254309,99.9226170758621,0.06156517844689802,>30\%
rsm,al7075,b,fusion,green,1,99.9826822399557,99.9826822399557,99.9826822399557,99.9826822399557,99.9226170758621,0.06006516409358653,>30\%
rsm,al7075,b,fusion,red,1,99.9810668535826,99.9810668535826,99.9810668535826,99.9810668535826,99.9226170758621,0.05844977772049731,>30\%
rsm,al7075,b,int,blue,1,99.9580469664068,99.9580469664068,99.9580469664068,99.9580469664068,99.9226170758621,0.035429890544691034,>30\%
rsm,al7075,b,int,green,1,99.9421481817142,99.9421481817142,99.9421481817142,99.9421481817142,99.9226170758621,0.01953110585209572,>30\%
rsm,al7075,b,int,red,1,99.9622191785626,99.9622191785626,99.9622191785626,99.9622191785626,99.9226170758621,0.03960210270049913,>30\%
rsm,al7075,b,int,white,1,99.9226170758621,99.9226170758621,99.9226170758621,99.9226170758621,99.9226170758621,0,>30\%
rsm,al7075,gla,FV,blue,1,99.9303219639446,99.9303219639446,99.9303219639446,99.9303219639446,99.9218354503235,0.00848651362110786,>30\%
rsm,al7075,gla,FV,green,1,99.9218354503235,99.9218354503235,99.9218354503235,99.9218354503235,99.9218354503235,0,>30\%
rsm,al7075,gla,FV,red,1,99.9220040793416,99.9220040793416,99.9220040793416,99.9220040793416,99.9218354503235,1.686290181055483e-4,>30\%
rsm,al7075,gla,conf,blue,1,99.9595947496003,99.9595947496003,99.9595947496003,99.9595947496003,99.9218354503235,0.03775929927680011,>30\%
rsm,al7075,gla,conf,green,1,99.9608208583303,99.9608208583303,99.9608208583303,99.9608208583303,99.9218354503235,0.03898540800679484,>30\%
rsm,al7075,gla,conf,red,1,99.960011561591,99.960011561591,99.960011561591,99.960011561591,99.9218354503235,0.03817611126750364,>30\%
rsm,al7075,gla,fusion,blue,1,99.9655182871038,99.9655182871038,99.9655182871038,99.9655182871038,99.9218354503235,0.043682836780305934,>30\%
rsm,al7075,gla,fusion,green,1,99.962482353258,99.962482353258,99.962482353258,99.962482353258,99.9218354503235,0.040646902934497575,>30\%
rsm,al7075,gla,fusion,red,1,99.9626448951052,99.9626448951052,99.9626448951052,99.9626448951052,99.9218354503235,0.04080944478170068,>30\%
rsm,al7075,gla,int,blue,1,99.934879959343,99.934879959343,99.934879959343,99.934879959343,99.9218354503235,0.013044509019493944,>30\%
rsm,al7075,gla,int,green,1,99.9333269339215,99.9333269339215,99.9333269339215,99.9333269339215,99.9218354503235,0.011491483598007335,>30\%
rsm,al7075,gla,int,red,1,99.9317648266603,99.9317648266603,99.9317648266603,99.9317648266603,99.9218354503235,0.009929376336799578,>30\%
rsm,al7075,gla,int,white,1,99.9329078600437,99.9329078600437,99.9329078600437,99.9329078600437,99.9218354503235,0.011072409720199516,>30\%
rsm,al7075,gri,FV,blue,1,99.9362292864564,99.9362292864564,99.9362292864564,99.9362292864564,99.9345562658555,0.0016730206008901405,>30\%
rsm,al7075,gri,FV,green,1,99.9345562658555,99.9345562658555,99.9345562658555,99.9345562658555,99.9345562658555,0,>30\%
rsm,al7075,gri,FV,red,1,99.935465626645,99.935465626645,99.935465626645,99.935465626645,99.9345562658555,9.093607894925526e-4,>30\%
rsm,al7075,gri,conf,blue,1,99.9685804151422,99.9685804151422,99.9685804151422,99.9685804151422,99.9345562658555,0.03402414928669373,>30\%
rsm,al7075,gri,conf,green,1,99.9696373966254,99.9696373966254,99.9696373966254,99.9696373966254,99.9345562658555,0.03508113076989616,>30\%
rsm,al7075,gri,conf,red,1,99.967980260508,99.967980260508,99.967980260508,99.967980260508,99.9345562658555,0.03342399465249457,>30\%
rsm,al7075,gri,fusion,blue,1,99.9752615104643,99.9752615104643,99.9752615104643,99.9752615104643,99.9345562658555,0.04070524460880165,>30\%
rsm,al7075,gri,fusion,green,1,99.976077367202,99.976077367202,99.976077367202,99.976077367202,99.9345562658555,0.041521101346489786,>30\%
rsm,al7075,gri,fusion,red,1,99.974863240121,99.974863240121,99.974863240121,99.974863240121,99.9345562658555,0.04030697426549068,>30\%
rsm,al7075,gri,int,blue,1,99.9350228028637,99.9350228028637,99.9350228028637,99.9350228028637,99.9345562658555,4.665370081937681e-4,>30\%
rsm,al7075,gri,int,green,1,99.9368484587916,99.9368484587916,99.9368484587916,99.9368484587916,99.9345562658555,0.0022921929360961713,>30\%
rsm,al7075,gri,int,red,1,99.9482884058879,99.9482884058879,99.9482884058879,99.9482884058879,99.9345562658555,0.013732140032388429,>30\%
rsm,al7075,gri,int,white,1,99.9364906686608,99.9364906686608,99.9364906686608,99.9364906686608,99.9345562658555,0.001934402805289892,>30\%
rsm,al7075,hon,FV,blue,1,99.9060999042029,99.9060999042029,99.9060999042029,99.9060999042029,99.8996264358262,0.006473468376697156,>30\%
rsm,al7075,hon,FV,green,1,99.90320404977,99.90320404977,99.90320404977,99.90320404977,99.8996264358262,0.00357761394378997,>30\%
rsm,al7075,hon,FV,red,1,99.8996264358262,99.8996264358262,99.8996264358262,99.8996264358262,99.8996264358262,0,>30\%
rsm,al7075,hon,conf,blue,1,99.958597404072,99.958597404072,99.958597404072,99.958597404072,99.8996264358262,0.05897096824578796,>30\%
rsm,al7075,hon,conf,green,1,99.958714523849,99.958714523849,99.958714523849,99.958714523849,99.8996264358262,0.059088088022789975,>30\%
rsm,al7075,hon,conf,red,1,99.9553190937368,99.9553190937368,99.9553190937368,99.9553190937368,99.8996264358262,0.05569265791059763,>30\%
rsm,al7075,hon,fusion,blue,1,99.9665491150258,99.9665491150258,99.9665491150258,99.9665491150258,99.8996264358262,0.0669226791995925,>30\%
rsm,al7075,hon,fusion,green,1,99.9668370488233,99.9668370488233,99.9668370488233,99.9668370488233,99.8996264358262,0.06721061299708708,>30\%
rsm,al7075,hon,fusion,red,1,99.9642960397963,99.9642960397963,99.9642960397963,99.9642960397963,99.8996264358262,0.06466960397008847,>30\%
rsm,al7075,hon,int,blue,1,99.9121193720233,99.9121193720233,99.9121193720233,99.9121193720233,99.8996264358262,0.012492936197091353,>30\%
rsm,al7075,hon,int,green,1,99.9270136238766,99.9270136238766,99.9270136238766,99.9270136238766,99.8996264358262,0.027387188050397526,>30\%
rsm,al7075,hon,int,red,1,99.9339605718148,99.9339605718148,99.9339605718148,99.9339605718148,99.8996264358262,0.03433413598858692,>30\%
rsm,al7075,hon,int,white,1,99.9278621580424,99.9278621580424,99.9278621580424,99.9278621580424,99.8996264358262,0.02823572221619486,>30\%
rsm,al7075,mf,FV,blue,1,99.9719689937204,99.9719689937204,99.9719689937204,99.9719689937204,99.9719689937204,0,>30\%
rsm,al7075,mf,FV,green,1,99.9752633047404,99.9752633047404,99.9752633047404,99.9752633047404,99.9719689937204,0.0032943110199994408,>30\%
rsm,al7075,mf,FV,red,1,99.974321934696,99.974321934696,99.974321934696,99.974321934696,99.9719689937204,0.002352940975598017,>30\%
rsm,al7075,mf,conf,blue,1,99.9877875476257,99.9877875476257,99.9877875476257,99.9877875476257,99.9719689937204,0.015818553905305066,>30\%
rsm,al7075,mf,conf,green,1,99.9872508573695,99.9872508573695,99.9872508573695,99.9872508573695,99.9719689937204,0.015281863649107663,>30\%
rsm,al7075,mf,conf,red,1,99.9861929915869,99.9861929915869,99.9861929915869,99.9861929915869,99.9719689937204,0.014223997866508853,>30\%
rsm,al7075,mf,fusion,blue,1,99.9903904003387,99.9903904003387,99.9903904003387,99.9903904003387,99.9719689937204,0.018421406618301717,>30\%
rsm,al7075,mf,fusion,green,1,99.9896743431781,99.9896743431781,99.9896743431781,99.9896743431781,99.9719689937204,0.017705349457699526,>30\%
rsm,al7075,mf,fusion,red,1,99.9882323621563,99.9882323621563,99.9882323621563,99.9882323621563,99.9719689937204,0.016263368435900816,>30\%
rsm,al7075,mf,int,blue,1,99.9801908887216,99.9801908887216,99.9801908887216,99.9801908887216,99.9719689937204,0.008221895001199186,>30\%
rsm,al7075,mf,int,green,1,99.9797280342567,99.9797280342567,99.9797280342567,99.9797280342567,99.9719689937204,0.007759040536299722,>30\%
rsm,al7075,mf,int,red,1,99.9836247072923,99.9836247072923,99.9836247072923,99.9836247072923,99.9719689937204,0.011655713571897763,>30\%
rsm,al7075,mf,int,white,1,99.9807734054912,99.9807734054912,99.9807734054912,99.9807734054912,99.9719689937204,0.008804411770810816,>30\%
rsm,al7075,mr,FV,blue,1,99.9270812296789,99.9270812296789,99.9270812296789,99.9270812296789,99.8253018689568,0.10177936072210514,>30\%
rsm,al7075,mr,FV,green,1,99.9327623321919,99.9327623321919,99.9327623321919,99.9327623321919,99.8253018689568,0.10746046323509972,>30\%
rsm,al7075,mr,FV,red,1,99.9229906134816,99.9229906134816,99.9229906134816,99.9229906134816,99.8253018689568,0.09768874452480247,>30\%
rsm,al7075,mr,conf,blue,1,99.9562387053375,99.9562387053375,99.9562387053375,99.9562387053375,99.8253018689568,0.1309368363806982,>30\%
rsm,al7075,mr,conf,green,1,99.9337138717373,99.9337138717373,99.9337138717373,99.9337138717373,99.8253018689568,0.10841200278049712,>30\%
rsm,al7075,mr,conf,red,1,99.9267872447317,99.9267872447317,99.9267872447317,99.9267872447317,99.8253018689568,0.10148537577489947,>30\%
rsm,al7075,mr,fusion,blue,1,99.958213010928,99.958213010928,99.958213010928,99.958213010928,99.8253018689568,0.13291114197120635,>30\%
rsm,al7075,mr,fusion,green,1,99.9369846443089,99.9369846443089,99.9369846443089,99.9369846443089,99.8253018689568,0.1116827753520937,>30\%
rsm,al7075,mr,fusion,red,1,99.9301632836256,99.9301632836256,99.9301632836256,99.9301632836256,99.8253018689568,0.10486141466880383,>30\%
rsm,al7075,mr,int,blue,1,99.8710467497091,99.8710467497091,99.8710467497091,99.8710467497091,99.8253018689568,0.0457448807522951,>30\%
rsm,al7075,mr,int,green,1,99.857431800153,99.857431800153,99.857431800153,99.857431800153,99.8253018689568,0.032129931196195116,>30\%
rsm,al7075,mr,int,red,1,99.9028269094882,99.9028269094882,99.9028269094882,99.9028269094882,99.8253018689568,0.0775250405313983,>30\%
rsm,al7075,mr,int,white,1,99.8253018689568,99.8253018689568,99.8253018689568,99.8253018689568,99.8253018689568,0,>30\%
rsm,al7075,tf,FV,blue,1,99.9229858911492,99.9229858911492,99.9229858911492,99.9229858911492,99.7563401097316,0.1666457814175999,>30\%
rsm,al7075,tf,FV,green,1,99.9146756132101,99.9146756132101,99.9146756132101,99.9146756132101,99.7563401097316,0.15833550347849723,>30\%
rsm,al7075,tf,FV,red,1,99.9048537027346,99.9048537027346,99.9048537027346,99.9048537027346,99.7563401097316,0.1485135930030026,>30\%
rsm,al7075,tf,conf,blue,1,99.9391754665216,99.9391754665216,99.9391754665216,99.9391754665216,99.7563401097316,0.18283535679000806,>30\%
rsm,al7075,tf,conf,green,1,99.9273626716908,99.9273626716908,99.9273626716908,99.9273626716908,99.7563401097316,0.17102256195920518,>30\%
rsm,al7075,tf,conf,red,1,99.9213315240832,99.9213315240832,99.9213315240832,99.9213315240832,99.7563401097316,0.16499141435160425,>30\%
rsm,al7075,tf,fusion,blue,1,99.9514514034351,99.9514514034351,99.9514514034351,99.9514514034351,99.7563401097316,0.19511129370350488,>30\%
rsm,al7075,tf,fusion,green,1,99.9404961444413,99.9404961444413,99.9404961444413,99.9404961444413,99.7563401097316,0.18415603470970154,>30\%
rsm,al7075,tf,fusion,red,1,99.9351605874754,99.9351605874754,99.9351605874754,99.9351605874754,99.7563401097316,0.17882047774379828,>30\%
rsm,al7075,tf,int,blue,1,99.9068464357921,99.9068464357921,99.9068464357921,99.9068464357921,99.7563401097316,0.1505063260605084,>30\%
rsm,al7075,tf,int,green,1,99.7997892133381,99.7997892133381,99.7997892133381,99.7997892133381,99.7563401097316,0.043449103606505446,>30\%
rsm,al7075,tf,int,red,1,99.9398102576876,99.9398102576876,99.9398102576876,99.9398102576876,99.7563401097316,0.18347014795600103,>30\%
rsm,al7075,tf,int,white,1,99.7563401097316,99.7563401097316,99.7563401097316,99.7563401097316,99.7563401097316,0,>30\%
rsm,al7075,tr,FV,blue,1,99.906885134989,99.906885134989,99.906885134989,99.906885134989,99.6535967811006,0.25328835388839366,>30\%
rsm,al7075,tr,FV,green,1,99.8786724192952,99.8786724192952,99.8786724192952,99.8786724192952,99.6535967811006,0.2250756381945962,>30\%
rsm,al7075,tr,FV,red,1,99.8746708648714,99.8746708648714,99.8746708648714,99.8746708648714,99.6535967811006,0.22107408377080162,>30\%
rsm,al7075,tr,conf,blue,1,99.9006618189051,99.9006618189051,99.9006618189051,99.9006618189051,99.6535967811006,0.24706503780450362,>30\%
rsm,al7075,tr,conf,green,1,99.8926281414465,99.8926281414465,99.8926281414465,99.8926281414465,99.6535967811006,0.23903136034589068,>30\%
rsm,al7075,tr,conf,red,1,99.8893424696027,99.8893424696027,99.8893424696027,99.8893424696027,99.6535967811006,0.23574568850209232,>30\%
rsm,al7075,tr,fusion,blue,1,99.9287306943448,99.9287306943448,99.9287306943448,99.9287306943448,99.6535967811006,0.2751339132441899,>30\%
rsm,al7075,tr,fusion,green,1,99.9245084627884,99.9245084627884,99.9245084627884,99.9245084627884,99.6535967811006,0.27091168168779234,>30\%
rsm,al7075,tr,fusion,red,1,99.9227981943751,99.9227981943751,99.9227981943751,99.9227981943751,99.6535967811006,0.26920141327450153,>30\%
rsm,al7075,tr,int,blue,1,99.9117429800149,99.9117429800149,99.9117429800149,99.9117429800149,99.6535967811006,0.2581461989143037,>30\%
rsm,al7075,tr,int,green,1,99.6757415979149,99.6757415979149,99.6757415979149,99.6757415979149,99.6535967811006,0.022144816814289925,>30\%
rsm,al7075,tr,int,red,1,99.8908304196182,99.8908304196182,99.8908304196182,99.8908304196182,99.6535967811006,0.23723363851759416,>30\%
rsm,al7075,tr,int,white,1,99.6535967811006,99.6535967811006,99.6535967811006,99.6535967811006,99.6535967811006,0,>30\%
rsm,al7075,wedm_f,FV,blue,1,99.8720553634123,99.8720553634123,99.8720553634123,99.8720553634123,99.8709554947058,0.0010998687065040258,>30\%
rsm,al7075,wedm_f,FV,green,1,99.8709554947058,99.8709554947058,99.8709554947058,99.8709554947058,99.8709554947058,0,>30\%
rsm,al7075,wedm_f,FV,red,1,99.8731195395089,99.8731195395089,99.8731195395089,99.8731195395089,99.8709554947058,0.0021640448031092774,>30\%
rsm,al7075,wedm_f,conf,blue,1,99.9360708855809,99.9360708855809,99.9360708855809,99.9360708855809,99.8709554947058,0.06511539087510698,>30\%
rsm,al7075,wedm_f,conf,green,1,99.9428039678728,99.9428039678728,99.9428039678728,99.9428039678728,99.8709554947058,0.07184847316700882,>30\%
rsm,al7075,wedm_f,conf,red,1,99.9444224025568,99.9444224025568,99.9444224025568,99.9444224025568,99.8709554947058,0.07346690785099952,>30\%
rsm,al7075,wedm_f,fusion,blue,1,99.9404119642443,99.9404119642443,99.9404119642443,99.9404119642443,99.8709554947058,0.06945646953850826,>30\%
rsm,al7075,wedm_f,fusion,green,1,99.9540261648359,99.9540261648359,99.9540261648359,99.9540261648359,99.8709554947058,0.08307067013009828,>30\%
rsm,al7075,wedm_f,fusion,red,1,99.9555083053749,99.9555083053749,99.9555083053749,99.9555083053749,99.8709554947058,0.08455281066910914,>30\%
rsm,al7075,wedm_f,int,blue,1,99.9058588303376,99.9058588303376,99.9058588303376,99.9058588303376,99.8709554947058,0.03490333563181025,>30\%
rsm,al7075,wedm_f,int,green,1,99.9207303786003,99.9207303786003,99.9207303786003,99.9207303786003,99.8709554947058,0.04977488389450002,>30\%
rsm,al7075,wedm_f,int,red,1,99.9161282755941,99.9161282755941,99.9161282755941,99.9161282755941,99.8709554947058,0.045172780888307784,>30\%
rsm,al7075,wedm_f,int,white,1,99.9208654389597,99.9208654389597,99.9208654389597,99.9208654389597,99.8709554947058,0.04990994425389772,>30\%
rsm,al7075,wedm_r,FV,blue,1,99.9229030256173,99.9229030256173,99.9229030256173,99.9229030256173,99.9128941098258,0.010008915791502204,>30\%
rsm,al7075,wedm_r,FV,green,1,99.9215591077451,99.9215591077451,99.9215591077451,99.9215591077451,99.9128941098258,0.00866499791929698,>30\%
rsm,al7075,wedm_r,FV,red,1,99.9239198902471,99.9239198902471,99.9239198902471,99.9239198902471,99.9128941098258,0.011025780421306308,>30\%
rsm,al7075,wedm_r,conf,blue,1,99.9462324684683,99.9462324684683,99.9462324684683,99.9462324684683,99.9128941098258,0.03333835864249579,>30\%
rsm,al7075,wedm_r,conf,green,1,99.9474234676543,99.9474234676543,99.9474234676543,99.9474234676543,99.9128941098258,0.03452935782850375,>30\%
rsm,al7075,wedm_r,conf,red,1,99.9470460864122,99.9470460864122,99.9470460864122,99.9470460864122,99.9128941098258,0.03415197658640068,>30\%
rsm,al7075,wedm_r,fusion,blue,1,99.9523534595443,99.9523534595443,99.9523534595443,99.9523534595443,99.9128941098258,0.039459349718498515,>30\%
rsm,al7075,wedm_r,fusion,green,1,99.9503076345583,99.9503076345583,99.9503076345583,99.9503076345583,99.9128941098258,0.037413524732500036,>30\%
rsm,al7075,wedm_r,fusion,red,1,99.9536885359913,99.9536885359913,99.9536885359913,99.9536885359913,99.9128941098258,0.04079442616550466,>30\%
rsm,al7075,wedm_r,int,blue,1,99.9128941098258,99.9128941098258,99.9128941098258,99.9128941098258,99.9128941098258,0,>30\%
rsm,al7075,wedm_r,int,green,1,99.9376259333347,99.9376259333347,99.9376259333347,99.9376259333347,99.9128941098258,0.02473182350890113,>30\%
rsm,al7075,wedm_r,int,red,1,99.9346638523508,99.9346638523508,99.9346638523508,99.9346638523508,99.9128941098258,0.021769742524995195,>30\%
rsm,al7075,wedm_r,int,white,1,99.9378184184356,99.9378184184356,99.9378184184356,99.9378184184356,99.9128941098258,0.024924308609797663,>30\%
rsm,c45,b,FV,blue,1,99.9538669374098,99.9538669374098,99.9538669374098,99.9538669374098,99.9488954965066,0.004971440903204893,>30\%
rsm,c45,b,FV,green,1,99.9570137169508,99.9570137169508,99.9570137169508,99.9570137169508,99.9488954965066,0.008118220444202962,>30\%
rsm,c45,b,FV,red,1,99.9557139086209,99.9557139086209,99.9557139086209,99.9557139086209,99.9488954965066,0.006818412114299122,>30\%
rsm,c45,b,conf,green,1,99.974750615954,99.974750615954,99.974750615954,99.974750615954,99.9488954965066,0.02585511944739949,>30\%
rsm,c45,b,conf,red,1,99.9760925295083,99.9760925295083,99.9760925295083,99.9760925295083,99.9488954965066,0.02719703300171261,>30\%
rsm,c45,b,fusion,blue,1,99.9788331704601,99.9788331704601,99.9788331704601,99.9788331704601,99.9488954965066,0.02993767395351199,>30\%
rsm,c45,b,fusion,green,1,99.9790489733687,99.9790489733687,99.9790489733687,99.9790489733687,99.9488954965066,0.030153476862111006,>30\%
rsm,c45,b,fusion,red,1,99.9797875410369,99.9797875410369,99.9797875410369,99.9797875410369,99.9488954965066,0.030892044530304474,>30\%
rsm,c45,b,int,blue,2,99.96959711708,99.96959711708,99.96957713696115,99.96961709719885,99.9488954965066,0.020701620573404966,>30\%
rsm,c45,b,int,green,1,99.9517027738583,99.9517027738583,99.9517027738583,99.9517027738583,99.9488954965066,0.0028072773517067162,>30\%
rsm,c45,b,int,red,1,99.9628698705154,99.9628698705154,99.9628698705154,99.9628698705154,99.9488954965066,0.013974374008810742,>30\%
rsm,c45,b,int,white,1,99.9488954965066,99.9488954965066,99.9488954965066,99.9488954965066,99.9488954965066,0,>30\%
rsm,c45,gla,FV,blue,1,99.9451209230098,99.9451209230098,99.9451209230098,99.9451209230098,99.9395869828684,0.005533940141390303,>30\%
rsm,c45,gla,FV,green,1,99.9397261985114,99.9397261985114,99.9397261985114,99.9397261985114,99.9395869828684,1.3921564298868816e-4,>30\%
rsm,c45,gla,FV,red,1,99.9399108081304,99.9399108081304,99.9399108081304,99.9399108081304,99.9395869828684,3.2382526200080974e-4,>30\%
rsm,c45,gla,conf,blue,1,99.9696903253879,99.9696903253879,99.9696903253879,99.9696903253879,99.9395869828684,0.030103342519495868,>30\%
rsm,c45,gla,conf,green,1,99.9677260788127,99.9677260788127,99.9677260788127,99.9677260788127,99.9395869828684,0.02813909594429731,>30\%
rsm,c45,gla,conf,red,1,99.9662233966793,99.9662233966793,99.9662233966793,99.9662233966793,99.9395869828684,0.026636413810891213,>30\%
rsm,c45,gla,fusion,blue,1,99.9743537198983,99.9743537198983,99.9743537198983,99.9743537198983,99.9395869828684,0.034766737029897854,>30\%
rsm,c45,gla,fusion,green,1,99.9720442070764,99.9720442070764,99.9720442070764,99.9720442070764,99.9395869828684,0.032457224207988133,>30\%
rsm,c45,gla,fusion,red,1,99.9703486935301,99.9703486935301,99.9703486935301,99.9703486935301,99.9395869828684,0.030761710661693087,>30\%
rsm,c45,gla,int,blue,1,99.9506711157533,99.9506711157533,99.9506711157533,99.9506711157533,99.9395869828684,0.011084132884889186,>30\%
rsm,c45,gla,int,green,1,99.9404531419882,99.9404531419882,99.9404531419882,99.9404531419882,99.9395869828684,8.661591197949292e-4,>30\%
rsm,c45,gla,int,red,1,99.9450542699161,99.9450542699161,99.9450542699161,99.9450542699161,99.9395869828684,0.005467287047693503,>30\%
rsm,c45,gla,int,white,1,99.9395869828684,99.9395869828684,99.9395869828684,99.9395869828684,99.9395869828684,0,>30\%
rsm,c45,gri,FV,blue,1,99.9238074931557,99.9238074931557,99.9238074931557,99.9238074931557,99.9197887198128,0.0040187733429064565,>30\%
rsm,c45,gri,FV,green,1,99.9209345381425,99.9209345381425,99.9209345381425,99.9209345381425,99.9197887198128,0.0011458183297037294,>30\%
rsm,c45,gri,FV,red,1,99.9205525713283,99.9205525713283,99.9205525713283,99.9205525713283,99.9197887198128,7.638515155008463e-4,>30\%
rsm,c45,gri,conf,blue,1,99.961444528219,99.961444528219,99.961444528219,99.961444528219,99.9197887198128,0.04165580840620464,>30\%
rsm,c45,gri,conf,green,1,99.9620774927474,99.9620774927474,99.9620774927474,99.9620774927474,99.9197887198128,0.04228877293459732,>30\%
rsm,c45,gri,conf,red,1,99.9604693781596,99.9604693781596,99.9604693781596,99.9604693781596,99.9197887198128,0.040680658346801124,>30\%
rsm,c45,gri,fusion,blue,1,99.9694312415797,99.9694312415797,99.9694312415797,99.9694312415797,99.9197887198128,0.04964252176689854,>30\%
rsm,c45,gri,fusion,green,1,99.9700940553772,99.9700940553772,99.9700940553772,99.9700940553772,99.9197887198128,0.05030533556440275,>30\%
rsm,c45,gri,fusion,red,1,99.9688655429359,99.9688655429359,99.9688655429359,99.9688655429359,99.9197887198128,0.049076823123101576,>30\%
rsm,c45,gri,int,blue,1,99.9197887198128,99.9197887198128,99.9197887198128,99.9197887198128,99.9197887198128,0,>30\%
rsm,c45,gri,int,green,1,99.9271409618367,99.9271409618367,99.9271409618367,99.9271409618367,99.9197887198128,0.007352242023898725,>30\%
rsm,c45,gri,int,red,1,99.9367015818357,99.9367015818357,99.9367015818357,99.9367015818357,99.9197887198128,0.016912862022905983,>30\%
rsm,c45,gri,int,white,1,99.9257314843943,99.9257314843943,99.9257314843943,99.9257314843943,99.9197887198128,0.005942764581504889,>30\%
rsm,c45,hon,FV,blue,1,99.8726932713513,99.8726932713513,99.8726932713513,99.8726932713513,99.8726932713513,0,>30\%
rsm,c45,hon,FV,green,1,99.8753091187858,99.8753091187858,99.8753091187858,99.8753091187858,99.8726932713513,0.002615847434498164,>30\%
rsm,c45,hon,FV,red,1,99.878765845642,99.878765845642,99.878765845642,99.878765845642,99.8726932713513,0.006072574290698185,>30\%
rsm,c45,hon,conf,blue,1,99.939953967202,99.939953967202,99.939953967202,99.939953967202,99.8726932713513,0.06726069585070604,>30\%
rsm,c45,hon,conf,green,1,99.9469996823419,99.9469996823419,99.9469996823419,99.9469996823419,99.8726932713513,0.07430641099060153,>30\%
rsm,c45,hon,conf,red,1,99.9480011076289,99.9480011076289,99.9480011076289,99.9480011076289,99.8726932713513,0.07530783627760229,>30\%
rsm,c45,hon,fusion,blue,1,99.9524651079722,99.9524651079722,99.9524651079722,99.9524651079722,99.8726932713513,0.07977183662090681,>30\%
rsm,c45,hon,fusion,green,1,99.9596280412561,99.9596280412561,99.9596280412561,99.9596280412561,99.8726932713513,0.08693476990480065,>30\%
rsm,c45,hon,fusion,red,1,99.9609745931855,99.9609745931855,99.9609745931855,99.9609745931855,99.8726932713513,0.08828132183420223,>30\%
rsm,c45,hon,int,blue,1,99.8764038680773,99.8764038680773,99.8764038680773,99.8764038680773,99.8726932713513,0.00371059672600893,>30\%
rsm,c45,hon,int,green,1,99.9183896401689,99.9183896401689,99.9183896401689,99.9183896401689,99.8726932713513,0.04569636881760175,>30\%
rsm,c45,hon,int,red,1,99.9168294687051,99.9168294687051,99.9168294687051,99.9168294687051,99.8726932713513,0.044136197353807916,>30\%
rsm,c45,hon,int,white,1,99.9192275347646,99.9192275347646,99.9192275347646,99.9192275347646,99.8726932713513,0.046534263413306576,>30\%
rsm,c45,mf,FV,blue,1,99.9375547758088,99.9375547758088,99.9375547758088,99.9375547758088,99.9217184628222,0.01583631298660748,>30\%
rsm,c45,mf,FV,green,1,99.9376444051583,99.9376444051583,99.9376444051583,99.9376444051583,99.9217184628222,0.015925942336096455,>30\%
rsm,c45,mf,FV,red,1,99.9385111367003,99.9385111367003,99.9385111367003,99.9385111367003,99.9217184628222,0.016792673878100572,>30\%
rsm,c45,mf,conf,green,1,99.9611459896418,99.9611459896418,99.9611459896418,99.9611459896418,99.9217184628222,0.03942752681960826,>30\%
rsm,c45,mf,conf,red,1,99.9618206585615,99.9618206585615,99.9618206585615,99.9618206585615,99.9217184628222,0.0401021957393084,>30\%
rsm,c45,mf,fusion,blue,1,99.9660405203826,99.9660405203826,99.9660405203826,99.9660405203826,99.9217184628222,0.0443220575604073,>30\%
rsm,c45,mf,fusion,green,1,99.9679745220376,99.9679745220376,99.9679745220376,99.9679745220376,99.9217184628222,0.046256059215394885,>30\%
rsm,c45,mf,fusion,red,1,99.968312036097,99.968312036097,99.968312036097,99.968312036097,99.9217184628222,0.04659357327480507,>30\%
rsm,c45,mf,int,blue,1,99.9444371037395,99.9444371037395,99.9444371037395,99.9444371037395,99.9217184628222,0.022718640917304356,>30\%
rsm,c45,mf,int,green,1,99.9217184628222,99.9217184628222,99.9217184628222,99.9217184628222,99.9217184628222,0,>30\%
rsm,c45,mf,int,red,1,99.9326679036094,99.9326679036094,99.9326679036094,99.9326679036094,99.9217184628222,0.010949440787200615,>30\%
rsm,c45,mf,int,white,1,99.9339444629259,99.9339444629259,99.9339444629259,99.9339444629259,99.9217184628222,0.0122260001036949,>30\%
rsm,c45,mr,FV,blue,1,99.9585307971431,99.9585307971431,99.9585307971431,99.9585307971431,99.9190425730083,0.03948822413480002,>30\%
rsm,c45,mr,FV,green,1,99.9463770220963,99.9463770220963,99.9463770220963,99.9463770220963,99.9190425730083,0.02733444908800209,>30\%
rsm,c45,mr,FV,red,1,99.9508799209508,99.9508799209508,99.9508799209508,99.9508799209508,99.9190425730083,0.03183734794249915,>30\%
rsm,c45,mr,conf,green,1,99.963546888618,99.963546888618,99.963546888618,99.963546888618,99.9190425730083,0.04450431560970003,>30\%
rsm,c45,mr,conf,red,1,99.9660049460495,99.9660049460495,99.9660049460495,99.9660049460495,99.9190425730083,0.04696237304119677,>30\%
rsm,c45,mr,fusion,blue,1,99.9733346772053,99.9733346772053,99.9733346772053,99.9733346772053,99.9190425730083,0.054292104197003255,>30\%
rsm,c45,mr,fusion,green,1,99.9734030372522,99.9734030372522,99.9734030372522,99.9734030372522,99.9190425730083,0.05436046424389929,>30\%
rsm,c45,mr,fusion,red,1,99.9749373985689,99.9749373985689,99.9749373985689,99.9749373985689,99.9190425730083,0.05589482556059977,>30\%
rsm,c45,mr,int,blue,1,99.9621979946207,99.9621979946207,99.9621979946207,99.9621979946207,99.9190425730083,0.04315542161239705,>30\%
rsm,c45,mr,int,green,1,99.9221749184258,99.9221749184258,99.9221749184258,99.9221749184258,99.9190425730083,0.0031323454174980725,>30\%
rsm,c45,mr,int,red,1,99.9365424342062,99.9365424342062,99.9365424342062,99.9365424342062,99.9190425730083,0.01749986119790492,>30\%
rsm,c45,mr,int,white,1,99.9190425730083,99.9190425730083,99.9190425730083,99.9190425730083,99.9190425730083,0,>30\%
rsm,c45,tf,FV,blue,1,99.9402399032992,99.9402399032992,99.9402399032992,99.9402399032992,99.880542413956,0.05969748934320762,>30\%
rsm,c45,tf,FV,green,1,99.9260391795789,99.9260391795789,99.9260391795789,99.9260391795789,99.880542413956,0.04549676562290017,>30\%
rsm,c45,tf,FV,red,1,99.9327029861878,99.9327029861878,99.9327029861878,99.9327029861878,99.880542413956,0.05216057223181281,>30\%
rsm,c45,tf,conf,green,1,99.9491617890662,99.9491617890662,99.9491617890662,99.9491617890662,99.880542413956,0.06861937511020244,>30\%
rsm,c45,tf,conf,red,1,99.9517155142648,99.9517155142648,99.9517155142648,99.9517155142648,99.880542413956,0.07117310030881185,>30\%
rsm,c45,tf,fusion,blue,1,99.9623708034141,99.9623708034141,99.9623708034141,99.9623708034141,99.880542413956,0.08182838945811,>30\%
rsm,c45,tf,fusion,green,1,99.9622795868296,99.9622795868296,99.9622795868296,99.9622795868296,99.880542413956,0.08173717287360205,>30\%
rsm,c45,tf,fusion,red,1,99.9639404103719,99.9639404103719,99.9639404103719,99.9639404103719,99.880542413956,0.08339799641591128,>30\%
rsm,c45,tf,int,blue,1,99.9464977553878,99.9464977553878,99.9464977553878,99.9464977553878,99.880542413956,0.0659553414318026,>30\%
rsm,c45,tf,int,green,1,99.884796707496207,99.884796707496207,99.884796707496207,99.884796707496207,99.880542413956,0.004254293540213894,>30\%
rsm,c45,tf,int,red,1,99.9029054344166,99.9029054344166,99.9029054344166,99.9029054344166,99.880542413956,0.022363020460602456,>30\%
rsm,c45,tf,int,white,1,99.880542413956,99.880542413956,99.880542413956,99.880542413956,99.880542413956,0,>30\%
rsm,c45,tr,FV,blue,1,99.9712867535469,99.9712867535469,99.9712867535469,99.9712867535469,99.8503331385599,0.12095361498700186,>30\%
rsm,c45,tr,FV,green,1,99.9603289018148,99.9603289018148,99.9603289018148,99.9603289018148,99.8503331385599,0.10999576325490068,>30\%
rsm,c45,tr,FV,red,1,99.9437729836769,99.9437729836769,99.9437729836769,99.9437729836769,99.8503331385599,0.09343984511698977,>30\%
rsm,c45,tr,conf,green,1,99.9509978868946,99.9509978868946,99.9509978868946,99.9509978868946,99.8503331385599,0.10066474833469385,>30\%
rsm,c45,tr,conf,red,1,99.9458020892038,99.9458020892038,99.9458020892038,99.9458020892038,99.8503331385599,0.09546895064389105,>30\%
rsm,c45,tr,fusion,blue,1,99.9682962439369,99.9682962439369,99.9682962439369,99.9682962439369,99.8503331385599,0.11796310537700094,>30\%
rsm,c45,tr,fusion,green,1,99.9583881334377,99.9583881334377,99.9583881334377,99.9583881334377,99.8503331385599,0.10805499487779002,>30\%
rsm,c45,tr,fusion,red,1,99.9530272771005,99.9530272771005,99.9530272771005,99.9530272771005,99.8503331385599,0.10269413854059906,>30\%
rsm,c45,tr,int,blue,1,99.9562606658549,99.9562606658549,99.9562606658549,99.9562606658549,99.8503331385599,0.10592752729499466,>30\%
rsm,c45,tr,int,green,1,99.8659325136342,99.8659325136342,99.8659325136342,99.8659325136342,99.8503331385599,0.015599375074302202,>30\%
rsm,c45,tr,int,red,1,99.9634592444303,99.9634592444303,99.9634592444303,99.9634592444303,99.8503331385599,0.11312610587039273,>30\%
rsm,c45,tr,int,white,1,99.8503331385599,99.8503331385599,99.8503331385599,99.8503331385599,99.8503331385599,0,>30\%
rsm,c45,wedm_f,FV,blue,1,99.8897885133185,99.8897885133185,99.8897885133185,99.8897885133185,99.8870039588964,0.0027845544221065666,>30\%
rsm,c45,wedm_f,FV,green,1,99.8890383446794,99.8890383446794,99.8890383446794,99.8890383446794,99.8870039588964,0.0020343857830056322,>30\%
rsm,c45,wedm_f,FV,red,1,99.892022554578,99.892022554578,99.892022554578,99.892022554578,99.8870039588964,0.00501859568160512,>30\%
rsm,c45,wedm_f,conf,blue,1,99.9426105463079,99.9426105463079,99.9426105463079,99.9426105463079,99.8870039588964,0.05560658741150348,>30\%
rsm,c45,wedm_f,conf,green,1,99.946802456043,99.946802456043,99.946802456043,99.946802456043,99.8870039588964,0.0597984971466019,>30\%
rsm,c45,wedm_f,conf,red,1,99.9450328749792,99.9450328749792,99.9450328749792,99.9450328749792,99.8870039588964,0.05802891608280447,>30\%
rsm,c45,wedm_f,fusion,blue,1,99.9462156193317,99.9462156193317,99.9462156193317,99.9462156193317,99.8870039588964,0.059211660435295244,>30\%
rsm,c45,wedm_f,fusion,green,1,99.9538887508717,99.9538887508717,99.9538887508717,99.9538887508717,99.8870039588964,0.06688479197529773,>30\%
rsm,c45,wedm_f,fusion,red,1,99.9525762630981,99.9525762630981,99.9525762630981,99.9525762630981,99.8870039588964,0.06557230420169446,>30\%
rsm,c45,wedm_f,int,blue,1,99.8870039588964,99.8870039588964,99.8870039588964,99.8870039588964,99.8870039588964,0,>30\%
rsm,c45,wedm_f,int,green,1,99.9155159088384,99.9155159088384,99.9155159088384,99.9155159088384,99.8870039588964,0.02851194994200057,>30\%
rsm,c45,wedm_f,int,red,1,99.9154441551518,99.9154441551518,99.9154441551518,99.9154441551518,99.8870039588964,0.02844019625540284,>30\%
rsm,c45,wedm_f,int,white,1,99.9170266250138,99.9170266250138,99.9170266250138,99.9170266250138,99.8870039588964,0.030022666117403674,>30\%
rsm,c45,wedm_r,FV,blue,1,99.9186895578465,99.9186895578465,99.9186895578465,99.9186895578465,99.8541033230003,0.06458623484620318,>30\%
rsm,c45,wedm_r,FV,green,1,99.9177690971289,99.9177690971289,99.9177690971289,99.9177690971289,99.8541033230003,0.06366577412859442,>30\%
rsm,c45,wedm_r,FV,red,1,99.9193468450702,99.9193468450702,99.9193468450702,99.9193468450702,99.8541033230003,0.06524352206989192,>30\%
rsm,c45,wedm_r,conf,blue,1,99.9401836718897,99.9401836718897,99.9401836718897,99.9401836718897,99.8541033230003,0.08608034888939642,>30\%
rsm,c45,wedm_r,conf,green,1,99.9460320731421,99.9460320731421,99.9460320731421,99.9460320731421,99.8541033230003,0.09192875014180402,>30\%
rsm,c45,wedm_r,conf,red,1,99.9485996856474,99.9485996856474,99.9485996856474,99.9485996856474,99.8541033230003,0.09449636264709227,>30\%
rsm,c45,wedm_r,fusion,blue,1,99.9428595687152,99.9428595687152,99.9428595687152,99.9428595687152,99.8541033230003,0.08875624571490448,>30\%
rsm,c45,wedm_r,fusion,green,1,99.9448221104131,99.9448221104131,99.9448221104131,99.9448221104131,99.8541033230003,0.09071878741279704,>30\%
rsm,c45,wedm_r,fusion,red,1,99.9462256299749,99.9462256299749,99.9462256299749,99.9462256299749,99.8541033230003,0.092122306974602,>30\%
rsm,c45,wedm_r,int,blue,1,99.8541033230003,99.8541033230003,99.8541033230003,99.8541033230003,99.8541033230003,0,>30\%
rsm,c45,wedm_r,int,green,1,99.9427995358651,99.9427995358651,99.9427995358651,99.9427995358651,99.8541033230003,0.08869621286480367,>30\%
rsm,c45,wedm_r,int,red,1,99.9379707111091,99.9379707111091,99.9379707111091,99.9379707111091,99.8541033230003,0.0838673881087999,>30\%
rsm,c45,wedm_r,int,white,1,99.9432795772618,99.9432795772618,99.9432795772618,99.9432795772618,99.8541033230003,0.08917625426150266,>30\%
rsm,ellor,gla,FV,blue,1,99.9062919918309,99.9062919918309,99.9062919918309,99.9062919918309,99.86651704158,0.0397749502509015,>30\%
rsm,ellor,gla,FV,green,1,99.9031291470249,99.9031291470249,99.9031291470249,99.9031291470249,99.86651704158,0.036612105444902454,>30\%
rsm,ellor,gla,FV,red,1,99.9045526642662,99.9045526642662,99.9045526642662,99.9045526642662,99.86651704158,0.03803562268620908,>30\%
rsm,ellor,gla,conf,blue,1,99.9287807468807,99.9287807468807,99.9287807468807,99.9287807468807,99.86651704158,0.06226370530070824,>30\%
rsm,ellor,gla,conf,green,1,99.9321436689779,99.9321436689779,99.9321436689779,99.9321436689779,99.86651704158,0.06562662739790426,>30\%
rsm,ellor,gla,conf,red,1,99.9372304607103,99.9372304607103,99.9372304607103,99.9372304607103,99.86651704158,0.07071341913029983,>30\%
rsm,ellor,gla,fusion,blue,1,99.9454188910632,99.9454188910632,99.9454188910632,99.9454188910632,99.86651704158,0.07890184948320211,>30\%
rsm,ellor,gla,fusion,green,1,99.947945654279,99.947945654279,99.947945654279,99.947945654279,99.86651704158,0.08142861269899981,>30\%
rsm,ellor,gla,fusion,red,1,99.9542936833212,99.9542936833212,99.9542936833212,99.9542936833212,99.86651704158,0.08777664174120048,>30\%
rsm,ellor,gla,int,blue,1,99.86651704158,99.86651704158,99.86651704158,99.86651704158,99.86651704158,0,>30\%
rsm,ellor,gla,int,green,1,99.9258236038186,99.9258236038186,99.9258236038186,99.9258236038186,99.86651704158,0.05930656223860353,>30\%
rsm,ellor,gla,int,red,1,99.9208491681683,99.9208491681683,99.9208491681683,99.9208491681683,99.86651704158,0.05433212658830655,>30\%
rsm,ellor,gla,int,white,1,99.927082587611,99.927082587611,99.927082587611,99.927082587611,99.86651704158,0.060565546031000395,>30\%
rsm,ellor,gri,FV,blue,1,99.8118872522512,99.8118872522512,99.8118872522512,99.8118872522512,99.691585640179,0.12030161207219692,>30\%
rsm,ellor,gri,FV,green,1,99.7884791320496,99.7884791320496,99.7884791320496,99.7884791320496,99.691585640179,0.09689349187060259,>30\%
rsm,ellor,gri,FV,red,1,99.803646390185,99.803646390185,99.803646390185,99.803646390185,99.691585640179,0.11206075000599469,>30\%
rsm,ellor,gri,conf,blue,1,99.8525531774313,99.8525531774313,99.8525531774313,99.8525531774313,99.691585640179,0.16096753725230428,>30\%
rsm,ellor,gri,conf,green,1,99.8655350514946,99.8655350514946,99.8655350514946,99.8655350514946,99.691585640179,0.17394941131560415,>30\%
rsm,ellor,gri,conf,red,1,99.8836352372901,99.8836352372901,99.8836352372901,99.8836352372901,99.691585640179,0.19204959711109382,>30\%
rsm,ellor,gri,fusion,blue,1,99.8967836735152,99.8967836735152,99.8967836735152,99.8967836735152,99.691585640179,0.20519803333620246,>30\%
rsm,ellor,gri,fusion,green,1,99.9027711169983,99.9027711169983,99.9027711169983,99.9027711169983,99.691585640179,0.21118547681929556,>30\%
rsm,ellor,gri,fusion,red,1,99.9215542539101,99.9215542539101,99.9215542539101,99.9215542539101,99.691585640179,0.22996861373110278,>30\%
rsm,ellor,gri,int,blue,1,99.691585640179,99.691585640179,99.691585640179,99.691585640179,99.691585640179,0,>30\%
rsm,ellor,gri,int,green,1,99.8132798793732,99.8132798793732,99.8132798793732,99.8132798793732,99.691585640179,0.12169423919419842,>30\%
rsm,ellor,gri,int,red,1,99.8390352621101,99.8390352621101,99.8390352621101,99.8390352621101,99.691585640179,0.14744962193110212,>30\%
rsm,ellor,gri,int,white,1,99.8467318928809,99.8467318928809,99.8467318928809,99.8467318928809,99.691585640179,0.15514625270189697,>30\%
rsm,ellor,hon,FV,blue,1,99.9329947748946,99.9329947748946,99.9329947748946,99.9329947748946,99.9329947748946,0,>30\%
rsm,ellor,hon,FV,green,1,99.935842593437,99.935842593437,99.935842593437,99.935842593437,99.9329947748946,0.002847818542406344,>30\%
rsm,ellor,hon,FV,red,1,99.9371414820674,99.9371414820674,99.9371414820674,99.9371414820674,99.9329947748946,0.004146707172807851,>30\%
rsm,ellor,hon,conf,blue,1,99.9683421564385,99.9683421564385,99.9683421564385,99.9683421564385,99.9329947748946,0.03534738154390027,>30\%
rsm,ellor,hon,conf,green,1,99.9656186528011,99.9656186528011,99.9656186528011,99.9656186528011,99.9329947748946,0.03262387790650223,>30\%
rsm,ellor,hon,conf,red,1,99.9644814558546,99.9644814558546,99.9644814558546,99.9644814558546,99.9329947748946,0.03148668096000051,>30\%
rsm,ellor,hon,fusion,blue,1,99.9734455770649,99.9734455770649,99.9734455770649,99.9734455770649,99.9329947748946,0.04045080217029806,>30\%
rsm,ellor,hon,fusion,green,1,99.9722139284059,99.9722139284059,99.9722139284059,99.9722139284059,99.9329947748946,0.03921915351131133,>30\%
rsm,ellor,hon,fusion,red,1,99.9708936659972,99.9708936659972,99.9708936659972,99.9708936659972,99.9329947748946,0.03789889110259992,>30\%
rsm,ellor,hon,int,blue,1,99.9520804555361,99.9520804555361,99.9520804555361,99.9520804555361,99.9329947748946,0.01908568064150984,>30\%
rsm,ellor,hon,int,green,1,99.9353029463255,99.9353029463255,99.9353029463255,99.9353029463255,99.9329947748946,0.002308171430911443,>30\%
rsm,ellor,hon,int,red,1,99.9481625899925,99.9481625899925,99.9481625899925,99.9481625899925,99.9329947748946,0.015167815097910875,>30\%
rsm,ellor,hon,int,white,1,99.9371935300635,99.9371935300635,99.9371935300635,99.9371935300635,99.9329947748946,0.004198755168900448,>30\%
rsm,ellor,mf,FV,blue,1,99.9508606093561,99.9508606093561,99.9508606093561,99.9508606093561,99.9245130249369,0.02634758441919871,>30\%
rsm,ellor,mf,FV,green,1,99.9482772564292,99.9482772564292,99.9482772564292,99.9482772564292,99.9245130249369,0.023764231492293675,>30\%
rsm,ellor,mf,FV,red,1,99.9567924719709,99.9567924719709,99.9567924719709,99.9567924719709,99.9245130249369,0.032279447033999986,>30\%
rsm,ellor,mf,conf,blue,1,99.9736388200423,99.9736388200423,99.9736388200423,99.9736388200423,99.9245130249369,0.04912579510539672,>30\%
rsm,ellor,mf,conf,green,1,99.9727635684283,99.9727635684283,99.9727635684283,99.9727635684283,99.9245130249369,0.048250543491406006,>30\%
rsm,ellor,mf,conf,red,1,99.9748296513259,99.9748296513259,99.9748296513259,99.9748296513259,99.9245130249369,0.05031662638900514,>30\%
rsm,ellor,mf,fusion,blue,1,99.9822295446199,99.9822295446199,99.9822295446199,99.9822295446199,99.9245130249369,0.05771651968299807,>30\%
rsm,ellor,mf,fusion,green,1,99.9825443319011,99.9825443319011,99.9825443319011,99.9825443319011,99.9245130249369,0.058031306964196006,>30\%
rsm,ellor,mf,fusion,red,1,99.9786495450877,99.9786495450877,99.9786495450877,99.9786495450877,99.9245130249369,0.05413652015080572,>30\%
rsm,ellor,mf,int,blue,1,99.9758791222786,99.9758791222786,99.9758791222786,99.9758791222786,99.9245130249369,0.051366097341698946,>30\%
rsm,ellor,mf,int,green,1,99.9252720992487,99.9252720992487,99.9252720992487,99.9252720992487,99.9245130249369,7.590743118015553e-4,>30\%
rsm,ellor,mf,int,red,1,99.9462219359469,99.9462219359469,99.9462219359469,99.9462219359469,99.9245130249369,0.021708911009994836,>30\%
rsm,ellor,mf,int,white,1,99.9245130249369,99.9245130249369,99.9245130249369,99.9245130249369,99.9245130249369,0,>30\%
rsm,ellor,mr,FV,blue,1,99.934163888145,99.934163888145,99.934163888145,99.934163888145,99.9273134917115,0.0068503964334922784,>30\%
rsm,ellor,mr,FV,green,1,99.9294586537775,99.9294586537775,99.9294586537775,99.9294586537775,99.9273134917115,0.002145162066000239,>30\%
rsm,ellor,mr,FV,red,1,99.9405310048223,99.9405310048223,99.9405310048223,99.9405310048223,99.9273134917115,0.01321751311080277,>30\%
rsm,ellor,mr,conf,blue,1,99.9607514955596,99.9607514955596,99.9607514955596,99.9607514955596,99.9273134917115,0.03343800384810436,>30\%
rsm,ellor,mr,conf,green,1,99.9642349666901,99.9642349666901,99.9642349666901,99.9642349666901,99.9273134917115,0.03692147497859821,>30\%
rsm,ellor,mr,conf,red,1,99.9682323450062,99.9682323450062,99.9682323450062,99.9682323450062,99.9273134917115,0.040918853294698465,>30\%
rsm,ellor,mr,fusion,blue,1,99.9752092568427,99.9752092568427,99.9752092568427,99.9752092568427,99.9273134917115,0.04789576513120153,>30\%
rsm,ellor,mr,fusion,green,1,99.9767772439501,99.9767772439501,99.9767772439501,99.9767772439501,99.9273134917115,0.04946375223859434,>30\%
rsm,ellor,mr,fusion,red,1,99.9792284494824,99.9792284494824,99.9792284494824,99.9792284494824,99.9273134917115,0.05191495777090438,>30\%
rsm,ellor,mr,int,blue,1,99.9604000938552,99.9604000938552,99.9604000938552,99.9604000938552,99.9273134917115,0.03308660214369752,>30\%
rsm,ellor,mr,int,green,1,99.9280177766656,99.9280177766656,99.9280177766656,99.9280177766656,99.9273134917115,7.04284954096579e-4,>30\%
rsm,ellor,mr,int,red,1,99.9331313312971,99.9331313312971,99.9331313312971,99.9331313312971,99.9273134917115,0.005817839585603224,>30\%
rsm,ellor,mr,int,white,1,99.9273134917115,99.9273134917115,99.9273134917115,99.9273134917115,99.9273134917115,0,>30\%
rsm,ellor,tf,FV,blue,1,99.9361391009142,99.9361391009142,99.9361391009142,99.9361391009142,99.9292172535866,0.006921847327603814,>30\%
rsm,ellor,tf,FV,green,1,99.9292172535866,99.9292172535866,99.9292172535866,99.9292172535866,99.9292172535866,0,>30\%
rsm,ellor,tf,FV,red,1,99.9362845822278,99.9362845822278,99.9362845822278,99.9362845822278,99.9292172535866,0.007067328641198856,>30\%
rsm,ellor,tf,conf,blue,1,99.9637034285793,99.9637034285793,99.9637034285793,99.9637034285793,99.9292172535866,0.034486174992693464,>30\%
rsm,ellor,tf,conf,green,1,99.9654526203256,99.9654526203256,99.9654526203256,99.9654526203256,99.9292172535866,0.036235366739006736,>30\%
rsm,ellor,tf,conf,red,1,99.96836800112,99.96836800112,99.96836800112,99.96836800112,99.9292172535866,0.03915074753339809,>30\%
rsm,ellor,tf,fusion,blue,1,99.9739544309765,99.9739544309765,99.9739544309765,99.9739544309765,99.9292172535866,0.044737177389905014,>30\%
rsm,ellor,tf,fusion,green,1,99.9754223380022,99.9754223380022,99.9754223380022,99.9754223380022,99.9292172535866,0.04620508441560389,>30\%
rsm,ellor,tf,fusion,red,1,99.9769200262873,99.9769200262873,99.9769200262873,99.9769200262873,99.9292172535866,0.04770277270070267,>30\%
rsm,ellor,tf,int,blue,1,99.9427505469293,99.9427505469293,99.9427505469293,99.9427505469293,99.9292172535866,0.0135332933427037,>30\%
rsm,ellor,tf,int,green,1,99.9367007223308,99.9367007223308,99.9367007223308,99.9367007223308,99.9292172535866,0.007483468744197808,>30\%
rsm,ellor,tf,int,red,1,99.9371902045311,99.9371902045311,99.9371902045311,99.9371902045311,99.9292172535866,0.007972950944505897,>30\%
rsm,ellor,tf,int,white,1,99.9353270170152,99.9353270170152,99.9353270170152,99.9353270170152,99.9292172535866,0.006109763428597148,>30\%
rsm,ellor,tr,FV,blue,1,99.9214312231949,99.9214312231949,99.9214312231949,99.9214312231949,99.9029506385407,0.018480584654199106,>30\%
rsm,ellor,tr,FV,green,1,99.916346441673,99.916346441673,99.916346441673,99.916346441673,99.9029506385407,0.013395803132297601,>30\%
rsm,ellor,tr,FV,red,1,99.9191614767815,99.9191614767815,99.9191614767815,99.9191614767815,99.9029506385407,0.016210838240795056,>30\%
rsm,ellor,tr,conf,blue,1,99.9382703672983,99.9382703672983,99.9382703672983,99.9382703672983,99.9029506385407,0.03531972875759948,>30\%
rsm,ellor,tr,conf,green,1,99.9417344927138,99.9417344927138,99.9417344927138,99.9417344927138,99.9029506385407,0.03878385417310426,>30\%
rsm,ellor,tr,conf,red,1,99.9470815249972,99.9470815249972,99.9470815249972,99.9470815249972,99.9029506385407,0.04413088645650021,>30\%
rsm,ellor,tr,fusion,blue,1,99.952389041806,99.952389041806,99.952389041806,99.952389041806,99.9029506385407,0.0494384032652988,>30\%
rsm,ellor,tr,fusion,green,1,99.955321863012,99.955321863012,99.955321863012,99.955321863012,99.9029506385407,0.05237122447130105,>30\%
rsm,ellor,tr,fusion,red,1,99.9617383901066,99.9617383901066,99.9617383901066,99.9617383901066,99.9029506385407,0.05878775156590166,>30\%
rsm,ellor,tr,int,blue,1,99.9029506385407,99.9029506385407,99.9029506385407,99.9029506385407,99.9029506385407,0,>30\%
rsm,ellor,tr,int,green,1,99.9411052147668,99.9411052147668,99.9411052147668,99.9411052147668,99.9029506385407,0.03815457622609131,>30\%
rsm,ellor,tr,int,red,1,99.9359218252079,99.9359218252079,99.9359218252079,99.9359218252079,99.9029506385407,0.03297118666719712,>30\%
rsm,ellor,tr,int,white,1,99.9418870245432,99.9418870245432,99.9418870245432,99.9418870245432,99.9029506385407,0.038936386002504264,>30\%
rsm,ellor,wedm_f,FV,blue,1,99.9314224115862,99.9314224115862,99.9314224115862,99.9314224115862,99.9247588878783,0.006663523707899799,>30\%
rsm,ellor,wedm_f,FV,green,1,99.9247588878783,99.9247588878783,99.9247588878783,99.9247588878783,99.9247588878783,0,>30\%
rsm,ellor,wedm_f,FV,red,1,99.9294488752844,99.9294488752844,99.9294488752844,99.9294488752844,99.9247588878783,0.004689987406095497,>30\%
rsm,ellor,wedm_f,conf,blue,1,99.956083738772,99.956083738772,99.956083738772,99.956083738772,99.9247588878783,0.03132485089369652,>30\%
rsm,ellor,wedm_f,conf,green,1,99.9620036911108,99.9620036911108,99.9620036911108,99.9620036911108,99.9247588878783,0.03724480323249679,>30\%
rsm,ellor,wedm_f,conf,red,1,99.9667469769479,99.9667469769479,99.9667469769479,99.9667469769479,99.9247588878783,0.04198808906960494,>30\%
rsm,ellor,wedm_f,fusion,blue,1,99.9709999008605,99.9709999008605,99.9709999008605,99.9709999008605,99.9247588878783,0.04624101298220751,>30\%
rsm,ellor,wedm_f,fusion,green,1,99.9733260466486,99.9733260466486,99.9733260466486,99.9733260466486,99.9247588878783,0.048567158770296714,>30\%
rsm,ellor,wedm_f,fusion,red,1,99.9765698195849,99.9765698195849,99.9765698195849,99.9765698195849,99.9247588878783,0.051810931706597785,>30\%
rsm,ellor,wedm_f,int,green,1,99.9397897356306,99.9397897356306,99.9397897356306,99.9397897356306,99.9247588878783,0.015030847752299792,>30\%
rsm,ellor,wedm_f,int,red,1,99.9457809318397,99.9457809318397,99.9457809318397,99.9457809318397,99.9247588878783,0.021022043961409054,>30\%
rsm,ellor,wedm_f,int,white,1,99.9456549946831,99.9456549946831,99.9456549946831,99.9456549946831,99.9247588878783,0.020896106804798364,>30\%
rsm,ellor,wedm_r,FV,blue,1,99.9380461443413,99.9380461443413,99.9380461443413,99.9380461443413,99.8725395416752,0.06550660266610464,>30\%
rsm,ellor,wedm_r,FV,green,1,99.9312780110133,99.9312780110133,99.9312780110133,99.9312780110133,99.8725395416752,0.05873846933810967,>30\%
rsm,ellor,wedm_r,FV,red,1,99.9366852315351,99.9366852315351,99.9366852315351,99.9366852315351,99.8725395416752,0.06414568985989888,>30\%
rsm,ellor,wedm_r,conf,blue,1,99.9589558275288,99.9589558275288,99.9589558275288,99.9589558275288,99.8725395416752,0.08641628585360195,>30\%
rsm,ellor,wedm_r,conf,green,1,99.9630149911519,99.9630149911519,99.9630149911519,99.9630149911519,99.8725395416752,0.09047544947669905,>30\%
rsm,ellor,wedm_r,conf,red,1,99.967741782619,99.967741782619,99.967741782619,99.967741782619,99.8725395416752,0.0952022409438058,>30\%
rsm,ellor,wedm_r,fusion,blue,1,99.9727151923206,99.9727151923206,99.9727151923206,99.9727151923206,99.8725395416752,0.10017565064541145,>30\%
rsm,ellor,wedm_r,fusion,green,1,99.974898509834,99.974898509834,99.974898509834,99.974898509834,99.8725395416752,0.10235896815881063,>30\%
rsm,ellor,wedm_r,fusion,red,1,99.9784638796821,99.9784638796821,99.9784638796821,99.9784638796821,99.8725395416752,0.1059243380069006,>30\%
rsm,ellor,wedm_r,int,blue,1,99.8725395416752,99.8725395416752,99.8725395416752,99.8725395416752,99.8725395416752,0,>30\%
rsm,ellor,wedm_r,int,green,1,99.936633220436,99.936633220436,99.936633220436,99.936633220436,99.8725395416752,0.06409367876079841,>30\%
rsm,ellor,wedm_r,int,red,1,99.9513650484788,99.9513650484788,99.9513650484788,99.9513650484788,99.8725395416752,0.07882550680361078,>30\%
rsm,ellor,wedm_r,int,white,1,99.950653576827,99.950653576827,99.950653576827,99.950653576827,99.8725395416752,0.07811403515179904,>30\%
rsm,mo58a,b,FV,blue,2,99.94999397770181,99.94999397770181,99.93546819527535,99.96451976012825,99.94999397770181,0,>30\%
rsm,mo58a,b,FV,green,1,99.9805764913636,99.9805764913636,99.9805764913636,99.9805764913636,99.94999397770181,0.030582513661798316,>30\%
rsm,mo58a,b,FV,red,1,99.9785621112846,99.9785621112846,99.9785621112846,99.9785621112846,99.94999397770181,0.02856813358279453,>30\%
rsm,mo58a,b,conf,blue,1,99.9910932617361,99.9910932617361,99.9910932617361,99.9910932617361,99.94999397770181,0.04109928403428853,>30\%
rsm,mo58a,b,conf,green,1,99.990159804697,99.990159804697,99.990159804697,99.990159804697,99.94999397770181,0.04016582699519233,>30\%
rsm,mo58a,b,conf,red,1,99.9904342410637,99.9904342410637,99.9904342410637,99.9904342410637,99.94999397770181,0.04044026336188722,>30\%
rsm,mo58a,b,fusion,blue,1,99.9926028159181,99.9926028159181,99.9926028159181,99.9926028159181,99.94999397770181,0.04260883821629591,>30\%
rsm,mo58a,b,fusion,green,1,99.9918838082581,99.9918838082581,99.9918838082581,99.9918838082581,99.94999397770181,0.041889830556286256,>30\%
rsm,mo58a,b,fusion,red,1,99.9917761918817,99.9917761918817,99.9917761918817,99.9917761918817,99.94999397770181,0.041782214179889365,>30\%
rsm,mo58a,b,int,blue,1,99.9689763159208,99.9689763159208,99.9689763159208,99.9689763159208,99.94999397770181,0.01898233821898998,>30\%
rsm,mo58a,b,int,green,1,99.9832908389769,99.9832908389769,99.9832908389769,99.9832908389769,99.94999397770181,0.03329686127509035,>30\%
rsm,mo58a,b,int,red,1,99.9779839747745,99.9779839747745,99.9779839747745,99.9779839747745,99.94999397770181,0.02798999707269445,>30\%
rsm,mo58a,gla,FV,blue,1,99.9228070892135,99.9228070892135,99.9228070892135,99.9228070892135,99.9155080579772,0.0072990312363003795,>30\%
rsm,mo58a,gla,FV,green,1,99.9155080579772,99.9155080579772,99.9155080579772,99.9155080579772,99.9155080579772,0,>30\%
rsm,mo58a,gla,FV,red,1,99.919222315605,99.919222315605,99.919222315605,99.919222315605,99.9155080579772,0.0037142576277915396,>30\%
rsm,mo58a,gla,conf,blue,1,99.9540789493731,99.9540789493731,99.9540789493731,99.9540789493731,99.9155080579772,0.038570891395892204,>30\%
rsm,mo58a,gla,conf,green,1,99.9599255930947,99.9599255930947,99.9599255930947,99.9599255930947,99.9155080579772,0.04441753511748914,>30\%
rsm,mo58a,gla,conf,red,1,99.9596707655344,99.9596707655344,99.9596707655344,99.9596707655344,99.9155080579772,0.04416270755719154,>30\%
rsm,mo58a,gla,fusion,blue,1,99.958251523301,99.958251523301,99.958251523301,99.958251523301,99.9155080579772,0.04274346532379525,>30\%
rsm,mo58a,gla,fusion,green,1,99.9657038908802,99.9657038908802,99.9657038908802,99.9657038908802,99.9155080579772,0.05019583290300034,>30\%
rsm,mo58a,gla,fusion,red,1,99.9639338844289,99.9639338844289,99.9639338844289,99.9639338844289,99.9155080579772,0.04842582645169102,>30\%
rsm,mo58a,gla,int,blue,1,99.9219113064219,99.9219113064219,99.9219113064219,99.9219113064219,99.9155080579772,0.006403248444698306,>30\%
rsm,mo58a,gla,int,green,1,99.924700558442,99.924700558442,99.924700558442,99.924700558442,99.9155080579772,0.00919250046479192,>30\%
rsm,mo58a,gla,int,red,1,99.9244694072616,99.9244694072616,99.9244694072616,99.9244694072616,99.9155080579772,0.008961349284390963,>30\%
rsm,mo58a,gla,int,white,1,99.9240136339697,99.9240136339697,99.9240136339697,99.9240136339697,99.9155080579772,0.008505575992487024,>30\%
rsm,mo58a,gri,FV,blue,1,99.8975494597259,99.8975494597259,99.8975494597259,99.8975494597259,99.8953748121885,0.0021746475373873864,>30\%
rsm,mo58a,gri,FV,green,1,99.8953748121885,99.8953748121885,99.8953748121885,99.8953748121885,99.8953748121885,0,>30\%
rsm,mo58a,gri,FV,red,1,99.8979025070455,99.8979025070455,99.8979025070455,99.8979025070455,99.8953748121885,0.0025276948569938895,>30\%
rsm,mo58a,gri,conf,blue,1,99.9461474273068,99.9461474273068,99.9461474273068,99.9461474273068,99.8953748121885,0.05077261511829079,>30\%
rsm,mo58a,gri,conf,green,1,99.9486855828312,99.9486855828312,99.9486855828312,99.9486855828312,99.8953748121885,0.05331077064269607,>30\%
rsm,mo58a,gri,conf,red,1,99.9495336965617,99.9495336965617,99.9495336965617,99.9495336965617,99.8953748121885,0.05415888437319438,>30\%
rsm,mo58a,gri,fusion,blue,1,99.9553589225372,99.9553589225372,99.9553589225372,99.9553589225372,99.8953748121885,0.059984110348693775,>30\%
rsm,mo58a,gri,fusion,green,1,99.9594991562849,99.9594991562849,99.9594991562849,99.9594991562849,99.8953748121885,0.064124344096399,>30\%
rsm,mo58a,gri,fusion,red,1,99.960474512564,99.960474512564,99.960474512564,99.960474512564,99.8953748121885,0.06509970037549806,>30\%
rsm,mo58a,gri,int,blue,1,99.8955706478919,99.8955706478919,99.8955706478919,99.8955706478919,99.8953748121885,1.958357033942093e-4,>30\%
rsm,mo58a,gri,int,green,1,99.9271930464966,99.9271930464966,99.9271930464966,99.9271930464966,99.8953748121885,0.03181823430809061,>30\%
rsm,mo58a,gri,int,red,1,99.9247801031382,99.9247801031382,99.9247801031382,99.9247801031382,99.8953748121885,0.029405290949696905,>30\%
rsm,mo58a,gri,int,white,1,99.9277922389923,99.9277922389923,99.9277922389923,99.9277922389923,99.8953748121885,0.03241742680378934,>30\%
rsm,mo58a,hon,FV,blue,1,99.898580798818,99.898580798818,99.898580798818,99.898580798818,99.8971246248838,0.001456173934201388,>30\%
rsm,mo58a,hon,FV,green,1,99.8971246248838,99.8971246248838,99.8971246248838,99.8971246248838,99.8971246248838,0,>30\%
rsm,mo58a,hon,FV,red,1,99.8998016629186,99.8998016629186,99.8998016629186,99.8998016629186,99.8971246248838,0.0026770380348040135,>30\%
rsm,mo58a,hon,conf,blue,1,99.9497285140135,99.9497285140135,99.9497285140135,99.9497285140135,99.8971246248838,0.052603889129699155,>30\%
rsm,mo58a,hon,conf,green,1,99.9547453798526,99.9547453798526,99.9547453798526,99.9547453798526,99.8971246248838,0.05762075496879504,>30\%
rsm,mo58a,hon,conf,red,1,99.9548641284292,99.9548641284292,99.9548641284292,99.9548641284292,99.8971246248838,0.05773950354539181,>30\%
rsm,mo58a,hon,fusion,blue,1,99.9614391632218,99.9614391632218,99.9614391632218,99.9614391632218,99.8971246248838,0.06431453833799594,>30\%
rsm,mo58a,hon,fusion,green,1,99.9651474897953,99.9651474897953,99.9651474897953,99.9651474897953,99.8971246248838,0.068022864911498,>30\%
rsm,mo58a,hon,fusion,red,1,99.9654320291804,99.9654320291804,99.9654320291804,99.9654320291804,99.8971246248838,0.06830740429660409,>30\%
rsm,mo58a,hon,int,blue,1,99.899275455236,99.899275455236,99.899275455236,99.899275455236,99.8971246248838,0.0021508303521926564,>30\%
rsm,mo58a,hon,int,green,1,99.933791376599,99.933791376599,99.933791376599,99.933791376599,99.8971246248838,0.036666751715202395,>30\%
rsm,mo58a,hon,int,red,1,99.9315599293301,99.9315599293301,99.9315599293301,99.9315599293301,99.8971246248838,0.034435304446304826,>30\%
rsm,mo58a,hon,int,white,1,99.9344603707476,99.9344603707476,99.9344603707476,99.9344603707476,99.8971246248838,0.03733574586379973,>30\%
rsm,mo58a,mf,FV,blue,1,99.9603167250751,99.9603167250751,99.9603167250751,99.9603167250751,99.9603167250751,0,>30\%
rsm,mo58a,mf,FV,green,1,99.9646389092457,99.9646389092457,99.9646389092457,99.9646389092457,99.9603167250751,0.00432218417060426,>30\%
rsm,mo58a,mf,FV,red,1,99.9628567847624,99.9628567847624,99.9628567847624,99.9628567847624,99.9603167250751,0.0025400596872913184,>30\%
rsm,mo58a,mf,conf,blue,1,99.9811466467545,99.9811466467545,99.9811466467545,99.9811466467545,99.9603167250751,0.020829921679393237,>30\%
rsm,mo58a,mf,conf,green,1,99.980132659666907,99.980132659666907,99.980132659666907,99.980132659666907,99.9603167250751,0.019815934591804307,>30\%
rsm,mo58a,mf,conf,red,1,99.9802311572258,99.9802311572258,99.9802311572258,99.9802311572258,99.9603167250751,0.019914432150699213,>30\%
rsm,mo58a,mf,fusion,blue,1,99.9851624088249,99.9851624088249,99.9851624088249,99.9851624088249,99.9603167250751,0.02484568374980256,>30\%
rsm,mo58a,mf,fusion,green,1,99.9835421907681,99.9835421907681,99.9835421907681,99.9835421907681,99.9603167250751,0.023225465693002434,>30\%
rsm,mo58a,mf,fusion,red,1,99.9823363212036,99.9823363212036,99.9823363212036,99.9823363212036,99.9603167250751,0.022019596128501462,>30\%
rsm,mo58a,mf,int,blue,1,99.9733271058788,99.9733271058788,99.9733271058788,99.9733271058788,99.9603167250751,0.013010380803692101,>30\%
rsm,mo58a,mf,int,green,1,99.9685405434032,99.9685405434032,99.9685405434032,99.9685405434032,99.9603167250751,0.008223818328090715,>30\%
rsm,mo58a,mf,int,red,1,99.9776141006379,99.9776141006379,99.9776141006379,99.9776141006379,99.9603167250751,0.017297375562790762,>30\%
rsm,mo58a,mf,int,white,1,99.9676315067548,99.9676315067548,99.9676315067548,99.9676315067548,99.9603167250751,0.007314781679696125,>30\%
rsm,mo58a,mr,FV,blue,1,99.9447270032559,99.9447270032559,99.9447270032559,99.9447270032559,99.7959768470627,0.1487501561932021,>30\%
rsm,mo58a,mr,FV,green,1,99.9364907658121,99.9364907658121,99.9364907658121,99.9364907658121,99.7959768470627,0.14051391874939156,>30\%
rsm,mo58a,mr,FV,red,1,99.9314325338489,99.9314325338489,99.9314325338489,99.9314325338489,99.7959768470627,0.13545568678620157,>30\%
rsm,mo58a,mr,conf,blue,1,99.9502557017408,99.9502557017408,99.9502557017408,99.9502557017408,99.7959768470627,0.15427885467809688,>30\%
rsm,mo58a,mr,conf,green,1,99.9376163996928,99.9376163996928,99.9376163996928,99.9376163996928,99.7959768470627,0.14163955263009598,>30\%
rsm,mo58a,mr,conf,red,1,99.9312635655136,99.9312635655136,99.9312635655136,99.9312635655136,99.7959768470627,0.13528671845089946,>30\%
rsm,mo58a,mr,fusion,blue,1,99.9600522095942,99.9600522095942,99.9600522095942,99.9600522095942,99.7959768470627,0.16407536253149146,>30\%
rsm,mo58a,mr,fusion,green,1,99.9448308638686,99.9448308638686,99.9448308638686,99.9448308638686,99.7959768470627,0.14885401680589894,>30\%
rsm,mo58a,mr,fusion,red,1,99.9402456436485,99.9402456436485,99.9402456436485,99.9402456436485,99.7959768470627,0.1442687965857914,>30\%
rsm,mo58a,mr,int,blue,1,99.9360653373921,99.9360653373921,99.9360653373921,99.9360653373921,99.7959768470627,0.14008849032938997,>30\%
rsm,mo58a,mr,int,green,1,99.8247157863721,99.8247157863721,99.8247157863721,99.8247157863721,99.7959768470627,0.028738939309391753,>30\%
rsm,mo58a,mr,int,red,1,99.9376711979877,99.9376711979877,99.9376711979877,99.9376711979877,99.7959768470627,0.14169435092499327,>30\%
rsm,mo58a,mr,int,white,1,99.7959768470627,99.7959768470627,99.7959768470627,99.7959768470627,99.7959768470627,0,>30\%
rsm,mo58a,tf,FV,blue,1,99.9383752628303,99.9383752628303,99.9383752628303,99.9383752628303,99.8441788237137,0.09419643911660103,>30\%
rsm,mo58a,tf,FV,green,1,99.9142850339435,99.9142850339435,99.9142850339435,99.9142850339435,99.8441788237137,0.07010621022979535,>30\%
rsm,mo58a,tf,FV,red,1,99.9105244124948,99.9105244124948,99.9105244124948,99.9105244124948,99.8441788237137,0.06634558878108976,>30\%
rsm,mo58a,tf,conf,blue,1,99.9409708147748,99.9409708147748,99.9409708147748,99.9409708147748,99.8441788237137,0.09679199106109593,>30\%
rsm,mo58a,tf,conf,green,1,99.9326480562959,99.9326480562959,99.9326480562959,99.9326480562959,99.8441788237137,0.08846923258219874,>30\%
rsm,mo58a,tf,conf,red,1,99.9325734764106,99.9325734764106,99.9325734764106,99.9325734764106,99.8441788237137,0.08839465269689128,>30\%
rsm,mo58a,tf,fusion,blue,1,99.9555158798827,99.9555158798827,99.9555158798827,99.9555158798827,99.8441788237137,0.11133705616899192,>30\%
rsm,mo58a,tf,fusion,green,1,99.9492216211193,99.9492216211193,99.9492216211193,99.9492216211193,99.8441788237137,0.10504279740560207,>30\%
rsm,mo58a,tf,fusion,red,1,99.948858384585,99.948858384585,99.948858384585,99.948858384585,99.8441788237137,0.10467956087128982,>30\%
rsm,mo58a,tf,int,blue,1,99.9248950318814,99.9248950318814,99.9248950318814,99.9248950318814,99.8441788237137,0.08071620816770064,>30\%
rsm,mo58a,tf,int,green,1,99.8526013640647,99.8526013640647,99.8526013640647,99.8526013640647,99.8441788237137,0.00842254035099188,>30\%
rsm,mo58a,tf,int,red,1,99.8963233011747,99.8963233011747,99.8963233011747,99.8963233011747,99.8441788237137,0.05214447746099893,>30\%
rsm,mo58a,tf,int,white,1,99.8441788237137,99.8441788237137,99.8441788237137,99.8441788237137,99.8441788237137,0,>30\%
rsm,mo58a,tr,FV,blue,1,99.9069364029439,99.9069364029439,99.9069364029439,99.9069364029439,99.8325787394922,0.0743576634516927,>30\%
rsm,mo58a,tr,FV,green,1,99.8697701371245,99.8697701371245,99.8697701371245,99.8697701371245,99.8325787394922,0.03719139763229862,>30\%
rsm,mo58a,tr,FV,red,1,99.8717463805825,99.8717463805825,99.8717463805825,99.8717463805825,99.8325787394922,0.039167641090287475,>30\%
rsm,mo58a,tr,conf,blue,1,99.9053689760175,99.9053689760175,99.9053689760175,99.9053689760175,99.8325787394922,0.07279023652529304,>30\%
rsm,mo58a,tr,conf,green,1,99.9091527214005,99.9091527214005,99.9091527214005,99.9091527214005,99.8325787394922,0.07657398190829667,>30\%
rsm,mo58a,tr,conf,red,1,99.913658620161,99.913658620161,99.913658620161,99.913658620161,99.8325787394922,0.08107988066879557,>30\%
rsm,mo58a,tr,fusion,blue,1,99.9359978683987,99.9359978683987,99.9359978683987,99.9359978683987,99.8325787394922,0.10341912890649496,>30\%
rsm,mo58a,tr,fusion,green,1,99.9342278528674,99.9342278528674,99.9342278528674,99.9342278528674,99.8325787394922,0.10164911337518845,>30\%
rsm,mo58a,tr,fusion,red,1,99.9363231542824,99.9363231542824,99.9363231542824,99.9363231542824,99.8325787394922,0.10374441479019936,>30\%
rsm,mo58a,tr,int,blue,1,99.9067410328274,99.9067410328274,99.9067410328274,99.9067410328274,99.8325787394922,0.07416229333519198,>30\%
rsm,mo58a,tr,int,green,1,99.8332729256536,99.8332729256536,99.8332729256536,99.8332729256536,99.8325787394922,6.941861613967149e-4,>30\%
rsm,mo58a,tr,int,red,1,99.8749360451159,99.8749360451159,99.8749360451159,99.8749360451159,99.8325787394922,0.042357305623696107,>30\%
rsm,mo58a,tr,int,white,1,99.8325787394922,99.8325787394922,99.8325787394922,99.8325787394922,99.8325787394922,0,>30\%
rsm,mo58a,wedm_f,FV,blue,1,99.8868961509987,99.8868961509987,99.8868961509987,99.8868961509987,99.8845169489964,0.002379202002288139,>30\%
rsm,mo58a,wedm_f,FV,green,1,99.8845169489964,99.8845169489964,99.8845169489964,99.8845169489964,99.8845169489964,0,>30\%
rsm,mo58a,wedm_f,FV,red,1,99.8871716780833,99.8871716780833,99.8871716780833,99.8871716780833,99.8845169489964,0.0026547290868990103,>30\%
rsm,mo58a,wedm_f,conf,blue,1,99.9302536043386,99.9302536043386,99.9302536043386,99.9302536043386,99.8845169489964,0.045736655342196286,>30\%
rsm,mo58a,wedm_f,conf,green,1,99.9483090218218,99.9483090218218,99.9483090218218,99.9483090218218,99.8845169489964,0.06379207282539312,>30\%
rsm,mo58a,wedm_f,conf,red,1,99.9487373835806,99.9487373835806,99.9487373835806,99.9487373835806,99.8845169489964,0.06422043458420035,>30\%
rsm,mo58a,wedm_f,fusion,blue,1,99.947777869916,99.947777869916,99.947777869916,99.947777869916,99.8845169489964,0.06326092091958913,>30\%
rsm,mo58a,wedm_f,fusion,green,1,99.9570279209497,99.9570279209497,99.9570279209497,99.9570279209497,99.8845169489964,0.07251097195329237,>30\%
rsm,mo58a,wedm_f,fusion,red,1,99.9567911296216,99.9567911296216,99.9567911296216,99.9567911296216,99.8845169489964,0.0722741806252003,>30\%
rsm,mo58a,wedm_f,int,blue,1,99.904030709292,99.904030709292,99.904030709292,99.904030709292,99.8845169489964,0.01951376029559526,>30\%
rsm,mo58a,wedm_f,int,green,1,99.9264523900381,99.9264523900381,99.9264523900381,99.9264523900381,99.8845169489964,0.04193544104168723,>30\%
rsm,mo58a,wedm_f,int,red,1,99.9222880161645,99.9222880161645,99.9222880161645,99.9222880161645,99.8845169489964,0.03777106716809442,>30\%
rsm,mo58a,wedm_f,int,white,1,99.9273269984198,99.9273269984198,99.9273269984198,99.9273269984198,99.8845169489964,0.0428100494233945,>30\%
rsm,mo58a,wedm_r,FV,blue,1,99.9213385994879,99.9213385994879,99.9213385994879,99.9213385994879,99.9098977604591,0.011440839028793448,>30\%
rsm,mo58a,wedm_r,FV,green,1,99.9179979585675,99.9179979585675,99.9179979585675,99.9179979585675,99.9098977604591,0.008100198108394352,>30\%
rsm,mo58a,wedm_r,FV,red,1,99.9219514771791,99.9219514771791,99.9219514771791,99.9219514771791,99.9098977604591,0.012053716720004104,>30\%
rsm,mo58a,wedm_r,conf,blue,1,99.939034762439,99.939034762439,99.939034762439,99.939034762439,99.9098977604591,0.029137001979890442,>30\%
rsm,mo58a,wedm_r,conf,green,1,99.955852565023,99.955852565023,99.955852565023,99.955852565023,99.9098977604591,0.045954804563891116,>30\%
rsm,mo58a,wedm_r,conf,red,1,99.9586867441685,99.9586867441685,99.9586867441685,99.9586867441685,99.9098977604591,0.04878898370940021,>30\%
rsm,mo58a,wedm_r,fusion,blue,1,99.9418553515529,99.9418553515529,99.9418553515529,99.9418553515529,99.9098977604591,0.03195759109379992,>30\%
rsm,mo58a,wedm_r,fusion,green,1,99.9620440969446,99.9620440969446,99.9620440969446,99.9620440969446,99.9098977604591,0.052146336485492384,>30\%
rsm,mo58a,wedm_r,fusion,red,1,99.9639758836395,99.9639758836395,99.9639758836395,99.9639758836395,99.9098977604591,0.05407812318040328,>30\%
rsm,mo58a,wedm_r,int,blue,1,99.9098977604591,99.9098977604591,99.9098977604591,99.9098977604591,99.9098977604591,0,>30\%
rsm,mo58a,wedm_r,int,green,1,99.9446451986591,99.9446451986591,99.9446451986591,99.9446451986591,99.9098977604591,0.03474743820000015,>30\%
rsm,mo58a,wedm_r,int,red,1,99.9386809946739,99.9386809946739,99.9386809946739,99.9386809946739,99.9098977604591,0.028783234214799336,>30\%
rsm,mo58a,wedm_r,int,white,1,99.9453002245134,99.9453002245134,99.9453002245134,99.9453002245134,99.9098977604591,0.03540246405430025,>30\%
rsm,ti6al4v,b,FV,blue,1,99.9695651968474,99.9695651968474,99.9695651968474,99.9695651968474,99.9541866153367,0.015378581510702816,>30\%
rsm,ti6al4v,b,FV,green,1,99.9685284902491,99.9685284902491,99.9685284902491,99.9685284902491,99.9541866153367,0.014341874912403796,>30\%
rsm,ti6al4v,b,FV,red,1,99.9709040405938,99.9709040405938,99.9709040405938,99.9709040405938,99.9541866153367,0.01671742525709874,>30\%
rsm,ti6al4v,b,conf,blue,1,99.9783939247162,99.9783939247162,99.9783939247162,99.9783939247162,99.9541866153367,0.02420730937950566,>30\%
rsm,ti6al4v,b,conf,green,1,99.9786880756394,99.9786880756394,99.9786880756394,99.9786880756394,99.9541866153367,0.024501460302701616,>30\%
rsm,ti6al4v,b,conf,red,1,99.9788550972582,99.9788550972582,99.9788550972582,99.9788550972582,99.9541866153367,0.024668481921509056,>30\%
rsm,ti6al4v,b,fusion,blue,1,99.9838340083625,99.9838340083625,99.9838340083625,99.9838340083625,99.9541866153367,0.029647393025811652,>30\%
rsm,ti6al4v,b,fusion,green,1,99.9828404557455,99.9828404557455,99.9828404557455,99.9828404557455,99.9541866153367,0.028653840408807696,>30\%
rsm,ti6al4v,b,fusion,red,1,99.98200939848,99.98200939848,99.98200939848,99.98200939848,99.9541866153367,0.027822783143307106,>30\%
rsm,ti6al4v,b,int,blue,1,99.9754505569418,99.9754505569418,99.9754505569418,99.9754505569418,99.9541866153367,0.021263941605099035,>30\%
rsm,ti6al4v,b,int,green,1,99.9597476737332,99.9597476737332,99.9597476737332,99.9597476737332,99.9541866153367,0.005561058396509111,>30\%
rsm,ti6al4v,b,int,red,1,99.9787884265273,99.9787884265273,99.9787884265273,99.9787884265273,99.9541866153367,0.02460181119060678,>30\%
rsm,ti6al4v,b,int,white,1,99.9541866153367,99.9541866153367,99.9541866153367,99.9541866153367,99.9541866153367,0,>30\%
rsm,ti6al4v,gla,FV,blue,1,99.9333883128167,99.9333883128167,99.9333883128167,99.9333883128167,99.9277716384706,0.005616674346100581,>30\%
rsm,ti6al4v,gla,FV,green,1,99.9290645986591,99.9290645986591,99.9290645986591,99.9290645986591,99.9277716384706,0.0012929601884934527,>30\%
rsm,ti6al4v,gla,FV,red,1,99.9277716384706,99.9277716384706,99.9277716384706,99.9277716384706,99.9277716384706,0,>30\%
rsm,ti6al4v,gla,conf,blue,1,99.9652619015349,99.9652619015349,99.9652619015349,99.9652619015349,99.9277716384706,0.037490263064299256,>30\%
rsm,ti6al4v,gla,conf,green,1,99.9635330579514,99.9635330579514,99.9635330579514,99.9635330579514,99.9277716384706,0.035761419480792256,>30\%
rsm,ti6al4v,gla,conf,red,1,99.9624836019963,99.9624836019963,99.9624836019963,99.9624836019963,99.9277716384706,0.0347119635256945,>30\%
rsm,ti6al4v,gla,fusion,blue,1,99.9702567160849,99.9702567160849,99.9702567160849,99.9702567160849,99.9277716384706,0.04248507761430176,>30\%
rsm,ti6al4v,gla,fusion,green,1,99.9689010645153,99.9689010645153,99.9689010645153,99.9689010645153,99.9277716384706,0.04112942604469083,>30\%
rsm,ti6al4v,gla,fusion,red,1,99.9675613980364,99.9675613980364,99.9675613980364,99.9675613980364,99.9277716384706,0.03978975956579234,>30\%
rsm,ti6al4v,gla,int,blue,1,99.9476887580167,99.9476887580167,99.9476887580167,99.9476887580167,99.9277716384706,0.01991711954609343,>30\%
rsm,ti6al4v,gla,int,green,1,99.9309549348145,99.9309549348145,99.9309549348145,99.9309549348145,99.9277716384706,0.003183296343891584,>30\%
rsm,ti6al4v,gla,int,red,1,99.9395066503474,99.9395066503474,99.9395066503474,99.9395066503474,99.9277716384706,0.011735011876794488,>30\%
rsm,ti6al4v,gla,int,white,1,99.9291687946748,99.9291687946748,99.9291687946748,99.9291687946748,99.9277716384706,0.001397156204191674,>30\%
rsm,ti6al4v,gri,FV,blue,1,99.9722960546348,99.9722960546348,99.9722960546348,99.9722960546348,99.9683129954111,0.00398305922369957,>30\%
rsm,ti6al4v,gri,FV,green,1,99.969950456991,99.969950456991,99.969950456991,99.969950456991,99.9683129954111,0.0016374615799037429,>30\%
rsm,ti6al4v,gri,FV,red,1,99.9731984222975,99.9731984222975,99.9731984222975,99.9731984222975,99.9683129954111,0.004885426886403366,>30\%
rsm,ti6al4v,gri,conf,blue,1,99.9833213621947,99.9833213621947,99.9833213621947,99.9833213621947,99.9683129954111,0.015008366783604288,>30\%
rsm,ti6al4v,gri,conf,green,1,99.9839494521755,99.9839494521755,99.9839494521755,99.9839494521755,99.9683129954111,0.01563645676439762,>30\%
rsm,ti6al4v,gri,conf,red,1,99.9843613313275,99.9843613313275,99.9843613313275,99.9843613313275,99.9683129954111,0.016048335916408973,>30\%
rsm,ti6al4v,gri,fusion,blue,1,99.9874553292541,99.9874553292541,99.9874553292541,99.9874553292541,99.9683129954111,0.01914233384300701,>30\%
rsm,ti6al4v,gri,fusion,green,1,99.9881546984292,99.9881546984292,99.9881546984292,99.9881546984292,99.9683129954111,0.019841703018101953,>30\%
rsm,ti6al4v,gri,fusion,red,1,99.988413675981,99.988413675981,99.988413675981,99.988413675981,99.9683129954111,0.020100680569896667,>30\%
rsm,ti6al4v,gri,int,blue,1,99.9718905951675,99.9718905951675,99.9718905951675,99.9718905951675,99.9683129954111,0.003577599756397376,>30\%
rsm,ti6al4v,gri,int,green,1,99.9686175179559,99.9686175179559,99.9686175179559,99.9686175179559,99.9683129954111,3.045225448090605e-4,>30\%
rsm,ti6al4v,gri,int,red,1,99.9739809843059,99.9739809843059,99.9739809843059,99.9739809843059,99.9683129954111,0.0056679888947996915,>30\%
rsm,ti6al4v,gri,int,white,1,99.9683129954111,99.9683129954111,99.9683129954111,99.9683129954111,99.9683129954111,0,>30\%
rsm,ti6al4v,hon,FV,blue,1,99.8766988094382,99.8766988094382,99.8766988094382,99.8766988094382,99.8759120099217,7.867995164900776e-4,>30\%
rsm,ti6al4v,hon,FV,green,1,99.8759120099217,99.8759120099217,99.8759120099217,99.8759120099217,99.8759120099217,0,>30\%
rsm,ti6al4v,hon,FV,red,1,99.8769642032592,99.8769642032592,99.8769642032592,99.8769642032592,99.8759120099217,0.0010521933375002845,>30\%
rsm,ti6al4v,hon,conf,blue,1,99.9471865558232,99.9471865558232,99.9471865558232,99.9471865558232,99.8759120099217,0.0712745459014883,>30\%
rsm,ti6al4v,hon,conf,green,1,99.9523707368411,99.9523707368411,99.9523707368411,99.9523707368411,99.8759120099217,0.07645872691939815,>30\%
rsm,ti6al4v,hon,conf,red,1,99.9520905105002,99.9520905105002,99.9520905105002,99.9520905105002,99.8759120099217,0.07617850057849296,>30\%
rsm,ti6al4v,hon,fusion,blue,1,99.9567517210959,99.9567517210959,99.9567517210959,99.9567517210959,99.8759120099217,0.08083971117419253,>30\%
rsm,ti6al4v,hon,fusion,green,1,99.9618450960166,99.9618450960166,99.9618450960166,99.9618450960166,99.8759120099217,0.08593308609489725,>30\%
rsm,ti6al4v,hon,fusion,red,1,99.9619562233924,99.9619562233924,99.9619562233924,99.9619562233924,99.8759120099217,0.08604421347070002,>30\%
rsm,ti6al4v,hon,int,blue,1,99.8851577471959,99.8851577471959,99.8851577471959,99.8851577471959,99.8759120099217,0.009245737274198973,>30\%
rsm,ti6al4v,hon,int,green,1,99.9152860437432,99.9152860437432,99.9152860437432,99.9152860437432,99.8759120099217,0.0393740338214883,>30\%
rsm,ti6al4v,hon,int,red,1,99.9165238681694,99.9165238681694,99.9165238681694,99.9165238681694,99.8759120099217,0.04061185824770064,>30\%
rsm,ti6al4v,hon,int,white,1,99.9160775202266,99.9160775202266,99.9160775202266,99.9160775202266,99.8759120099217,0.04016551030488813,>30\%
rsm,ti6al4v,mf,FV,blue,1,99.9569599214622,99.9569599214622,99.9569599214622,99.9569599214622,99.9457852431996,0.011174678262605653,>30\%
rsm,ti6al4v,mf,FV,green,1,99.9493495238871,99.9493495238871,99.9493495238871,99.9493495238871,99.9457852431996,0.003564280687498922,>30\%
rsm,ti6al4v,mf,FV,red,1,99.9484688471219,99.9484688471219,99.9484688471219,99.9484688471219,99.9457852431996,0.002683603922307043,>30\%
rsm,ti6al4v,mf,conf,blue,1,99.9723384210077,99.9723384210077,99.9723384210077,99.9723384210077,99.9457852431996,0.026553177808111172,>30\%
rsm,ti6al4v,mf,conf,green,1,99.9717392088612,99.9717392088612,99.9717392088612,99.9717392088612,99.9457852431996,0.02595396566159991,>30\%
rsm,ti6al4v,mf,conf,red,1,99.9703804312479,99.9703804312479,99.9703804312479,99.9703804312479,99.9457852431996,0.02459518804830907,>30\%
rsm,ti6al4v,mf,fusion,blue,1,99.9788640503022,99.9788640503022,99.9788640503022,99.9788640503022,99.9457852431996,0.03307880710261202,>30\%
rsm,ti6al4v,mf,fusion,green,1,99.9779363544705,99.9779363544705,99.9779363544705,99.9779363544705,99.9457852431996,0.032151111270906085,>30\%
rsm,ti6al4v,mf,fusion,red,1,99.976418071636,99.976418071636,99.976418071636,99.976418071636,99.9457852431996,0.03063282843640991,>30\%
rsm,ti6al4v,mf,int,blue,1,99.956011372181493,99.956011372181493,99.956011372181493,99.956011372181493,99.9457852431996,0.010226128981898341,>30\%
rsm,ti6al4v,mf,int,green,1,99.9467407429315,99.9467407429315,99.9467407429315,99.9467407429315,99.9457852431996,9.554997319014547e-4,>30\%
rsm,ti6al4v,mf,int,red,1,99.9593154682309,99.9593154682309,99.9593154682309,99.9593154682309,99.9457852431996,0.013530225031303189,>30\%
rsm,ti6al4v,mf,int,white,1,99.9457852431996,99.9457852431996,99.9457852431996,99.9457852431996,99.9457852431996,0,>30\%
rsm,ti6al4v,mr,FV,blue,1,99.9609122082176,99.9609122082176,99.9609122082176,99.9609122082176,99.8647413091183,0.09617089909929177,>30\%
rsm,ti6al4v,mr,FV,green,1,99.9483043781127,99.9483043781127,99.9483043781127,99.9483043781127,99.8647413091183,0.08356306899439403,>30\%
rsm,ti6al4v,mr,FV,red,1,99.9401240495722,99.9401240495722,99.9401240495722,99.9401240495722,99.8647413091183,0.07538274045390381,>30\%
rsm,ti6al4v,mr,conf,blue,1,99.9653680534365,99.9653680534365,99.9653680534365,99.9653680534365,99.8647413091183,0.1006267443182054,>30\%
rsm,ti6al4v,mr,conf,green,1,99.9510677670484,99.9510677670484,99.9510677670484,99.9510677670484,99.8647413091183,0.08632645793009885,>30\%
rsm,ti6al4v,mr,conf,red,1,99.9505256764709,99.9505256764709,99.9505256764709,99.9505256764709,99.8647413091183,0.08578436735260198,>30\%
rsm,ti6al4v,mr,fusion,blue,1,99.9682851745772,99.9682851745772,99.9682851745772,99.9682851745772,99.8647413091183,0.10354386545890293,>30\%
rsm,ti6al4v,mr,fusion,green,1,99.955413687236,99.955413687236,99.955413687236,99.955413687236,99.8647413091183,0.09067237811770212,>30\%
rsm,ti6al4v,mr,fusion,red,1,99.9548470174375,99.9548470174375,99.9548470174375,99.9548470174375,99.8647413091183,0.09010570831920006,>30\%
rsm,ti6al4v,mr,int,blue,1,99.9432851973508,99.9432851973508,99.9432851973508,99.9432851973508,99.8647413091183,0.07854388823250247,>30\%
rsm,ti6al4v,mr,int,green,1,99.9020777873241,99.9020777873241,99.9020777873241,99.9020777873241,99.8647413091183,0.03733647820580188,>30\%
rsm,ti6al4v,mr,int,red,1,99.9632339169167,99.9632339169167,99.9632339169167,99.9632339169167,99.8647413091183,0.09849260779840563,>30\%
rsm,ti6al4v,mr,int,white,1,99.8647413091183,99.8647413091183,99.8647413091183,99.8647413091183,99.8647413091183,0,>30\%
rsm,ti6al4v,tf,FV,blue,1,99.856722138054,99.856722138054,99.856722138054,99.856722138054,99.5643810823246,0.29234105572939484,>30\%
rsm,ti6al4v,tf,FV,green,1,99.7781381062675,99.7781381062675,99.7781381062675,99.7781381062675,99.5643810823246,0.21375702394290386,>30\%
rsm,ti6al4v,tf,FV,red,1,99.7495938736078,99.7495938736078,99.7495938736078,99.7495938736078,99.5643810823246,0.1852127912831918,>30\%
rsm,ti6al4v,tf,conf,blue,1,99.8583727828769,99.8583727828769,99.8583727828769,99.8583727828769,99.5643810823246,0.2939917005522972,>30\%
rsm,ti6al4v,tf,conf,green,1,99.862035353739,99.862035353739,99.862035353739,99.862035353739,99.5643810823246,0.2976542714144017,>30\%
rsm,ti6al4v,tf,conf,red,1,99.8553235309896,99.8553235309896,99.8553235309896,99.8553235309896,99.5643810823246,0.2909424486649925,>30\%
rsm,ti6al4v,tf,fusion,blue,1,99.9000168313825,99.9000168313825,99.9000168313825,99.9000168313825,99.5643810823246,0.33563574905790006,>30\%
rsm,ti6al4v,tf,fusion,green,1,99.8998862008951,99.8998862008951,99.8998862008951,99.8998862008951,99.5643810823246,0.33550511857049514,>30\%
rsm,ti6al4v,tf,fusion,red,1,99.8886119799557,99.8886119799557,99.8886119799557,99.8886119799557,99.5643810823246,0.3242308976310966,>30\%
rsm,ti6al4v,tf,int,blue,1,99.8671858168296,99.8671858168296,99.8671858168296,99.8671858168296,99.5643810823246,0.30280473450500267,>30\%
rsm,ti6al4v,tf,int,green,1,99.6077442882269,99.6077442882269,99.6077442882269,99.6077442882269,99.5643810823246,0.043363205902295476,>30\%
rsm,ti6al4v,tf,int,red,1,99.7988914703787,99.7988914703787,99.7988914703787,99.7988914703787,99.5643810823246,0.23451038805410462,>30\%
rsm,ti6al4v,tf,int,white,1,99.5643810823246,99.5643810823246,99.5643810823246,99.5643810823246,99.5643810823246,0,>30\%
rsm,ti6al4v,tr,FV,blue,1,99.9094377616349,99.9094377616349,99.9094377616349,99.9094377616349,99.8433408030131,0.06609695862179876,>30\%
rsm,ti6al4v,tr,FV,green,1,99.8807381479477,99.8807381479477,99.8807381479477,99.8807381479477,99.8433408030131,0.03739734493458968,>30\%
rsm,ti6al4v,tr,FV,red,1,99.8764787782296,99.8764787782296,99.8764787782296,99.8764787782296,99.8433408030131,0.033137975216490645,>30\%
rsm,ti6al4v,tr,conf,blue,1,99.925394355234,99.925394355234,99.925394355234,99.925394355234,99.8433408030131,0.0820535522208985,>30\%
rsm,ti6al4v,tr,conf,green,1,99.9197560337739,99.9197560337739,99.9197560337739,99.9197560337739,99.8433408030131,0.07641523076078727,>30\%
rsm,ti6al4v,tr,conf,red,1,99.9144479378647,99.9144479378647,99.9144479378647,99.9144479378647,99.8433408030131,0.07110713485158726,>30\%
rsm,ti6al4v,tr,fusion,blue,1,99.9416400030697,99.9416400030697,99.9416400030697,99.9416400030697,99.8433408030131,0.09829920005658721,>30\%
rsm,ti6al4v,tr,fusion,green,1,99.9362838568341,99.9362838568341,99.9362838568341,99.9362838568341,99.8433408030131,0.09294305382098855,>30\%
rsm,ti6al4v,tr,fusion,red,1,99.9313611599082,99.9313611599082,99.9313611599082,99.9313611599082,99.8433408030131,0.08802035689510035,>30\%
rsm,ti6al4v,tr,int,blue,1,99.948360247328,99.948360247328,99.948360247328,99.948360247328,99.8433408030131,0.10501944431489108,>30\%
rsm,ti6al4v,tr,int,green,1,99.8668206494749,99.8668206494749,99.8668206494749,99.8668206494749,99.8433408030131,0.023479846461796683,>30\%
rsm,ti6al4v,tr,int,red,1,99.9109725289504,99.9109725289504,99.9109725289504,99.9109725289504,99.8433408030131,0.06763172593728939,>30\%
rsm,ti6al4v,tr,int,white,1,99.8433408030131,99.8433408030131,99.8433408030131,99.8433408030131,99.8433408030131,0,>30\%
rsm,ti6al4v,wedm_f,FV,blue,1,99.8700324170051,99.8700324170051,99.8700324170051,99.8700324170051,99.868557270378,0.0014751466271007985,>30\%
rsm,ti6al4v,wedm_f,FV,green,1,99.868557270378,99.868557270378,99.868557270378,99.868557270378,99.868557270378,0,>30\%
rsm,ti6al4v,wedm_f,FV,red,1,99.8697836740939,99.8697836740939,99.8697836740939,99.8697836740939,99.868557270378,0.001226403715890001,>30\%
rsm,ti6al4v,wedm_f,conf,blue,1,99.9405671323515,99.9405671323515,99.9405671323515,99.9405671323515,99.868557270378,0.07200986197349835,>30\%
rsm,ti6al4v,wedm_f,conf,green,1,99.9420449986004,99.9420449986004,99.9420449986004,99.9420449986004,99.868557270378,0.07348772822238914,>30\%
rsm,ti6al4v,wedm_f,conf,red,1,99.9413616105656,99.9413616105656,99.9413616105656,99.9413616105656,99.868557270378,0.07280434018758797,>30\%
rsm,ti6al4v,wedm_f,fusion,blue,1,99.9490048224997,99.9490048224997,99.9490048224997,99.9490048224997,99.868557270378,0.08044755212169719,>30\%
rsm,ti6al4v,wedm_f,fusion,green,1,99.9501544245822,99.9501544245822,99.9501544245822,99.9501544245822,99.868557270378,0.08159715420418934,>30\%
rsm,ti6al4v,wedm_f,fusion,red,1,99.9493277354209,99.9493277354209,99.9493277354209,99.9493277354209,99.868557270378,0.08077046504288887,>30\%
rsm,ti6al4v,wedm_f,int,blue,1,99.9033587134346,99.9033587134346,99.9033587134346,99.9033587134346,99.868557270378,0.03480144305659394,>30\%
rsm,ti6al4v,wedm_f,int,green,1,99.9124284078974,99.9124284078974,99.9124284078974,99.9124284078974,99.868557270378,0.04387113751938898,>30\%
rsm,ti6al4v,wedm_f,int,red,1,99.9106518828672,99.9106518828672,99.9106518828672,99.9106518828672,99.868557270378,0.042094612489194105,>30\%
rsm,ti6al4v,wedm_f,int,white,1,99.9132535636426,99.9132535636426,99.9132535636426,99.9132535636426,99.868557270378,0.04469629326459312,>30\%
rsm,ti6al4v,wedm_r,FV,blue,1,99.9229036550012,99.9229036550012,99.9229036550012,99.9229036550012,99.8793662099422,0.04353744505900181,>30\%
rsm,ti6al4v,wedm_r,FV,green,1,99.9236340014468,99.9236340014468,99.9236340014468,99.9236340014468,99.8793662099422,0.04426779150459481,>30\%
rsm,ti6al4v,wedm_r,FV,red,1,99.926728453388293,99.926728453388293,99.926728453388293,99.926728453388293,99.8793662099422,0.04736224344608786,>30\%
rsm,ti6al4v,wedm_r,conf,blue,1,99.9496118391491,99.9496118391491,99.9496118391491,99.9496118391491,99.8793662099422,0.07024562920689448,>30\%
rsm,ti6al4v,wedm_r,conf,green,1,99.9495820572866,99.9495820572866,99.9495820572866,99.9495820572866,99.8793662099422,0.07021584734440012,>30\%
rsm,ti6al4v,wedm_r,conf,red,1,99.9508357147746,99.9508357147746,99.9508357147746,99.9508357147746,99.8793662099422,0.07146950483239323,>30\%
rsm,ti6al4v,wedm_r,fusion,blue,1,99.9551552452156,99.9551552452156,99.9551552452156,99.9551552452156,99.8793662099422,0.0757890352733881,>30\%
rsm,ti6al4v,wedm_r,fusion,green,1,99.9545283053471,99.9545283053471,99.9545283053471,99.9545283053471,99.8793662099422,0.07516209540489172,>30\%
rsm,ti6al4v,wedm_r,fusion,red,1,99.958271497735,99.958271497735,99.958271497735,99.958271497735,99.8793662099422,0.07890528779279293,>30\%
rsm,ti6al4v,wedm_r,int,blue,1,99.8793662099422,99.8793662099422,99.8793662099422,99.8793662099422,99.8793662099422,0,>30\%
rsm,ti6al4v,wedm_r,int,green,1,99.9431672048474,99.9431672048474,99.9431672048474,99.9431672048474,99.8793662099422,0.06380099490519342,>30\%
rsm,ti6al4v,wedm_r,int,red,1,99.9390782538599,99.9390782538599,99.9390782538599,99.9390782538599,99.8793662099422,0.05971204391769902,>30\%
rsm,ti6al4v,wedm_r,int,white,1,99.9434749813136,99.9434749813136,99.9434749813136,99.9434749813136,99.8793662099422,0.06410877137139437,>30\%
rt,14301,b,FV,blue,1,106.269762586447,106.269762586447,106.269762586447,106.269762586447,13.9872726037818,92.2824899826652,>100\%
rt,14301,b,FV,green,1,13.9872726037818,13.9872726037818,13.9872726037818,13.9872726037818,13.9872726037818,0,10--30\%
rt,14301,b,FV,red,1,31.7818837099636,31.7818837099636,31.7818837099636,31.7818837099636,13.9872726037818,17.7946111061818,>30\%
rt,14301,b,conf,blue,1,61.0521373252313,61.0521373252313,61.0521373252313,61.0521373252313,13.9872726037818,47.064864721449496,>30\%
rt,14301,b,conf,green,1,75.9096824680861,75.9096824680861,75.9096824680861,75.9096824680861,13.9872726037818,61.9224098643043,>30\%
rt,14301,b,conf,red,1,111.890846458504,111.890846458504,111.890846458504,111.890846458504,13.9872726037818,97.9035738547222,>100\%
rt,14301,b,fusion,blue,1,122.70132408325,122.70132408325,122.70132408325,122.70132408325,13.9872726037818,108.7140514794682,>100\%
rt,14301,b,fusion,green,1,129.134830502641,129.134830502641,129.134830502641,129.134830502641,13.9872726037818,115.14755789885919,>100\%
rt,14301,b,fusion,red,1,171.385136873876,171.385136873876,171.385136873876,171.385136873876,13.9872726037818,157.3978642700942,>100\%
rt,14301,b,int,blue,1,50.2962979127184,50.2962979127184,50.2962979127184,50.2962979127184,13.9872726037818,36.3090253089366,>30\%
rt,14301,b,int,green,1,47.3197486109444,47.3197486109444,47.3197486109444,47.3197486109444,13.9872726037818,33.3324760071626,>30\%
rt,14301,b,int,red,1,37.5801235281227,37.5801235281227,37.5801235281227,37.5801235281227,13.9872726037818,23.592850924340897,>30\%
rt,14301,b,int,white,1,51.2065708802488,51.2065708802488,51.2065708802488,51.2065708802488,13.9872726037818,37.219298276467,>30\%
rt,14301,gla,FV,blue,1,8.22470882705584,8.22470882705584,8.22470882705584,8.22470882705584,8.22470882705584,0,<10\%
rt,14301,gla,FV,green,1,28.8919218746679,28.8919218746679,28.8919218746679,28.8919218746679,8.22470882705584,20.66721304761206,10--30\%
rt,14301,gla,FV,red,1,9.49958311065835,9.49958311065835,9.49958311065835,9.49958311065835,8.22470882705584,1.274874283602509,<10\%
rt,14301,gla,conf,blue,1,13.4146845573716,13.4146845573716,13.4146845573716,13.4146845573716,8.22470882705584,5.18997573031576,10--30\%
rt,14301,gla,conf,green,1,25.8129171733171,25.8129171733171,25.8129171733171,25.8129171733171,8.22470882705584,17.58820834626126,10--30\%
rt,14301,gla,conf,red,1,36.2093734163612,36.2093734163612,36.2093734163612,36.2093734163612,8.22470882705584,27.98466458930536,>30\%
rt,14301,gla,fusion,blue,1,71.0900129094014,71.0900129094014,71.0900129094014,71.0900129094014,8.22470882705584,62.86530408234555,>30\%
rt,14301,gla,fusion,green,1,82.3139470899597,82.3139470899597,82.3139470899597,82.3139470899597,8.22470882705584,74.08923826290386,>30\%
rt,14301,gla,fusion,red,1,113.120975987635,113.120975987635,113.120975987635,113.120975987635,8.22470882705584,104.89626716057917,>100\%
rt,14301,gla,int,blue,1,36.4204381124687,36.4204381124687,36.4204381124687,36.4204381124687,8.22470882705584,28.19572928541286,>30\%
rt,14301,gla,int,green,1,39.4630596602897,39.4630596602897,39.4630596602897,39.4630596602897,8.22470882705584,31.23835083323386,>30\%
rt,14301,gla,int,red,1,43.5464342655576,43.5464342655576,43.5464342655576,43.5464342655576,8.22470882705584,35.32172543850176,>30\%
rt,14301,gla,int,white,1,39.6391874896377,39.6391874896377,39.6391874896377,39.6391874896377,8.22470882705584,31.414478662581857,>30\%
rt,14301,gri,FV,blue,1,19.8894314786719,19.8894314786719,19.8894314786719,19.8894314786719,1.67428435683163,18.215147121840268,10--30\%
rt,14301,gri,FV,green,1,4.16141537258481,4.16141537258481,4.16141537258481,4.16141537258481,1.67428435683163,2.48713101575318,<10\%
rt,14301,gri,FV,red,1,31.3486476785552,31.3486476785552,31.3486476785552,31.3486476785552,1.67428435683163,29.67436332172357,>30\%
rt,14301,gri,conf,blue,1,3.25218426975257,3.25218426975257,3.25218426975257,3.25218426975257,1.67428435683163,1.57789991292094,<10\%
rt,14301,gri,conf,green,1,1.67428435683163,1.67428435683163,1.67428435683163,1.67428435683163,1.67428435683163,0,<10\%
rt,14301,gri,conf,red,1,5.44696629998488,5.44696629998488,5.44696629998488,5.44696629998488,1.67428435683163,3.77268194315325,<10\%
rt,14301,gri,fusion,blue,1,37.9194778866477,37.9194778866477,37.9194778866477,37.9194778866477,1.67428435683163,36.24519352981607,>30\%
rt,14301,gri,fusion,green,1,21.6891969552706,21.6891969552706,21.6891969552706,21.6891969552706,1.67428435683163,20.01491259843897,10--30\%
rt,14301,gri,fusion,red,1,28.1705535739655,28.1705535739655,28.1705535739655,28.1705535739655,1.67428435683163,26.496269217133868,10--30\%
rt,14301,gri,int,blue,1,15.3352927501918,15.3352927501918,15.3352927501918,15.3352927501918,1.67428435683163,13.66100839336017,10--30\%
rt,14301,gri,int,green,1,10.6422085347899,10.6422085347899,10.6422085347899,10.6422085347899,1.67428435683163,8.96792417795827,10--30\%
rt,14301,gri,int,red,1,15.5049946946295,15.5049946946295,15.5049946946295,15.5049946946295,1.67428435683163,13.830710337797871,10--30\%
rt,14301,gri,int,white,1,9.80328758460976,9.80328758460976,9.80328758460976,9.80328758460976,1.67428435683163,8.129003227778131,<10\%
rt,14301,hon,FV,blue,1,3.17324243491731,3.17324243491731,3.17324243491731,3.17324243491731,3.17324243491731,0,<10\%
rt,14301,hon,FV,green,1,12.5789928497197,12.5789928497197,12.5789928497197,12.5789928497197,3.17324243491731,9.405750414802391,10--30\%
rt,14301,hon,FV,red,1,46.0830183521296,46.0830183521296,46.0830183521296,46.0830183521296,3.17324243491731,42.909775917212286,>30\%
rt,14301,hon,conf,blue,1,9.09532974709484,9.09532974709484,9.09532974709484,9.09532974709484,3.17324243491731,5.922087312177531,<10\%
rt,14301,hon,conf,green,1,5.18754255915222,5.18754255915222,5.18754255915222,5.18754255915222,3.17324243491731,2.0143001242349103,<10\%
rt,14301,hon,conf,red,1,15.2364121028078,15.2364121028078,15.2364121028078,15.2364121028078,3.17324243491731,12.06316966789049,10--30\%
rt,14301,hon,fusion,blue,1,43.71784217239,43.71784217239,43.71784217239,43.71784217239,3.17324243491731,40.54459973747269,>30\%
rt,14301,hon,fusion,green,1,52.3921442774459,52.3921442774459,52.3921442774459,52.3921442774459,3.17324243491731,49.21890184252859,>30\%
rt,14301,hon,fusion,red,1,60.1274265716331,60.1274265716331,60.1274265716331,60.1274265716331,3.17324243491731,56.95418413671579,>30\%
rt,14301,hon,int,blue,1,31.872510390033,31.872510390033,31.872510390033,31.872510390033,3.17324243491731,28.69926795511569,>30\%
rt,14301,hon,int,green,1,15.8017781854848,15.8017781854848,15.8017781854848,15.8017781854848,3.17324243491731,12.62853575056749,10--30\%
rt,14301,hon,int,red,1,19.6103245261791,19.6103245261791,19.6103245261791,19.6103245261791,3.17324243491731,16.43708209126179,10--30\%
rt,14301,hon,int,white,1,15.3893812857788,15.3893812857788,15.3893812857788,15.3893812857788,3.17324243491731,12.21613885086149,10--30\%
rt,14301,mf,FV,blue,1,50.3783544342376,50.3783544342376,50.3783544342376,50.3783544342376,1.3365125849178,49.0418418493198,>30\%
rt,14301,mf,FV,green,1,6.91225460066482,6.91225460066482,6.91225460066482,6.91225460066482,1.3365125849178,5.57574201574702,<10\%
rt,14301,mf,FV,red,1,1.66927714874958,1.66927714874958,1.66927714874958,1.66927714874958,1.3365125849178,0.3327645638317802,<10\%
rt,14301,mf,conf,blue,1,8.41180433756166,8.41180433756166,8.41180433756166,8.41180433756166,1.3365125849178,7.07529175264386,<10\%
rt,14301,mf,conf,green,1,29.5358922567743,29.5358922567743,29.5358922567743,29.5358922567743,1.3365125849178,28.1993796718565,10--30\%
rt,14301,mf,conf,red,1,51.5689433026277,51.5689433026277,51.5689433026277,51.5689433026277,1.3365125849178,50.2324307177099,>30\%
rt,14301,mf,fusion,blue,1,26.8315915278283,26.8315915278283,26.8315915278283,26.8315915278283,1.3365125849178,25.495078942910503,10--30\%
rt,14301,mf,fusion,green,1,61.9451984857562,61.9451984857562,61.9451984857562,61.9451984857562,1.3365125849178,60.6086859008384,>30\%
rt,14301,mf,fusion,red,1,88.5976524444104,88.5976524444104,88.5976524444104,88.5976524444104,1.3365125849178,87.2611398594926,>30\%
rt,14301,mf,int,blue,1,59.2041282712952,59.2041282712952,59.2041282712952,59.2041282712952,1.3365125849178,57.8676156863774,>30\%
rt,14301,mf,int,green,1,36.2706243080244,36.2706243080244,36.2706243080244,36.2706243080244,1.3365125849178,34.934111723106604,>30\%
rt,14301,mf,int,red,1,1.3365125849178,1.3365125849178,1.3365125849178,1.3365125849178,1.3365125849178,0,<10\%
rt,14301,mf,int,white,1,38.6968423313703,38.6968423313703,38.6968423313703,38.6968423313703,1.3365125849178,37.3603297464525,>30\%
rt,14301,mr,FV,blue,1,53.9645037903608,53.9645037903608,53.9645037903608,53.9645037903608,27.152149698729,26.8123540916318,>30\%
rt,14301,mr,FV,green,1,70.1083795898576,70.1083795898576,70.1083795898576,70.1083795898576,27.152149698729,42.9562298911286,>30\%
rt,14301,mr,FV,red,1,69.8786327264301,69.8786327264301,69.8786327264301,69.8786327264301,27.152149698729,42.72648302770109,>30\%
rt,14301,mr,conf,blue,1,71.877612842355,71.877612842355,71.877612842355,71.877612842355,27.152149698729,44.725463143626,>30\%
rt,14301,mr,conf,green,1,65.7398070020743,65.7398070020743,65.7398070020743,65.7398070020743,27.152149698729,38.587657303345296,>30\%
rt,14301,mr,conf,red,1,59.6778718630033,59.6778718630033,59.6778718630033,59.6778718630033,27.152149698729,32.5257221642743,>30\%
rt,14301,mr,fusion,blue,1,63.5507605447049,63.5507605447049,63.5507605447049,63.5507605447049,27.152149698729,36.398610845975895,>30\%
rt,14301,mr,fusion,green,1,58.4988738800375,58.4988738800375,58.4988738800375,58.4988738800375,27.152149698729,31.3467241813085,>30\%
rt,14301,mr,fusion,red,1,52.7604562121963,52.7604562121963,52.7604562121963,52.7604562121963,27.152149698729,25.6083065134673,>30\%
rt,14301,mr,int,blue,1,27.152149698729,27.152149698729,27.152149698729,27.152149698729,27.152149698729,0,10--30\%
rt,14301,mr,int,green,1,82.4115218036996,82.4115218036996,82.4115218036996,82.4115218036996,27.152149698729,55.259372104970595,>30\%
rt,14301,mr,int,red,1,51.1360887969072,51.1360887969072,51.1360887969072,51.1360887969072,27.152149698729,23.9839390981782,>30\%
rt,14301,mr,int,white,1,83.1323145175296,83.1323145175296,83.1323145175296,83.1323145175296,27.152149698729,55.98016481880059,>30\%
rt,14301,tf,FV,blue,1,16.6314543755016,16.6314543755016,16.6314543755016,16.6314543755016,16.6314543755016,0,10--30\%
rt,14301,tf,FV,green,1,60.3738128564255,60.3738128564255,60.3738128564255,60.3738128564255,16.6314543755016,43.7423584809239,>30\%
rt,14301,tf,FV,red,1,64.1543587960336,64.1543587960336,64.1543587960336,64.1543587960336,16.6314543755016,47.522904420532,>30\%
rt,14301,tf,conf,blue,1,68.1425713331854,68.1425713331854,68.1425713331854,68.1425713331854,16.6314543755016,51.5111169576838,>30\%
rt,14301,tf,conf,green,1,66.9408847884403,66.9408847884403,66.9408847884403,66.9408847884403,16.6314543755016,50.309430412938696,>30\%
rt,14301,tf,conf,red,1,65.5131109382471,65.5131109382471,65.5131109382471,65.5131109382471,16.6314543755016,48.88165656274549,>30\%
rt,14301,tf,fusion,blue,1,64.436301071834,64.436301071834,64.436301071834,64.436301071834,16.6314543755016,47.80484669633239,>30\%
rt,14301,tf,fusion,green,1,62.904692048087,62.904692048087,62.904692048087,62.904692048087,16.6314543755016,46.273237672585395,>30\%
rt,14301,tf,fusion,red,1,60.3386214763465,60.3386214763465,60.3386214763465,60.3386214763465,16.6314543755016,43.7071671008449,>30\%
rt,14301,tf,int,blue,1,58.829253184703,58.829253184703,58.829253184703,58.829253184703,16.6314543755016,42.1977988092014,>30\%
rt,14301,tf,int,green,1,73.5978112932226,73.5978112932226,73.5978112932226,73.5978112932226,16.6314543755016,56.966356917721,>30\%
rt,14301,tf,int,red,1,67.8860978178729,67.8860978178729,67.8860978178729,67.8860978178729,16.6314543755016,51.25464344237129,>30\%
rt,14301,tf,int,white,1,73.5556701703701,73.5556701703701,73.5556701703701,73.5556701703701,16.6314543755016,56.9242157948685,>30\%
rt,14301,tr,FV,blue,1,17.1662338364124,17.1662338364124,17.1662338364124,17.1662338364124,10.1364808810439,7.029752955368499,10--30\%
rt,14301,tr,FV,green,1,34.3610984921001,34.3610984921001,34.3610984921001,34.3610984921001,10.1364808810439,24.224617611056196,>30\%
rt,14301,tr,FV,red,1,34.1539185967236,34.1539185967236,34.1539185967236,34.1539185967236,10.1364808810439,24.017437715679698,>30\%
rt,14301,tr,conf,blue,1,26.7341363769878,26.7341363769878,26.7341363769878,26.7341363769878,10.1364808810439,16.597655495943897,10--30\%
rt,14301,tr,conf,green,1,23.5920139019194,23.5920139019194,23.5920139019194,23.5920139019194,10.1364808810439,13.455533020875501,10--30\%
rt,14301,tr,conf,red,1,21.404789782538298,21.404789782538298,21.404789782538298,21.404789782538298,10.1364808810439,11.268308901494398,10--30\%
rt,14301,tr,fusion,blue,1,19.8666941998634,19.8666941998634,19.8666941998634,19.8666941998634,10.1364808810439,9.7302133188195,10--30\%
rt,14301,tr,fusion,green,1,15.0080505512089,15.0080505512089,15.0080505512089,15.0080505512089,10.1364808810439,4.871569670165,10--30\%
rt,14301,tr,fusion,red,1,10.1364808810439,10.1364808810439,10.1364808810439,10.1364808810439,10.1364808810439,0,10--30\%
rt,14301,tr,int,blue,1,24.5403517468973,24.5403517468973,24.5403517468973,24.5403517468973,10.1364808810439,14.403870865853401,10--30\%
rt,14301,tr,int,green,1,22.6788679919951,22.6788679919951,22.6788679919951,22.6788679919951,10.1364808810439,12.542387110951202,10--30\%
rt,14301,tr,int,red,1,19.0112444571779,19.0112444571779,19.0112444571779,19.0112444571779,10.1364808810439,8.874763576133999,10--30\%
rt,14301,tr,int,white,1,22.609432082367,22.609432082367,22.609432082367,22.609432082367,10.1364808810439,12.4729512013231,10--30\%
rt,14301,wedm_f,FV,blue,1,11.8303899046353,11.8303899046353,11.8303899046353,11.8303899046353,9.36121163986149,2.4691782647738094,10--30\%
rt,14301,wedm_f,FV,green,1,9.36121163986149,9.36121163986149,9.36121163986149,9.36121163986149,9.36121163986149,0,<10\%
rt,14301,wedm_f,FV,red,1,10.8721859449665,10.8721859449665,10.8721859449665,10.8721859449665,9.36121163986149,1.5109743051050089,10--30\%
rt,14301,wedm_f,conf,blue,1,40.1112505488997,40.1112505488997,40.1112505488997,40.1112505488997,9.36121163986149,30.750038909038206,>30\%
rt,14301,wedm_f,conf,green,1,56.4041828386333,56.4041828386333,56.4041828386333,56.4041828386333,9.36121163986149,47.04297119877181,>30\%
rt,14301,wedm_f,conf,red,1,84.4800447897976,84.4800447897976,84.4800447897976,84.4800447897976,9.36121163986149,75.11883314993611,>30\%
rt,14301,wedm_f,fusion,blue,1,158.243956878239,158.243956878239,158.243956878239,158.243956878239,9.36121163986149,148.8827452383775,>100\%
rt,14301,wedm_f,fusion,green,1,112.999518860083,112.999518860083,112.999518860083,112.999518860083,9.36121163986149,103.6383072202215,>100\%
rt,14301,wedm_f,fusion,red,1,154.613140015881,154.613140015881,154.613140015881,154.613140015881,9.36121163986149,145.2519283760195,>100\%
rt,14301,wedm_f,int,blue,1,36.5462849393727,36.5462849393727,36.5462849393727,36.5462849393727,9.36121163986149,27.185073299511206,>30\%
rt,14301,wedm_f,int,green,1,19.8130267176995,19.8130267176995,19.8130267176995,19.8130267176995,9.36121163986149,10.45181507783801,10--30\%
rt,14301,wedm_f,int,red,1,29.2454205036801,29.2454205036801,29.2454205036801,29.2454205036801,9.36121163986149,19.88420886381861,10--30\%
rt,14301,wedm_f,int,white,1,20.232416855318,20.232416855318,20.232416855318,20.232416855318,9.36121163986149,10.87120521545651,10--30\%
rt,14301,wedm_r,FV,blue,1,7.74842942808056,7.74842942808056,7.74842942808056,7.74842942808056,0.204999435797007,7.543429992283553,<10\%
rt,14301,wedm_r,FV,green,1,8.32310918859676,8.32310918859676,8.32310918859676,8.32310918859676,0.204999435797007,8.118109752799754,<10\%
rt,14301,wedm_r,FV,red,1,7.2818674260877,7.2818674260877,7.2818674260877,7.2818674260877,0.204999435797007,7.076867990290693,<10\%
rt,14301,wedm_r,conf,blue,1,4.31801972207082,4.31801972207082,4.31801972207082,4.31801972207082,0.204999435797007,4.113020286273812,<10\%
rt,14301,wedm_r,conf,green,1,0.204999435797007,0.204999435797007,0.204999435797007,0.204999435797007,0.204999435797007,0,<10\%
rt,14301,wedm_r,conf,red,1,4.08960168992043,4.08960168992043,4.08960168992043,4.08960168992043,0.204999435797007,3.8846022541234233,<10\%
rt,14301,wedm_r,fusion,blue,1,2.34851326612903,2.34851326612903,2.34851326612903,2.34851326612903,0.204999435797007,2.143513830332023,<10\%
rt,14301,wedm_r,fusion,green,1,39.1091763663516,39.1091763663516,39.1091763663516,39.1091763663516,0.204999435797007,38.90417693055459,>30\%
rt,14301,wedm_r,fusion,red,1,51.6992689625072,51.6992689625072,51.6992689625072,51.6992689625072,0.204999435797007,51.49426952671019,>30\%
rt,14301,wedm_r,int,green,1,3.93535461864002,3.93535461864002,3.93535461864002,3.93535461864002,0.204999435797007,3.730355182843013,<10\%
rt,14301,wedm_r,int,red,1,5.95797909063265,5.95797909063265,5.95797909063265,5.95797909063265,0.204999435797007,5.7529796548356424,<10\%
rt,14301,wedm_r,int,white,1,5.19242070605561,5.19242070605561,5.19242070605561,5.19242070605561,0.204999435797007,4.9874212702586025,<10\%
rt,al7075,b,FV,blue,1,370.858987297173,370.858987297173,370.858987297173,370.858987297173,8.75558237107937,362.1034049260936,>100\%
rt,al7075,b,FV,green,1,136.111228959677,136.111228959677,136.111228959677,136.111228959677,8.75558237107937,127.35564658859762,>100\%
rt,al7075,b,FV,red,1,142.405230479574,142.405230479574,142.405230479574,142.405230479574,8.75558237107937,133.6496481084946,>100\%
rt,al7075,b,conf,blue,1,182.962537600766,182.962537600766,182.962537600766,182.962537600766,8.75558237107937,174.20695522968663,>100\%
rt,al7075,b,conf,green,1,199.632416213387,199.632416213387,199.632416213387,199.632416213387,8.75558237107937,190.87683384230763,>100\%
rt,al7075,b,conf,red,1,279.051902329454,279.051902329454,279.051902329454,279.051902329454,8.75558237107937,270.2963199583746,>100\%
rt,al7075,b,fusion,blue,1,259.494971783786,259.494971783786,259.494971783786,259.494971783786,8.75558237107937,250.73938941270666,>100\%
rt,al7075,b,fusion,green,1,259.19720887409,259.19720887409,259.19720887409,259.19720887409,8.75558237107937,250.44162650301064,>100\%
rt,al7075,b,fusion,red,1,373.102443369406,373.102443369406,373.102443369406,373.102443369406,8.75558237107937,364.34686099832663,>100\%
rt,al7075,b,int,blue,1,229.917362510175,229.917362510175,229.917362510175,229.917362510175,8.75558237107937,221.16178013909564,>100\%
rt,al7075,b,int,green,1,16.9379014521883,16.9379014521883,16.9379014521883,16.9379014521883,8.75558237107937,8.182319081108929,10--30\%
rt,al7075,b,int,red,1,655.868086119548,655.868086119548,655.868086119548,655.868086119548,8.75558237107937,647.1125037484686,>100\%
rt,al7075,b,int,white,1,8.75558237107937,8.75558237107937,8.75558237107937,8.75558237107937,8.75558237107937,0,<10\%
rt,al7075,gla,FV,blue,1,18.7644746720007,18.7644746720007,18.7644746720007,18.7644746720007,5.60669134665082,13.157783325349879,10--30\%
rt,al7075,gla,FV,green,1,27.8118795928533,27.8118795928533,27.8118795928533,27.8118795928533,5.60669134665082,22.20518824620248,10--30\%
rt,al7075,gla,FV,red,1,6.79784018845968,6.79784018845968,6.79784018845968,6.79784018845968,5.60669134665082,1.19114884180886,<10\%
rt,al7075,gla,conf,blue,1,5.60669134665082,5.60669134665082,5.60669134665082,5.60669134665082,5.60669134665082,0,<10\%
rt,al7075,gla,conf,green,1,26.3534776782469,26.3534776782469,26.3534776782469,26.3534776782469,5.60669134665082,20.74678633159608,10--30\%
rt,al7075,gla,conf,red,1,48.0142756053521,48.0142756053521,48.0142756053521,48.0142756053521,5.60669134665082,42.40758425870128,>30\%
rt,al7075,gla,fusion,blue,1,25.4057029408334,25.4057029408334,25.4057029408334,25.4057029408334,5.60669134665082,19.79901159418258,10--30\%
rt,al7075,gla,fusion,green,1,143.771986777895,143.771986777895,143.771986777895,143.771986777895,5.60669134665082,138.16529543124418,>100\%
rt,al7075,gla,fusion,red,1,152.836844293538,152.836844293538,152.836844293538,152.836844293538,5.60669134665082,147.2301529468872,>100\%
rt,al7075,gla,int,blue,1,29.2639909717401,29.2639909717401,29.2639909717401,29.2639909717401,5.60669134665082,23.65729962508928,10--30\%
rt,al7075,gla,int,green,1,20.07259789812,20.07259789812,20.07259789812,20.07259789812,5.60669134665082,14.465906551469182,10--30\%
rt,al7075,gla,int,red,1,23.3076241954268,23.3076241954268,23.3076241954268,23.3076241954268,5.60669134665082,17.70093284877598,10--30\%
rt,al7075,gla,int,white,1,19.4963075825348,19.4963075825348,19.4963075825348,19.4963075825348,5.60669134665082,13.889616235883981,10--30\%
rt,al7075,gri,FV,blue,1,11.3481449104021,11.3481449104021,11.3481449104021,11.3481449104021,6.64587027362221,4.70227463677989,10--30\%
rt,al7075,gri,FV,green,1,28.8588160888593,28.8588160888593,28.8588160888593,28.8588160888593,6.64587027362221,22.21294581523709,10--30\%
rt,al7075,gri,FV,red,1,6.64587027362221,6.64587027362221,6.64587027362221,6.64587027362221,6.64587027362221,0,<10\%
rt,al7075,gri,conf,blue,1,42.0058306025697,42.0058306025697,42.0058306025697,42.0058306025697,6.64587027362221,35.359960328947494,>30\%
rt,al7075,gri,conf,green,1,36.4941571453628,36.4941571453628,36.4941571453628,36.4941571453628,6.64587027362221,29.84828687174059,>30\%
rt,al7075,gri,conf,red,1,27.8036103355174,27.8036103355174,27.8036103355174,27.8036103355174,6.64587027362221,21.15774006189519,10--30\%
rt,al7075,gri,fusion,blue,1,24.9242232148035,24.9242232148035,24.9242232148035,24.9242232148035,6.64587027362221,18.27835294118129,10--30\%
rt,al7075,gri,fusion,green,1,22.0766774837011,22.0766774837011,22.0766774837011,22.0766774837011,6.64587027362221,15.430807210078891,10--30\%
rt,al7075,gri,fusion,red,1,14.2998013420145,14.2998013420145,14.2998013420145,14.2998013420145,6.64587027362221,7.653931068392291,10--30\%
rt,al7075,gri,int,blue,1,49.8568744877137,49.8568744877137,49.8568744877137,49.8568744877137,6.64587027362221,43.21100421409149,>30\%
rt,al7075,gri,int,green,1,55.3521847811197,55.3521847811197,55.3521847811197,55.3521847811197,6.64587027362221,48.706314507497495,>30\%
rt,al7075,gri,int,red,1,52.6751298466631,52.6751298466631,52.6751298466631,52.6751298466631,6.64587027362221,46.02925957304089,>30\%
rt,al7075,gri,int,white,1,55.4726492707955,55.4726492707955,55.4726492707955,55.4726492707955,6.64587027362221,48.82677899717329,>30\%
rt,al7075,hon,FV,blue,1,28.1960339603177,28.1960339603177,28.1960339603177,28.1960339603177,5.26409339819057,22.931940562127128,10--30\%
rt,al7075,hon,FV,green,1,33.4955526127408,33.4955526127408,33.4955526127408,33.4955526127408,5.26409339819057,28.23145921455023,>30\%
rt,al7075,hon,FV,red,1,5.26409339819057,5.26409339819057,5.26409339819057,5.26409339819057,5.26409339819057,0,<10\%
rt,al7075,hon,conf,blue,1,54.8214040038313,54.8214040038313,54.8214040038313,54.8214040038313,5.26409339819057,49.55731060564073,>30\%
rt,al7075,hon,conf,green,1,47.4624334515833,47.4624334515833,47.4624334515833,47.4624334515833,5.26409339819057,42.198340053392734,>30\%
rt,al7075,hon,conf,red,1,40.2761318476663,40.2761318476663,40.2761318476663,40.2761318476663,5.26409339819057,35.01203844947573,>30\%
rt,al7075,hon,fusion,blue,1,37.3300215064574,37.3300215064574,37.3300215064574,37.3300215064574,5.26409339819057,32.06592810826683,>30\%
rt,al7075,hon,fusion,green,1,33.7434300173163,33.7434300173163,33.7434300173163,33.7434300173163,5.26409339819057,28.47933661912573,>30\%
rt,al7075,hon,fusion,red,1,25.0836524661825,25.0836524661825,25.0836524661825,25.0836524661825,5.26409339819057,19.81955906799193,10--30\%
rt,al7075,hon,int,blue,1,58.8101017073468,58.8101017073468,58.8101017073468,58.8101017073468,5.26409339819057,53.546008309156235,>30\%
rt,al7075,hon,int,green,1,62.9972216088527,62.9972216088527,62.9972216088527,62.9972216088527,5.26409339819057,57.73312821066213,>30\%
rt,al7075,hon,int,red,1,62.0856211109431,62.0856211109431,62.0856211109431,62.0856211109431,5.26409339819057,56.821527712752534,>30\%
rt,al7075,hon,int,white,1,63.0047228078704,63.0047228078704,63.0047228078704,63.0047228078704,5.26409339819057,57.74062940967983,>30\%
rt,al7075,mf,FV,blue,1,60.9665706607328,60.9665706607328,60.9665706607328,60.9665706607328,6.53216014922753,54.43441051150527,>30\%
rt,al7075,mf,FV,green,1,16.7555627399937,16.7555627399937,16.7555627399937,16.7555627399937,6.53216014922753,10.22340259076617,10--30\%
rt,al7075,mf,FV,red,1,8.29077638052848,8.29077638052848,8.29077638052848,8.29077638052848,6.53216014922753,1.7586162313009508,<10\%
rt,al7075,mf,conf,blue,1,7.60952043235508,7.60952043235508,7.60952043235508,7.60952043235508,6.53216014922753,1.0773602831275495,<10\%
rt,al7075,mf,conf,green,1,6.53216014922753,6.53216014922753,6.53216014922753,6.53216014922753,6.53216014922753,0,<10\%
rt,al7075,mf,conf,red,1,29.6388419947847,29.6388419947847,29.6388419947847,29.6388419947847,6.53216014922753,23.10668184555717,10--30\%
rt,al7075,mf,fusion,blue,1,18.2597376221046,18.2597376221046,18.2597376221046,18.2597376221046,6.53216014922753,11.72757747287707,10--30\%
rt,al7075,mf,fusion,green,1,31.4728793073836,31.4728793073836,31.4728793073836,31.4728793073836,6.53216014922753,24.94071915815607,>30\%
rt,al7075,mf,fusion,red,1,58.2318911238133,58.2318911238133,58.2318911238133,58.2318911238133,6.53216014922753,51.69973097458577,>30\%
rt,al7075,mf,int,blue,1,17.361063827518,17.361063827518,17.361063827518,17.361063827518,6.53216014922753,10.82890367829047,10--30\%
rt,al7075,mf,int,green,1,65.4831156018679,65.4831156018679,65.4831156018679,65.4831156018679,6.53216014922753,58.950955452640365,>30\%
rt,al7075,mf,int,red,1,45.4987171104234,45.4987171104234,45.4987171104234,45.4987171104234,6.53216014922753,38.96655696119587,>30\%
rt,al7075,mf,int,white,1,66.9201272086117,66.9201272086117,66.9201272086117,66.9201272086117,6.53216014922753,60.387967059384174,>30\%
rt,al7075,mr,FV,blue,1,191.662539578845,191.662539578845,191.662539578845,191.662539578845,33.5236009525986,158.13893862624641,>100\%
rt,al7075,mr,FV,green,1,69.5858170838096,69.5858170838096,69.5858170838096,69.5858170838096,33.5236009525986,36.062216131211,>30\%
rt,al7075,mr,FV,red,1,43.6862534419831,43.6862534419831,43.6862534419831,43.6862534419831,33.5236009525986,10.162652489384499,>30\%
rt,al7075,mr,conf,blue,1,33.5236009525986,33.5236009525986,33.5236009525986,33.5236009525986,33.5236009525986,0,>30\%
rt,al7075,mr,conf,green,1,49.0238944730164,49.0238944730164,49.0238944730164,49.0238944730164,33.5236009525986,15.500293520417799,>30\%
rt,al7075,mr,conf,red,1,70.5661407396156,70.5661407396156,70.5661407396156,70.5661407396156,33.5236009525986,37.042539787017006,>30\%
rt,al7075,mr,fusion,blue,1,75.475109925919,75.475109925919,75.475109925919,75.475109925919,33.5236009525986,41.9515089733204,>30\%
rt,al7075,mr,fusion,green,1,98.6534011166217,98.6534011166217,98.6534011166217,98.6534011166217,33.5236009525986,65.1298001640231,>30\%
rt,al7075,mr,fusion,red,1,120.397318973208,120.397318973208,120.397318973208,120.397318973208,33.5236009525986,86.8737180206094,>100\%
rt,al7075,mr,int,blue,1,55.9035051225315,55.9035051225315,55.9035051225315,55.9035051225315,33.5236009525986,22.3799041699329,>30\%
rt,al7075,mr,int,green,1,52.3776932630833,52.3776932630833,52.3776932630833,52.3776932630833,33.5236009525986,18.854092310484702,>30\%
rt,al7075,mr,int,red,1,109.249988418995,109.249988418995,109.249988418995,109.249988418995,33.5236009525986,75.7263874663964,>100\%
rt,al7075,mr,int,white,1,56.5963360167685,56.5963360167685,56.5963360167685,56.5963360167685,33.5236009525986,23.072735064169898,>30\%
rt,al7075,tf,FV,blue,1,35.0118455220069,35.0118455220069,35.0118455220069,35.0118455220069,34.1020277302897,0.9098177917172023,>30\%
rt,al7075,tf,FV,green,1,57.6886297134572,57.6886297134572,57.6886297134572,57.6886297134572,34.1020277302897,23.586601983167505,>30\%
rt,al7075,tf,FV,red,1,57.328520293897,57.328520293897,57.328520293897,57.328520293897,34.1020277302897,23.2264925636073,>30\%
rt,al7075,tf,conf,blue,1,59.3588602695102,59.3588602695102,59.3588602695102,59.3588602695102,34.1020277302897,25.256832539220504,>30\%
rt,al7075,tf,conf,green,1,52.9624593434911,52.9624593434911,52.9624593434911,52.9624593434911,34.1020277302897,18.8604316132014,>30\%
rt,al7075,tf,conf,red,1,46.1113277615547,46.1113277615547,46.1113277615547,46.1113277615547,34.1020277302897,12.009300031265,>30\%
rt,al7075,tf,fusion,blue,1,49.0965212189688,49.0965212189688,49.0965212189688,49.0965212189688,34.1020277302897,14.994493488679105,>30\%
rt,al7075,tf,fusion,green,1,40.9218306404425,40.9218306404425,40.9218306404425,40.9218306404425,34.1020277302897,6.819802910152802,>30\%
rt,al7075,tf,fusion,red,1,34.1020277302897,34.1020277302897,34.1020277302897,34.1020277302897,34.1020277302897,0,>30\%
rt,al7075,tf,int,blue,1,47.5477212081518,47.5477212081518,47.5477212081518,47.5477212081518,34.1020277302897,13.4456934778621,>30\%
rt,al7075,tf,int,green,1,71.6823978307772,71.6823978307772,71.6823978307772,71.6823978307772,34.1020277302897,37.58037010048751,>30\%
rt,al7075,tf,int,red,1,47.8166223211922,47.8166223211922,47.8166223211922,47.8166223211922,34.1020277302897,13.7145945909025,>30\%
rt,al7075,tf,int,white,1,72.7515332377124,72.7515332377124,72.7515332377124,72.7515332377124,34.1020277302897,38.649505507422695,>30\%
rt,al7075,tr,FV,blue,1,21.6957514907374,21.6957514907374,21.6957514907374,21.6957514907374,15.8115285884974,5.884222902240001,10--30\%
rt,al7075,tr,FV,green,1,36.4270862050706,36.4270862050706,36.4270862050706,36.4270862050706,15.8115285884974,20.615557616573202,>30\%
rt,al7075,tr,FV,red,1,35.6646698420951,35.6646698420951,35.6646698420951,35.6646698420951,15.8115285884974,19.853141253597702,>30\%
rt,al7075,tr,conf,blue,1,32.1380978543131,32.1380978543131,32.1380978543131,32.1380978543131,15.8115285884974,16.326569265815703,>30\%
rt,al7075,tr,conf,green,1,26.6707545855254,26.6707545855254,26.6707545855254,26.6707545855254,15.8115285884974,10.859225997028002,10--30\%
rt,al7075,tr,conf,red,1,20.4670605065522,20.4670605065522,20.4670605065522,20.4670605065522,15.8115285884974,4.655531918054802,10--30\%
rt,al7075,tr,fusion,blue,1,27.1106057493708,27.1106057493708,27.1106057493708,27.1106057493708,15.8115285884974,11.299077160873402,10--30\%
rt,al7075,tr,fusion,green,1,22.3369644293778,22.3369644293778,22.3369644293778,22.3369644293778,15.8115285884974,6.525435840880402,10--30\%
rt,al7075,tr,fusion,red,1,15.8115285884974,15.8115285884974,15.8115285884974,15.8115285884974,15.8115285884974,0,10--30\%
rt,al7075,tr,int,blue,1,29.1874625818244,29.1874625818244,29.1874625818244,29.1874625818244,15.8115285884974,13.375933993327,10--30\%
rt,al7075,tr,int,green,1,39.2453803410032,39.2453803410032,39.2453803410032,39.2453803410032,15.8115285884974,23.4338517525058,>30\%
rt,al7075,tr,int,red,1,35.3940661038512,35.3940661038512,35.3940661038512,35.3940661038512,15.8115285884974,19.582537515353803,>30\%
rt,al7075,tr,int,white,1,39.097191875696,39.097191875696,39.097191875696,39.097191875696,15.8115285884974,23.2856632871986,>30\%
rt,al7075,wedm_f,FV,blue,1,39.6386475546224,39.6386475546224,39.6386475546224,39.6386475546224,3.32447808491515,36.31416946970725,>30\%
rt,al7075,wedm_f,FV,green,1,11.9965390797211,11.9965390797211,11.9965390797211,11.9965390797211,3.32447808491515,8.67206099480595,10--30\%
rt,al7075,wedm_f,FV,red,1,23.5732778258003,23.5732778258003,23.5732778258003,23.5732778258003,3.32447808491515,20.24879974088515,10--30\%
rt,al7075,wedm_f,conf,blue,1,92.4055567962318,92.4055567962318,92.4055567962318,92.4055567962318,3.32447808491515,89.08107871131665,>30\%
rt,al7075,wedm_f,conf,green,1,73.5705351889573,73.5705351889573,73.5705351889573,73.5705351889573,3.32447808491515,70.24605710404214,>30\%
rt,al7075,wedm_f,conf,red,1,98.5952761059478,98.5952761059478,98.5952761059478,98.5952761059478,3.32447808491515,95.27079802103265,>30\%
rt,al7075,wedm_f,fusion,blue,1,221.682755742599,221.682755742599,221.682755742599,221.682755742599,3.32447808491515,218.35827765768386,>100\%
rt,al7075,wedm_f,fusion,green,1,140.766628435839,140.766628435839,140.766628435839,140.766628435839,3.32447808491515,137.44215035092387,>100\%
rt,al7075,wedm_f,fusion,red,1,160.058265643764,160.058265643764,160.058265643764,160.058265643764,3.32447808491515,156.73378755884886,>100\%
rt,al7075,wedm_f,int,blue,1,3.32447808491515,3.32447808491515,3.32447808491515,3.32447808491515,3.32447808491515,0,<10\%
rt,al7075,wedm_f,int,green,1,19.9137648874042,19.9137648874042,19.9137648874042,19.9137648874042,3.32447808491515,16.58928680248905,10--30\%
rt,al7075,wedm_f,int,red,1,22.1952556695238,22.1952556695238,22.1952556695238,22.1952556695238,3.32447808491515,18.87077758460865,10--30\%
rt,al7075,wedm_f,int,white,1,19.6108962297902,19.6108962297902,19.6108962297902,19.6108962297902,3.32447808491515,16.28641814487505,10--30\%
rt,al7075,wedm_r,FV,blue,1,18.6892303653224,18.6892303653224,18.6892303653224,18.6892303653224,11.9734112952264,6.715819070095998,10--30\%
rt,al7075,wedm_r,FV,green,1,15.5312066121912,15.5312066121912,15.5312066121912,15.5312066121912,11.9734112952264,3.5577953169648,10--30\%
rt,al7075,wedm_r,FV,red,1,12.2006457275957,12.2006457275957,12.2006457275957,12.2006457275957,11.9734112952264,0.22723443236930052,10--30\%
rt,al7075,wedm_r,conf,blue,1,59.8990055001437,59.8990055001437,59.8990055001437,59.8990055001437,11.9734112952264,47.9255942049173,>30\%
rt,al7075,wedm_r,conf,green,1,69.2485542697136,69.2485542697136,69.2485542697136,69.2485542697136,11.9734112952264,57.275142974487196,>30\%
rt,al7075,wedm_r,conf,red,1,107.312691625961,107.312691625961,107.312691625961,107.312691625961,11.9734112952264,95.3392803307346,>100\%
rt,al7075,wedm_r,fusion,blue,1,153.288622204388,153.288622204388,153.288622204388,153.288622204388,11.9734112952264,141.31521090916158,>100\%
rt,al7075,wedm_r,fusion,green,1,217.766879349826,217.766879349826,217.766879349826,217.766879349826,11.9734112952264,205.7934680545996,>100\%
rt,al7075,wedm_r,fusion,red,1,234.85084303826,234.85084303826,234.85084303826,234.85084303826,11.9734112952264,222.87743174303358,>100\%
rt,al7075,wedm_r,int,blue,1,39.1536406499161,39.1536406499161,39.1536406499161,39.1536406499161,11.9734112952264,27.1802293546897,>30\%
rt,al7075,wedm_r,int,green,1,14.3523944408781,14.3523944408781,14.3523944408781,14.3523944408781,11.9734112952264,2.3789831456517003,10--30\%
rt,al7075,wedm_r,int,red,1,14.8034549371993,14.8034549371993,14.8034549371993,14.8034549371993,11.9734112952264,2.8300436419728996,10--30\%
rt,al7075,wedm_r,int,white,1,11.9734112952264,11.9734112952264,11.9734112952264,11.9734112952264,11.9734112952264,0,10--30\%
rt,c45,b,FV,blue,1,132.129183328785,132.129183328785,132.129183328785,132.129183328785,14.7221747945496,117.40700853423539,>100\%
rt,c45,b,FV,green,1,26.1449817719612,26.1449817719612,26.1449817719612,26.1449817719612,14.7221747945496,11.422806977411598,10--30\%
rt,c45,b,FV,red,1,51.3597056740563,51.3597056740563,51.3597056740563,51.3597056740563,14.7221747945496,36.6375308795067,>30\%
rt,c45,b,conf,green,1,87.7351542087375,87.7351542087375,87.7351542087375,87.7351542087375,14.7221747945496,73.0129794141879,>30\%
rt,c45,b,conf,red,1,134.545806989061,134.545806989061,134.545806989061,134.545806989061,14.7221747945496,119.82363219451139,>100\%
rt,c45,b,fusion,blue,1,115.950989292004,115.950989292004,115.950989292004,115.950989292004,14.7221747945496,101.2288144974544,>100\%
rt,c45,b,fusion,green,1,137.710937527148,137.710937527148,137.710937527148,137.710937527148,14.7221747945496,122.98876273259839,>100\%
rt,c45,b,fusion,red,1,198.814200851392,198.814200851392,198.814200851392,198.814200851392,14.7221747945496,184.0920260568424,>100\%
rt,c45,b,int,blue,2,270.625290972311,270.625290972311,269.94551482894553,271.3050671156765,14.7221747945496,255.9031161777614,>100\%
rt,c45,b,int,green,1,39.1614147451264,39.1614147451264,39.1614147451264,39.1614147451264,14.7221747945496,24.4392399505768,>30\%
rt,c45,b,int,red,1,14.7221747945496,14.7221747945496,14.7221747945496,14.7221747945496,14.7221747945496,0,10--30\%
rt,c45,b,int,white,1,41.4935989004033,41.4935989004033,41.4935989004033,41.4935989004033,14.7221747945496,26.771424105853697,>30\%
rt,c45,gla,FV,blue,1,1.21942591952526,1.21942591952526,1.21942591952526,1.21942591952526,1.21942591952526,0,<10\%
rt,c45,gla,FV,green,1,16.7756611248694,16.7756611248694,16.7756611248694,16.7756611248694,1.21942591952526,15.55623520534414,10--30\%
rt,c45,gla,FV,red,1,2.36582113216893,2.36582113216893,2.36582113216893,2.36582113216893,1.21942591952526,1.14639521264367,<10\%
rt,c45,gla,conf,blue,1,19.9503596424047,19.9503596424047,19.9503596424047,19.9503596424047,1.21942591952526,18.73093372287944,10--30\%
rt,c45,gla,conf,green,1,39.3710323801776,39.3710323801776,39.3710323801776,39.3710323801776,1.21942591952526,38.151606460652346,>30\%
rt,c45,gla,conf,red,1,56.4713850048788,56.4713850048788,56.4713850048788,56.4713850048788,1.21942591952526,55.25195908535354,>30\%
rt,c45,gla,fusion,blue,1,56.1609183516501,56.1609183516501,56.1609183516501,56.1609183516501,1.21942591952526,54.941492432124846,>30\%
rt,c45,gla,fusion,green,1,82.476448445921,82.476448445921,82.476448445921,82.476448445921,1.21942591952526,81.25702252639573,>30\%
rt,c45,gla,fusion,red,1,123.769817336468,123.769817336468,123.769817336468,123.769817336468,1.21942591952526,122.55039141694273,>100\%
rt,c45,gla,int,blue,1,28.0561211171084,28.0561211171084,28.0561211171084,28.0561211171084,1.21942591952526,26.83669519758314,10--30\%
rt,c45,gla,int,green,1,14.5978419264789,14.5978419264789,14.5978419264789,14.5978419264789,1.21942591952526,13.378416006953639,10--30\%
rt,c45,gla,int,red,1,25.3930607888955,25.3930607888955,25.3930607888955,25.3930607888955,1.21942591952526,24.17363486937024,10--30\%
rt,c45,gla,int,white,1,16.623683288122,16.623683288122,16.623683288122,16.623683288122,1.21942591952526,15.404257368596738,10--30\%
rt,c45,gri,FV,blue,1,83.5584459361088,83.5584459361088,83.5584459361088,83.5584459361088,9.73928516062007,73.81916077548873,>30\%
rt,c45,gri,FV,green,1,53.9150363649436,53.9150363649436,53.9150363649436,53.9150363649436,9.73928516062007,44.17575120432353,>30\%
rt,c45,gri,FV,red,1,108.565800852499,108.565800852499,108.565800852499,108.565800852499,9.73928516062007,98.82651569187892,>100\%
rt,c45,gri,conf,blue,1,11.3773756334878,11.3773756334878,11.3773756334878,11.3773756334878,9.73928516062007,1.638090472867729,10--30\%
rt,c45,gri,conf,green,1,25.0063393887175,25.0063393887175,25.0063393887175,25.0063393887175,9.73928516062007,15.267054228097429,10--30\%
rt,c45,gri,conf,red,1,41.4538555273492,41.4538555273492,41.4538555273492,41.4538555273492,9.73928516062007,31.714570366729127,>30\%
rt,c45,gri,fusion,blue,1,45.6388196169478,45.6388196169478,45.6388196169478,45.6388196169478,9.73928516062007,35.89953445632773,>30\%
rt,c45,gri,fusion,green,1,46.3550088827012,46.3550088827012,46.3550088827012,46.3550088827012,9.73928516062007,36.61572372208113,>30\%
rt,c45,gri,fusion,red,1,62.7465067257614,62.7465067257614,62.7465067257614,62.7465067257614,9.73928516062007,53.00722156514133,>30\%
rt,c45,gri,int,blue,1,9.73928516062007,9.73928516062007,9.73928516062007,9.73928516062007,9.73928516062007,0,<10\%
rt,c45,gri,int,green,1,17.788998282324,17.788998282324,17.788998282324,17.788998282324,9.73928516062007,8.0497131217039275,10--30\%
rt,c45,gri,int,red,1,14.8373184276896,14.8373184276896,14.8373184276896,14.8373184276896,9.73928516062007,5.09803326706953,10--30\%
rt,c45,gri,int,white,1,17.7802331990049,17.7802331990049,17.7802331990049,17.7802331990049,9.73928516062007,8.04094803838483,10--30\%
rt,c45,hon,FV,blue,1,11.2435205472588,11.2435205472588,11.2435205472588,11.2435205472588,1.16678240716582,10.07673814009298,10--30\%
rt,c45,hon,FV,green,1,1.16678240716582,1.16678240716582,1.16678240716582,1.16678240716582,1.16678240716582,0,<10\%
rt,c45,hon,FV,red,1,30.8196126350348,30.8196126350348,30.8196126350348,30.8196126350348,1.16678240716582,29.652830227868982,>30\%
rt,c45,hon,conf,blue,1,16.6596750713497,16.6596750713497,16.6596750713497,16.6596750713497,1.16678240716582,15.492892664183879,10--30\%
rt,c45,hon,conf,green,1,4.0561889446725,4.0561889446725,4.0561889446725,4.0561889446725,1.16678240716582,2.88940653750668,<10\%
rt,c45,hon,conf,red,1,4.45535635742292,4.45535635742292,4.45535635742292,4.45535635742292,1.16678240716582,3.2885739502571,<10\%
rt,c45,hon,fusion,blue,1,8.48091845922496,8.48091845922496,8.48091845922496,8.48091845922496,1.16678240716582,7.31413605205914,<10\%
rt,c45,hon,fusion,green,1,21.106890924589,21.106890924589,21.106890924589,21.106890924589,1.16678240716582,19.94010851742318,10--30\%
rt,c45,hon,fusion,red,1,26.8550839262762,26.8550839262762,26.8550839262762,26.8550839262762,1.16678240716582,25.688301519110382,10--30\%
rt,c45,hon,int,blue,1,33.8818899061849,33.8818899061849,33.8818899061849,33.8818899061849,1.16678240716582,32.715107499019084,>30\%
rt,c45,hon,int,green,1,14.7139139177163,14.7139139177163,14.7139139177163,14.7139139177163,1.16678240716582,13.547131510550479,10--30\%
rt,c45,hon,int,red,1,18.741510114177,18.741510114177,18.741510114177,18.741510114177,1.16678240716582,17.57472770701118,10--30\%
rt,c45,hon,int,white,1,13.7564022887242,13.7564022887242,13.7564022887242,13.7564022887242,1.16678240716582,12.589619881558379,10--30\%
rt,c45,mf,FV,blue,1,8.58842415274044,8.58842415274044,8.58842415274044,8.58842415274044,1.54935741494582,7.03906673779462,<10\%
rt,c45,mf,FV,green,1,14.978300341135,14.978300341135,14.978300341135,14.978300341135,1.54935741494582,13.42894292618918,10--30\%
rt,c45,mf,FV,red,1,11.0510787009517,11.0510787009517,11.0510787009517,11.0510787009517,1.54935741494582,9.50172128600588,10--30\%
rt,c45,mf,conf,green,1,1.54935741494582,1.54935741494582,1.54935741494582,1.54935741494582,1.54935741494582,0,<10\%
rt,c45,mf,conf,red,1,9.08045109327492,9.08045109327492,9.08045109327492,9.08045109327492,1.54935741494582,7.5310936783291,<10\%
rt,c45,mf,fusion,blue,1,24.1418172804435,24.1418172804435,24.1418172804435,24.1418172804435,1.54935741494582,22.59245986549768,10--30\%
rt,c45,mf,fusion,green,1,29.3135399500142,29.3135399500142,29.3135399500142,29.3135399500142,1.54935741494582,27.76418253506838,10--30\%
rt,c45,mf,fusion,red,1,42.7895280155644,42.7895280155644,42.7895280155644,42.7895280155644,1.54935741494582,41.24017060061858,>30\%
rt,c45,mf,int,blue,1,20.5256069361389,20.5256069361389,20.5256069361389,20.5256069361389,1.54935741494582,18.97624952119308,10--30\%
rt,c45,mf,int,green,1,32.9613092453635,32.9613092453635,32.9613092453635,32.9613092453635,1.54935741494582,31.41195183041768,>30\%
rt,c45,mf,int,red,1,42.6646662793242,42.6646662793242,42.6646662793242,42.6646662793242,1.54935741494582,41.115308864378385,>30\%
rt,c45,mf,int,white,1,3.94848770150714,3.94848770150714,3.94848770150714,3.94848770150714,1.54935741494582,2.39913028656132,<10\%
rt,c45,mr,FV,blue,1,34.8777761724979,34.8777761724979,34.8777761724979,34.8777761724979,7.31114543659105,27.566630735906852,>30\%
rt,c45,mr,FV,green,1,39.0375095546703,39.0375095546703,39.0375095546703,39.0375095546703,7.31114543659105,31.72636411807925,>30\%
rt,c45,mr,FV,red,1,36.4208144356324,36.4208144356324,36.4208144356324,36.4208144356324,7.31114543659105,29.10966899904135,>30\%
rt,c45,mr,conf,green,1,23.9044382546563,23.9044382546563,23.9044382546563,23.9044382546563,7.31114543659105,16.593292818065247,10--30\%
rt,c45,mr,conf,red,1,17.6591810207594,17.6591810207594,17.6591810207594,17.6591810207594,7.31114543659105,10.34803558416835,10--30\%
rt,c45,mr,fusion,blue,1,18.9960594665423,18.9960594665423,18.9960594665423,18.9960594665423,7.31114543659105,11.684914029951248,10--30\%
rt,c45,mr,fusion,green,1,14.4483915996076,14.4483915996076,14.4483915996076,14.4483915996076,7.31114543659105,7.13724616301655,10--30\%
rt,c45,mr,fusion,red,1,7.31114543659105,7.31114543659105,7.31114543659105,7.31114543659105,7.31114543659105,0,<10\%
rt,c45,mr,int,blue,1,28.8021084708481,28.8021084708481,28.8021084708481,28.8021084708481,7.31114543659105,21.49096303425705,10--30\%
rt,c45,mr,int,green,1,37.1415790657285,37.1415790657285,37.1415790657285,37.1415790657285,7.31114543659105,29.83043362913745,>30\%
rt,c45,mr,int,red,1,37.3487960949165,37.3487960949165,37.3487960949165,37.3487960949165,7.31114543659105,30.03765065832545,>30\%
rt,c45,mr,int,white,1,37.1696484339657,37.1696484339657,37.1696484339657,37.1696484339657,7.31114543659105,29.858502997374647,>30\%
rt,c45,tf,FV,blue,1,66.9739677826638,66.9739677826638,66.9739677826638,66.9739677826638,53.6550524543339,13.318915328329908,>30\%
rt,c45,tf,FV,green,1,69.5216893461321,69.5216893461321,69.5216893461321,69.5216893461321,53.6550524543339,15.866636891798208,>30\%
rt,c45,tf,FV,red,1,67.8172074819991,67.8172074819991,67.8172074819991,67.8172074819991,53.6550524543339,14.162155027665207,>30\%
rt,c45,tf,conf,green,1,61.9867173515547,61.9867173515547,61.9867173515547,61.9867173515547,53.6550524543339,8.331664897220804,>30\%
rt,c45,tf,conf,red,1,59.3206085186519,59.3206085186519,59.3206085186519,59.3206085186519,53.6550524543339,5.665556064318004,>30\%
rt,c45,tf,fusion,blue,1,59.5171747150567,59.5171747150567,59.5171747150567,59.5171747150567,53.6550524543339,5.862122260722799,>30\%
rt,c45,tf,fusion,green,1,56.7452367005935,56.7452367005935,56.7452367005935,56.7452367005935,53.6550524543339,3.0901842462596036,>30\%
rt,c45,tf,fusion,red,1,53.6550524543339,53.6550524543339,53.6550524543339,53.6550524543339,53.6550524543339,0,>30\%
rt,c45,tf,int,blue,1,63.5259073624888,63.5259073624888,63.5259073624888,63.5259073624888,53.6550524543339,9.870854908154904,>30\%
rt,c45,tf,int,green,1,67.1925882347891,67.1925882347891,67.1925882347891,67.1925882347891,53.6550524543339,13.537535780455201,>30\%
rt,c45,tf,int,red,1,67.003522234013,67.003522234013,67.003522234013,67.003522234013,53.6550524543339,13.348469779679107,>30\%
rt,c45,tf,int,white,1,67.2212793074697,67.2212793074697,67.2212793074697,67.2212793074697,53.6550524543339,13.566226853135802,>30\%
rt,c45,tr,FV,blue,1,89.362000206654,89.362000206654,89.362000206654,89.362000206654,86.9637506157943,2.398249590859706,>30\%
rt,c45,tr,FV,green,1,92.6368712010967,92.6368712010967,92.6368712010967,92.6368712010967,86.9637506157943,5.673120585302399,>30\%
rt,c45,tr,FV,red,1,92.1945342771089,92.1945342771089,92.1945342771089,92.1945342771089,86.9637506157943,5.230783661314604,>30\%
rt,c45,tr,conf,green,1,90.5161899798476,90.5161899798476,90.5161899798476,90.5161899798476,86.9637506157943,3.552439364053299,>30\%
rt,c45,tr,conf,red,1,89.5014331048314,89.5014331048314,89.5014331048314,89.5014331048314,86.9637506157943,2.5376824890371097,>30\%
rt,c45,tr,fusion,blue,1,89.2562586811163,89.2562586811163,89.2562586811163,89.2562586811163,86.9637506157943,2.2925080653219965,>30\%
rt,c45,tr,fusion,green,1,88.4282547280841,88.4282547280841,88.4282547280841,88.4282547280841,86.9637506157943,1.4645041122898022,>30\%
rt,c45,tr,fusion,red,1,86.9637506157943,86.9637506157943,86.9637506157943,86.9637506157943,86.9637506157943,0,>30\%
rt,c45,tr,int,blue,1,90.1859513269758,90.1859513269758,90.1859513269758,90.1859513269758,86.9637506157943,3.2222007111815003,>30\%
rt,c45,tr,int,green,1,93.7114382631526,93.7114382631526,93.7114382631526,93.7114382631526,86.9637506157943,6.747687647358305,>30\%
rt,c45,tr,int,red,1,92.6390562091359,92.6390562091359,92.6390562091359,92.6390562091359,86.9637506157943,5.675305593341605,>30\%
rt,c45,tr,int,white,1,93.8306128520156,93.8306128520156,93.8306128520156,93.8306128520156,86.9637506157943,6.8668622362213085,>30\%
rt,c45,wedm_f,FV,blue,1,14.5450983401008,14.5450983401008,14.5450983401008,14.5450983401008,2.47033100321369,12.07476733688711,10--30\%
rt,c45,wedm_f,FV,green,1,2.47033100321369,2.47033100321369,2.47033100321369,2.47033100321369,2.47033100321369,0,<10\%
rt,c45,wedm_f,FV,red,1,27.2225921204983,27.2225921204983,27.2225921204983,27.2225921204983,2.47033100321369,24.75226111728461,10--30\%
rt,c45,wedm_f,conf,blue,1,94.4695067446076,94.4695067446076,94.4695067446076,94.4695067446076,2.47033100321369,91.99917574139391,>30\%
rt,c45,wedm_f,conf,green,1,130.655659962527,130.655659962527,130.655659962527,130.655659962527,2.47033100321369,128.18532895931332,>100\%
rt,c45,wedm_f,conf,red,1,148.820223540369,148.820223540369,148.820223540369,148.820223540369,2.47033100321369,146.3498925371553,>100\%
rt,c45,wedm_f,fusion,blue,1,273.996979521165,273.996979521165,273.996979521165,273.996979521165,2.47033100321369,271.5266485179513,>100\%
rt,c45,wedm_f,fusion,green,1,176.871321829903,176.871321829903,176.871321829903,176.871321829903,2.47033100321369,174.4009908266893,>100\%
rt,c45,wedm_f,fusion,red,1,189.406237842278,189.406237842278,189.406237842278,189.406237842278,2.47033100321369,186.9359068390643,>100\%
rt,c45,wedm_f,int,blue,1,35.5306458921591,35.5306458921591,35.5306458921591,35.5306458921591,2.47033100321369,33.06031488894541,>30\%
rt,c45,wedm_f,int,green,1,22.5545808106687,22.5545808106687,22.5545808106687,22.5545808106687,2.47033100321369,20.08424980745501,10--30\%
rt,c45,wedm_f,int,red,1,28.6954553298888,28.6954553298888,28.6954553298888,28.6954553298888,2.47033100321369,26.22512432667511,10--30\%
rt,c45,wedm_f,int,white,1,22.6642003107601,22.6642003107601,22.6642003107601,22.6642003107601,2.47033100321369,20.19386930754641,10--30\%
rt,c45,wedm_r,FV,blue,1,12.0883565011629,12.0883565011629,12.0883565011629,12.0883565011629,0.755267038181851,11.33308946298105,10--30\%
rt,c45,wedm_r,FV,green,1,12.4713662202101,12.4713662202101,12.4713662202101,12.4713662202101,0.755267038181851,11.71609918202825,10--30\%
rt,c45,wedm_r,FV,red,1,9.90078237071226,9.90078237071226,9.90078237071226,9.90078237071226,0.755267038181851,9.14551533253041,<10\%
rt,c45,wedm_r,conf,blue,1,3.52009657774688,3.52009657774688,3.52009657774688,3.52009657774688,0.755267038181851,2.764829539565029,<10\%
rt,c45,wedm_r,conf,green,1,0.755267038181851,0.755267038181851,0.755267038181851,0.755267038181851,0.755267038181851,0,<10\%
rt,c45,wedm_r,conf,red,1,5.85303112194332,5.85303112194332,5.85303112194332,5.85303112194332,0.755267038181851,5.097764083761469,<10\%
rt,c45,wedm_r,fusion,blue,1,70.6925657327174,70.6925657327174,70.6925657327174,70.6925657327174,0.755267038181851,69.93729869453554,>30\%
rt,c45,wedm_r,fusion,green,1,101.039281827398,101.039281827398,101.039281827398,101.039281827398,0.755267038181851,100.28401478921614,>100\%
rt,c45,wedm_r,fusion,red,1,140.488295401075,140.488295401075,140.488295401075,140.488295401075,0.755267038181851,139.73302836289315,>100\%
rt,c45,wedm_r,int,blue,1,27.6909542256012,27.6909542256012,27.6909542256012,27.6909542256012,0.755267038181851,26.935687187419347,10--30\%
rt,c45,wedm_r,int,green,1,7.56045179129153,7.56045179129153,7.56045179129153,7.56045179129153,0.755267038181851,6.805184753109678,<10\%
rt,c45,wedm_r,int,red,1,8.40588608506128,8.40588608506128,8.40588608506128,8.40588608506128,0.755267038181851,7.650619046879428,<10\%
rt,c45,wedm_r,int,white,1,7.59409904896145,7.59409904896145,7.59409904896145,7.59409904896145,0.755267038181851,6.838832010779599,<10\%
rt,ellor,gla,FV,blue,1,7.22700325028334,7.22700325028334,7.22700325028334,7.22700325028334,0.923436384834514,6.3035668654488255,<10\%
rt,ellor,gla,FV,green,1,8.54392450478004,8.54392450478004,8.54392450478004,8.54392450478004,0.923436384834514,7.620488119945526,<10\%
rt,ellor,gla,FV,red,1,8.94851537544806,8.94851537544806,8.94851537544806,8.94851537544806,0.923436384834514,8.025078990613547,<10\%
rt,ellor,gla,conf,blue,1,5.26353676723797,5.26353676723797,5.26353676723797,5.26353676723797,0.923436384834514,4.340100382403456,<10\%
rt,ellor,gla,conf,green,1,1.69636628471459,1.69636628471459,1.69636628471459,1.69636628471459,0.923436384834514,0.772929899880076,<10\%
rt,ellor,gla,conf,red,1,3.49486722288663,3.49486722288663,3.49486722288663,3.49486722288663,0.923436384834514,2.571430838052116,<10\%
rt,ellor,gla,fusion,blue,1,1.14293798586995,1.14293798586995,1.14293798586995,1.14293798586995,0.923436384834514,0.21950160103543603,<10\%
rt,ellor,gla,fusion,green,1,0.923436384834514,0.923436384834514,0.923436384834514,0.923436384834514,0.923436384834514,0,<10\%
rt,ellor,gla,fusion,red,1,1.47843197139245,1.47843197139245,1.47843197139245,1.47843197139245,0.923436384834514,0.5549955865579361,<10\%
rt,ellor,gla,int,blue,1,6.39068431683442,6.39068431683442,6.39068431683442,6.39068431683442,0.923436384834514,5.467247931999906,<10\%
rt,ellor,gla,int,green,1,4.11797802474755,4.11797802474755,4.11797802474755,4.11797802474755,0.923436384834514,3.1945416399130355,<10\%
rt,ellor,gla,int,red,1,4.46387879555059,4.46387879555059,4.46387879555059,4.46387879555059,0.923436384834514,3.540442410716076,<10\%
rt,ellor,gla,int,white,1,3.71778470154722,3.71778470154722,3.71778470154722,3.71778470154722,0.923436384834514,2.794348316712706,<10\%
rt,ellor,gri,FV,blue,1,134.228352468064,134.228352468064,134.228352468064,134.228352468064,125.963327908041,8.265024560023008,>100\%
rt,ellor,gri,FV,green,1,131.942096016493,131.942096016493,131.942096016493,131.942096016493,125.963327908041,5.978768108452002,>100\%
rt,ellor,gri,FV,red,1,132.54385093993,132.54385093993,132.54385093993,132.54385093993,125.963327908041,6.580523031889001,>100\%
rt,ellor,gri,conf,blue,1,144.423245593913,144.423245593913,144.423245593913,144.423245593913,125.963327908041,18.459917685872014,>100\%
rt,ellor,gri,conf,green,1,148.435251461119,148.435251461119,148.435251461119,148.435251461119,125.963327908041,22.471923553078014,>100\%
rt,ellor,gri,conf,red,1,150.087546149941,150.087546149941,150.087546149941,150.087546149941,125.963327908041,24.12421824190001,>100\%
rt,ellor,gri,fusion,blue,1,155.350417819204,155.350417819204,155.350417819204,155.350417819204,125.963327908041,29.387089911163017,>100\%
rt,ellor,gri,fusion,green,1,158.522907582591,158.522907582591,158.522907582591,158.522907582591,125.963327908041,32.559579674549994,>100\%
rt,ellor,gri,fusion,red,1,167.455621654398,167.455621654398,167.455621654398,167.455621654398,125.963327908041,41.49229374635699,>100\%
rt,ellor,gri,int,blue,1,187.468194811804,187.468194811804,187.468194811804,187.468194811804,125.963327908041,61.504866903763016,>100\%
rt,ellor,gri,int,green,1,125.963327908041,125.963327908041,125.963327908041,125.963327908041,125.963327908041,0,>100\%
rt,ellor,gri,int,red,1,137.987058487204,137.987058487204,137.987058487204,137.987058487204,125.963327908041,12.023730579163,>100\%
rt,ellor,gri,int,white,1,139.099269909613,139.099269909613,139.099269909613,139.099269909613,125.963327908041,13.135942001572019,>100\%
rt,ellor,hon,FV,blue,1,15.1957086403148,15.1957086403148,15.1957086403148,15.1957086403148,5.74256161700127,9.45314702331353,10--30\%
rt,ellor,hon,FV,green,1,48.1446379514382,48.1446379514382,48.1446379514382,48.1446379514382,5.74256161700127,42.40207633443693,>30\%
rt,ellor,hon,FV,red,1,40.1331669630241,40.1331669630241,40.1331669630241,40.1331669630241,5.74256161700127,34.39060534602283,>30\%
rt,ellor,hon,conf,blue,1,20.3636233257158,20.3636233257158,20.3636233257158,20.3636233257158,5.74256161700127,14.62106170871453,10--30\%
rt,ellor,hon,conf,green,1,13.8022943934382,13.8022943934382,13.8022943934382,13.8022943934382,5.74256161700127,8.05973277643693,10--30\%
rt,ellor,hon,conf,red,1,5.74256161700127,5.74256161700127,5.74256161700127,5.74256161700127,5.74256161700127,0,<10\%
rt,ellor,hon,fusion,blue,1,22.2071254436323,22.2071254436323,22.2071254436323,22.2071254436323,5.74256161700127,16.46456382663103,10--30\%
rt,ellor,hon,fusion,green,1,21.7712272132992,21.7712272132992,21.7712272132992,21.7712272132992,5.74256161700127,16.028665596297927,10--30\%
rt,ellor,hon,fusion,red,1,52.1438628742636,52.1438628742636,52.1438628742636,52.1438628742636,5.74256161700127,46.401301257262325,>30\%
rt,ellor,hon,int,blue,1,34.5329747655674,34.5329747655674,34.5329747655674,34.5329747655674,5.74256161700127,28.79041314856613,>30\%
rt,ellor,hon,int,green,1,55.701715033128004,55.701715033128004,55.701715033128004,55.701715033128004,5.74256161700127,49.95915341612673,>30\%
rt,ellor,hon,int,red,1,47.8494245447918,47.8494245447918,47.8494245447918,47.8494245447918,5.74256161700127,42.10686292779053,>30\%
rt,ellor,hon,int,white,1,56.7339388858051,56.7339388858051,56.7339388858051,56.7339388858051,5.74256161700127,50.99137726880383,>30\%
rt,ellor,mf,FV,blue,1,19.3417551356177,19.3417551356177,19.3417551356177,19.3417551356177,2.3634763543431,16.9782787812746,10--30\%
rt,ellor,mf,FV,green,1,25.4173807874153,25.4173807874153,25.4173807874153,25.4173807874153,2.3634763543431,23.0539044330722,10--30\%
rt,ellor,mf,FV,red,1,26.4554300487958,26.4554300487958,26.4554300487958,26.4554300487958,2.3634763543431,24.0919536944527,10--30\%
rt,ellor,mf,conf,blue,1,8.23765942850655,8.23765942850655,8.23765942850655,8.23765942850655,2.3634763543431,5.87418307416345,<10\%
rt,ellor,mf,conf,green,1,7.75106720049921,7.75106720049921,7.75106720049921,7.75106720049921,2.3634763543431,5.38759084615611,<10\%
rt,ellor,mf,conf,red,1,9.31396563122668,9.31396563122668,9.31396563122668,9.31396563122668,2.3634763543431,6.950489276883579,<10\%
rt,ellor,mf,fusion,blue,1,2.3634763543431,2.3634763543431,2.3634763543431,2.3634763543431,2.3634763543431,0,<10\%
rt,ellor,mf,fusion,green,1,3.8604872505907,3.8604872505907,3.8604872505907,3.8604872505907,2.3634763543431,1.4970108962476,<10\%
rt,ellor,mf,fusion,red,1,85.9652752068824,85.9652752068824,85.9652752068824,85.9652752068824,2.3634763543431,83.60179885253929,>30\%
rt,ellor,mf,int,blue,1,79.0626172011318,79.0626172011318,79.0626172011318,79.0626172011318,2.3634763543431,76.6991408467887,>30\%
rt,ellor,mf,int,green,1,8.59943448841563,8.59943448841563,8.59943448841563,8.59943448841563,2.3634763543431,6.23595813407253,<10\%
rt,ellor,mf,int,red,1,10.2079725049882,10.2079725049882,10.2079725049882,10.2079725049882,2.3634763543431,7.8444961506451,10--30\%
rt,ellor,mf,int,white,1,10.6113782802164,10.6113782802164,10.6113782802164,10.6113782802164,2.3634763543431,8.2479019258733,10--30\%
rt,ellor,mr,FV,blue,1,4.52606761122378,4.52606761122378,4.52606761122378,4.52606761122378,0.358841045381888,4.167226565841892,<10\%
rt,ellor,mr,FV,green,1,8.79894891528925,8.79894891528925,8.79894891528925,8.79894891528925,0.358841045381888,8.440107869907362,<10\%
rt,ellor,mr,FV,red,1,8.13099457155381,8.13099457155381,8.13099457155381,8.13099457155381,0.358841045381888,7.7721535261719215,<10\%
rt,ellor,mr,conf,blue,1,4.63892945625686,4.63892945625686,4.63892945625686,4.63892945625686,0.358841045381888,4.280088410874972,<10\%
rt,ellor,mr,conf,green,1,6.86406478741116,6.86406478741116,6.86406478741116,6.86406478741116,0.358841045381888,6.505223742029273,<10\%
rt,ellor,mr,conf,red,1,9.06264515175782,9.06264515175782,9.06264515175782,9.06264515175782,0.358841045381888,8.703804106375932,<10\%
rt,ellor,mr,fusion,blue,1,13.5252858395813,13.5252858395813,13.5252858395813,13.5252858395813,0.358841045381888,13.166444794199412,10--30\%
rt,ellor,mr,fusion,green,1,14.5291571880584,14.5291571880584,14.5291571880584,14.5291571880584,0.358841045381888,14.170316142676512,10--30\%
rt,ellor,mr,fusion,red,1,23.7795580758212,23.7795580758212,23.7795580758212,23.7795580758212,0.358841045381888,23.420717030439313,10--30\%
rt,ellor,mr,int,blue,1,71.1374031467072,71.1374031467072,71.1374031467072,71.1374031467072,0.358841045381888,70.7785621013253,>30\%
rt,ellor,mr,int,green,1,1.03825799063086,1.03825799063086,1.03825799063086,1.03825799063086,0.358841045381888,0.679416945248972,<10\%
rt,ellor,mr,int,red,1,0.662062901540006,0.662062901540006,0.662062901540006,0.662062901540006,0.358841045381888,0.30322185615811803,<10\%
rt,ellor,mr,int,white,1,0.358841045381888,0.358841045381888,0.358841045381888,0.358841045381888,0.358841045381888,0,<10\%
rt,ellor,tf,FV,blue,1,23.2617132892004,23.2617132892004,23.2617132892004,23.2617132892004,0.315510195332862,22.94620309386754,10--30\%
rt,ellor,tf,FV,green,1,25.9843796961519,25.9843796961519,25.9843796961519,25.9843796961519,0.315510195332862,25.66886950081904,10--30\%
rt,ellor,tf,FV,red,1,26.0041609653323,26.0041609653323,26.0041609653323,26.0041609653323,0.315510195332862,25.688650769999438,10--30\%
rt,ellor,tf,conf,blue,1,10.3269116450833,10.3269116450833,10.3269116450833,10.3269116450833,0.315510195332862,10.011401449750437,10--30\%
rt,ellor,tf,conf,green,1,10.1817856317643,10.1817856317643,10.1817856317643,10.1817856317643,0.315510195332862,9.866275436431437,10--30\%
rt,ellor,tf,conf,red,1,8.62104945914612,8.62104945914612,8.62104945914612,8.62104945914612,0.315510195332862,8.305539263813257,<10\%
rt,ellor,tf,fusion,blue,1,1.69004289016938,1.69004289016938,1.69004289016938,1.69004289016938,0.315510195332862,1.374532694836518,<10\%
rt,ellor,tf,fusion,green,1,0.315510195332862,0.315510195332862,0.315510195332862,0.315510195332862,0.315510195332862,0,<10\%
rt,ellor,tf,fusion,red,1,8.51277780249298,8.51277780249298,8.51277780249298,8.51277780249298,0.315510195332862,8.197267607160118,<10\%
rt,ellor,tf,int,blue,1,62.8422712358263,62.8422712358263,62.8422712358263,62.8422712358263,0.315510195332862,62.52676104049344,>30\%
rt,ellor,tf,int,green,1,9.37035525115386,9.37035525115386,9.37035525115386,9.37035525115386,0.315510195332862,9.054845055820998,<10\%
rt,ellor,tf,int,red,1,12.082563783876,12.082563783876,12.082563783876,12.082563783876,0.315510195332862,11.767053588543137,10--30\%
rt,ellor,tf,int,white,1,8.21983807284716,8.21983807284716,8.21983807284716,8.21983807284716,0.315510195332862,7.904327877514299,<10\%
rt,ellor,tr,FV,blue,1,14.790933611663,14.790933611663,14.790933611663,14.790933611663,3.65913160345563,11.13180200820737,10--30\%
rt,ellor,tr,FV,green,1,15.9940146207911,15.9940146207911,15.9940146207911,15.9940146207911,3.65913160345563,12.334883017335471,10--30\%
rt,ellor,tr,FV,red,1,15.6862639302833,15.6862639302833,15.6862639302833,15.6862639302833,3.65913160345563,12.027132326827669,10--30\%
rt,ellor,tr,conf,blue,1,11.4621299054375,11.4621299054375,11.4621299054375,11.4621299054375,3.65913160345563,7.80299830198187,10--30\%
rt,ellor,tr,conf,green,1,11.0158649938812,11.0158649938812,11.0158649938812,11.0158649938812,3.65913160345563,7.35673339042557,10--30\%
rt,ellor,tr,conf,red,1,10.25359691362,10.25359691362,10.25359691362,10.25359691362,3.65913160345563,6.594465310164369,10--30\%
rt,ellor,tr,fusion,blue,1,7.44257660946318,7.44257660946318,7.44257660946318,7.44257660946318,3.65913160345563,3.7834450060075504,<10\%
rt,ellor,tr,fusion,green,1,7.27300829775972,7.27300829775972,7.27300829775972,7.27300829775972,3.65913160345563,3.61387669430409,<10\%
rt,ellor,tr,fusion,red,1,3.65913160345563,3.65913160345563,3.65913160345563,3.65913160345563,3.65913160345563,0,<10\%
rt,ellor,tr,int,blue,1,45.4252598180553,45.4252598180553,45.4252598180553,45.4252598180553,3.65913160345563,41.766128214599675,>30\%
rt,ellor,tr,int,green,1,10.4863629128699,10.4863629128699,10.4863629128699,10.4863629128699,3.65913160345563,6.8272313094142705,10--30\%
rt,ellor,tr,int,red,1,10.8063743703919,10.8063743703919,10.8063743703919,10.8063743703919,3.65913160345563,7.14724276693627,10--30\%
rt,ellor,tr,int,white,1,9.58731450266115,9.58731450266115,9.58731450266115,9.58731450266115,3.65913160345563,5.928182899205519,<10\%
rt,ellor,wedm_f,FV,blue,1,17.4806800765494,17.4806800765494,17.4806800765494,17.4806800765494,9.08115369827167,8.39952637827773,10--30\%
rt,ellor,wedm_f,FV,green,1,11.1392052548492,11.1392052548492,11.1392052548492,11.1392052548492,9.08115369827167,2.0580515565775297,10--30\%
rt,ellor,wedm_f,FV,red,1,13.2283418458072,13.2283418458072,13.2283418458072,13.2283418458072,9.08115369827167,4.14718814753553,10--30\%
rt,ellor,wedm_f,conf,blue,1,19.1895971108172,19.1895971108172,19.1895971108172,19.1895971108172,9.08115369827167,10.10844341254553,10--30\%
rt,ellor,wedm_f,conf,green,1,13.5497757888614,13.5497757888614,13.5497757888614,13.5497757888614,9.08115369827167,4.468622090589729,10--30\%
rt,ellor,wedm_f,conf,red,1,13.8311270561261,13.8311270561261,13.8311270561261,13.8311270561261,9.08115369827167,4.749973357854429,10--30\%
rt,ellor,wedm_f,fusion,blue,1,32.1658478102976,32.1658478102976,32.1658478102976,32.1658478102976,9.08115369827167,23.08469411202593,>30\%
rt,ellor,wedm_f,fusion,green,1,31.3277825014065,31.3277825014065,31.3277825014065,31.3277825014065,9.08115369827167,22.24662880313483,>30\%
rt,ellor,wedm_f,fusion,red,1,38.1899117696983,38.1899117696983,38.1899117696983,38.1899117696983,9.08115369827167,29.108758071426628,>30\%
rt,ellor,wedm_f,int,green,1,9.08115369827167,9.08115369827167,9.08115369827167,9.08115369827167,9.08115369827167,0,<10\%
rt,ellor,wedm_f,int,red,1,14.6593918494866,14.6593918494866,14.6593918494866,14.6593918494866,9.08115369827167,5.578238151214929,10--30\%
rt,ellor,wedm_f,int,white,1,9.30664436156874,9.30664436156874,9.30664436156874,9.30664436156874,9.08115369827167,0.22549066329706946,<10\%
rt,ellor,wedm_r,FV,blue,1,12.024110394354,12.024110394354,12.024110394354,12.024110394354,0.100492565856401,11.9236178284976,10--30\%
rt,ellor,wedm_r,FV,green,1,14.3481967879906,14.3481967879906,14.3481967879906,14.3481967879906,0.100492565856401,14.2477042221342,10--30\%
rt,ellor,wedm_r,FV,red,1,14.2290749548632,14.2290749548632,14.2290749548632,14.2290749548632,0.100492565856401,14.1285823890068,10--30\%
rt,ellor,wedm_r,conf,blue,1,9.11817599663329,9.11817599663329,9.11817599663329,9.11817599663329,0.100492565856401,9.01768343077689,<10\%
rt,ellor,wedm_r,conf,green,1,6.06999419717597,6.06999419717597,6.06999419717597,6.06999419717597,0.100492565856401,5.969501631319569,<10\%
rt,ellor,wedm_r,conf,red,1,5.82291615070321,5.82291615070321,5.82291615070321,5.82291615070321,0.100492565856401,5.722423584846809,<10\%
rt,ellor,wedm_r,fusion,blue,1,1.32714106891812,1.32714106891812,1.32714106891812,1.32714106891812,0.100492565856401,1.226648503061719,<10\%
rt,ellor,wedm_r,fusion,green,1,0.100492565856401,0.100492565856401,0.100492565856401,0.100492565856401,0.100492565856401,0,<10\%
rt,ellor,wedm_r,fusion,red,1,3.91879576686217,3.91879576686217,3.91879576686217,3.91879576686217,0.100492565856401,3.818303201005769,<10\%
rt,ellor,wedm_r,int,blue,1,92.6874279477814,92.6874279477814,92.6874279477814,92.6874279477814,0.100492565856401,92.586935381925,>30\%
rt,ellor,wedm_r,int,green,1,16.7516077837097,16.7516077837097,16.7516077837097,16.7516077837097,0.100492565856401,16.6511152178533,10--30\%
rt,ellor,wedm_r,int,red,1,4.84328110573335,4.84328110573335,4.84328110573335,4.84328110573335,0.100492565856401,4.742788539876949,<10\%
rt,ellor,wedm_r,int,white,1,10.3031231930548,10.3031231930548,10.3031231930548,10.3031231930548,0.100492565856401,10.202630627198399,10--30\%
rt,mo58a,b,FV,blue,2,389.606730426027,389.606730426027,308.293903919678,470.91955693237605,10.5803825917438,379.02634783428323,>100\%
rt,mo58a,b,FV,green,1,203.751080362761,203.751080362761,203.751080362761,203.751080362761,10.5803825917438,193.1706977710172,>100\%
rt,mo58a,b,FV,red,1,204.678915489495,204.678915489495,204.678915489495,204.678915489495,10.5803825917438,194.0985328977512,>100\%
rt,mo58a,b,conf,blue,1,279.252584805844,279.252584805844,279.252584805844,279.252584805844,10.5803825917438,268.6722022141002,>100\%
rt,mo58a,b,conf,green,1,285.052939903361,285.052939903361,285.052939903361,285.052939903361,10.5803825917438,274.4725573116172,>100\%
rt,mo58a,b,conf,red,1,343.152423194327,343.152423194327,343.152423194327,343.152423194327,10.5803825917438,332.57204060258323,>100\%
rt,mo58a,b,fusion,blue,1,392.999961811611,392.999961811611,392.999961811611,392.999961811611,10.5803825917438,382.4195792198672,>100\%
rt,mo58a,b,fusion,green,1,388.835017846885,388.835017846885,388.835017846885,388.835017846885,10.5803825917438,378.25463525514124,>100\%
rt,mo58a,b,fusion,red,1,474.642815595785,474.642815595785,474.642815595785,474.642815595785,10.5803825917438,464.0624330040412,>100\%
rt,mo58a,b,int,blue,1,176.725959213381,176.725959213381,176.725959213381,176.725959213381,10.5803825917438,166.1455766216372,>100\%
rt,mo58a,b,int,green,1,10.5803825917438,10.5803825917438,10.5803825917438,10.5803825917438,10.5803825917438,0,10--30\%
rt,mo58a,b,int,red,1,803.347880821996,803.347880821996,803.347880821996,803.347880821996,10.5803825917438,792.7674982302522,>100\%
rt,mo58a,gla,FV,blue,1,12.6452948728336,12.6452948728336,12.6452948728336,12.6452948728336,4.60093263713063,8.04436223570297,10--30\%
rt,mo58a,gla,FV,green,1,6.16825598359442,6.16825598359442,6.16825598359442,6.16825598359442,4.60093263713063,1.5673233464637901,<10\%
rt,mo58a,gla,FV,red,1,30.4749932540532,30.4749932540532,30.4749932540532,30.4749932540532,4.60093263713063,25.87406061692257,>30\%
rt,mo58a,gla,conf,blue,1,35.0960687362488,35.0960687362488,35.0960687362488,35.0960687362488,4.60093263713063,30.495136099118174,>30\%
rt,mo58a,gla,conf,green,1,74.1528723129387,74.1528723129387,74.1528723129387,74.1528723129387,4.60093263713063,69.55193967580807,>30\%
rt,mo58a,gla,conf,red,1,104.224255908508,104.224255908508,104.224255908508,104.224255908508,4.60093263713063,99.62332327137737,>100\%
rt,mo58a,gla,fusion,blue,1,49.592540033227,49.592540033227,49.592540033227,49.592540033227,4.60093263713063,44.99160739609637,>30\%
rt,mo58a,gla,fusion,green,1,115.227795042688,115.227795042688,115.227795042688,115.227795042688,4.60093263713063,110.62686240555738,>100\%
rt,mo58a,gla,fusion,red,1,217.98100799181,217.98100799181,217.98100799181,217.98100799181,4.60093263713063,213.38007535467938,>100\%
rt,mo58a,gla,int,blue,1,4.60093263713063,4.60093263713063,4.60093263713063,4.60093263713063,4.60093263713063,0,<10\%
rt,mo58a,gla,int,green,1,9.33128448390262,9.33128448390262,9.33128448390262,9.33128448390262,4.60093263713063,4.730351846771989,<10\%
rt,mo58a,gla,int,red,1,6.57566065662274,6.57566065662274,6.57566065662274,6.57566065662274,4.60093263713063,1.97472801949211,<10\%
rt,mo58a,gla,int,white,1,9.18766938947777,9.18766938947777,9.18766938947777,9.18766938947777,4.60093263713063,4.58673675234714,<10\%
rt,mo58a,gri,FV,blue,1,23.735510261225,23.735510261225,23.735510261225,23.735510261225,1.4516934869378,22.2838167742872,10--30\%
rt,mo58a,gri,FV,green,1,24.3013416239416,24.3013416239416,24.3013416239416,24.3013416239416,1.4516934869378,22.8496481370038,10--30\%
rt,mo58a,gri,FV,red,1,59.0672157638804,59.0672157638804,59.0672157638804,59.0672157638804,1.4516934869378,57.6155222769426,>30\%
rt,mo58a,gri,conf,blue,1,1.4516934869378,1.4516934869378,1.4516934869378,1.4516934869378,1.4516934869378,0,<10\%
rt,mo58a,gri,conf,green,1,10.6259325473169,10.6259325473169,10.6259325473169,10.6259325473169,1.4516934869378,9.1742390603791,10--30\%
rt,mo58a,gri,conf,red,1,19.406598867378,19.406598867378,19.406598867378,19.406598867378,1.4516934869378,17.954905380440202,10--30\%
rt,mo58a,gri,fusion,blue,1,40.6130696222544,40.6130696222544,40.6130696222544,40.6130696222544,1.4516934869378,39.1613761353166,>30\%
rt,mo58a,gri,fusion,green,1,38.5733357260201,38.5733357260201,38.5733357260201,38.5733357260201,1.4516934869378,37.1216422390823,>30\%
rt,mo58a,gri,fusion,red,1,47.0791369525268,47.0791369525268,47.0791369525268,47.0791369525268,1.4516934869378,45.627443465589,>30\%
rt,mo58a,gri,int,blue,1,13.1411427592521,13.1411427592521,13.1411427592521,13.1411427592521,1.4516934869378,11.689449272314299,10--30\%
rt,mo58a,gri,int,green,1,8.39849232177098,8.39849232177098,8.39849232177098,8.39849232177098,1.4516934869378,6.946798834833181,<10\%
rt,mo58a,gri,int,red,1,12.4815900953344,12.4815900953344,12.4815900953344,12.4815900953344,1.4516934869378,11.029896608396601,10--30\%
rt,mo58a,gri,int,white,1,9.13067061472426,9.13067061472426,9.13067061472426,9.13067061472426,1.4516934869378,7.678977127786459,<10\%
rt,mo58a,hon,FV,blue,1,10.3399678933777,10.3399678933777,10.3399678933777,10.3399678933777,1.05495747798564,9.28501041539206,10--30\%
rt,mo58a,hon,FV,green,1,1.05495747798564,1.05495747798564,1.05495747798564,1.05495747798564,1.05495747798564,0,<10\%
rt,mo58a,hon,FV,red,1,25.9493911415023,25.9493911415023,25.9493911415023,25.9493911415023,1.05495747798564,24.89443366351666,10--30\%
rt,mo58a,hon,conf,blue,1,20.7246176115701,20.7246176115701,20.7246176115701,20.7246176115701,1.05495747798564,19.66966013358446,10--30\%
rt,mo58a,hon,conf,green,1,6.17474181597958,6.17474181597958,6.17474181597958,6.17474181597958,1.05495747798564,5.11978433799394,<10\%
rt,mo58a,hon,conf,red,1,1.6581988186003,1.6581988186003,1.6581988186003,1.6581988186003,1.05495747798564,0.60324134061466,<10\%
rt,mo58a,hon,fusion,blue,1,4.74188706056885,4.74188706056885,4.74188706056885,4.74188706056885,1.05495747798564,3.6869295825832094,<10\%
rt,mo58a,hon,fusion,green,1,19.1568406441382,19.1568406441382,19.1568406441382,19.1568406441382,1.05495747798564,18.10188316615256,10--30\%
rt,mo58a,hon,fusion,red,1,26.5439973660841,26.5439973660841,26.5439973660841,26.5439973660841,1.05495747798564,25.48903988809846,10--30\%
rt,mo58a,hon,int,blue,1,35.0618197051155,35.0618197051155,35.0618197051155,35.0618197051155,1.05495747798564,34.00686222712986,>30\%
rt,mo58a,hon,int,green,1,21.5211577912919,21.5211577912919,21.5211577912919,21.5211577912919,1.05495747798564,20.46620031330626,10--30\%
rt,mo58a,hon,int,red,1,24.3364037912684,24.3364037912684,24.3364037912684,24.3364037912684,1.05495747798564,23.28144631328276,10--30\%
rt,mo58a,hon,int,white,1,21.447704848089298,21.447704848089298,21.447704848089298,21.447704848089298,1.05495747798564,20.39274737010366,10--30\%
rt,mo58a,mf,FV,blue,1,208.929197423897,208.929197423897,208.929197423897,208.929197423897,17.1202366836894,191.8089607402076,>100\%
rt,mo58a,mf,FV,green,1,75.6545275560686,75.6545275560686,75.6545275560686,75.6545275560686,17.1202366836894,58.5342908723792,>30\%
rt,mo58a,mf,FV,red,1,102.189733435373,102.189733435373,102.189733435373,102.189733435373,17.1202366836894,85.0694967516836,>100\%
rt,mo58a,mf,conf,blue,1,120.3869089064,120.3869089064,120.3869089064,120.3869089064,17.1202366836894,103.2666722227106,>100\%
rt,mo58a,mf,conf,green,1,138.506784741617,138.506784741617,138.506784741617,138.506784741617,17.1202366836894,121.3865480579276,>100\%
rt,mo58a,mf,conf,red,1,175.001375421536,175.001375421536,175.001375421536,175.001375421536,17.1202366836894,157.8811387378466,>100\%
rt,mo58a,mf,fusion,blue,1,183.641805385052,183.641805385052,183.641805385052,183.641805385052,17.1202366836894,166.5215687013626,>100\%
rt,mo58a,mf,fusion,green,1,195.864284434733,195.864284434733,195.864284434733,195.864284434733,17.1202366836894,178.7440477510436,>100\%
rt,mo58a,mf,fusion,red,1,273.396543955161,273.396543955161,273.396543955161,273.396543955161,17.1202366836894,256.27630727147164,>100\%
rt,mo58a,mf,int,blue,1,36.9440264904642,36.9440264904642,36.9440264904642,36.9440264904642,17.1202366836894,19.823789806774805,>30\%
rt,mo58a,mf,int,green,1,17.1202366836894,17.1202366836894,17.1202366836894,17.1202366836894,17.1202366836894,0,10--30\%
rt,mo58a,mf,int,red,1,136.702468115945,136.702468115945,136.702468115945,136.702468115945,17.1202366836894,119.58223143225561,>100\%
rt,mo58a,mf,int,white,1,24.1975741866333,24.1975741866333,24.1975741866333,24.1975741866333,17.1202366836894,7.077337502943902,10--30\%
rt,mo58a,mr,FV,blue,1,7.7592703029984,7.7592703029984,7.7592703029984,7.7592703029984,7.7592703029984,0,<10\%
rt,mo58a,mr,FV,green,1,50.5426640612815,50.5426640612815,50.5426640612815,50.5426640612815,7.7592703029984,42.7833937582831,>30\%
rt,mo58a,mr,FV,red,1,53.2870083106913,53.2870083106913,53.2870083106913,53.2870083106913,7.7592703029984,45.527738007692896,>30\%
rt,mo58a,mr,conf,blue,1,35.154238175229,35.154238175229,35.154238175229,35.154238175229,7.7592703029984,27.3949678722306,>30\%
rt,mo58a,mr,conf,green,1,35.9807488020915,35.9807488020915,35.9807488020915,35.9807488020915,7.7592703029984,28.2214784990931,>30\%
rt,mo58a,mr,conf,red,1,30.3608610576996,30.3608610576996,30.3608610576996,30.3608610576996,7.7592703029984,22.601590754701203,>30\%
rt,mo58a,mr,fusion,blue,1,21.7847409952038,21.7847409952038,21.7847409952038,21.7847409952038,7.7592703029984,14.025470692205403,10--30\%
rt,mo58a,mr,fusion,green,1,19.1160792478958,19.1160792478958,19.1160792478958,19.1160792478958,7.7592703029984,11.356808944897402,10--30\%
rt,mo58a,mr,fusion,red,1,13.2420369476574,13.2420369476574,13.2420369476574,13.2420369476574,7.7592703029984,5.482766644659001,10--30\%
rt,mo58a,mr,int,blue,1,43.6455381359137,43.6455381359137,43.6455381359137,43.6455381359137,7.7592703029984,35.886267832915294,>30\%
rt,mo58a,mr,int,green,1,61.439918357903,61.439918357903,61.439918357903,61.439918357903,7.7592703029984,53.680648054904594,>30\%
rt,mo58a,mr,int,red,1,59.0239491865379,59.0239491865379,59.0239491865379,59.0239491865379,7.7592703029984,51.264678883539496,>30\%
rt,mo58a,mr,int,white,1,61.7104440027267,61.7104440027267,61.7104440027267,61.7104440027267,7.7592703029984,53.9511736997283,>30\%
rt,mo58a,tf,FV,blue,1,61.5719245447608,61.5719245447608,61.5719245447608,61.5719245447608,49.4031192626966,12.168805282064199,>30\%
rt,mo58a,tf,FV,green,1,67.4728397269123,67.4728397269123,67.4728397269123,67.4728397269123,49.4031192626966,18.0697204642157,>30\%
rt,mo58a,tf,FV,red,1,64.6813409964197,64.6813409964197,64.6813409964197,64.6813409964197,49.4031192626966,15.278221733723107,>30\%
rt,mo58a,tf,conf,blue,1,62.1150830414358,62.1150830414358,62.1150830414358,62.1150830414358,49.4031192626966,12.711963778739204,>30\%
rt,mo58a,tf,conf,green,1,60.322272384023,60.322272384023,60.322272384023,60.322272384023,49.4031192626966,10.919153121326403,>30\%
rt,mo58a,tf,conf,red,1,56.4688988401139,56.4688988401139,56.4688988401139,56.4688988401139,49.4031192626966,7.0657795774173024,>30\%
rt,mo58a,tf,fusion,blue,1,56.7130847382937,56.7130847382937,56.7130847382937,56.7130847382937,49.4031192626966,7.309965475597103,>30\%
rt,mo58a,tf,fusion,green,1,53.8104239976654,53.8104239976654,53.8104239976654,53.8104239976654,49.4031192626966,4.407304734968804,>30\%
rt,mo58a,tf,fusion,red,1,49.4031192626966,49.4031192626966,49.4031192626966,49.4031192626966,49.4031192626966,0,>30\%
rt,mo58a,tf,int,blue,1,62.7599400774875,62.7599400774875,62.7599400774875,62.7599400774875,49.4031192626966,13.3568208147909,>30\%
rt,mo58a,tf,int,green,1,66.5896625948466,66.5896625948466,66.5896625948466,66.5896625948466,49.4031192626966,17.186543332150002,>30\%
rt,mo58a,tf,int,red,1,65.7469593490712,65.7469593490712,65.7469593490712,65.7469593490712,49.4031192626966,16.343840086374605,>30\%
rt,mo58a,tf,int,white,1,66.6550230249367,66.6550230249367,66.6550230249367,66.6550230249367,49.4031192626966,17.251903762240097,>30\%
rt,mo58a,tr,FV,blue,1,20.5576594836882,20.5576594836882,20.5576594836882,20.5576594836882,5.95720541023854,14.600454073449662,10--30\%
rt,mo58a,tr,FV,green,1,32.135421275503,32.135421275503,32.135421275503,32.135421275503,5.95720541023854,26.17821586526446,>30\%
rt,mo58a,tr,FV,red,1,26.8207001612489,26.8207001612489,26.8207001612489,26.8207001612489,5.95720541023854,20.86349475101036,10--30\%
rt,mo58a,tr,conf,blue,1,27.0952836081785,27.0952836081785,27.0952836081785,27.0952836081785,5.95720541023854,21.13807819793996,10--30\%
rt,mo58a,tr,conf,green,1,24.4676399923061,24.4676399923061,24.4676399923061,24.4676399923061,5.95720541023854,18.51043458206756,10--30\%
rt,mo58a,tr,conf,red,1,19.0597862868866,19.0597862868866,19.0597862868866,19.0597862868866,5.95720541023854,13.102580876648059,10--30\%
rt,mo58a,tr,fusion,blue,1,13.3025978131717,13.3025978131717,13.3025978131717,13.3025978131717,5.95720541023854,7.345392402933159,10--30\%
rt,mo58a,tr,fusion,green,1,13.4986501790618,13.4986501790618,13.4986501790618,13.4986501790618,5.95720541023854,7.5414447688232595,10--30\%
rt,mo58a,tr,fusion,red,1,5.95720541023854,5.95720541023854,5.95720541023854,5.95720541023854,5.95720541023854,0,<10\%
rt,mo58a,tr,int,blue,1,29.5193286074104,29.5193286074104,29.5193286074104,29.5193286074104,5.95720541023854,23.56212319717186,10--30\%
rt,mo58a,tr,int,green,1,36.9928251469557,36.9928251469557,36.9928251469557,36.9928251469557,5.95720541023854,31.035619736717162,>30\%
rt,mo58a,tr,int,red,1,33.4036440366027,33.4036440366027,33.4036440366027,33.4036440366027,5.95720541023854,27.44643862636416,>30\%
rt,mo58a,tr,int,white,1,36.7034748280123,36.7034748280123,36.7034748280123,36.7034748280123,5.95720541023854,30.746269417773757,>30\%
rt,mo58a,wedm_f,FV,blue,1,31.6791996505804,31.6791996505804,31.6791996505804,31.6791996505804,9.76966624041928,21.90953341016112,>30\%
rt,mo58a,wedm_f,FV,green,1,12.8522220546816,12.8522220546816,12.8522220546816,12.8522220546816,9.76966624041928,3.082555814262321,10--30\%
rt,mo58a,wedm_f,FV,red,1,35.1969715231942,35.1969715231942,35.1969715231942,35.1969715231942,9.76966624041928,25.42730528277492,>30\%
rt,mo58a,wedm_f,conf,blue,1,50.6726719139291,50.6726719139291,50.6726719139291,50.6726719139291,9.76966624041928,40.903005673509824,>30\%
rt,mo58a,wedm_f,conf,green,1,55.7039218804257,55.7039218804257,55.7039218804257,55.7039218804257,9.76966624041928,45.93425564000643,>30\%
rt,mo58a,wedm_f,conf,red,1,76.4315979283733,76.4315979283733,76.4315979283733,76.4315979283733,9.76966624041928,66.66193168795401,>30\%
rt,mo58a,wedm_f,fusion,blue,1,105.345227555787,105.345227555787,105.345227555787,105.345227555787,9.76966624041928,95.57556131536772,>100\%
rt,mo58a,wedm_f,fusion,green,1,114.855876583758,114.855876583758,114.855876583758,114.855876583758,9.76966624041928,105.08621034333872,>100\%
rt,mo58a,wedm_f,fusion,red,1,149.574682315779,149.574682315779,149.574682315779,149.574682315779,9.76966624041928,139.80501607535973,>100\%
rt,mo58a,wedm_f,int,blue,1,16.2081289203694,16.2081289203694,16.2081289203694,16.2081289203694,9.76966624041928,6.438462679950121,10--30\%
rt,mo58a,wedm_f,int,green,1,10.6507680935067,10.6507680935067,10.6507680935067,10.6507680935067,9.76966624041928,0.8811018530874204,10--30\%
rt,mo58a,wedm_f,int,red,1,15.4813931997844,15.4813931997844,15.4813931997844,15.4813931997844,9.76966624041928,5.711726959365119,10--30\%
rt,mo58a,wedm_f,int,white,1,9.76966624041928,9.76966624041928,9.76966624041928,9.76966624041928,9.76966624041928,0,<10\%
rt,mo58a,wedm_r,FV,blue,1,35.8924781297976,35.8924781297976,35.8924781297976,35.8924781297976,4.42880617620796,31.463671953589643,>30\%
rt,mo58a,wedm_r,FV,green,1,34.4292604789956,34.4292604789956,34.4292604789956,34.4292604789956,4.42880617620796,30.00045430278764,>30\%
rt,mo58a,wedm_r,FV,red,1,30.6236048475628,30.6236048475628,30.6236048475628,30.6236048475628,4.42880617620796,26.19479867135484,>30\%
rt,mo58a,wedm_r,conf,blue,1,30.3642316911079,30.3642316911079,30.3642316911079,30.3642316911079,4.42880617620796,25.93542551489994,>30\%
rt,mo58a,wedm_r,conf,green,1,9.38284951885492,9.38284951885492,9.38284951885492,9.38284951885492,4.42880617620796,4.95404334264696,<10\%
rt,mo58a,wedm_r,conf,red,1,4.42880617620796,4.42880617620796,4.42880617620796,4.42880617620796,4.42880617620796,0,<10\%
rt,mo58a,wedm_r,fusion,blue,1,25.7746918552656,25.7746918552656,25.7746918552656,25.7746918552656,4.42880617620796,21.34588567905764,10--30\%
rt,mo58a,wedm_r,fusion,green,1,6.03215122827888,6.03215122827888,6.03215122827888,6.03215122827888,4.42880617620796,1.60334505207092,<10\%
rt,mo58a,wedm_r,fusion,red,1,24.0699098092345,24.0699098092345,24.0699098092345,24.0699098092345,4.42880617620796,19.64110363302654,10--30\%
rt,mo58a,wedm_r,int,blue,1,38.2550568061169,38.2550568061169,38.2550568061169,38.2550568061169,4.42880617620796,33.82625062990894,>30\%
rt,mo58a,wedm_r,int,green,1,25.6344278944713,25.6344278944713,25.6344278944713,25.6344278944713,4.42880617620796,21.20562171826334,10--30\%
rt,mo58a,wedm_r,int,red,1,27.1684972850468,27.1684972850468,27.1684972850468,27.1684972850468,4.42880617620796,22.73969110883884,10--30\%
rt,mo58a,wedm_r,int,white,1,25.3839437821717,25.3839437821717,25.3839437821717,25.3839437821717,4.42880617620796,20.95513760596374,10--30\%
rt,ti6al4v,b,FV,blue,1,153.12059926688,153.12059926688,153.12059926688,153.12059926688,24.6401369108935,128.4804623559865,>100\%
rt,ti6al4v,b,FV,green,1,67.1214959722855,67.1214959722855,67.1214959722855,67.1214959722855,24.6401369108935,42.481359061392,>30\%
rt,ti6al4v,b,FV,red,1,57.7997638628723,57.7997638628723,57.7997638628723,57.7997638628723,24.6401369108935,33.159626951978794,>30\%
rt,ti6al4v,b,conf,blue,1,95.1181922197951,95.1181922197951,95.1181922197951,95.1181922197951,24.6401369108935,70.4780553089016,>30\%
rt,ti6al4v,b,conf,green,1,133.006321771248,133.006321771248,133.006321771248,133.006321771248,24.6401369108935,108.3661848603545,>100\%
rt,ti6al4v,b,conf,red,1,177.200808590695,177.200808590695,177.200808590695,177.200808590695,24.6401369108935,152.56067167980152,>100\%
rt,ti6al4v,b,fusion,blue,1,136.310733977643,136.310733977643,136.310733977643,136.310733977643,24.6401369108935,111.6705970667495,>100\%
rt,ti6al4v,b,fusion,green,1,169.468211387246,169.468211387246,169.468211387246,169.468211387246,24.6401369108935,144.8280744763525,>100\%
rt,ti6al4v,b,fusion,red,1,212.389328836863,212.389328836863,212.389328836863,212.389328836863,24.6401369108935,187.7491919259695,>100\%
rt,ti6al4v,b,int,blue,1,141.595383507944,141.595383507944,141.595383507944,141.595383507944,24.6401369108935,116.9552465970505,>100\%
rt,ti6al4v,b,int,green,1,32.5712271181254,32.5712271181254,32.5712271181254,32.5712271181254,24.6401369108935,7.9310902072319,>30\%
rt,ti6al4v,b,int,red,1,80.0677067189241,80.0677067189241,80.0677067189241,80.0677067189241,24.6401369108935,55.4275698080306,>30\%
rt,ti6al4v,b,int,white,1,24.6401369108935,24.6401369108935,24.6401369108935,24.6401369108935,24.6401369108935,0,10--30\%
rt,ti6al4v,gla,FV,blue,1,14.0189437637766,14.0189437637766,14.0189437637766,14.0189437637766,2.48786418353282,11.53107958024378,10--30\%
rt,ti6al4v,gla,FV,green,1,23.4138752404228,23.4138752404228,23.4138752404228,23.4138752404228,2.48786418353282,20.92601105688998,10--30\%
rt,ti6al4v,gla,FV,red,1,2.48786418353282,2.48786418353282,2.48786418353282,2.48786418353282,2.48786418353282,0,<10\%
rt,ti6al4v,gla,conf,blue,1,25.5084742084153,25.5084742084153,25.5084742084153,25.5084742084153,2.48786418353282,23.02061002488248,10--30\%
rt,ti6al4v,gla,conf,green,1,37.5426016343693,37.5426016343693,37.5426016343693,37.5426016343693,2.48786418353282,35.05473745083648,>30\%
rt,ti6al4v,gla,conf,red,1,51.1426030893829,51.1426030893829,51.1426030893829,51.1426030893829,2.48786418353282,48.65473890585008,>30\%
rt,ti6al4v,gla,fusion,blue,1,72.0100985067276,72.0100985067276,72.0100985067276,72.0100985067276,2.48786418353282,69.52223432319478,>30\%
rt,ti6al4v,gla,fusion,green,1,92.2397284620658,92.2397284620658,92.2397284620658,92.2397284620658,2.48786418353282,89.75186427853298,>30\%
rt,ti6al4v,gla,fusion,red,1,142.694172049367,142.694172049367,142.694172049367,142.694172049367,2.48786418353282,140.2063078658342,>100\%
rt,ti6al4v,gla,int,blue,1,32.1446734329175,32.1446734329175,32.1446734329175,32.1446734329175,2.48786418353282,29.65680924938468,>30\%
rt,ti6al4v,gla,int,green,1,26.4692531848237,26.4692531848237,26.4692531848237,26.4692531848237,2.48786418353282,23.98138900129088,10--30\%
rt,ti6al4v,gla,int,red,1,33.124719469739,33.124719469739,33.124719469739,33.124719469739,2.48786418353282,30.636855286206178,>30\%
rt,ti6al4v,gla,int,white,1,26.8307687051562,26.8307687051562,26.8307687051562,26.8307687051562,2.48786418353282,24.342904521623378,10--30\%
rt,ti6al4v,gri,FV,blue,1,48.3173265847856,48.3173265847856,48.3173265847856,48.3173265847856,10.7420531603118,37.5752734244738,>30\%
rt,ti6al4v,gri,FV,green,1,23.7889008742985,23.7889008742985,23.7889008742985,23.7889008742985,10.7420531603118,13.046847713986699,10--30\%
rt,ti6al4v,gri,FV,red,1,36.6867571196403,36.6867571196403,36.6867571196403,36.6867571196403,10.7420531603118,25.9447039593285,>30\%
rt,ti6al4v,gri,conf,blue,1,32.334077818192704,32.334077818192704,32.334077818192704,32.334077818192704,10.7420531603118,21.592024657880906,>30\%
rt,ti6al4v,gri,conf,green,1,45.9720182671256,45.9720182671256,45.9720182671256,45.9720182671256,10.7420531603118,35.2299651068138,>30\%
rt,ti6al4v,gri,conf,red,1,61.4344717556279,61.4344717556279,61.4344717556279,61.4344717556279,10.7420531603118,50.6924185953161,>30\%
rt,ti6al4v,gri,fusion,blue,1,66.0368644748685,66.0368644748685,66.0368644748685,66.0368644748685,10.7420531603118,55.294811314556696,>30\%
rt,ti6al4v,gri,fusion,green,1,65.9769416019831,65.9769416019831,65.9769416019831,65.9769416019831,10.7420531603118,55.2348884416713,>30\%
rt,ti6al4v,gri,fusion,red,1,83.2657310389988,83.2657310389988,83.2657310389988,83.2657310389988,10.7420531603118,72.523677878687,>30\%
rt,ti6al4v,gri,int,blue,1,27.1590242698181,27.1590242698181,27.1590242698181,27.1590242698181,10.7420531603118,16.4169711095063,10--30\%
rt,ti6al4v,gri,int,green,1,12.3421531933643,12.3421531933643,12.3421531933643,12.3421531933643,10.7420531603118,1.6001000330525006,10--30\%
rt,ti6al4v,gri,int,red,1,18.774821707815,18.774821707815,18.774821707815,18.774821707815,10.7420531603118,8.032768547503201,10--30\%
rt,ti6al4v,gri,int,white,1,10.7420531603118,10.7420531603118,10.7420531603118,10.7420531603118,10.7420531603118,0,10--30\%
rt,ti6al4v,hon,FV,blue,1,44.2962649074552,44.2962649074552,44.2962649074552,44.2962649074552,12.4308500908863,31.8654148165689,>30\%
rt,ti6al4v,hon,FV,green,1,37.5051671316471,37.5051671316471,37.5051671316471,37.5051671316471,12.4308500908863,25.074317040760796,>30\%
rt,ti6al4v,hon,FV,red,1,83.6094910707374,83.6094910707374,83.6094910707374,83.6094910707374,12.4308500908863,71.17864097985111,>30\%
rt,ti6al4v,hon,conf,blue,1,14.1064195579802,14.1064195579802,14.1064195579802,14.1064195579802,12.4308500908863,1.675569467093899,10--30\%
rt,ti6al4v,hon,conf,green,1,31.8714125529353,31.8714125529353,31.8714125529353,31.8714125529353,12.4308500908863,19.440562462049,>30\%
rt,ti6al4v,hon,conf,red,1,45.8664332167457,45.8664332167457,45.8664332167457,45.8664332167457,12.4308500908863,33.435583125859395,>30\%
rt,ti6al4v,hon,fusion,blue,1,67.4688680175814,67.4688680175814,67.4688680175814,67.4688680175814,12.4308500908863,55.0380179266951,>30\%
rt,ti6al4v,hon,fusion,green,1,73.5111226346906,73.5111226346906,73.5111226346906,73.5111226346906,12.4308500908863,61.08027254380429,>30\%
rt,ti6al4v,hon,fusion,red,1,85.2385593078691,85.2385593078691,85.2385593078691,85.2385593078691,12.4308500908863,72.8077092169828,>30\%
rt,ti6al4v,hon,int,blue,1,17.5584893062612,17.5584893062612,17.5584893062612,17.5584893062612,12.4308500908863,5.1276392153749,10--30\%
rt,ti6al4v,hon,int,green,1,12.4308500908863,12.4308500908863,12.4308500908863,12.4308500908863,12.4308500908863,0,10--30\%
rt,ti6al4v,hon,int,red,1,20.559574052129,20.559574052129,20.559574052129,20.559574052129,12.4308500908863,8.1287239612427,10--30\%
rt,ti6al4v,hon,int,white,1,13.0438297496479,13.0438297496479,13.0438297496479,13.0438297496479,12.4308500908863,0.6129796587615992,10--30\%
rt,ti6al4v,mf,FV,blue,1,44.1042893400078,44.1042893400078,44.1042893400078,44.1042893400078,1.83561911804466,42.26867022196314,>30\%
rt,ti6al4v,mf,FV,green,1,1.83561911804466,1.83561911804466,1.83561911804466,1.83561911804466,1.83561911804466,0,<10\%
rt,ti6al4v,mf,FV,red,1,4.88124957597195,4.88124957597195,4.88124957597195,4.88124957597195,1.83561911804466,3.04563045792729,<10\%
rt,ti6al4v,mf,conf,blue,1,23.2299788758296,23.2299788758296,23.2299788758296,23.2299788758296,1.83561911804466,21.39435975778494,10--30\%
rt,ti6al4v,mf,conf,green,1,43.9849765916431,43.9849765916431,43.9849765916431,43.9849765916431,1.83561911804466,42.149357473598435,>30\%
rt,ti6al4v,mf,conf,red,1,61.6454715387598,61.6454715387598,61.6454715387598,61.6454715387598,1.83561911804466,59.80985242071514,>30\%
rt,ti6al4v,mf,fusion,blue,1,50.523787116322,50.523787116322,50.523787116322,50.523787116322,1.83561911804466,48.688167998277336,>30\%
rt,ti6al4v,mf,fusion,green,1,71.5044854653033,71.5044854653033,71.5044854653033,71.5044854653033,1.83561911804466,69.66886634725864,>30\%
rt,ti6al4v,mf,fusion,red,1,93.9312195237186,93.9312195237186,93.9312195237186,93.9312195237186,1.83561911804466,92.09560040567393,>30\%
rt,ti6al4v,mf,int,blue,1,2.12205035226253,2.12205035226253,2.12205035226253,2.12205035226253,1.83561911804466,0.2864312342178701,<10\%
rt,ti6al4v,mf,int,green,1,21.0227831094374,21.0227831094374,21.0227831094374,21.0227831094374,1.83561911804466,19.187163991392737,10--30\%
rt,ti6al4v,mf,int,red,1,9.27016765167674,9.27016765167674,9.27016765167674,9.27016765167674,1.83561911804466,7.43454853363208,<10\%
rt,ti6al4v,mf,int,white,1,21.2751001591644,21.2751001591644,21.2751001591644,21.2751001591644,1.83561911804466,19.439481041119738,10--30\%
rt,ti6al4v,mr,FV,blue,1,40.9427321434358,40.9427321434358,40.9427321434358,40.9427321434358,31.8479201600953,9.094811983340499,>30\%
rt,ti6al4v,mr,FV,green,1,66.891204515082,66.891204515082,66.891204515082,66.891204515082,31.8479201600953,35.043284354986696,>30\%
rt,ti6al4v,mr,FV,red,1,64.2768841320759,64.2768841320759,64.2768841320759,64.2768841320759,31.8479201600953,32.42896397198061,>30\%
rt,ti6al4v,mr,conf,blue,1,59.6663320218113,59.6663320218113,59.6663320218113,59.6663320218113,31.8479201600953,27.818411861716,>30\%
rt,ti6al4v,mr,conf,green,1,53.7618794275922,53.7618794275922,53.7618794275922,53.7618794275922,31.8479201600953,21.9139592674969,>30\%
rt,ti6al4v,mr,conf,red,1,46.3425308654918,46.3425308654918,46.3425308654918,46.3425308654918,31.8479201600953,14.494610705396504,>30\%
rt,ti6al4v,mr,fusion,blue,1,47.498449851135,47.498449851135,47.498449851135,47.498449851135,31.8479201600953,15.6505296910397,>30\%
rt,ti6al4v,mr,fusion,green,1,39.7035793897937,39.7035793897937,39.7035793897937,39.7035793897937,31.8479201600953,7.855659229698404,>30\%
rt,ti6al4v,mr,fusion,red,1,31.8479201600953,31.8479201600953,31.8479201600953,31.8479201600953,31.8479201600953,0,>30\%
rt,ti6al4v,mr,int,blue,1,43.0041229933277,43.0041229933277,43.0041229933277,43.0041229933277,31.8479201600953,11.156202833232399,>30\%
rt,ti6al4v,mr,int,green,1,79.6535543833297,79.6535543833297,79.6535543833297,79.6535543833297,31.8479201600953,47.80563422323441,>30\%
rt,ti6al4v,mr,int,red,1,36.0038312608526,36.0038312608526,36.0038312608526,36.0038312608526,31.8479201600953,4.155911100757301,>30\%
rt,ti6al4v,mr,int,white,1,79.4736049078703,79.4736049078703,79.4736049078703,79.4736049078703,31.8479201600953,47.625684747775,>30\%
rt,ti6al4v,tf,FV,blue,1,26.0841272528015,26.0841272528015,26.0841272528015,26.0841272528015,3.53028222255777,22.553845030243732,10--30\%
rt,ti6al4v,tf,FV,green,1,36.6249436904533,36.6249436904533,36.6249436904533,36.6249436904533,3.53028222255777,33.09466146789553,>30\%
rt,ti6al4v,tf,FV,red,1,25.7147538465076,25.7147538465076,25.7147538465076,25.7147538465076,3.53028222255777,22.184471623949833,10--30\%
rt,ti6al4v,tf,conf,blue,1,30.3424169442453,30.3424169442453,30.3424169442453,30.3424169442453,3.53028222255777,26.81213472168753,>30\%
rt,ti6al4v,tf,conf,green,1,21.8707003427741,21.8707003427741,21.8707003427741,21.8707003427741,3.53028222255777,18.34041812021633,10--30\%
rt,ti6al4v,tf,conf,red,1,8.55483774324365,8.55483774324365,8.55483774324365,8.55483774324365,3.53028222255777,5.0245555206858805,<10\%
rt,ti6al4v,tf,fusion,blue,1,19.5713663836418,19.5713663836418,19.5713663836418,19.5713663836418,3.53028222255777,16.04108416108403,10--30\%
rt,ti6al4v,tf,fusion,green,1,10.7519966764209,10.7519966764209,10.7519966764209,10.7519966764209,3.53028222255777,7.22171445386313,10--30\%
rt,ti6al4v,tf,fusion,red,1,3.53028222255777,3.53028222255777,3.53028222255777,3.53028222255777,3.53028222255777,0,<10\%
rt,ti6al4v,tf,int,blue,1,14.7039713621756,14.7039713621756,14.7039713621756,14.7039713621756,3.53028222255777,11.173689139617832,10--30\%
rt,ti6al4v,tf,int,green,1,45.0022276414879,45.0022276414879,45.0022276414879,45.0022276414879,3.53028222255777,41.471945418930126,>30\%
rt,ti6al4v,tf,int,red,1,27.6549358163299,27.6549358163299,27.6549358163299,27.6549358163299,3.53028222255777,24.12465359377213,10--30\%
rt,ti6al4v,tf,int,white,1,44.6862500511332,44.6862500511332,44.6862500511332,44.6862500511332,3.53028222255777,41.15596782857543,>30\%
rt,ti6al4v,tr,FV,blue,1,43.1600715619411,43.1600715619411,43.1600715619411,43.1600715619411,0.778933832137739,42.38113772980336,>30\%
rt,ti6al4v,tr,FV,green,1,40.8571586383809,40.8571586383809,40.8571586383809,40.8571586383809,0.778933832137739,40.07822480624316,>30\%
rt,ti6al4v,tr,FV,red,1,31.2992792845102,31.2992792845102,31.2992792845102,31.2992792845102,0.778933832137739,30.52034545237246,>30\%
rt,ti6al4v,tr,conf,blue,1,37.9810929218285,37.9810929218285,37.9810929218285,37.9810929218285,0.778933832137739,37.20215908969076,>30\%
rt,ti6al4v,tr,conf,green,1,24.4397474324806,24.4397474324806,24.4397474324806,24.4397474324806,0.778933832137739,23.660813600342863,10--30\%
rt,ti6al4v,tr,conf,red,1,14.3782273605352,14.3782273605352,14.3782273605352,14.3782273605352,0.778933832137739,13.599293528397462,10--30\%
rt,ti6al4v,tr,fusion,blue,1,21.8317658513082,21.8317658513082,21.8317658513082,21.8317658513082,0.778933832137739,21.052832019170463,10--30\%
rt,ti6al4v,tr,fusion,green,1,10.6948314611236,10.6948314611236,10.6948314611236,10.6948314611236,0.778933832137739,9.915897628985862,10--30\%
rt,ti6al4v,tr,fusion,red,1,0.778933832137739,0.778933832137739,0.778933832137739,0.778933832137739,0.778933832137739,0,<10\%
rt,ti6al4v,tr,int,blue,1,30.70405553312,30.70405553312,30.70405553312,30.70405553312,0.778933832137739,29.92512170098226,>30\%
rt,ti6al4v,tr,int,green,1,46.9208136015395,46.9208136015395,46.9208136015395,46.9208136015395,0.778933832137739,46.14187976940176,>30\%
rt,ti6al4v,tr,int,red,1,44.6727060763406,44.6727060763406,44.6727060763406,44.6727060763406,0.778933832137739,43.893772244202864,>30\%
rt,ti6al4v,tr,int,white,1,46.8699067016229,46.8699067016229,46.8699067016229,46.8699067016229,0.778933832137739,46.090972869485164,>30\%
rt,ti6al4v,wedm_f,FV,blue,1,39.0464277281057,39.0464277281057,39.0464277281057,39.0464277281057,15.9681600939858,23.078267634119896,>30\%
rt,ti6al4v,wedm_f,FV,green,1,25.1996510755122,25.1996510755122,25.1996510755122,25.1996510755122,15.9681600939858,9.2314909815264,10--30\%
rt,ti6al4v,wedm_f,FV,red,1,62.5116708640099,62.5116708640099,62.5116708640099,62.5116708640099,15.9681600939858,46.5435107700241,>30\%
rt,ti6al4v,wedm_f,conf,blue,1,66.7000003070952,66.7000003070952,66.7000003070952,66.7000003070952,15.9681600939858,50.73184021310939,>30\%
rt,ti6al4v,wedm_f,conf,green,1,91.8389606932555,91.8389606932555,91.8389606932555,91.8389606932555,15.9681600939858,75.8708005992697,>30\%
rt,ti6al4v,wedm_f,conf,red,1,116.504882554005,116.504882554005,116.504882554005,116.504882554005,15.9681600939858,100.53672246001919,>100\%
rt,ti6al4v,wedm_f,fusion,blue,1,148.852999963174,148.852999963174,148.852999963174,148.852999963174,15.9681600939858,132.8848398691882,>100\%
rt,ti6al4v,wedm_f,fusion,green,1,160.351526750426,160.351526750426,160.351526750426,160.351526750426,15.9681600939858,144.3833666564402,>100\%
rt,ti6al4v,wedm_f,fusion,red,1,199.822667457998,199.822667457998,199.822667457998,199.822667457998,15.9681600939858,183.8545073640122,>100\%
rt,ti6al4v,wedm_f,int,blue,1,15.9681600939858,15.9681600939858,15.9681600939858,15.9681600939858,15.9681600939858,0,10--30\%
rt,ti6al4v,wedm_f,int,green,1,33.4887791069817,33.4887791069817,33.4887791069817,33.4887791069817,15.9681600939858,17.5206190129959,>30\%
rt,ti6al4v,wedm_f,int,red,1,32.4443327685071,32.4443327685071,32.4443327685071,32.4443327685071,15.9681600939858,16.4761726745213,>30\%
rt,ti6al4v,wedm_f,int,white,1,34.2520081822956,34.2520081822956,34.2520081822956,34.2520081822956,15.9681600939858,18.283848088309796,>30\%
rt,ti6al4v,wedm_r,FV,blue,1,14.5708765897207,14.5708765897207,14.5708765897207,14.5708765897207,8.18060315246036,6.3902734372603405,10--30\%
rt,ti6al4v,wedm_r,FV,green,1,13.2532418125065,13.2532418125065,13.2532418125065,13.2532418125065,8.18060315246036,5.07263866004614,10--30\%
rt,ti6al4v,wedm_r,FV,red,1,10.6289181648861,10.6289181648861,10.6289181648861,10.6289181648861,8.18060315246036,2.4483150124257396,10--30\%
rt,ti6al4v,wedm_r,conf,blue,1,20.0713037336086,20.0713037336086,20.0713037336086,20.0713037336086,8.18060315246036,11.890700581148241,10--30\%
rt,ti6al4v,wedm_r,conf,green,1,58.030368866199,58.030368866199,58.030368866199,58.030368866199,8.18060315246036,49.849765713738634,>30\%
rt,ti6al4v,wedm_r,conf,red,1,79.3673290264813,79.3673290264813,79.3673290264813,79.3673290264813,8.18060315246036,71.18672587402094,>30\%
rt,ti6al4v,wedm_r,fusion,blue,1,85.5450587685104,85.5450587685104,85.5450587685104,85.5450587685104,8.18060315246036,77.36445561605004,>30\%
rt,ti6al4v,wedm_r,fusion,green,1,160.766488158001,160.766488158001,160.766488158001,160.766488158001,8.18060315246036,152.58588500554066,>100\%
rt,ti6al4v,wedm_r,fusion,red,1,172.953751479292,172.953751479292,172.953751479292,172.953751479292,8.18060315246036,164.77314832683166,>100\%
rt,ti6al4v,wedm_r,int,blue,1,27.360584451505,27.360584451505,27.360584451505,27.360584451505,8.18060315246036,19.17998129904464,10--30\%
rt,ti6al4v,wedm_r,int,green,1,8.18060315246036,8.18060315246036,8.18060315246036,8.18060315246036,8.18060315246036,0,<10\%
rt,ti6al4v,wedm_r,int,red,1,9.10835209652346,9.10835209652346,9.10835209652346,9.10835209652346,8.18060315246036,0.927748944063099,<10\%
rt,ti6al4v,wedm_r,int,white,1,9.21294855740645,9.21294855740645,9.21294855740645,9.21294855740645,8.18060315246036,1.0323454049460903,<10\%
rv,14301,b,FV,blue,1,241.52473502294,241.52473502294,241.52473502294,241.52473502294,34.8070793123187,206.7176557106213,>100\%
rv,14301,b,FV,green,1,46.5795099180261,46.5795099180261,46.5795099180261,46.5795099180261,34.8070793123187,11.772430605707399,>30\%
rv,14301,b,FV,red,1,49.8554316689771,49.8554316689771,49.8554316689771,49.8554316689771,34.8070793123187,15.048352356658398,>30\%
rv,14301,b,conf,blue,1,119.581214109188,119.581214109188,119.581214109188,119.581214109188,34.8070793123187,84.7741347968693,>100\%
rv,14301,b,conf,green,1,136.866523328393,136.866523328393,136.866523328393,136.866523328393,34.8070793123187,102.05944401607428,>100\%
rv,14301,b,conf,red,1,180.760037918694,180.760037918694,180.760037918694,180.760037918694,34.8070793123187,145.9529586063753,>100\%
rv,14301,b,fusion,blue,1,183.308873445468,183.308873445468,183.308873445468,183.308873445468,34.8070793123187,148.5017941331493,>100\%
rv,14301,b,fusion,green,1,208.23059166188,208.23059166188,208.23059166188,208.23059166188,34.8070793123187,173.4235123495613,>100\%
rv,14301,b,fusion,red,1,281.727396097815,281.727396097815,281.727396097815,281.727396097815,34.8070793123187,246.9203167854963,>100\%
rv,14301,b,int,blue,1,101.05025551431,101.05025551431,101.05025551431,101.05025551431,34.8070793123187,66.2431762019913,>100\%
rv,14301,b,int,green,1,34.8070793123187,34.8070793123187,34.8070793123187,34.8070793123187,34.8070793123187,0,>30\%
rv,14301,b,int,red,1,102.150034595449,102.150034595449,102.150034595449,102.150034595449,34.8070793123187,67.3429552831303,>100\%
rv,14301,b,int,white,1,35.5073968595628,35.5073968595628,35.5073968595628,35.5073968595628,34.8070793123187,0.7003175472441043,>30\%
rv,14301,gla,FV,blue,1,18.4727602833405,18.4727602833405,18.4727602833405,18.4727602833405,1.17159252250107,17.30116776083943,10--30\%
rv,14301,gla,FV,green,1,15.0762585988079,15.0762585988079,15.0762585988079,15.0762585988079,1.17159252250107,13.90466607630683,10--30\%
rv,14301,gla,FV,red,1,1.17159252250107,1.17159252250107,1.17159252250107,1.17159252250107,1.17159252250107,0,<10\%
rv,14301,gla,conf,blue,1,56.8172514079947,56.8172514079947,56.8172514079947,56.8172514079947,1.17159252250107,55.64565888549363,>30\%
rv,14301,gla,conf,green,1,100.404966744433,100.404966744433,100.404966744433,100.404966744433,1.17159252250107,99.23337422193192,>100\%
rv,14301,gla,conf,red,1,133.033009387964,133.033009387964,133.033009387964,133.033009387964,1.17159252250107,131.86141686546293,>100\%
rv,14301,gla,fusion,blue,1,103.900454015608,103.900454015608,103.900454015608,103.900454015608,1.17159252250107,102.72886149310693,>100\%
rv,14301,gla,fusion,green,1,167.888708761812,167.888708761812,167.888708761812,167.888708761812,1.17159252250107,166.71711623931094,>100\%
rv,14301,gla,fusion,red,1,225.744462026612,225.744462026612,225.744462026612,225.744462026612,1.17159252250107,224.57286950411094,>100\%
rv,14301,gla,int,blue,1,7.43588262250503,7.43588262250503,7.43588262250503,7.43588262250503,1.17159252250107,6.26429010000396,<10\%
rv,14301,gla,int,green,1,7.40897921988656,7.40897921988656,7.40897921988656,7.40897921988656,1.17159252250107,6.237386697385491,<10\%
rv,14301,gla,int,red,1,13.9041527375989,13.9041527375989,13.9041527375989,13.9041527375989,1.17159252250107,12.732560215097829,10--30\%
rv,14301,gla,int,white,1,7.63494315894757,7.63494315894757,7.63494315894757,7.63494315894757,1.17159252250107,6.463350636446499,<10\%
rv,14301,gri,FV,blue,1,11.7871062500098,11.7871062500098,11.7871062500098,11.7871062500098,0.943086055698126,10.844020194311673,10--30\%
rv,14301,gri,FV,green,1,4.50694523101478,4.50694523101478,4.50694523101478,4.50694523101478,0.943086055698126,3.5638591753166535,<10\%
rv,14301,gri,FV,red,1,7.08226163551436,7.08226163551436,7.08226163551436,7.08226163551436,0.943086055698126,6.139175579816234,<10\%
rv,14301,gri,conf,blue,1,8.84121368914377,8.84121368914377,8.84121368914377,8.84121368914377,0.943086055698126,7.898127633445643,<10\%
rv,14301,gri,conf,green,1,14.7967194862425,14.7967194862425,14.7967194862425,14.7967194862425,0.943086055698126,13.853633430544374,10--30\%
rv,14301,gri,conf,red,1,23.6506094367815,23.6506094367815,23.6506094367815,23.6506094367815,0.943086055698126,22.707523381083377,10--30\%
rv,14301,gri,fusion,blue,1,21.5952324814688,21.5952324814688,21.5952324814688,21.5952324814688,0.943086055698126,20.652146425770674,10--30\%
rv,14301,gri,fusion,green,1,37.4049068409687,37.4049068409687,37.4049068409687,37.4049068409687,0.943086055698126,36.461820785270575,>30\%
rv,14301,gri,fusion,red,1,48.9542857101804,48.9542857101804,48.9542857101804,48.9542857101804,0.943086055698126,48.011199654482276,>30\%
rv,14301,gri,int,blue,1,4.76599078575891,4.76599078575891,4.76599078575891,4.76599078575891,0.943086055698126,3.8229047300607837,<10\%
rv,14301,gri,int,green,1,5.63148352937813,5.63148352937813,5.63148352937813,5.63148352937813,0.943086055698126,4.688397473680004,<10\%
rv,14301,gri,int,red,1,0.943086055698126,0.943086055698126,0.943086055698126,0.943086055698126,0.943086055698126,0,<10\%
rv,14301,gri,int,white,1,7.11265827899599,7.11265827899599,7.11265827899599,7.11265827899599,0.943086055698126,6.169572223297863,<10\%
rv,14301,hon,FV,blue,1,28.3874949982319,28.3874949982319,28.3874949982319,28.3874949982319,0.541262145268473,27.84623285296343,10--30\%
rv,14301,hon,FV,green,1,41.5264685351078,41.5264685351078,41.5264685351078,41.5264685351078,0.541262145268473,40.98520638983933,>30\%
rv,14301,hon,FV,red,1,92.9403691412587,92.9403691412587,92.9403691412587,92.9403691412587,0.541262145268473,92.39910699599022,>30\%
rv,14301,hon,conf,blue,1,39.7443278690896,39.7443278690896,39.7443278690896,39.7443278690896,0.541262145268473,39.203065723821126,>30\%
rv,14301,hon,conf,green,1,84.8681119393561,84.8681119393561,84.8681119393561,84.8681119393561,0.541262145268473,84.32684979408762,>30\%
rv,14301,hon,conf,red,1,109.733957387106,109.733957387106,109.733957387106,109.733957387106,0.541262145268473,109.19269524183753,>100\%
rv,14301,hon,fusion,blue,1,73.51635980747,73.51635980747,73.51635980747,73.51635980747,0.541262145268473,72.97509766220152,>30\%
rv,14301,hon,fusion,green,1,134.796926880033,134.796926880033,134.796926880033,134.796926880033,0.541262145268473,134.25566473476454,>100\%
rv,14301,hon,fusion,red,1,157.386491244691,157.386491244691,157.386491244691,157.386491244691,0.541262145268473,156.84522909942254,>100\%
rv,14301,hon,int,blue,1,4.23256403983397,4.23256403983397,4.23256403983397,4.23256403983397,0.541262145268473,3.691301894565497,<10\%
rv,14301,hon,int,green,1,0.887484414769182,0.887484414769182,0.887484414769182,0.887484414769182,0.541262145268473,0.346222269500709,<10\%
rv,14301,hon,int,red,1,0.541262145268473,0.541262145268473,0.541262145268473,0.541262145268473,0.541262145268473,0,<10\%
rv,14301,hon,int,white,1,1.09455597105402,1.09455597105402,1.09455597105402,1.09455597105402,0.541262145268473,0.553293825785547,<10\%
rv,14301,mf,FV,blue,1,202.093853934823,202.093853934823,202.093853934823,202.093853934823,24.7786624583952,177.3151914764278,>100\%
rv,14301,mf,FV,green,1,74.5457300656581,74.5457300656581,74.5457300656581,74.5457300656581,24.7786624583952,49.7670676072629,>30\%
rv,14301,mf,FV,red,1,89.1040682200063,89.1040682200063,89.1040682200063,89.1040682200063,24.7786624583952,64.3254057616111,>30\%
rv,14301,mf,conf,blue,1,136.233926094077,136.233926094077,136.233926094077,136.233926094077,24.7786624583952,111.45526363568179,>100\%
rv,14301,mf,conf,green,1,183.802554508605,183.802554508605,183.802554508605,183.802554508605,24.7786624583952,159.0238920502098,>100\%
rv,14301,mf,conf,red,1,232.619061953444,232.619061953444,232.619061953444,232.619061953444,24.7786624583952,207.8403994950488,>100\%
rv,14301,mf,fusion,blue,1,183.804525446991,183.804525446991,183.804525446991,183.804525446991,24.7786624583952,159.0258629885958,>100\%
rv,14301,mf,fusion,green,1,275.346012029808,275.346012029808,275.346012029808,275.346012029808,24.7786624583952,250.5673495714128,>100\%
rv,14301,mf,fusion,red,1,335.709969998771,335.709969998771,335.709969998771,335.709969998771,24.7786624583952,310.93130754037577,>100\%
rv,14301,mf,int,blue,1,191.66536854768,191.66536854768,191.66536854768,191.66536854768,24.7786624583952,166.88670608928481,>100\%
rv,14301,mf,int,green,1,24.7786624583952,24.7786624583952,24.7786624583952,24.7786624583952,24.7786624583952,0,10--30\%
rv,14301,mf,int,red,1,79.7175377239966,79.7175377239966,79.7175377239966,79.7175377239966,24.7786624583952,54.938875265601396,>30\%
rv,14301,mf,int,white,1,26.0862829130773,26.0862829130773,26.0862829130773,26.0862829130773,24.7786624583952,1.3076204546821018,10--30\%
rv,14301,mr,FV,blue,1,49.873573576795,49.873573576795,49.873573576795,49.873573576795,33.8363718035481,16.037201773246906,>30\%
rv,14301,mr,FV,green,1,69.5606947625698,69.5606947625698,69.5606947625698,69.5606947625698,33.8363718035481,35.7243229590217,>30\%
rv,14301,mr,FV,red,1,70.641668464399,70.641668464399,70.641668464399,70.641668464399,33.8363718035481,36.80529666085091,>30\%
rv,14301,mr,conf,blue,1,71.9632216181281,71.9632216181281,71.9632216181281,71.9632216181281,33.8363718035481,38.126849814580005,>30\%
rv,14301,mr,conf,green,1,66.1634470581489,66.1634470581489,66.1634470581489,66.1634470581489,33.8363718035481,32.32707525460081,>30\%
rv,14301,mr,conf,red,1,60.6388728343717,60.6388728343717,60.6388728343717,60.6388728343717,33.8363718035481,26.802501030823606,>30\%
rv,14301,mr,fusion,blue,1,66.6151354846114,66.6151354846114,66.6151354846114,66.6151354846114,33.8363718035481,32.7787636810633,>30\%
rv,14301,mr,fusion,green,1,60.1737964421647,60.1737964421647,60.1737964421647,60.1737964421647,33.8363718035481,26.337424638616604,>30\%
rv,14301,mr,fusion,red,1,54.5717886098073,54.5717886098073,54.5717886098073,54.5717886098073,33.8363718035481,20.735416806259202,>30\%
rv,14301,mr,int,blue,1,33.8363718035481,33.8363718035481,33.8363718035481,33.8363718035481,33.8363718035481,0,>30\%
rv,14301,mr,int,green,1,83.7624955562457,83.7624955562457,83.7624955562457,83.7624955562457,33.8363718035481,49.9261237526976,>30\%
rv,14301,mr,int,red,1,42.6701101645417,42.6701101645417,42.6701101645417,42.6701101645417,33.8363718035481,8.8337383609936,>30\%
rv,14301,mr,int,white,1,85.1343292732203,85.1343292732203,85.1343292732203,85.1343292732203,33.8363718035481,51.297957469672205,>30\%
rv,14301,tf,FV,blue,1,136.181957996963,136.181957996963,136.181957996963,136.181957996963,1.7771236876658,134.4048343092972,>100\%
rv,14301,tf,FV,green,1,4.42908922562268,4.42908922562268,4.42908922562268,4.42908922562268,1.7771236876658,2.6519655379568796,<10\%
rv,14301,tf,FV,red,1,8.09853649291941,8.09853649291941,8.09853649291941,8.09853649291941,1.7771236876658,6.321412805253609,<10\%
rv,14301,tf,conf,blue,1,21.6690829261914,21.6690829261914,21.6690829261914,21.6690829261914,1.7771236876658,19.8919592385256,10--30\%
rv,14301,tf,conf,green,1,18.5499530179805,18.5499530179805,18.5499530179805,18.5499530179805,1.7771236876658,16.7728293303147,10--30\%
rv,14301,tf,conf,red,1,15.7505597708819,15.7505597708819,15.7505597708819,15.7505597708819,1.7771236876658,13.9734360832161,10--30\%
rv,14301,tf,fusion,blue,1,10.8332218212562,10.8332218212562,10.8332218212562,10.8332218212562,1.7771236876658,9.056098133590401,10--30\%
rv,14301,tf,fusion,green,1,6.27176563666987,6.27176563666987,6.27176563666987,6.27176563666987,1.7771236876658,4.49464194900407,<10\%
rv,14301,tf,fusion,red,1,1.7771236876658,1.7771236876658,1.7771236876658,1.7771236876658,1.7771236876658,0,<10\%
rv,14301,tf,int,blue,1,4.309839226011,4.309839226011,4.309839226011,4.309839226011,1.7771236876658,2.5327155383452,<10\%
rv,14301,tf,int,green,1,44.8989964069202,44.8989964069202,44.8989964069202,44.8989964069202,1.7771236876658,43.1218727192544,>30\%
rv,14301,tf,int,red,1,27.6568945746961,27.6568945746961,27.6568945746961,27.6568945746961,1.7771236876658,25.8797708870303,10--30\%
rv,14301,tf,int,white,1,46.0401743935292,46.0401743935292,46.0401743935292,46.0401743935292,1.7771236876658,44.2630507058634,>30\%
rv,14301,tr,FV,blue,1,24.8910542109978,24.8910542109978,24.8910542109978,24.8910542109978,24.8910542109978,0,10--30\%
rv,14301,tr,FV,green,1,56.780677165866,56.780677165866,56.780677165866,56.780677165866,24.8910542109978,31.8896229548682,>30\%
rv,14301,tr,FV,red,1,59.4232651303223,59.4232651303223,59.4232651303223,59.4232651303223,24.8910542109978,34.5322109193245,>30\%
rv,14301,tr,conf,blue,1,57.830801746119,57.830801746119,57.830801746119,57.830801746119,24.8910542109978,32.9397475351212,>30\%
rv,14301,tr,conf,green,1,52.3774770951016,52.3774770951016,52.3774770951016,52.3774770951016,24.8910542109978,27.486422884103796,>30\%
rv,14301,tr,conf,red,1,49.0208548832939,49.0208548832939,49.0208548832939,49.0208548832939,24.8910542109978,24.1298006722961,>30\%
rv,14301,tr,fusion,blue,1,50.8594530020865,50.8594530020865,50.8594530020865,50.8594530020865,24.8910542109978,25.968398791088696,>30\%
rv,14301,tr,fusion,green,1,42.6023261612129,42.6023261612129,42.6023261612129,42.6023261612129,24.8910542109978,17.7112719502151,>30\%
rv,14301,tr,fusion,red,1,38.1583493299675,38.1583493299675,38.1583493299675,38.1583493299675,24.8910542109978,13.267295118969699,>30\%
rv,14301,tr,int,blue,1,44.744443127558,44.744443127558,44.744443127558,44.744443127558,24.8910542109978,19.8533889165602,>30\%
rv,14301,tr,int,green,1,67.6308777499368,67.6308777499368,67.6308777499368,67.6308777499368,24.8910542109978,42.739823538939,>30\%
rv,14301,tr,int,red,1,58.5780861605776,58.5780861605776,58.5780861605776,58.5780861605776,24.8910542109978,33.6870319495798,>30\%
rv,14301,tr,int,white,1,67.9286875868163,67.9286875868163,67.9286875868163,67.9286875868163,24.8910542109978,43.037633375818494,>30\%
rv,14301,wedm_f,FV,blue,1,25.4567496035017,25.4567496035017,25.4567496035017,25.4567496035017,6.78549230436868,18.671257299133018,10--30\%
rv,14301,wedm_f,FV,green,1,6.78549230436868,6.78549230436868,6.78549230436868,6.78549230436868,6.78549230436868,0,<10\%
rv,14301,wedm_f,FV,red,1,14.2629980827371,14.2629980827371,14.2629980827371,14.2629980827371,6.78549230436868,7.47750577836842,10--30\%
rv,14301,wedm_f,conf,blue,1,72.2056287462058,72.2056287462058,72.2056287462058,72.2056287462058,6.78549230436868,65.42013644183713,>30\%
rv,14301,wedm_f,conf,green,1,94.3936081999841,94.3936081999841,94.3936081999841,94.3936081999841,6.78549230436868,87.60811589561543,>30\%
rv,14301,wedm_f,conf,red,1,117.552217161288,117.552217161288,117.552217161288,117.552217161288,6.78549230436868,110.76672485691932,>100\%
rv,14301,wedm_f,fusion,blue,1,141.483154376304,141.483154376304,141.483154376304,141.483154376304,6.78549230436868,134.6976620719353,>100\%
rv,14301,wedm_f,fusion,green,1,184.214379254052,184.214379254052,184.214379254052,184.214379254052,6.78549230436868,177.42888694968332,>100\%
rv,14301,wedm_f,fusion,red,1,226.624026978423,226.624026978423,226.624026978423,226.624026978423,6.78549230436868,219.8385346740543,>100\%
rv,14301,wedm_f,int,blue,1,18.3293724445512,18.3293724445512,18.3293724445512,18.3293724445512,6.78549230436868,11.54388014018252,10--30\%
rv,14301,wedm_f,int,green,1,12.1516445152012,12.1516445152012,12.1516445152012,12.1516445152012,6.78549230436868,5.36615221083252,10--30\%
rv,14301,wedm_f,int,red,1,16.4933231348389,16.4933231348389,16.4933231348389,16.4933231348389,6.78549230436868,9.707830830470218,10--30\%
rv,14301,wedm_f,int,white,1,13.5530920635815,13.5530920635815,13.5530920635815,13.5530920635815,6.78549230436868,6.76759975921282,10--30\%
rv,14301,wedm_r,FV,blue,1,5.28027894473947,5.28027894473947,5.28027894473947,5.28027894473947,1.82071396923136,3.4595649755081097,<10\%
rv,14301,wedm_r,FV,green,1,6.74169108646649,6.74169108646649,6.74169108646649,6.74169108646649,1.82071396923136,4.920977117235131,<10\%
rv,14301,wedm_r,FV,red,1,3.04635602412115,3.04635602412115,3.04635602412115,3.04635602412115,1.82071396923136,1.2256420548897897,<10\%
rv,14301,wedm_r,conf,blue,1,6.31068918912771,6.31068918912771,6.31068918912771,6.31068918912771,1.82071396923136,4.489975219896349,<10\%
rv,14301,wedm_r,conf,green,1,13.5059157454175,13.5059157454175,13.5059157454175,13.5059157454175,1.82071396923136,11.68520177618614,10--30\%
rv,14301,wedm_r,conf,red,1,22.7681361869384,22.7681361869384,22.7681361869384,22.7681361869384,1.82071396923136,20.94742221770704,10--30\%
rv,14301,wedm_r,fusion,blue,1,9.50184661616397,9.50184661616397,9.50184661616397,9.50184661616397,1.82071396923136,7.68113264693261,<10\%
rv,14301,wedm_r,fusion,green,1,37.9795440862776,37.9795440862776,37.9795440862776,37.9795440862776,1.82071396923136,36.158830117046236,>30\%
rv,14301,wedm_r,fusion,red,1,68.251957334076,68.251957334076,68.251957334076,68.251957334076,1.82071396923136,66.43124336484463,>30\%
rv,14301,wedm_r,int,green,1,2.52388275651903,2.52388275651903,2.52388275651903,2.52388275651903,1.82071396923136,0.70316878728767,<10\%
rv,14301,wedm_r,int,red,1,1.82071396923136,1.82071396923136,1.82071396923136,1.82071396923136,1.82071396923136,0,<10\%
rv,14301,wedm_r,int,white,1,2.00532310490071,2.00532310490071,2.00532310490071,2.00532310490071,1.82071396923136,0.18460913566935,<10\%
rv,al7075,b,FV,blue,1,601.675679343036,601.675679343036,601.675679343036,601.675679343036,8.3320219603741,593.343657382662,>100\%
rv,al7075,b,FV,green,1,157.651428515733,157.651428515733,157.651428515733,157.651428515733,8.3320219603741,149.31940655535888,>100\%
rv,al7075,b,FV,red,1,145.086066416881,145.086066416881,145.086066416881,145.086066416881,8.3320219603741,136.7540444565069,>100\%
rv,al7075,b,conf,blue,1,242.010790174599,242.010790174599,242.010790174599,242.010790174599,8.3320219603741,233.6787682142249,>100\%
rv,al7075,b,conf,green,1,251.157144787429,251.157144787429,251.157144787429,251.157144787429,8.3320219603741,242.82512282705488,>100\%
rv,al7075,b,conf,red,1,335.628207428561,335.628207428561,335.628207428561,335.628207428561,8.3320219603741,327.2961854681869,>100\%
rv,al7075,b,fusion,blue,1,323.339755267324,323.339755267324,323.339755267324,323.339755267324,8.3320219603741,315.0077333069499,>100\%
rv,al7075,b,fusion,green,1,338.160458447684,338.160458447684,338.160458447684,338.160458447684,8.3320219603741,329.8284364873099,>100\%
rv,al7075,b,fusion,red,1,475.314616668253,475.314616668253,475.314616668253,475.314616668253,8.3320219603741,466.9825947078789,>100\%
rv,al7075,b,int,blue,1,323.06009617826,323.06009617826,323.06009617826,323.06009617826,8.3320219603741,314.7280742178859,>100\%
rv,al7075,b,int,green,1,44.8674088287595,44.8674088287595,44.8674088287595,44.8674088287595,8.3320219603741,36.5353868683854,>30\%
rv,al7075,b,int,red,1,864.398270201972,864.398270201972,864.398270201972,864.398270201972,8.3320219603741,856.0662482415979,>100\%
rv,al7075,b,int,white,1,8.3320219603741,8.3320219603741,8.3320219603741,8.3320219603741,8.3320219603741,0,<10\%
rv,al7075,gla,FV,blue,1,7.50597744674914,7.50597744674914,7.50597744674914,7.50597744674914,0.0495075099417795,7.45646993680736,<10\%
rv,al7075,gla,FV,green,1,14.1846689336317,14.1846689336317,14.1846689336317,14.1846689336317,0.0495075099417795,14.13516142368992,10--30\%
rv,al7075,gla,FV,red,1,8.04670296922286,8.04670296922286,8.04670296922286,8.04670296922286,0.0495075099417795,7.99719545928108,<10\%
rv,al7075,gla,conf,blue,1,53.0387616825649,53.0387616825649,53.0387616825649,53.0387616825649,0.0495075099417795,52.98925417262313,>30\%
rv,al7075,gla,conf,green,1,108.232822885323,108.232822885323,108.232822885323,108.232822885323,0.0495075099417795,108.18331537538123,>100\%
rv,al7075,gla,conf,red,1,150.84687971615,150.84687971615,150.84687971615,150.84687971615,0.0495075099417795,150.79737220620822,>100\%
rv,al7075,gla,fusion,blue,1,73.5158653326905,73.5158653326905,73.5158653326905,73.5158653326905,0.0495075099417795,73.46635782274872,>30\%
rv,al7075,gla,fusion,green,1,141.381042529342,141.381042529342,141.381042529342,141.381042529342,0.0495075099417795,141.33153501940023,>100\%
rv,al7075,gla,fusion,red,1,192.531440559395,192.531440559395,192.531440559395,192.531440559395,0.0495075099417795,192.48193304945323,>100\%
rv,al7075,gla,int,blue,1,10.6754634509456,10.6754634509456,10.6754634509456,10.6754634509456,0.0495075099417795,10.62595594100382,10--30\%
rv,al7075,gla,int,green,1,0.214731194232107,0.214731194232107,0.214731194232107,0.214731194232107,0.0495075099417795,0.1652236842903275,<10\%
rv,al7075,gla,int,red,1,2.62649849120135,2.62649849120135,2.62649849120135,2.62649849120135,0.0495075099417795,2.5769909812595704,<10\%
rv,al7075,gla,int,white,1,0.0495075099417795,0.0495075099417795,0.0495075099417795,0.0495075099417795,0.0495075099417795,0,<10\%
rv,al7075,gri,FV,blue,1,30.3478136740628,30.3478136740628,30.3478136740628,30.3478136740628,1.08859468689322,29.25921898716958,>30\%
rv,al7075,gri,FV,green,1,1.08859468689322,1.08859468689322,1.08859468689322,1.08859468689322,1.08859468689322,0,<10\%
rv,al7075,gri,FV,red,1,16.3236720948147,16.3236720948147,16.3236720948147,16.3236720948147,1.08859468689322,15.23507740792148,10--30\%
rv,al7075,gri,conf,blue,1,4.90235257964594,4.90235257964594,4.90235257964594,4.90235257964594,1.08859468689322,3.8137578927527196,<10\%
rv,al7075,gri,conf,green,1,23.093070189131,23.093070189131,23.093070189131,23.093070189131,1.08859468689322,22.00447550223778,10--30\%
rv,al7075,gri,conf,red,1,41.3867662786857,41.3867662786857,41.3867662786857,41.3867662786857,1.08859468689322,40.29817159179248,>30\%
rv,al7075,gri,fusion,blue,1,20.7731084918524,20.7731084918524,20.7731084918524,20.7731084918524,1.08859468689322,19.68451380495918,10--30\%
rv,al7075,gri,fusion,green,1,50.3438949425221,50.3438949425221,50.3438949425221,50.3438949425221,1.08859468689322,49.25530025562888,>30\%
rv,al7075,gri,fusion,red,1,69.9041722653294,69.9041722653294,69.9041722653294,69.9041722653294,1.08859468689322,68.81557757843618,>30\%
rv,al7075,gri,int,blue,1,13.9170634279241,13.9170634279241,13.9170634279241,13.9170634279241,1.08859468689322,12.82846874103088,10--30\%
rv,al7075,gri,int,green,1,13.3653169564664,13.3653169564664,13.3653169564664,13.3653169564664,1.08859468689322,12.27672226957318,10--30\%
rv,al7075,gri,int,red,1,12.1842904730288,12.1842904730288,12.1842904730288,12.1842904730288,1.08859468689322,11.09569578613558,10--30\%
rv,al7075,gri,int,white,1,13.8879844965029,13.8879844965029,13.8879844965029,13.8879844965029,1.08859468689322,12.79938980960968,10--30\%
rv,al7075,hon,FV,blue,1,27.8739059746431,27.8739059746431,27.8739059746431,27.8739059746431,2.69747180242318,25.17643417221992,10--30\%
rv,al7075,hon,FV,green,1,46.5760171576698,46.5760171576698,46.5760171576698,46.5760171576698,2.69747180242318,43.87854535524662,>30\%
rv,al7075,hon,FV,red,1,36.3964791660105,36.3964791660105,36.3964791660105,36.3964791660105,2.69747180242318,33.69900736358732,>30\%
rv,al7075,hon,conf,blue,1,40.2061058876452,40.2061058876452,40.2061058876452,40.2061058876452,2.69747180242318,37.50863408522202,>30\%
rv,al7075,hon,conf,green,1,24.1283124417392,24.1283124417392,24.1283124417392,24.1283124417392,2.69747180242318,21.43084063931602,10--30\%
rv,al7075,hon,conf,red,1,14.2740239801655,14.2740239801655,14.2740239801655,14.2740239801655,2.69747180242318,11.57655217774232,10--30\%
rv,al7075,hon,fusion,blue,1,25.5807846142135,25.5807846142135,25.5807846142135,25.5807846142135,2.69747180242318,22.88331281179032,10--30\%
rv,al7075,hon,fusion,green,1,2.69747180242318,2.69747180242318,2.69747180242318,2.69747180242318,2.69747180242318,0,<10\%
rv,al7075,hon,fusion,red,1,8.2406111561636,8.2406111561636,8.2406111561636,8.2406111561636,2.69747180242318,5.54313935374042,<10\%
rv,al7075,hon,int,blue,1,46.9013810391271,46.9013810391271,46.9013810391271,46.9013810391271,2.69747180242318,44.20390923670392,>30\%
rv,al7075,hon,int,green,1,43.7981223322743,43.7981223322743,43.7981223322743,43.7981223322743,2.69747180242318,41.10065052985112,>30\%
rv,al7075,hon,int,red,1,46.7969048574886,46.7969048574886,46.7969048574886,46.7969048574886,2.69747180242318,44.09943305506542,>30\%
rv,al7075,hon,int,white,1,43.3089581006193,43.3089581006193,43.3089581006193,43.3089581006193,2.69747180242318,40.61148629819612,>30\%
rv,al7075,mf,FV,blue,1,469.48644799441,469.48644799441,469.48644799441,469.48644799441,5.23314334783311,464.2533046465769,>100\%
rv,al7075,mf,FV,green,1,148.028580360938,148.028580360938,148.028580360938,148.028580360938,5.23314334783311,142.7954370131049,>100\%
rv,al7075,mf,FV,red,1,138.208458371056,138.208458371056,138.208458371056,138.208458371056,5.23314334783311,132.9753150232229,>100\%
rv,al7075,mf,conf,blue,1,223.33763061586,223.33763061586,223.33763061586,223.33763061586,5.23314334783311,218.1044872680269,>100\%
rv,al7075,mf,conf,green,1,243.447345283026,243.447345283026,243.447345283026,243.447345283026,5.23314334783311,238.2142019351929,>100\%
rv,al7075,mf,conf,red,1,304.215605277917,304.215605277917,304.215605277917,304.215605277917,5.23314334783311,298.9824619300839,>100\%
rv,al7075,mf,fusion,blue,1,305.844574368921,305.844574368921,305.844574368921,305.844574368921,5.23314334783311,300.61143102108787,>100\%
rv,al7075,mf,fusion,green,1,335.50621827737,335.50621827737,335.50621827737,335.50621827737,5.23314334783311,330.2730749295369,>100\%
rv,al7075,mf,fusion,red,1,419.902150987237,419.902150987237,419.902150987237,419.902150987237,5.23314334783311,414.6690076394039,>100\%
rv,al7075,mf,int,blue,1,169.129658802844,169.129658802844,169.129658802844,169.129658802844,5.23314334783311,163.8965154550109,>100\%
rv,al7075,mf,int,green,1,5.23314334783311,5.23314334783311,5.23314334783311,5.23314334783311,5.23314334783311,0,<10\%
rv,al7075,mf,int,red,1,410.750022115267,410.750022115267,410.750022115267,410.750022115267,5.23314334783311,405.51687876743387,>100\%
rv,al7075,mf,int,white,1,8.80457563853031,8.80457563853031,8.80457563853031,8.80457563853031,5.23314334783311,3.5714322906971994,<10\%
rv,al7075,mr,FV,blue,1,306.532785424871,306.532785424871,306.532785424871,306.532785424871,46.6196067721295,259.9131786527415,>100\%
rv,al7075,mr,FV,green,1,125.440532038056,125.440532038056,125.440532038056,125.440532038056,46.6196067721295,78.8209252659265,>100\%
rv,al7075,mr,FV,red,1,75.36070453815,75.36070453815,75.36070453815,75.36070453815,46.6196067721295,28.741097766020502,>30\%
rv,al7075,mr,conf,blue,1,68.9896065073971,68.9896065073971,68.9896065073971,68.9896065073971,46.6196067721295,22.369999735267598,>30\%
rv,al7075,mr,conf,green,1,89.3799155082997,89.3799155082997,89.3799155082997,89.3799155082997,46.6196067721295,42.7603087361702,>30\%
rv,al7075,mr,conf,red,1,111.880384803513,111.880384803513,111.880384803513,111.880384803513,46.6196067721295,65.2607780313835,>100\%
rv,al7075,mr,fusion,blue,1,122.733784868604,122.733784868604,122.733784868604,122.733784868604,46.6196067721295,76.1141780964745,>100\%
rv,al7075,mr,fusion,green,1,157.553485069989,157.553485069989,157.553485069989,157.553485069989,46.6196067721295,110.9338782978595,>100\%
rv,al7075,mr,fusion,red,1,183.282297478919,183.282297478919,183.282297478919,183.282297478919,46.6196067721295,136.66269070678948,>100\%
rv,al7075,mr,int,blue,1,69.8530207106381,69.8530207106381,69.8530207106381,69.8530207106381,46.6196067721295,23.233413938508605,>30\%
rv,al7075,mr,int,green,1,46.6196067721295,46.6196067721295,46.6196067721295,46.6196067721295,46.6196067721295,0,>30\%
rv,al7075,mr,int,red,1,170.377823646526,170.377823646526,170.377823646526,170.377823646526,46.6196067721295,123.7582168743965,>100\%
rv,al7075,mr,int,white,1,55.9817702360212,55.9817702360212,55.9817702360212,55.9817702360212,46.6196067721295,9.362163463891697,>30\%
rv,al7075,tf,FV,blue,1,22.4334678735838,22.4334678735838,22.4334678735838,22.4334678735838,6.48345033283945,15.950017540744351,10--30\%
rv,al7075,tf,FV,green,1,25.0677457544032,25.0677457544032,25.0677457544032,25.0677457544032,6.48345033283945,18.584295421563752,10--30\%
rv,al7075,tf,FV,red,1,28.8902508523438,28.8902508523438,28.8902508523438,28.8902508523438,6.48345033283945,22.40680051950435,10--30\%
rv,al7075,tf,conf,blue,1,32.2977657691582,32.2977657691582,32.2977657691582,32.2977657691582,6.48345033283945,25.814315436318747,>30\%
rv,al7075,tf,conf,green,1,17.9959861564097,17.9959861564097,17.9959861564097,17.9959861564097,6.48345033283945,11.51253582357025,10--30\%
rv,al7075,tf,conf,red,1,6.48345033283945,6.48345033283945,6.48345033283945,6.48345033283945,6.48345033283945,0,<10\%
rv,al7075,tf,fusion,blue,1,14.6163286285198,14.6163286285198,14.6163286285198,14.6163286285198,6.48345033283945,8.132878295680351,10--30\%
rv,al7075,tf,fusion,green,1,7.09662427957111,7.09662427957111,7.09662427957111,7.09662427957111,6.48345033283945,0.6131739467316599,<10\%
rv,al7075,tf,fusion,red,1,20.870326635175,20.870326635175,20.870326635175,20.870326635175,6.48345033283945,14.386876302335551,10--30\%
rv,al7075,tf,int,blue,1,13.4620865172184,13.4620865172184,13.4620865172184,13.4620865172184,6.48345033283945,6.978636184378951,10--30\%
rv,al7075,tf,int,green,1,56.3761782358496,56.3761782358496,56.3761782358496,56.3761782358496,6.48345033283945,49.892727903010154,>30\%
rv,al7075,tf,int,red,1,8.23498622422623,8.23498622422623,8.23498622422623,8.23498622422623,6.48345033283945,1.75153589138678,<10\%
rv,al7075,tf,int,white,1,59.288508541626904,59.288508541626904,59.288508541626904,59.288508541626904,6.48345033283945,52.80505820878746,>30\%
rv,al7075,tr,FV,blue,1,49.2146368838547,49.2146368838547,49.2146368838547,49.2146368838547,47.1900259212877,2.024610962567003,>30\%
rv,al7075,tr,FV,green,1,64.7187699558166,64.7187699558166,64.7187699558166,64.7187699558166,47.1900259212877,17.5287440345289,>30\%
rv,al7075,tr,FV,red,1,64.1898842785127,64.1898842785127,64.1898842785127,64.1898842785127,47.1900259212877,16.999858357224994,>30\%
rv,al7075,tr,conf,blue,1,60.9105134948308,60.9105134948308,60.9105134948308,60.9105134948308,47.1900259212877,13.720487573543103,>30\%
rv,al7075,tr,conf,green,1,57.798767136662,57.798767136662,57.798767136662,57.798767136662,47.1900259212877,10.608741215374302,>30\%
rv,al7075,tr,conf,red,1,53.4774782146977,53.4774782146977,53.4774782146977,53.4774782146977,47.1900259212877,6.287452293409999,>30\%
rv,al7075,tr,fusion,blue,1,56.4265711809784,56.4265711809784,56.4265711809784,56.4265711809784,47.1900259212877,9.2365452596907,>30\%
rv,al7075,tr,fusion,green,1,52.1314336385303,52.1314336385303,52.1314336385303,52.1314336385303,47.1900259212877,4.941407717242598,>30\%
rv,al7075,tr,fusion,red,1,47.1900259212877,47.1900259212877,47.1900259212877,47.1900259212877,47.1900259212877,0,>30\%
rv,al7075,tr,int,blue,1,53.3846067426834,53.3846067426834,53.3846067426834,53.3846067426834,47.1900259212877,6.194580821395704,>30\%
rv,al7075,tr,int,green,1,70.6076671123028,70.6076671123028,70.6076671123028,70.6076671123028,47.1900259212877,23.417641191015107,>30\%
rv,al7075,tr,int,red,1,65.1131773825395,65.1131773825395,65.1131773825395,65.1131773825395,47.1900259212877,17.923151461251805,>30\%
rv,al7075,tr,int,white,1,70.8197606215717,70.8197606215717,70.8197606215717,70.8197606215717,47.1900259212877,23.629734700284004,>30\%
rv,al7075,wedm_f,FV,blue,1,41.2372181041671,41.2372181041671,41.2372181041671,41.2372181041671,2.1748629776497,39.062355126517396,>30\%
rv,al7075,wedm_f,FV,green,1,8.1638020143519,8.1638020143519,8.1638020143519,8.1638020143519,2.1748629776497,5.9889390367022,<10\%
rv,al7075,wedm_f,FV,red,1,18.9213684431672,18.9213684431672,18.9213684431672,18.9213684431672,2.1748629776497,16.7465054655175,10--30\%
rv,al7075,wedm_f,conf,blue,1,78.0546405847597,78.0546405847597,78.0546405847597,78.0546405847597,2.1748629776497,75.87977760711,>30\%
rv,al7075,wedm_f,conf,green,1,92.8346429912887,92.8346429912887,92.8346429912887,92.8346429912887,2.1748629776497,90.65978001363901,>30\%
rv,al7075,wedm_f,conf,red,1,122.42796360676,122.42796360676,122.42796360676,122.42796360676,2.1748629776497,120.2531006291103,>100\%
rv,al7075,wedm_f,fusion,blue,1,140.679294200655,140.679294200655,140.679294200655,140.679294200655,2.1748629776497,138.5044312230053,>100\%
rv,al7075,wedm_f,fusion,green,1,168.006363508453,168.006363508453,168.006363508453,168.006363508453,2.1748629776497,165.8315005308033,>100\%
rv,al7075,wedm_f,fusion,red,1,204.557818800233,204.557818800233,204.557818800233,204.557818800233,2.1748629776497,202.3829558225833,>100\%
rv,al7075,wedm_f,int,blue,1,8.65208887454593,8.65208887454593,8.65208887454593,8.65208887454593,2.1748629776497,6.47722589689623,<10\%
rv,al7075,wedm_f,int,green,1,6.41516573216948,6.41516573216948,6.41516573216948,6.41516573216948,2.1748629776497,4.24030275451978,<10\%
rv,al7075,wedm_f,int,red,1,2.1748629776497,2.1748629776497,2.1748629776497,2.1748629776497,2.1748629776497,0,<10\%
rv,al7075,wedm_f,int,white,1,7.51779756535582,7.51779756535582,7.51779756535582,7.51779756535582,2.1748629776497,5.34293458770612,<10\%
rv,al7075,wedm_r,FV,blue,1,11.3723996442898,11.3723996442898,11.3723996442898,11.3723996442898,2.40635364817983,8.966045996109969,10--30\%
rv,al7075,wedm_r,FV,green,1,8.43759368649971,8.43759368649971,8.43759368649971,8.43759368649971,2.40635364817983,6.03124003831988,<10\%
rv,al7075,wedm_r,FV,red,1,2.40635364817983,2.40635364817983,2.40635364817983,2.40635364817983,2.40635364817983,0,<10\%
rv,al7075,wedm_r,conf,blue,1,72.6222870557786,72.6222870557786,72.6222870557786,72.6222870557786,2.40635364817983,70.21593340759877,>30\%
rv,al7075,wedm_r,conf,green,1,107.774283275118,107.774283275118,107.774283275118,107.774283275118,2.40635364817983,105.36792962693816,>100\%
rv,al7075,wedm_r,conf,red,1,192.159777084202,192.159777084202,192.159777084202,192.159777084202,2.40635364817983,189.7534234360222,>100\%
rv,al7075,wedm_r,fusion,blue,1,241.47799753543,241.47799753543,241.47799753543,241.47799753543,2.40635364817983,239.0716438872502,>100\%
rv,al7075,wedm_r,fusion,green,1,328.798341227505,328.798341227505,328.798341227505,328.798341227505,2.40635364817983,326.39198757932513,>100\%
rv,al7075,wedm_r,fusion,red,1,382.64244690493,382.64244690493,382.64244690493,382.64244690493,2.40635364817983,380.23609325675017,>100\%
rv,al7075,wedm_r,int,blue,1,26.3545854049229,26.3545854049229,26.3545854049229,26.3545854049229,2.40635364817983,23.94823175674307,10--30\%
rv,al7075,wedm_r,int,green,1,5.29268906490961,5.29268906490961,5.29268906490961,5.29268906490961,2.40635364817983,2.8863354167297803,<10\%
rv,al7075,wedm_r,int,red,1,5.22242285565977,5.22242285565977,5.22242285565977,5.22242285565977,2.40635364817983,2.8160692074799396,<10\%
rv,al7075,wedm_r,int,white,1,5.18399991212175,5.18399991212175,5.18399991212175,5.18399991212175,2.40635364817983,2.7776462639419197,<10\%
rv,c45,b,FV,blue,1,183.177686194386,183.177686194386,183.177686194386,183.177686194386,7.95261693706206,175.22506925732395,>100\%
rv,c45,b,FV,green,1,26.4114374667246,26.4114374667246,26.4114374667246,26.4114374667246,7.95261693706206,18.45882052966254,10--30\%
rv,c45,b,FV,red,1,38.302767102655,38.302767102655,38.302767102655,38.302767102655,7.95261693706206,30.350150165592936,>30\%
rv,c45,b,conf,green,1,110.718074074414,110.718074074414,110.718074074414,110.718074074414,7.95261693706206,102.76545713735194,>100\%
rv,c45,b,conf,red,1,166.373395410922,166.373395410922,166.373395410922,166.373395410922,7.95261693706206,158.42077847385994,>100\%
rv,c45,b,fusion,blue,1,123.470986647327,123.470986647327,123.470986647327,123.470986647327,7.95261693706206,115.51836971026493,>100\%
rv,c45,b,fusion,green,1,170.126437468501,170.126437468501,170.126437468501,170.126437468501,7.95261693706206,162.17382053143893,>100\%
rv,c45,b,fusion,red,1,255.363883688301,255.363883688301,255.363883688301,255.363883688301,7.95261693706206,247.41126675123894,>100\%
rv,c45,b,int,blue,2,288.352629117094,288.352629117094,287.670125444803,289.03513278938505,7.95261693706206,280.400012180032,>100\%
rv,c45,b,int,green,1,41.0630063774815,41.0630063774815,41.0630063774815,41.0630063774815,7.95261693706206,33.11038944041944,>30\%
rv,c45,b,int,red,1,7.95261693706206,7.95261693706206,7.95261693706206,7.95261693706206,7.95261693706206,0,<10\%
rv,c45,b,int,white,1,42.4678486664373,42.4678486664373,42.4678486664373,42.4678486664373,7.95261693706206,34.51523172937524,>30\%
rv,c45,gla,FV,blue,1,10.5607165157772,10.5607165157772,10.5607165157772,10.5607165157772,0.615648181726477,9.945068334050722,10--30\%
rv,c45,gla,FV,green,1,14.6579452519668,14.6579452519668,14.6579452519668,14.6579452519668,0.615648181726477,14.042297070240322,10--30\%
rv,c45,gla,FV,red,1,0.615648181726477,0.615648181726477,0.615648181726477,0.615648181726477,0.615648181726477,0,<10\%
rv,c45,gla,conf,blue,1,50.1520177647585,50.1520177647585,50.1520177647585,50.1520177647585,0.615648181726477,49.53636958303202,>30\%
rv,c45,gla,conf,green,1,101.73304744827,101.73304744827,101.73304744827,101.73304744827,0.615648181726477,101.11739926654353,>100\%
rv,c45,gla,conf,red,1,138.849691753494,138.849691753494,138.849691753494,138.849691753494,0.615648181726477,138.23404357176753,>100\%
rv,c45,gla,fusion,blue,1,80.7295667598624,80.7295667598624,80.7295667598624,80.7295667598624,0.615648181726477,80.11391857813592,>30\%
rv,c45,gla,fusion,green,1,153.053236252597,153.053236252597,153.053236252597,153.053236252597,0.615648181726477,152.43758807087053,>100\%
rv,c45,gla,fusion,red,1,215.740100635099,215.740100635099,215.740100635099,215.740100635099,0.615648181726477,215.12445245337253,>100\%
rv,c45,gla,int,blue,1,11.1607733511079,11.1607733511079,11.1607733511079,11.1607733511079,0.615648181726477,10.545125169381423,10--30\%
rv,c45,gla,int,green,1,7.64873974053442,7.64873974053442,7.64873974053442,7.64873974053442,0.615648181726477,7.033091558807944,<10\%
rv,c45,gla,int,red,1,9.25455917895486,9.25455917895486,9.25455917895486,9.25455917895486,0.615648181726477,8.638910997228383,<10\%
rv,c45,gla,int,white,1,8.07309419825317,8.07309419825317,8.07309419825317,8.07309419825317,0.615648181726477,7.457446016526693,<10\%
rv,c45,gri,FV,blue,1,63.9387856824918,63.9387856824918,63.9387856824918,63.9387856824918,0.34694471669106,63.591840965800735,>30\%
rv,c45,gri,FV,green,1,27.7197990341623,27.7197990341623,27.7197990341623,27.7197990341623,0.34694471669106,27.37285431747124,10--30\%
rv,c45,gri,FV,red,1,46.8846373229455,46.8846373229455,46.8846373229455,46.8846373229455,0.34694471669106,46.53769260625444,>30\%
rv,c45,gri,conf,blue,1,22.742736545494,22.742736545494,22.742736545494,22.742736545494,0.34694471669106,22.395791828802942,10--30\%
rv,c45,gri,conf,green,1,46.5425947906166,46.5425947906166,46.5425947906166,46.5425947906166,0.34694471669106,46.195650073925535,>30\%
rv,c45,gri,conf,red,1,62.7477806133848,62.7477806133848,62.7477806133848,62.7477806133848,0.34694471669106,62.400835896693735,>30\%
rv,c45,gri,fusion,blue,1,41.4779755483232,41.4779755483232,41.4779755483232,41.4779755483232,0.34694471669106,41.13103083163214,>30\%
rv,c45,gri,fusion,green,1,72.4723004502094,72.4723004502094,72.4723004502094,72.4723004502094,0.34694471669106,72.12535573351835,>30\%
rv,c45,gri,fusion,red,1,90.8908738382004,90.8908738382004,90.8908738382004,90.8908738382004,0.34694471669106,90.54392912150935,>30\%
rv,c45,gri,int,blue,1,1.38643456997803,1.38643456997803,1.38643456997803,1.38643456997803,0.34694471669106,1.03948985328697,<10\%
rv,c45,gri,int,green,1,0.45683682918932,0.45683682918932,0.45683682918932,0.45683682918932,0.34694471669106,0.10989211249826003,<10\%
rv,c45,gri,int,red,1,1.9274042383507,1.9274042383507,1.9274042383507,1.9274042383507,0.34694471669106,1.58045952165964,<10\%
rv,c45,gri,int,white,1,0.34694471669106,0.34694471669106,0.34694471669106,0.34694471669106,0.34694471669106,0,<10\%
rv,c45,hon,FV,blue,1,5.44321402237044,5.44321402237044,5.44321402237044,5.44321402237044,4.8395292222555,0.60368480011494,<10\%
rv,c45,hon,FV,green,1,13.1872769093535,13.1872769093535,13.1872769093535,13.1872769093535,4.8395292222555,8.347747687098,10--30\%
rv,c45,hon,FV,red,1,55.0859098521419,55.0859098521419,55.0859098521419,55.0859098521419,4.8395292222555,50.2463806298864,>30\%
rv,c45,hon,conf,blue,1,15.6277806499084,15.6277806499084,15.6277806499084,15.6277806499084,4.8395292222555,10.7882514276529,10--30\%
rv,c45,hon,conf,green,1,49.6256540316155,49.6256540316155,49.6256540316155,49.6256540316155,4.8395292222555,44.78612480936,>30\%
rv,c45,hon,conf,red,1,69.9757342717908,69.9757342717908,69.9757342717908,69.9757342717908,4.8395292222555,65.1362050495353,>30\%
rv,c45,hon,fusion,blue,1,36.6797292587687,36.6797292587687,36.6797292587687,36.6797292587687,4.8395292222555,31.840200036513203,>30\%
rv,c45,hon,fusion,green,1,85.5572347942736,85.5572347942736,85.5572347942736,85.5572347942736,4.8395292222555,80.7177055720181,>30\%
rv,c45,hon,fusion,red,1,97.3302968588241,97.3302968588241,97.3302968588241,97.3302968588241,4.8395292222555,92.49076763656859,>30\%
rv,c45,hon,int,blue,1,12.3960553808514,12.3960553808514,12.3960553808514,12.3960553808514,4.8395292222555,7.556526158595901,10--30\%
rv,c45,hon,int,green,1,5.08901682050871,5.08901682050871,5.08901682050871,5.08901682050871,4.8395292222555,0.24948759825320987,<10\%
rv,c45,hon,int,red,1,6.12277714876418,6.12277714876418,6.12277714876418,6.12277714876418,4.8395292222555,1.2832479265086798,<10\%
rv,c45,hon,int,white,1,4.8395292222555,4.8395292222555,4.8395292222555,4.8395292222555,4.8395292222555,0,<10\%
rv,c45,mf,FV,blue,1,19.7776984277107,19.7776984277107,19.7776984277107,19.7776984277107,9.8152408903908,9.9624575373199,10--30\%
rv,c45,mf,FV,green,1,32.889601322979,32.889601322979,32.889601322979,32.889601322979,9.8152408903908,23.074360432588197,>30\%
rv,c45,mf,FV,red,1,26.1354315122873,26.1354315122873,26.1354315122873,26.1354315122873,9.8152408903908,16.3201906218965,10--30\%
rv,c45,mf,conf,green,1,12.6912084756767,12.6912084756767,12.6912084756767,12.6912084756767,9.8152408903908,2.875967585285899,10--30\%
rv,c45,mf,conf,red,1,28.3663962434462,28.3663962434462,28.3663962434462,28.3663962434462,9.8152408903908,18.5511553530554,10--30\%
rv,c45,mf,fusion,blue,1,9.8152408903908,9.8152408903908,9.8152408903908,9.8152408903908,9.8152408903908,0,<10\%
rv,c45,mf,fusion,green,1,39.6813535223877,39.6813535223877,39.6813535223877,39.6813535223877,9.8152408903908,29.866112631996902,>30\%
rv,c45,mf,fusion,red,1,59.8556642195236,59.8556642195236,59.8556642195236,59.8556642195236,9.8152408903908,50.04042332913279,>30\%
rv,c45,mf,int,blue,1,16.8617624128541,16.8617624128541,16.8617624128541,16.8617624128541,9.8152408903908,7.046521522463301,10--30\%
rv,c45,mf,int,green,1,19.8470067938185,19.8470067938185,19.8470067938185,19.8470067938185,9.8152408903908,10.0317659034277,10--30\%
rv,c45,mf,int,red,1,17.8078903126231,17.8078903126231,17.8078903126231,17.8078903126231,9.8152408903908,7.992649422232301,10--30\%
rv,c45,mf,int,white,1,22.1119021542521,22.1119021542521,22.1119021542521,22.1119021542521,9.8152408903908,12.2966612638613,10--30\%
rv,c45,mr,FV,blue,1,39.3209869873603,39.3209869873603,39.3209869873603,39.3209869873603,2.30221469944748,37.01877228791282,>30\%
rv,c45,mr,FV,green,1,49.4349420324006,49.4349420324006,49.4349420324006,49.4349420324006,2.30221469944748,47.13272733295312,>30\%
rv,c45,mr,FV,red,1,46.2231134380729,46.2231134380729,46.2231134380729,46.2231134380729,2.30221469944748,43.92089873862542,>30\%
rv,c45,mr,conf,green,1,29.2838541696448,29.2838541696448,29.2838541696448,29.2838541696448,2.30221469944748,26.981639470197322,10--30\%
rv,c45,mr,conf,red,1,19.5161349863982,19.5161349863982,19.5161349863982,19.5161349863982,2.30221469944748,17.21392028695072,10--30\%
rv,c45,mr,fusion,blue,1,29.5724701395129,29.5724701395129,29.5724701395129,29.5724701395129,2.30221469944748,27.270255440065423,10--30\%
rv,c45,mr,fusion,green,1,14.5570523856537,14.5570523856537,14.5570523856537,14.5570523856537,2.30221469944748,12.25483768620622,10--30\%
rv,c45,mr,fusion,red,1,2.30221469944748,2.30221469944748,2.30221469944748,2.30221469944748,2.30221469944748,0,<10\%
rv,c45,mr,int,blue,1,35.40399513306,35.40399513306,35.40399513306,35.40399513306,2.30221469944748,33.10178043361252,>30\%
rv,c45,mr,int,green,1,52.1404613546367,52.1404613546367,52.1404613546367,52.1404613546367,2.30221469944748,49.83824665518922,>30\%
rv,c45,mr,int,red,1,50.5257332048387,50.5257332048387,50.5257332048387,50.5257332048387,2.30221469944748,48.22351850539122,>30\%
rv,c45,mr,int,white,1,52.420681819744,52.420681819744,52.420681819744,52.420681819744,2.30221469944748,50.118467120296515,>30\%
rv,c45,tf,FV,blue,1,65.7962435565658,65.7962435565658,65.7962435565658,65.7962435565658,42.1685749213631,23.627668635202696,>30\%
rv,c45,tf,FV,green,1,69.6744541735381,69.6744541735381,69.6744541735381,69.6744541735381,42.1685749213631,27.505879252174992,>30\%
rv,c45,tf,FV,red,1,66.8759088010051,66.8759088010051,66.8759088010051,66.8759088010051,42.1685749213631,24.707333879641993,>30\%
rv,c45,tf,conf,green,1,57.7841317208297,57.7841317208297,57.7841317208297,57.7841317208297,42.1685749213631,15.615556799466596,>30\%
rv,c45,tf,conf,red,1,52.3760072994726,52.3760072994726,52.3760072994726,52.3760072994726,42.1685749213631,10.207432378109495,>30\%
rv,c45,tf,fusion,blue,1,57.992171836918,57.992171836918,57.992171836918,57.992171836918,42.1685749213631,15.823596915554894,>30\%
rv,c45,tf,fusion,green,1,48.3019181446688,48.3019181446688,48.3019181446688,48.3019181446688,42.1685749213631,6.133343223305694,>30\%
rv,c45,tf,fusion,red,1,42.1685749213631,42.1685749213631,42.1685749213631,42.1685749213631,42.1685749213631,0,>30\%
rv,c45,tf,int,blue,1,62.6482597015923,62.6482597015923,62.6482597015923,62.6482597015923,42.1685749213631,20.4796847802292,>30\%
rv,c45,tf,int,green,1,71.177720625144,71.177720625144,71.177720625144,71.177720625144,42.1685749213631,29.009145703780902,>30\%
rv,c45,tf,int,red,1,70.3803330394408,70.3803330394408,70.3803330394408,70.3803330394408,42.1685749213631,28.211758118077697,>30\%
rv,c45,tf,int,white,1,71.4229112372471,71.4229112372471,71.4229112372471,71.4229112372471,42.1685749213631,29.254336315884004,>30\%
rv,c45,tr,FV,blue,1,76.1649622018392,76.1649622018392,76.1649622018392,76.1649622018392,75.0974454143353,1.067516787503905,>30\%
rv,c45,tr,FV,green,1,86.6842316893602,86.6842316893602,86.6842316893602,86.6842316893602,75.0974454143353,11.586786275024906,>30\%
rv,c45,tr,FV,red,1,87.5942146265653,87.5942146265653,87.5942146265653,87.5942146265653,75.0974454143353,12.496769212230006,>30\%
rv,c45,tr,conf,green,1,82.8792678054921,82.8792678054921,82.8792678054921,82.8792678054921,75.0974454143353,7.781822391156808,>30\%
rv,c45,tr,conf,red,1,81.1123109410353,81.1123109410353,81.1123109410353,81.1123109410353,75.0974454143353,6.014865526700007,>30\%
rv,c45,tr,fusion,blue,1,81.2466505688538,81.2466505688538,81.2466505688538,81.2466505688538,75.0974454143353,6.149205154518498,>30\%
rv,c45,tr,fusion,green,1,77.5327152823041,77.5327152823041,77.5327152823041,77.5327152823041,75.0974454143353,2.435269867968799,>30\%
rv,c45,tr,fusion,red,1,75.0974454143353,75.0974454143353,75.0974454143353,75.0974454143353,75.0974454143353,0,>30\%
rv,c45,tr,int,blue,1,80.6574564481684,80.6574564481684,80.6574564481684,80.6574564481684,75.0974454143353,5.560011033833106,>30\%
rv,c45,tr,int,green,1,90.8979871242059,90.8979871242059,90.8979871242059,90.8979871242059,75.0974454143353,15.8005417098706,>30\%
rv,c45,tr,int,red,1,85.8414614236802,85.8414614236802,85.8414614236802,85.8414614236802,75.0974454143353,10.744016009344904,>30\%
rv,c45,tr,int,white,1,90.9173634793011,90.9173634793011,90.9173634793011,90.9173634793011,75.0974454143353,15.819918064965805,>30\%
rv,c45,wedm_f,FV,blue,1,18.5308025879558,18.5308025879558,18.5308025879558,18.5308025879558,6.45825648992527,12.072546098030532,10--30\%
rv,c45,wedm_f,FV,green,1,6.45825648992527,6.45825648992527,6.45825648992527,6.45825648992527,6.45825648992527,0,<10\%
rv,c45,wedm_f,FV,red,1,42.4515932464976,42.4515932464976,42.4515932464976,42.4515932464976,6.45825648992527,35.99333675657233,>30\%
rv,c45,wedm_f,conf,blue,1,88.0337264180575,88.0337264180575,88.0337264180575,88.0337264180575,6.45825648992527,81.57546992813222,>30\%
rv,c45,wedm_f,conf,green,1,115.023795150403,115.023795150403,115.023795150403,115.023795150403,6.45825648992527,108.56553866047773,>100\%
rv,c45,wedm_f,conf,red,1,125.021736342101,125.021736342101,125.021736342101,125.021736342101,6.45825648992527,118.56347985217572,>100\%
rv,c45,wedm_f,fusion,blue,1,146.896350431737,146.896350431737,146.896350431737,146.896350431737,6.45825648992527,140.43809394181173,>100\%
rv,c45,wedm_f,fusion,green,1,176.586523193702,176.586523193702,176.586523193702,176.586523193702,6.45825648992527,170.12826670377672,>100\%
rv,c45,wedm_f,fusion,red,1,189.547748389693,189.547748389693,189.547748389693,189.547748389693,6.45825648992527,183.08949189976772,>100\%
rv,c45,wedm_f,int,blue,1,25.6693036643936,25.6693036643936,25.6693036643936,25.6693036643936,6.45825648992527,19.21104717446833,10--30\%
rv,c45,wedm_f,int,green,1,20.260433861304,20.260433861304,20.260433861304,20.260433861304,6.45825648992527,13.802177371378733,10--30\%
rv,c45,wedm_f,int,red,1,20.132920042792,20.132920042792,20.132920042792,20.132920042792,6.45825648992527,13.674663552866733,10--30\%
rv,c45,wedm_f,int,white,1,20.2350438471835,20.2350438471835,20.2350438471835,20.2350438471835,6.45825648992527,13.776787357258232,10--30\%
rv,c45,wedm_r,FV,blue,1,7.99865441801167,7.99865441801167,7.99865441801167,7.99865441801167,0.85642880991963,7.14222560809204,<10\%
rv,c45,wedm_r,FV,green,1,6.51755334979043,6.51755334979043,6.51755334979043,6.51755334979043,0.85642880991963,5.6611245398708,<10\%
rv,c45,wedm_r,FV,red,1,0.85642880991963,0.85642880991963,0.85642880991963,0.85642880991963,0.85642880991963,0,<10\%
rv,c45,wedm_r,conf,blue,1,9.04853517080358,9.04853517080358,9.04853517080358,9.04853517080358,0.85642880991963,8.192106360883951,<10\%
rv,c45,wedm_r,conf,green,1,22.254773809541,22.254773809541,22.254773809541,22.254773809541,0.85642880991963,21.39834499962137,10--30\%
rv,c45,wedm_r,conf,red,1,30.6501414644732,30.6501414644732,30.6501414644732,30.6501414644732,0.85642880991963,29.79371265455357,>30\%
rv,c45,wedm_r,fusion,blue,1,48.9023912377141,48.9023912377141,48.9023912377141,48.9023912377141,0.85642880991963,48.04596242779447,>30\%
rv,c45,wedm_r,fusion,green,1,128.809149782068,128.809149782068,128.809149782068,128.809149782068,0.85642880991963,127.95272097214837,>100\%
rv,c45,wedm_r,fusion,red,1,206.711049598776,206.711049598776,206.711049598776,206.711049598776,0.85642880991963,205.85462078885635,>100\%
rv,c45,wedm_r,int,blue,1,31.3488399080032,31.3488399080032,31.3488399080032,31.3488399080032,0.85642880991963,30.49241109808357,>30\%
rv,c45,wedm_r,int,green,1,3.61432775313094,3.61432775313094,3.61432775313094,3.61432775313094,0.85642880991963,2.75789894321131,<10\%
rv,c45,wedm_r,int,red,1,2.0822943077350198,2.0822943077350198,2.0822943077350198,2.0822943077350198,0.85642880991963,1.2258654978153898,<10\%
rv,c45,wedm_r,int,white,1,3.71079917689901,3.71079917689901,3.71079917689901,3.71079917689901,0.85642880991963,2.8543703669793796,<10\%
rv,ellor,gla,FV,blue,1,0.98718266539764,0.98718266539764,0.98718266539764,0.98718266539764,0.98718266539764,0,<10\%
rv,ellor,gla,FV,green,1,1.63103936441227,1.63103936441227,1.63103936441227,1.63103936441227,0.98718266539764,0.64385669901463,<10\%
rv,ellor,gla,FV,red,1,1.94961862247395,1.94961862247395,1.94961862247395,1.94961862247395,0.98718266539764,0.96243595707631,<10\%
rv,ellor,gla,conf,blue,1,4.30933645193138,4.30933645193138,4.30933645193138,4.30933645193138,0.98718266539764,3.3221537865337405,<10\%
rv,ellor,gla,conf,green,1,7.76155714483836,7.76155714483836,7.76155714483836,7.76155714483836,0.98718266539764,6.77437447944072,<10\%
rv,ellor,gla,conf,red,1,6.43256214391675,6.43256214391675,6.43256214391675,6.43256214391675,0.98718266539764,5.4453794785191105,<10\%
rv,ellor,gla,fusion,blue,1,8.77879802146295,8.77879802146295,8.77879802146295,8.77879802146295,0.98718266539764,7.791615356065311,<10\%
rv,ellor,gla,fusion,green,1,9.91778223754018,9.91778223754018,9.91778223754018,9.91778223754018,0.98718266539764,8.93059957214254,<10\%
rv,ellor,gla,fusion,red,1,13.2970887190729,13.2970887190729,13.2970887190729,13.2970887190729,0.98718266539764,12.30990605367526,10--30\%
rv,ellor,gla,int,blue,1,20.7770615923682,20.7770615923682,20.7770615923682,20.7770615923682,0.98718266539764,19.78987892697056,10--30\%
rv,ellor,gla,int,green,1,9.01139122338181,9.01139122338181,9.01139122338181,9.01139122338181,0.98718266539764,8.02420855798417,<10\%
rv,ellor,gla,int,red,1,7.47330986308483,7.47330986308483,7.47330986308483,7.47330986308483,0.98718266539764,6.48612719768719,<10\%
rv,ellor,gla,int,white,1,10.757004955159,10.757004955159,10.757004955159,10.757004955159,0.98718266539764,9.76982228976136,10--30\%
rv,ellor,gri,FV,blue,1,194.97906559033,194.97906559033,194.97906559033,194.97906559033,98.5590722290919,96.41999336123811,>100\%
rv,ellor,gri,FV,green,1,191.543448473039,191.543448473039,191.543448473039,191.543448473039,98.5590722290919,92.98437624394711,>100\%
rv,ellor,gri,FV,red,1,189.60776487232,189.60776487232,189.60776487232,189.60776487232,98.5590722290919,91.0486926432281,>100\%
rv,ellor,gri,conf,blue,1,213.07244457854,213.07244457854,213.07244457854,213.07244457854,98.5590722290919,114.5133723494481,>100\%
rv,ellor,gri,conf,green,1,214.813625165238,214.813625165238,214.813625165238,214.813625165238,98.5590722290919,116.2545529361461,>100\%
rv,ellor,gri,conf,red,1,217.294979552244,217.294979552244,217.294979552244,217.294979552244,98.5590722290919,118.7359073231521,>100\%
rv,ellor,gri,fusion,blue,1,220.743933880297,220.743933880297,220.743933880297,220.743933880297,98.5590722290919,122.1848616512051,>100\%
rv,ellor,gri,fusion,green,1,228.014967283001,228.014967283001,228.014967283001,228.014967283001,98.5590722290919,129.4558950539091,>100\%
rv,ellor,gri,fusion,red,1,236.033416510794,236.033416510794,236.033416510794,236.033416510794,98.5590722290919,137.47434428170212,>100\%
rv,ellor,gri,int,blue,1,98.5590722290919,98.5590722290919,98.5590722290919,98.5590722290919,98.5590722290919,0,>30\%
rv,ellor,gri,int,green,1,193.758969673374,193.758969673374,193.758969673374,193.758969673374,98.5590722290919,95.1998974442821,>100\%
rv,ellor,gri,int,red,1,222.5633424146,222.5633424146,222.5633424146,222.5633424146,98.5590722290919,124.00427018550809,>100\%
rv,ellor,gri,int,white,1,229.572413474095,229.572413474095,229.572413474095,229.572413474095,98.5590722290919,131.0133412450031,>100\%
rv,ellor,hon,FV,blue,1,61.7402031865266,61.7402031865266,61.7402031865266,61.7402031865266,5.95574782912827,55.78445535739833,>30\%
rv,ellor,hon,FV,green,1,8.85896962654832,8.85896962654832,8.85896962654832,8.85896962654832,5.95574782912827,2.903221797420051,<10\%
rv,ellor,hon,FV,red,1,6.9896233171631,6.9896233171631,6.9896233171631,6.9896233171631,5.95574782912827,1.0338754880348304,<10\%
rv,ellor,hon,conf,blue,1,36.4718847467769,36.4718847467769,36.4718847467769,36.4718847467769,5.95574782912827,30.51613691764863,>30\%
rv,ellor,hon,conf,green,1,72.7712612416227,72.7712612416227,72.7712612416227,72.7712612416227,5.95574782912827,66.81551341249443,>30\%
rv,ellor,hon,conf,red,1,121.579361667249,121.579361667249,121.579361667249,121.579361667249,5.95574782912827,115.62361383812073,>100\%
rv,ellor,hon,fusion,blue,1,74.0400561197641,74.0400561197641,74.0400561197641,74.0400561197641,5.95574782912827,68.08430829063583,>30\%
rv,ellor,hon,fusion,green,1,128.175729038233,128.175729038233,128.175729038233,128.175729038233,5.95574782912827,122.21998120910472,>100\%
rv,ellor,hon,fusion,red,1,199.575093098316,199.575093098316,199.575093098316,199.575093098316,5.95574782912827,193.61934526918773,>100\%
rv,ellor,hon,int,blue,1,13.6937173277265,13.6937173277265,13.6937173277265,13.6937173277265,5.95574782912827,7.73796949859823,10--30\%
rv,ellor,hon,int,green,1,14.0585662732381,14.0585662732381,14.0585662732381,14.0585662732381,5.95574782912827,8.102818444109829,10--30\%
rv,ellor,hon,int,red,1,5.95574782912827,5.95574782912827,5.95574782912827,5.95574782912827,5.95574782912827,0,<10\%
rv,ellor,hon,int,white,1,17.4475913804807,17.4475913804807,17.4475913804807,17.4475913804807,5.95574782912827,11.491843551352428,10--30\%
rv,ellor,mf,FV,blue,1,20.5758445500577,20.5758445500577,20.5758445500577,20.5758445500577,3.2239154065034,17.351929143554297,10--30\%
rv,ellor,mf,FV,green,1,31.1457235139057,31.1457235139057,31.1457235139057,31.1457235139057,3.2239154065034,27.9218081074023,>30\%
rv,ellor,mf,FV,red,1,38.6038545554744,38.6038545554744,38.6038545554744,38.6038545554744,3.2239154065034,35.379939148971,>30\%
rv,ellor,mf,conf,blue,1,4.31193435548105,4.31193435548105,4.31193435548105,4.31193435548105,3.2239154065034,1.0880189489776497,<10\%
rv,ellor,mf,conf,green,1,6.10649826186147,6.10649826186147,6.10649826186147,6.10649826186147,3.2239154065034,2.8825828553580695,<10\%
rv,ellor,mf,conf,red,1,3.82580160120096,3.82580160120096,3.82580160120096,3.82580160120096,3.2239154065034,0.6018861946975598,<10\%
rv,ellor,mf,fusion,blue,1,9.39611049339781,9.39611049339781,9.39611049339781,9.39611049339781,3.2239154065034,6.17219508689441,<10\%
rv,ellor,mf,fusion,green,1,3.2239154065034,3.2239154065034,3.2239154065034,3.2239154065034,3.2239154065034,0,<10\%
rv,ellor,mf,fusion,red,1,71.6772614924955,71.6772614924955,71.6772614924955,71.6772614924955,3.2239154065034,68.45334608599211,>30\%
rv,ellor,mf,int,blue,1,81.9622493416363,81.9622493416363,81.9622493416363,81.9622493416363,3.2239154065034,78.7383339351329,>30\%
rv,ellor,mf,int,green,1,13.0584408946109,13.0584408946109,13.0584408946109,13.0584408946109,3.2239154065034,9.8345254881075,10--30\%
rv,ellor,mf,int,red,1,7.59614449145938,7.59614449145938,7.59614449145938,7.59614449145938,3.2239154065034,4.372229084955979,<10\%
rv,ellor,mf,int,white,1,10.5704873807859,10.5704873807859,10.5704873807859,10.5704873807859,3.2239154065034,7.346571974282501,10--30\%
rv,ellor,mr,FV,blue,1,6.45578434467004,6.45578434467004,6.45578434467004,6.45578434467004,1.65590839230605,4.79987595236399,<10\%
rv,ellor,mr,FV,green,1,1.65800491397517,1.65800491397517,1.65800491397517,1.65800491397517,1.65590839230605,0.0020965216691199995,<10\%
rv,ellor,mr,FV,red,1,1.65590839230605,1.65590839230605,1.65590839230605,1.65590839230605,1.65590839230605,0,<10\%
rv,ellor,mr,conf,blue,1,20.5538745776107,20.5538745776107,20.5538745776107,20.5538745776107,1.65590839230605,18.89796618530465,10--30\%
rv,ellor,mr,conf,green,1,23.2826825280784,23.2826825280784,23.2826825280784,23.2826825280784,1.65590839230605,21.62677413577235,10--30\%
rv,ellor,mr,conf,red,1,23.7667741213353,23.7667741213353,23.7667741213353,23.7667741213353,1.65590839230605,22.11086572902925,10--30\%
rv,ellor,mr,fusion,blue,1,21.9772302117609,21.9772302117609,21.9772302117609,21.9772302117609,1.65590839230605,20.32132181945485,10--30\%
rv,ellor,mr,fusion,green,1,26.6996289043751,26.6996289043751,26.6996289043751,26.6996289043751,1.65590839230605,25.04372051206905,10--30\%
rv,ellor,mr,fusion,red,1,35.6644303999614,35.6644303999614,35.6644303999614,35.6644303999614,1.65590839230605,34.008522007655344,>30\%
rv,ellor,mr,int,blue,1,74.7963885574101,74.7963885574101,74.7963885574101,74.7963885574101,1.65590839230605,73.14048016510405,>30\%
rv,ellor,mr,int,green,1,27.6796629280995,27.6796629280995,27.6796629280995,27.6796629280995,1.65590839230605,26.02375453579345,10--30\%
rv,ellor,mr,int,red,1,23.4480003179208,23.4480003179208,23.4480003179208,23.4480003179208,1.65590839230605,21.792091925614752,10--30\%
rv,ellor,mr,int,white,1,28.0980618625253,28.0980618625253,28.0980618625253,28.0980618625253,1.65590839230605,26.44215347021925,10--30\%
rv,ellor,tf,FV,blue,1,21.7763287331122,21.7763287331122,21.7763287331122,21.7763287331122,0.539146467362552,21.23718226574965,10--30\%
rv,ellor,tf,FV,green,1,26.6283760901032,26.6283760901032,26.6283760901032,26.6283760901032,0.539146467362552,26.089229622740646,10--30\%
rv,ellor,tf,FV,red,1,27.4781706728866,27.4781706728866,27.4781706728866,27.4781706728866,0.539146467362552,26.939024205524046,10--30\%
rv,ellor,tf,conf,blue,1,2.38170790644053,2.38170790644053,2.38170790644053,2.38170790644053,0.539146467362552,1.8425614390779783,<10\%
rv,ellor,tf,conf,green,1,0.539146467362552,0.539146467362552,0.539146467362552,0.539146467362552,0.539146467362552,0,<10\%
rv,ellor,tf,conf,red,1,2.95023902160986,2.95023902160986,2.95023902160986,2.95023902160986,0.539146467362552,2.411092554247308,<10\%
rv,ellor,tf,fusion,blue,1,1.53516447894998,1.53516447894998,1.53516447894998,1.53516447894998,0.539146467362552,0.9960180115874281,<10\%
rv,ellor,tf,fusion,green,1,6.8593266491602,6.8593266491602,6.8593266491602,6.8593266491602,0.539146467362552,6.320180181797648,<10\%
rv,ellor,tf,fusion,red,1,17.6897617550774,17.6897617550774,17.6897617550774,17.6897617550774,0.539146467362552,17.150615287714846,10--30\%
rv,ellor,tf,int,blue,1,65.6348311104293,65.6348311104293,65.6348311104293,65.6348311104293,0.539146467362552,65.09568464306675,>30\%
rv,ellor,tf,int,green,1,7.02840945057668,7.02840945057668,7.02840945057668,7.02840945057668,0.539146467362552,6.489262983214128,<10\%
rv,ellor,tf,int,red,1,1.18615392661165,1.18615392661165,1.18615392661165,1.18615392661165,0.539146467362552,0.6470074592490981,<10\%
rv,ellor,tf,int,white,1,7.1860727169157,7.1860727169157,7.1860727169157,7.1860727169157,0.539146467362552,6.6469262495531485,<10\%
rv,ellor,tr,FV,blue,1,4.03892190938327,4.03892190938327,4.03892190938327,4.03892190938327,3.16831854518918,0.87060336419409,<10\%
rv,ellor,tr,FV,green,1,3.18186720533298,3.18186720533298,3.18186720533298,3.18186720533298,3.16831854518918,0.01354866014379974,<10\%
rv,ellor,tr,FV,red,1,3.16831854518918,3.16831854518918,3.16831854518918,3.16831854518918,3.16831854518918,0,<10\%
rv,ellor,tr,conf,blue,1,9.26234676591802,9.26234676591802,9.26234676591802,9.26234676591802,3.16831854518918,6.094028220728839,<10\%
rv,ellor,tr,conf,green,1,9.29165708634207,9.29165708634207,9.29165708634207,9.29165708634207,3.16831854518918,6.12333854115289,<10\%
rv,ellor,tr,conf,red,1,10.0347961657365,10.0347961657365,10.0347961657365,10.0347961657365,3.16831854518918,6.86647762054732,10--30\%
rv,ellor,tr,fusion,blue,1,13.5356967891982,13.5356967891982,13.5356967891982,13.5356967891982,3.16831854518918,10.36737824400902,10--30\%
rv,ellor,tr,fusion,green,1,13.7787409758411,13.7787409758411,13.7787409758411,13.7787409758411,3.16831854518918,10.61042243065192,10--30\%
rv,ellor,tr,fusion,red,1,18.012097482308,18.012097482308,18.012097482308,18.012097482308,3.16831854518918,14.84377893711882,10--30\%
rv,ellor,tr,int,blue,1,47.3719447807462,47.3719447807462,47.3719447807462,47.3719447807462,3.16831854518918,44.20362623555702,>30\%
rv,ellor,tr,int,green,1,15.6448444678319,15.6448444678319,15.6448444678319,15.6448444678319,3.16831854518918,12.47652592264272,10--30\%
rv,ellor,tr,int,red,1,14.0817285974639,14.0817285974639,14.0817285974639,14.0817285974639,3.16831854518918,10.91341005227472,10--30\%
rv,ellor,tr,int,white,1,16.9970918552541,16.9970918552541,16.9970918552541,16.9970918552541,3.16831854518918,13.828773310064921,10--30\%
rv,ellor,wedm_f,FV,blue,1,26.2880656685141,26.2880656685141,26.2880656685141,26.2880656685141,19.078542038355,7.209523630159101,10--30\%
rv,ellor,wedm_f,FV,green,1,19.3420144265725,19.3420144265725,19.3420144265725,19.3420144265725,19.078542038355,0.26347238821750096,10--30\%
rv,ellor,wedm_f,FV,red,1,19.078542038355,19.078542038355,19.078542038355,19.078542038355,19.078542038355,0,10--30\%
rv,ellor,wedm_f,conf,blue,1,40.704135879576,40.704135879576,40.704135879576,40.704135879576,19.078542038355,21.625593841221,>30\%
rv,ellor,wedm_f,conf,green,1,41.7442608637662,41.7442608637662,41.7442608637662,41.7442608637662,19.078542038355,22.6657188254112,>30\%
rv,ellor,wedm_f,conf,red,1,41.44719329591,41.44719329591,41.44719329591,41.44719329591,19.078542038355,22.368651257554998,>30\%
rv,ellor,wedm_f,fusion,blue,1,44.8567156279249,44.8567156279249,44.8567156279249,44.8567156279249,19.078542038355,25.7781735895699,>30\%
rv,ellor,wedm_f,fusion,green,1,49.8957050044695,49.8957050044695,49.8957050044695,49.8957050044695,19.078542038355,30.8171629661145,>30\%
rv,ellor,wedm_f,fusion,red,1,54.8397792609756,54.8397792609756,54.8397792609756,54.8397792609756,19.078542038355,35.76123722262059,>30\%
rv,ellor,wedm_f,int,green,1,37.6475109945803,37.6475109945803,37.6475109945803,37.6475109945803,19.078542038355,18.5689689562253,>30\%
rv,ellor,wedm_f,int,red,1,48.4079722648506,48.4079722648506,48.4079722648506,48.4079722648506,19.078542038355,29.3294302264956,>30\%
rv,ellor,wedm_f,int,white,1,44.4612954779203,44.4612954779203,44.4612954779203,44.4612954779203,19.078542038355,25.382753439565303,>30\%
rv,ellor,wedm_r,FV,blue,1,4.10687354029742,4.10687354029742,4.10687354029742,4.10687354029742,1.32422906945746,2.7826444708399602,<10\%
rv,ellor,wedm_r,FV,green,1,1.32422906945746,1.32422906945746,1.32422906945746,1.32422906945746,1.32422906945746,0,<10\%
rv,ellor,wedm_r,FV,red,1,1.49853143159859,1.49853143159859,1.49853143159859,1.49853143159859,1.32422906945746,0.17430236214112993,<10\%
rv,ellor,wedm_r,conf,blue,1,18.0559925394849,18.0559925394849,18.0559925394849,18.0559925394849,1.32422906945746,16.731763470027442,10--30\%
rv,ellor,wedm_r,conf,green,1,23.6592950867976,23.6592950867976,23.6592950867976,23.6592950867976,1.32422906945746,22.33506601734014,10--30\%
rv,ellor,wedm_r,conf,red,1,23.3563916303207,23.3563916303207,23.3563916303207,23.3563916303207,1.32422906945746,22.03216256086324,10--30\%
rv,ellor,wedm_r,fusion,blue,1,19.4748330340112,19.4748330340112,19.4748330340112,19.4748330340112,1.32422906945746,18.150603964553742,10--30\%
rv,ellor,wedm_r,fusion,green,1,25.4284090720111,25.4284090720111,25.4284090720111,25.4284090720111,1.32422906945746,24.10418000255364,10--30\%
rv,ellor,wedm_r,fusion,red,1,28.9710403890898,28.9710403890898,28.9710403890898,28.9710403890898,1.32422906945746,27.64681131963234,10--30\%
rv,ellor,wedm_r,int,blue,1,39.7358211014809,39.7358211014809,39.7358211014809,39.7358211014809,1.32422906945746,38.41159203202344,>30\%
rv,ellor,wedm_r,int,green,1,8.56757043199827,8.56757043199827,8.56757043199827,8.56757043199827,1.32422906945746,7.24334136254081,<10\%
rv,ellor,wedm_r,int,red,1,34.5822787828053,34.5822787828053,34.5822787828053,34.5822787828053,1.32422906945746,33.25804971334784,>30\%
rv,ellor,wedm_r,int,white,1,28.8803138014041,28.8803138014041,28.8803138014041,28.8803138014041,1.32422906945746,27.55608473194664,10--30\%
rv,mo58a,b,FV,blue,2,637.8895699127149,637.8895699127149,514.5336960212669,761.245443804163,15.6619863021337,622.2275836105812,>100\%
rv,mo58a,b,FV,green,1,244.731681846841,244.731681846841,244.731681846841,244.731681846841,15.6619863021337,229.06969554470732,>100\%
rv,mo58a,b,FV,red,1,208.170355947638,208.170355947638,208.170355947638,208.170355947638,15.6619863021337,192.5083696455043,>100\%
rv,mo58a,b,conf,blue,1,391.556752544317,391.556752544317,391.556752544317,391.556752544317,15.6619863021337,375.8947662421833,>100\%
rv,mo58a,b,conf,green,1,409.955603962932,409.955603962932,409.955603962932,409.955603962932,15.6619863021337,394.2936176607983,>100\%
rv,mo58a,b,conf,red,1,483.60786710278,483.60786710278,483.60786710278,483.60786710278,15.6619863021337,467.9458808006463,>100\%
rv,mo58a,b,fusion,blue,1,508.33822288493,508.33822288493,508.33822288493,508.33822288493,15.6619863021337,492.6762365827963,>100\%
rv,mo58a,b,fusion,green,1,549.309150386723,549.309150386723,549.309150386723,549.309150386723,15.6619863021337,533.6471640845892,>100\%
rv,mo58a,b,fusion,red,1,680.198259989936,680.198259989936,680.198259989936,680.198259989936,15.6619863021337,664.5362736878022,>100\%
rv,mo58a,b,int,blue,1,162.52200608436,162.52200608436,162.52200608436,162.52200608436,15.6619863021337,146.8600197822263,>100\%
rv,mo58a,b,int,green,1,15.6619863021337,15.6619863021337,15.6619863021337,15.6619863021337,15.6619863021337,0,10--30\%
rv,mo58a,b,int,red,1,804.741496643604,804.741496643604,804.741496643604,804.741496643604,15.6619863021337,789.0795103414703,>100\%
rv,mo58a,gla,FV,blue,1,19.164156562944,19.164156562944,19.164156562944,19.164156562944,6.26169552808537,12.902461034858632,10--30\%
rv,mo58a,gla,FV,green,1,13.5951534412957,13.5951534412957,13.5951534412957,13.5951534412957,6.26169552808537,7.333457913210331,10--30\%
rv,mo58a,gla,FV,red,1,36.2750770623867,36.2750770623867,36.2750770623867,36.2750770623867,6.26169552808537,30.01338153430133,>30\%
rv,mo58a,gla,conf,blue,1,65.0313704854032,65.0313704854032,65.0313704854032,65.0313704854032,6.26169552808537,58.76967495731783,>30\%
rv,mo58a,gla,conf,green,1,155.518729086778,155.518729086778,155.518729086778,155.518729086778,6.26169552808537,149.25703355869263,>100\%
rv,mo58a,gla,conf,red,1,209.293608787994,209.293608787994,209.293608787994,209.293608787994,6.26169552808537,203.03191325990863,>100\%
rv,mo58a,gla,fusion,blue,1,83.8337153069778,83.8337153069778,83.8337153069778,83.8337153069778,6.26169552808537,77.57201977889243,>30\%
rv,mo58a,gla,fusion,green,1,193.696057568454,193.696057568454,193.696057568454,193.696057568454,6.26169552808537,187.43436204036863,>100\%
rv,mo58a,gla,fusion,red,1,299.698178123,299.698178123,299.698178123,299.698178123,6.26169552808537,293.4364825949146,>100\%
rv,mo58a,gla,int,blue,1,6.26169552808537,6.26169552808537,6.26169552808537,6.26169552808537,6.26169552808537,0,<10\%
rv,mo58a,gla,int,green,1,24.2449019207085,24.2449019207085,24.2449019207085,24.2449019207085,6.26169552808537,17.98320639262313,10--30\%
rv,mo58a,gla,int,red,1,22.4948795095871,22.4948795095871,22.4948795095871,22.4948795095871,6.26169552808537,16.233183981501732,10--30\%
rv,mo58a,gla,int,white,1,23.7675609704991,23.7675609704991,23.7675609704991,23.7675609704991,6.26169552808537,17.505865442413732,10--30\%
rv,mo58a,gri,FV,blue,1,16.6489587699181,16.6489587699181,16.6489587699181,16.6489587699181,1.31015047573054,15.33880829418756,10--30\%
rv,mo58a,gri,FV,green,1,13.962195137328,13.962195137328,13.962195137328,13.962195137328,1.31015047573054,12.652044661597461,10--30\%
rv,mo58a,gri,FV,red,1,32.0496227840029,32.0496227840029,32.0496227840029,32.0496227840029,1.31015047573054,30.739472308272358,>30\%
rv,mo58a,gri,conf,blue,1,19.7128930102509,19.7128930102509,19.7128930102509,19.7128930102509,1.31015047573054,18.40274253452036,10--30\%
rv,mo58a,gri,conf,green,1,37.9844129027292,37.9844129027292,37.9844129027292,37.9844129027292,1.31015047573054,36.67426242699866,>30\%
rv,mo58a,gri,conf,red,1,50.0427530954335,50.0427530954335,50.0427530954335,50.0427530954335,1.31015047573054,48.73260261970296,>30\%
rv,mo58a,gri,fusion,blue,1,40.6425456693804,40.6425456693804,40.6425456693804,40.6425456693804,1.31015047573054,39.33239519364986,>30\%
rv,mo58a,gri,fusion,green,1,62.7510102703514,62.7510102703514,62.7510102703514,62.7510102703514,1.31015047573054,61.44085979462086,>30\%
rv,mo58a,gri,fusion,red,1,79.5596605037524,79.5596605037524,79.5596605037524,79.5596605037524,1.31015047573054,78.24951002802186,>30\%
rv,mo58a,gri,int,blue,1,1.31015047573054,1.31015047573054,1.31015047573054,1.31015047573054,1.31015047573054,0,<10\%
rv,mo58a,gri,int,green,1,14.3881086829465,14.3881086829465,14.3881086829465,14.3881086829465,1.31015047573054,13.07795820721596,10--30\%
rv,mo58a,gri,int,red,1,10.14693789369,10.14693789369,10.14693789369,10.14693789369,1.31015047573054,8.83678741795946,10--30\%
rv,mo58a,gri,int,white,1,13.8582810604498,13.8582810604498,13.8582810604498,13.8582810604498,1.31015047573054,12.54813058471926,10--30\%
rv,mo58a,hon,FV,blue,1,0.762586841041325,0.762586841041325,0.762586841041325,0.762586841041325,0.762586841041325,0,<10\%
rv,mo58a,hon,FV,green,1,3.1423227967625,3.1423227967625,3.1423227967625,3.1423227967625,0.762586841041325,2.3797359557211752,<10\%
rv,mo58a,hon,FV,red,1,23.9663135035691,23.9663135035691,23.9663135035691,23.9663135035691,0.762586841041325,23.203726662527774,10--30\%
rv,mo58a,hon,conf,blue,1,11.1527272474858,11.1527272474858,11.1527272474858,11.1527272474858,0.762586841041325,10.390140406444475,10--30\%
rv,mo58a,hon,conf,green,1,43.9822305753573,43.9822305753573,43.9822305753573,43.9822305753573,0.762586841041325,43.21964373431597,>30\%
rv,mo58a,hon,conf,red,1,60.6834707138922,60.6834707138922,60.6834707138922,60.6834707138922,0.762586841041325,59.92088387285087,>30\%
rv,mo58a,hon,fusion,blue,1,28.1926124280519,28.1926124280519,28.1926124280519,28.1926124280519,0.762586841041325,27.430025587010572,10--30\%
rv,mo58a,hon,fusion,green,1,80.9282275547675,80.9282275547675,80.9282275547675,80.9282275547675,0.762586841041325,80.16564071372618,>30\%
rv,mo58a,hon,fusion,red,1,98.8986062193877,98.8986062193877,98.8986062193877,98.8986062193877,0.762586841041325,98.13601937834638,>30\%
rv,mo58a,hon,int,blue,1,13.0889824002486,13.0889824002486,13.0889824002486,13.0889824002486,0.762586841041325,12.326395559207276,10--30\%
rv,mo58a,hon,int,green,1,5.80148380768994,5.80148380768994,5.80148380768994,5.80148380768994,0.762586841041325,5.038896966648615,<10\%
rv,mo58a,hon,int,red,1,6.09832614831193,6.09832614831193,6.09832614831193,6.09832614831193,0.762586841041325,5.335739307270605,<10\%
rv,mo58a,hon,int,white,1,5.43152543648401,5.43152543648401,5.43152543648401,5.43152543648401,0.762586841041325,4.668938595442685,<10\%
rv,mo58a,mf,FV,blue,1,426.678924367745,426.678924367745,426.678924367745,426.678924367745,31.2741321145259,395.4047922532191,>100\%
rv,mo58a,mf,FV,green,1,129.113114290528,129.113114290528,129.113114290528,129.113114290528,31.2741321145259,97.83898217600209,>100\%
rv,mo58a,mf,FV,red,1,122.347774410276,122.347774410276,122.347774410276,122.347774410276,31.2741321145259,91.0736422957501,>100\%
rv,mo58a,mf,conf,blue,1,239.131218763611,239.131218763611,239.131218763611,239.131218763611,31.2741321145259,207.8570866490851,>100\%
rv,mo58a,mf,conf,green,1,277.275027678204,277.275027678204,277.275027678204,277.275027678204,31.2741321145259,246.0008955636781,>100\%
rv,mo58a,mf,conf,red,1,314.471236807613,314.471236807613,314.471236807613,314.471236807613,31.2741321145259,283.1971046930871,>100\%
rv,mo58a,mf,fusion,blue,1,318.468764499719,318.468764499719,318.468764499719,318.468764499719,31.2741321145259,287.1946323851931,>100\%
rv,mo58a,mf,fusion,green,1,366.15549153935,366.15549153935,366.15549153935,366.15549153935,31.2741321145259,334.8813594248241,>100\%
rv,mo58a,mf,fusion,red,1,446.997597317769,446.997597317769,446.997597317769,446.997597317769,31.2741321145259,415.7234652032431,>100\%
rv,mo58a,mf,int,blue,1,59.35405280629,59.35405280629,59.35405280629,59.35405280629,31.2741321145259,28.079920691764098,>30\%
rv,mo58a,mf,int,green,1,41.5062466857101,41.5062466857101,41.5062466857101,41.5062466857101,31.2741321145259,10.232114571184201,>30\%
rv,mo58a,mf,int,red,1,263.942598572699,263.942598572699,263.942598572699,263.942598572699,31.2741321145259,232.6684664581731,>100\%
rv,mo58a,mf,int,white,1,31.2741321145259,31.2741321145259,31.2741321145259,31.2741321145259,31.2741321145259,0,>30\%
rv,mo58a,mr,FV,blue,1,4.18880509733399,4.18880509733399,4.18880509733399,4.18880509733399,4.18880509733399,0,<10\%
rv,mo58a,mr,FV,green,1,54.804388133681,54.804388133681,54.804388133681,54.804388133681,4.18880509733399,50.61558303634701,>30\%
rv,mo58a,mr,FV,red,1,58.4261595533263,58.4261595533263,58.4261595533263,58.4261595533263,4.18880509733399,54.23735445599231,>30\%
rv,mo58a,mr,conf,blue,1,52.4514923826255,52.4514923826255,52.4514923826255,52.4514923826255,4.18880509733399,48.26268728529151,>30\%
rv,mo58a,mr,conf,green,1,48.0966352622526,48.0966352622526,48.0966352622526,48.0966352622526,4.18880509733399,43.90783016491861,>30\%
rv,mo58a,mr,conf,red,1,40.8096204263653,40.8096204263653,40.8096204263653,40.8096204263653,4.18880509733399,36.62081532903131,>30\%
rv,mo58a,mr,fusion,blue,1,40.4503156300498,40.4503156300498,40.4503156300498,40.4503156300498,4.18880509733399,36.26151053271581,>30\%
rv,mo58a,mr,fusion,green,1,32.1918221115162,32.1918221115162,32.1918221115162,32.1918221115162,4.18880509733399,28.003017014182213,>30\%
rv,mo58a,mr,fusion,red,1,23.5991936860688,23.5991936860688,23.5991936860688,23.5991936860688,4.18880509733399,19.41038858873481,10--30\%
rv,mo58a,mr,int,blue,1,52.5285357667927,52.5285357667927,52.5285357667927,52.5285357667927,4.18880509733399,48.33973066945871,>30\%
rv,mo58a,mr,int,green,1,72.583381828761,72.583381828761,72.583381828761,72.583381828761,4.18880509733399,68.39457673142701,>30\%
rv,mo58a,mr,int,red,1,66.9561157782528,66.9561157782528,66.9561157782528,66.9561157782528,4.18880509733399,62.767310680918804,>30\%
rv,mo58a,mr,int,white,1,72.9558968573899,72.9558968573899,72.9558968573899,72.9558968573899,4.18880509733399,68.7670917600559,>30\%
rv,mo58a,tf,FV,blue,1,50.3386910240979,50.3386910240979,50.3386910240979,50.3386910240979,33.6719277056952,16.6667633184027,>30\%
rv,mo58a,tf,FV,green,1,62.4977275612113,62.4977275612113,62.4977275612113,62.4977275612113,33.6719277056952,28.825799855516102,>30\%
rv,mo58a,tf,FV,red,1,61.3386941359471,61.3386941359471,61.3386941359471,61.3386941359471,33.6719277056952,27.666766430251904,>30\%
rv,mo58a,tf,conf,blue,1,57.4838073477512,57.4838073477512,57.4838073477512,57.4838073477512,33.6719277056952,23.811879642056006,>30\%
rv,mo58a,tf,conf,green,1,52.2846489670782,52.2846489670782,52.2846489670782,52.2846489670782,33.6719277056952,18.612721261383,>30\%
rv,mo58a,tf,conf,red,1,46.0419903459171,46.0419903459171,46.0419903459171,46.0419903459171,33.6719277056952,12.370062640221903,>30\%
rv,mo58a,tf,fusion,blue,1,50.2835204220681,50.2835204220681,50.2835204220681,50.2835204220681,33.6719277056952,16.611592716372904,>30\%
rv,mo58a,tf,fusion,green,1,41.9242778838032,41.9242778838032,41.9242778838032,41.9242778838032,33.6719277056952,8.252350178108003,>30\%
rv,mo58a,tf,fusion,red,1,33.6719277056952,33.6719277056952,33.6719277056952,33.6719277056952,33.6719277056952,0,>30\%
rv,mo58a,tf,int,blue,1,58.1787161287905,58.1787161287905,58.1787161287905,58.1787161287905,33.6719277056952,24.5067884230953,>30\%
rv,mo58a,tf,int,green,1,65.5702326654972,65.5702326654972,65.5702326654972,65.5702326654972,33.6719277056952,31.898304959802005,>30\%
rv,mo58a,tf,int,red,1,63.2658498968751,63.2658498968751,63.2658498968751,63.2658498968751,33.6719277056952,29.593922191179907,>30\%
rv,mo58a,tf,int,white,1,65.7235535968041,65.7235535968041,65.7235535968041,65.7235535968041,33.6719277056952,32.0516258911089,>30\%
rv,mo58a,tr,FV,blue,1,18.8256559982859,18.8256559982859,18.8256559982859,18.8256559982859,1.2029577241061,17.6226982741798,10--30\%
rv,mo58a,tr,FV,green,1,32.1939413294275,32.1939413294275,32.1939413294275,32.1939413294275,1.2029577241061,30.990983605321404,>30\%
rv,mo58a,tr,FV,red,1,30.1212419051806,30.1212419051806,30.1212419051806,30.1212419051806,1.2029577241061,28.9182841810745,>30\%
rv,mo58a,tr,conf,blue,1,30.1641317900304,30.1641317900304,30.1641317900304,30.1641317900304,1.2029577241061,28.9611740659243,>30\%
rv,mo58a,tr,conf,green,1,22.9374299294189,22.9374299294189,22.9374299294189,22.9374299294189,1.2029577241061,21.7344722053128,10--30\%
rv,mo58a,tr,conf,red,1,15.2713595868216,15.2713595868216,15.2713595868216,15.2713595868216,1.2029577241061,14.0684018627155,10--30\%
rv,mo58a,tr,fusion,blue,1,22.1196340200072,22.1196340200072,22.1196340200072,22.1196340200072,1.2029577241061,20.9166762959011,10--30\%
rv,mo58a,tr,fusion,green,1,9.82864905335666,9.82864905335666,9.82864905335666,9.82864905335666,1.2029577241061,8.62569132925056,<10\%
rv,mo58a,tr,fusion,red,1,1.2029577241061,1.2029577241061,1.2029577241061,1.2029577241061,1.2029577241061,0,<10\%
rv,mo58a,tr,int,blue,1,28.9267857919587,28.9267857919587,28.9267857919587,28.9267857919587,1.2029577241061,27.7238280678526,10--30\%
rv,mo58a,tr,int,green,1,38.076691638728,38.076691638728,38.076691638728,38.076691638728,1.2029577241061,36.8737339146219,>30\%
rv,mo58a,tr,int,red,1,33.3866800787115,33.3866800787115,33.3866800787115,33.3866800787115,1.2029577241061,32.1837223546054,>30\%
rv,mo58a,tr,int,white,1,37.9115957113468,37.9115957113468,37.9115957113468,37.9115957113468,1.2029577241061,36.7086379872407,>30\%
rv,mo58a,wedm_f,FV,blue,1,19.2883097711937,19.2883097711937,19.2883097711937,19.2883097711937,3.38289167164106,15.905418099552639,10--30\%
rv,mo58a,wedm_f,FV,green,1,4.50712271772689,4.50712271772689,4.50712271772689,4.50712271772689,3.38289167164106,1.1242310460858302,<10\%
rv,mo58a,wedm_f,FV,red,1,12.5151014162693,12.5151014162693,12.5151014162693,12.5151014162693,3.38289167164106,9.13220974462824,10--30\%
rv,mo58a,wedm_f,conf,blue,1,41.182298923969,41.182298923969,41.182298923969,41.182298923969,3.38289167164106,37.79940725232794,>30\%
rv,mo58a,wedm_f,conf,green,1,72.5412741217844,72.5412741217844,72.5412741217844,72.5412741217844,3.38289167164106,69.15838245014334,>30\%
rv,mo58a,wedm_f,conf,red,1,95.578687749557,95.578687749557,95.578687749557,95.578687749557,3.38289167164106,92.19579607791594,>30\%
rv,mo58a,wedm_f,fusion,blue,1,111.746164641515,111.746164641515,111.746164641515,111.746164641515,3.38289167164106,108.36327296987393,>100\%
rv,mo58a,wedm_f,fusion,green,1,139.849767545166,139.849767545166,139.849767545166,139.849767545166,3.38289167164106,136.46687587352494,>100\%
rv,mo58a,wedm_f,fusion,red,1,169.470289427984,169.470289427984,169.470289427984,169.470289427984,3.38289167164106,166.08739775634294,>100\%
rv,mo58a,wedm_f,int,blue,1,10.1268857990711,10.1268857990711,10.1268857990711,10.1268857990711,3.38289167164106,6.743994127430041,10--30\%
rv,mo58a,wedm_f,int,green,1,3.38289167164106,3.38289167164106,3.38289167164106,3.38289167164106,3.38289167164106,0,<10\%
rv,mo58a,wedm_f,int,red,1,7.19048752783102,7.19048752783102,7.19048752783102,7.19048752783102,3.38289167164106,3.80759585618996,<10\%
rv,mo58a,wedm_f,int,white,1,4.80516957716886,4.80516957716886,4.80516957716886,4.80516957716886,3.38289167164106,1.4222779055277996,<10\%
rv,mo58a,wedm_r,FV,blue,1,32.9880331201899,32.9880331201899,32.9880331201899,32.9880331201899,13.6061109634388,19.381922156751095,>30\%
rv,mo58a,wedm_r,FV,green,1,30.0970220134148,30.0970220134148,30.0970220134148,30.0970220134148,13.6061109634388,16.490911049976,>30\%
rv,mo58a,wedm_r,FV,red,1,22.5240987409353,22.5240987409353,22.5240987409353,22.5240987409353,13.6061109634388,8.917987777496501,10--30\%
rv,mo58a,wedm_r,conf,blue,1,21.964736042094,21.964736042094,21.964736042094,21.964736042094,13.6061109634388,8.3586250786552,10--30\%
rv,mo58a,wedm_r,conf,green,1,13.6061109634388,13.6061109634388,13.6061109634388,13.6061109634388,13.6061109634388,0,10--30\%
rv,mo58a,wedm_r,conf,red,1,34.0082432744556,34.0082432744556,34.0082432744556,34.0082432744556,13.6061109634388,20.4021323110168,>30\%
rv,mo58a,wedm_r,fusion,blue,1,13.6731990764258,13.6731990764258,13.6731990764258,13.6731990764258,13.6061109634388,0.06708811298699935,10--30\%
rv,mo58a,wedm_r,fusion,green,1,18.3851958623333,18.3851958623333,18.3851958623333,18.3851958623333,13.6061109634388,4.779084898894501,10--30\%
rv,mo58a,wedm_r,fusion,red,1,59.9858792900484,59.9858792900484,59.9858792900484,59.9858792900484,13.6061109634388,46.3797683266096,>30\%
rv,mo58a,wedm_r,int,blue,1,34.4482257604583,34.4482257604583,34.4482257604583,34.4482257604583,13.6061109634388,20.842114797019498,>30\%
rv,mo58a,wedm_r,int,green,1,23.9137211621507,23.9137211621507,23.9137211621507,23.9137211621507,13.6061109634388,10.3076101987119,10--30\%
rv,mo58a,wedm_r,int,red,1,23.996402557302,23.996402557302,23.996402557302,23.996402557302,13.6061109634388,10.390291593863202,10--30\%
rv,mo58a,wedm_r,int,white,1,23.5348995997339,23.5348995997339,23.5348995997339,23.5348995997339,13.6061109634388,9.928788636295101,10--30\%
rv,ti6al4v,b,FV,blue,1,215.01014219071,215.01014219071,215.01014219071,215.01014219071,69.9747209804277,145.03542121028232,>100\%
rv,ti6al4v,b,FV,green,1,100.147004499206,100.147004499206,100.147004499206,100.147004499206,69.9747209804277,30.1722835187783,>100\%
rv,ti6al4v,b,FV,red,1,69.9747209804277,69.9747209804277,69.9747209804277,69.9747209804277,69.9747209804277,0,>30\%
rv,ti6al4v,b,conf,blue,1,144.464152395997,144.464152395997,144.464152395997,144.464152395997,69.9747209804277,74.48943141556929,>100\%
rv,ti6al4v,b,conf,green,1,175.533259441892,175.533259441892,175.533259441892,175.533259441892,69.9747209804277,105.5585384614643,>100\%
rv,ti6al4v,b,conf,red,1,212.938522514913,212.938522514913,212.938522514913,212.938522514913,69.9747209804277,142.9638015344853,>100\%
rv,ti6al4v,b,fusion,blue,1,186.040814410823,186.040814410823,186.040814410823,186.040814410823,69.9747209804277,116.0660934303953,>100\%
rv,ti6al4v,b,fusion,green,1,211.008427592629,211.008427592629,211.008427592629,211.008427592629,69.9747209804277,141.03370661220129,>100\%
rv,ti6al4v,b,fusion,red,1,248.80673184030601,248.80673184030601,248.80673184030601,248.80673184030601,69.9747209804277,178.83201085987832,>100\%
rv,ti6al4v,b,int,blue,1,125.798444695021,125.798444695021,125.798444695021,125.798444695021,69.9747209804277,55.8237237145933,>100\%
rv,ti6al4v,b,int,green,1,106.014651656129,106.014651656129,106.014651656129,106.014651656129,69.9747209804277,36.0399306757013,>100\%
rv,ti6al4v,b,int,red,1,95.4843961253204,95.4843961253204,95.4843961253204,95.4843961253204,69.9747209804277,25.509675144892697,>30\%
rv,ti6al4v,b,int,white,1,97.8264458836049,97.8264458836049,97.8264458836049,97.8264458836049,69.9747209804277,27.8517249031772,>30\%
rv,ti6al4v,gla,FV,blue,1,16.8901105838008,16.8901105838008,16.8901105838008,16.8901105838008,0.182490901811497,16.707619681989303,10--30\%
rv,ti6al4v,gla,FV,green,1,0.182490901811497,0.182490901811497,0.182490901811497,0.182490901811497,0.182490901811497,0,<10\%
rv,ti6al4v,gla,FV,red,1,26.2779832820335,26.2779832820335,26.2779832820335,26.2779832820335,0.182490901811497,26.095492380222,10--30\%
rv,ti6al4v,gla,conf,blue,1,83.9721172366844,83.9721172366844,83.9721172366844,83.9721172366844,0.182490901811497,83.7896263348729,>30\%
rv,ti6al4v,gla,conf,green,1,137.301603119686,137.301603119686,137.301603119686,137.301603119686,0.182490901811497,137.11911221787452,>100\%
rv,ti6al4v,gla,conf,red,1,178.107382069089,178.107382069089,178.107382069089,178.107382069089,0.182490901811497,177.9248911672775,>100\%
rv,ti6al4v,gla,fusion,blue,1,137.151784356163,137.151784356163,137.151784356163,137.151784356163,0.182490901811497,136.96929345435152,>100\%
rv,ti6al4v,gla,fusion,green,1,207.44637125422,207.44637125422,207.44637125422,207.44637125422,0.182490901811497,207.2638803524085,>100\%
rv,ti6al4v,gla,fusion,red,1,294.531103857754,294.531103857754,294.531103857754,294.531103857754,0.182490901811497,294.3486129559425,>100\%
rv,ti6al4v,gla,int,blue,1,6.21756478541521,6.21756478541521,6.21756478541521,6.21756478541521,0.182490901811497,6.0350738836037126,<10\%
rv,ti6al4v,gla,int,green,1,17.5648472497883,17.5648472497883,17.5648472497883,17.5648472497883,0.182490901811497,17.382356347976803,10--30\%
rv,ti6al4v,gla,int,red,1,6.94251498564003,6.94251498564003,6.94251498564003,6.94251498564003,0.182490901811497,6.760024083828533,<10\%
rv,ti6al4v,gla,int,white,1,17.6757857255096,17.6757857255096,17.6757857255096,17.6757857255096,0.182490901811497,17.4932948236981,10--30\%
rv,ti6al4v,gri,FV,blue,1,166.808073526428,166.808073526428,166.808073526428,166.808073526428,124.950113612759,41.85795991366899,>100\%
rv,ti6al4v,gri,FV,green,1,124.950113612759,124.950113612759,124.950113612759,124.950113612759,124.950113612759,0,>100\%
rv,ti6al4v,gri,FV,red,1,135.119228953743,135.119228953743,135.119228953743,135.119228953743,124.950113612759,10.169115340984007,>100\%
rv,ti6al4v,gri,conf,blue,1,163.072066448563,163.072066448563,163.072066448563,163.072066448563,124.950113612759,38.121952835803995,>100\%
rv,ti6al4v,gri,conf,green,1,199.292803242556,199.292803242556,199.292803242556,199.292803242556,124.950113612759,74.34268962979701,>100\%
rv,ti6al4v,gri,conf,red,1,227.906341198671,227.906341198671,227.906341198671,227.906341198671,124.950113612759,102.95622758591199,>100\%
rv,ti6al4v,gri,fusion,blue,1,194.341415285488,194.341415285488,194.341415285488,194.341415285488,124.950113612759,69.39130167272901,>100\%
rv,ti6al4v,gri,fusion,green,1,247.838221820232,247.838221820232,247.838221820232,247.838221820232,124.950113612759,122.88810820747301,>100\%
rv,ti6al4v,gri,fusion,red,1,286.002627565962,286.002627565962,286.002627565962,286.002627565962,124.950113612759,161.05251395320298,>100\%
rv,ti6al4v,gri,int,blue,1,143.344986928267,143.344986928267,143.344986928267,143.344986928267,124.950113612759,18.394873315507994,>100\%
rv,ti6al4v,gri,int,green,1,128.723385729061,128.723385729061,128.723385729061,128.723385729061,124.950113612759,3.773272116301996,>100\%
rv,ti6al4v,gri,int,red,1,127.718906973012,127.718906973012,127.718906973012,127.718906973012,124.950113612759,2.7687933602529995,>100\%
rv,ti6al4v,gri,int,white,1,125.009170584385,125.009170584385,125.009170584385,125.009170584385,124.950113612759,0.059056971626006316,>100\%
rv,ti6al4v,hon,FV,blue,1,113.855492326479,113.855492326479,113.855492326479,113.855492326479,33.3788623265713,80.47662999990769,>100\%
rv,ti6al4v,hon,FV,green,1,84.1394430651516,84.1394430651516,84.1394430651516,84.1394430651516,33.3788623265713,50.760580738580295,>30\%
rv,ti6al4v,hon,FV,red,1,134.980724779523,134.980724779523,134.980724779523,134.980724779523,33.3788623265713,101.6018624529517,>100\%
rv,ti6al4v,hon,conf,blue,1,102.918854239718,102.918854239718,102.918854239718,102.918854239718,33.3788623265713,69.53999191314671,>100\%
rv,ti6al4v,hon,conf,green,1,169.013059663633,169.013059663633,169.013059663633,169.013059663633,33.3788623265713,135.6341973370617,>100\%
rv,ti6al4v,hon,conf,red,1,199.698393084052,199.698393084052,199.698393084052,199.698393084052,33.3788623265713,166.3195307574807,>100\%
rv,ti6al4v,hon,fusion,blue,1,164.086389826335,164.086389826335,164.086389826335,164.086389826335,33.3788623265713,130.7075274997637,>100\%
rv,ti6al4v,hon,fusion,green,1,254.746982807992,254.746982807992,254.746982807992,254.746982807992,33.3788623265713,221.3681204814207,>100\%
rv,ti6al4v,hon,fusion,red,1,279.208430453504,279.208430453504,279.208430453504,279.208430453504,33.3788623265713,245.82956812693268,>100\%
rv,ti6al4v,hon,int,blue,1,37.835620903297,37.835620903297,37.835620903297,37.835620903297,33.3788623265713,4.456758576725697,>30\%
rv,ti6al4v,hon,int,green,1,39.304763924556,39.304763924556,39.304763924556,39.304763924556,33.3788623265713,5.925901597984698,>30\%
rv,ti6al4v,hon,int,red,1,33.3788623265713,33.3788623265713,33.3788623265713,33.3788623265713,33.3788623265713,0,>30\%
rv,ti6al4v,hon,int,white,1,39.2589295959953,39.2589295959953,39.2589295959953,39.2589295959953,33.3788623265713,5.880067269423996,>30\%
rv,ti6al4v,mf,FV,blue,1,129.574459944299,129.574459944299,129.574459944299,129.574459944299,18.9176555619517,110.6568043823473,>100\%
rv,ti6al4v,mf,FV,green,1,42.9145655054038,42.9145655054038,42.9145655054038,42.9145655054038,18.9176555619517,23.9969099434521,>30\%
rv,ti6al4v,mf,FV,red,1,48.0272934897086,48.0272934897086,48.0272934897086,48.0272934897086,18.9176555619517,29.109637927756896,>30\%
rv,ti6al4v,mf,conf,blue,1,69.6448113543919,69.6448113543919,69.6448113543919,69.6448113543919,18.9176555619517,50.7271557924402,>30\%
rv,ti6al4v,mf,conf,green,1,115.529108090019,115.529108090019,115.529108090019,115.529108090019,18.9176555619517,96.61145252806729,>100\%
rv,ti6al4v,mf,conf,red,1,149.253792072724,149.253792072724,149.253792072724,149.253792072724,18.9176555619517,130.3361365107723,>100\%
rv,ti6al4v,mf,fusion,blue,1,105.312260236837,105.312260236837,105.312260236837,105.312260236837,18.9176555619517,86.3946046748853,>100\%
rv,ti6al4v,mf,fusion,green,1,156.966153796376,156.966153796376,156.966153796376,156.966153796376,18.9176555619517,138.0484982344243,>100\%
rv,ti6al4v,mf,fusion,red,1,199.973535180069,199.973535180069,199.973535180069,199.973535180069,18.9176555619517,181.0558796181173,>100\%
rv,ti6al4v,mf,int,blue,1,36.1712272377962,36.1712272377962,36.1712272377962,36.1712272377962,18.9176555619517,17.2535716758445,>30\%
rv,ti6al4v,mf,int,green,1,18.9176555619517,18.9176555619517,18.9176555619517,18.9176555619517,18.9176555619517,0,10--30\%
rv,ti6al4v,mf,int,red,1,31.0118501802635,31.0118501802635,31.0118501802635,31.0118501802635,18.9176555619517,12.0941946183118,>30\%
rv,ti6al4v,mf,int,white,1,19.3369884533113,19.3369884533113,19.3369884533113,19.3369884533113,18.9176555619517,0.4193328913595984,10--30\%
rv,ti6al4v,mr,FV,blue,1,52.4096562477382,52.4096562477382,52.4096562477382,52.4096562477382,3.321838720959,49.0878175267792,>30\%
rv,ti6al4v,mr,FV,green,1,24.3465217587296,24.3465217587296,24.3465217587296,24.3465217587296,3.321838720959,21.0246830377706,10--30\%
rv,ti6al4v,mr,FV,red,1,26.5225117785291,26.5225117785291,26.5225117785291,26.5225117785291,3.321838720959,23.2006730575701,10--30\%
rv,ti6al4v,mr,conf,blue,1,11.1717903059042,11.1717903059042,11.1717903059042,11.1717903059042,3.321838720959,7.849951584945199,10--30\%
rv,ti6al4v,mr,conf,green,1,3.321838720959,3.321838720959,3.321838720959,3.321838720959,3.321838720959,0,<10\%
rv,ti6al4v,mr,conf,red,1,19.867183787765,19.867183787765,19.867183787765,19.867183787765,3.321838720959,16.545345066806,10--30\%
rv,ti6al4v,mr,fusion,blue,1,14.7914920375354,14.7914920375354,14.7914920375354,14.7914920375354,3.321838720959,11.4696533165764,10--30\%
rv,ti6al4v,mr,fusion,green,1,34.4811684437198,34.4811684437198,34.4811684437198,34.4811684437198,3.321838720959,31.159329722760802,>30\%
rv,ti6al4v,mr,fusion,red,1,56.5133535765683,56.5133535765683,56.5133535765683,56.5133535765683,3.321838720959,53.1915148556093,>30\%
rv,ti6al4v,mr,int,blue,1,20.0170015934567,20.0170015934567,20.0170015934567,20.0170015934567,3.321838720959,16.6951628724977,10--30\%
rv,ti6al4v,mr,int,green,1,56.7248943519402,56.7248943519402,56.7248943519402,56.7248943519402,3.321838720959,53.4030556309812,>30\%
rv,ti6al4v,mr,int,red,1,54.7661563399838,54.7661563399838,54.7661563399838,54.7661563399838,3.321838720959,51.4443176190248,>30\%
rv,ti6al4v,mr,int,white,1,58.0082377630867,58.0082377630867,58.0082377630867,58.0082377630867,3.321838720959,54.6863990421277,>30\%
rv,ti6al4v,tf,FV,blue,1,2.22163614977709,2.22163614977709,2.22163614977709,2.22163614977709,1.1830492532853,1.03858689649179,<10\%
rv,ti6al4v,tf,FV,green,1,13.9400271303799,13.9400271303799,13.9400271303799,13.9400271303799,1.1830492532853,12.756977877094599,10--30\%
rv,ti6al4v,tf,FV,red,1,5.87613868434354,5.87613868434354,5.87613868434354,5.87613868434354,1.1830492532853,4.69308943105824,<10\%
rv,ti6al4v,tf,conf,blue,1,11.4171133713438,11.4171133713438,11.4171133713438,11.4171133713438,1.1830492532853,10.2340641180585,10--30\%
rv,ti6al4v,tf,conf,green,1,1.1830492532853,1.1830492532853,1.1830492532853,1.1830492532853,1.1830492532853,0,<10\%
rv,ti6al4v,tf,conf,red,1,21.4374934304074,21.4374934304074,21.4374934304074,21.4374934304074,1.1830492532853,20.2544441771221,10--30\%
rv,ti6al4v,tf,fusion,blue,1,2.73855544266972,2.73855544266972,2.73855544266972,2.73855544266972,1.1830492532853,1.5555061893844198,<10\%
rv,ti6al4v,tf,fusion,green,1,20.4705867671186,20.4705867671186,20.4705867671186,20.4705867671186,1.1830492532853,19.2875375138333,10--30\%
rv,ti6al4v,tf,fusion,red,1,44.3539062621011,44.3539062621011,44.3539062621011,44.3539062621011,1.1830492532853,43.1708570088158,>30\%
rv,ti6al4v,tf,int,blue,1,20.9676984299346,20.9676984299346,20.9676984299346,20.9676984299346,1.1830492532853,19.7846491766493,10--30\%
rv,ti6al4v,tf,int,green,1,29.1585779449332,29.1585779449332,29.1585779449332,29.1585779449332,1.1830492532853,27.9755286916479,10--30\%
rv,ti6al4v,tf,int,red,1,2.7576724970521,2.7576724970521,2.7576724970521,2.7576724970521,1.1830492532853,1.5746232437667997,<10\%
rv,ti6al4v,tf,int,white,1,29.1775140176812,29.1775140176812,29.1775140176812,29.1775140176812,1.1830492532853,27.9944647643959,10--30\%
rv,ti6al4v,tr,FV,blue,1,58.5883044122412,58.5883044122412,58.5883044122412,58.5883044122412,17.3590234312044,41.2292809810368,>30\%
rv,ti6al4v,tr,FV,green,1,63.0641456138336,63.0641456138336,63.0641456138336,63.0641456138336,17.3590234312044,45.705122182629204,>30\%
rv,ti6al4v,tr,FV,red,1,59.208922341593,59.208922341593,59.208922341593,59.208922341593,17.3590234312044,41.8498989103886,>30\%
rv,ti6al4v,tr,conf,blue,1,56.8808822725192,56.8808822725192,56.8808822725192,56.8808822725192,17.3590234312044,39.5218588413148,>30\%
rv,ti6al4v,tr,conf,green,1,42.5945969182691,42.5945969182691,42.5945969182691,42.5945969182691,17.3590234312044,25.2355734870647,>30\%
rv,ti6al4v,tr,conf,red,1,32.3081196666451,32.3081196666451,32.3081196666451,32.3081196666451,17.3590234312044,14.949096235440699,>30\%
rv,ti6al4v,tr,fusion,blue,1,47.2919149143829,47.2919149143829,47.2919149143829,47.2919149143829,17.3590234312044,29.9328914831785,>30\%
rv,ti6al4v,tr,fusion,green,1,28.4346160181644,28.4346160181644,28.4346160181644,28.4346160181644,17.3590234312044,11.075592586960003,10--30\%
rv,ti6al4v,tr,fusion,red,1,17.3590234312044,17.3590234312044,17.3590234312044,17.3590234312044,17.3590234312044,0,10--30\%
rv,ti6al4v,tr,int,blue,1,40.3754089206252,40.3754089206252,40.3754089206252,40.3754089206252,17.3590234312044,23.0163854894208,>30\%
rv,ti6al4v,tr,int,green,1,64.5270921606482,64.5270921606482,64.5270921606482,64.5270921606482,17.3590234312044,47.168068729443796,>30\%
rv,ti6al4v,tr,int,red,1,61.6091040019581,61.6091040019581,61.6091040019581,61.6091040019581,17.3590234312044,44.2500805707537,>30\%
rv,ti6al4v,tr,int,white,1,65.7935000186965,65.7935000186965,65.7935000186965,65.7935000186965,17.3590234312044,48.43447658749211,>30\%
rv,ti6al4v,wedm_f,FV,blue,1,70.1027441427485,70.1027441427485,70.1027441427485,70.1027441427485,7.57670833288171,62.5260358098668,>30\%
rv,ti6al4v,wedm_f,FV,green,1,40.9701199781525,40.9701199781525,40.9701199781525,40.9701199781525,7.57670833288171,33.393411645270795,>30\%
rv,ti6al4v,wedm_f,FV,red,1,80.597250580859,80.597250580859,80.597250580859,80.597250580859,7.57670833288171,73.02054224797729,>30\%
rv,ti6al4v,wedm_f,conf,blue,1,119.016086911746,119.016086911746,119.016086911746,119.016086911746,7.57670833288171,111.4393785788643,>100\%
rv,ti6al4v,wedm_f,conf,green,1,161.479039593156,161.479039593156,161.479039593156,161.479039593156,7.57670833288171,153.90233126027428,>100\%
rv,ti6al4v,wedm_f,conf,red,1,190.365355460878,190.365355460878,190.365355460878,190.365355460878,7.57670833288171,182.78864712799628,>100\%
rv,ti6al4v,wedm_f,fusion,blue,1,206.783344171966,206.783344171966,206.783344171966,206.783344171966,7.57670833288171,199.2066358390843,>100\%
rv,ti6al4v,wedm_f,fusion,green,1,262.807020071656,262.807020071656,262.807020071656,262.807020071656,7.57670833288171,255.23031173877428,>100\%
rv,ti6al4v,wedm_f,fusion,red,1,295.280365346958,295.280365346958,295.280365346958,295.280365346958,7.57670833288171,287.70365701407627,>100\%
rv,ti6al4v,wedm_f,int,blue,1,13.8050996557453,13.8050996557453,13.8050996557453,13.8050996557453,7.57670833288171,6.22839132286359,10--30\%
rv,ti6al4v,wedm_f,int,green,1,7.61905265304084,7.61905265304084,7.61905265304084,7.61905265304084,7.57670833288171,0.042344320159130255,<10\%
rv,ti6al4v,wedm_f,int,red,1,7.57670833288171,7.57670833288171,7.57670833288171,7.57670833288171,7.57670833288171,0,<10\%
rv,ti6al4v,wedm_f,int,white,1,8.20582553513141,8.20582553513141,8.20582553513141,8.20582553513141,7.57670833288171,0.6291172022497005,<10\%
rv,ti6al4v,wedm_r,FV,blue,1,11.3419900024691,11.3419900024691,11.3419900024691,11.3419900024691,0.865456114910793,10.476533887558306,10--30\%
rv,ti6al4v,wedm_r,FV,green,1,9.0334154791971,9.0334154791971,9.0334154791971,9.0334154791971,0.865456114910793,8.167959364286306,<10\%
rv,ti6al4v,wedm_r,FV,red,1,3.8665599607284,3.8665599607284,3.8665599607284,3.8665599607284,0.865456114910793,3.001103845817607,<10\%
rv,ti6al4v,wedm_r,conf,blue,1,25.8551439206009,25.8551439206009,25.8551439206009,25.8551439206009,0.865456114910793,24.989687805690107,10--30\%
rv,ti6al4v,wedm_r,conf,green,1,78.2794700613764,78.2794700613764,78.2794700613764,78.2794700613764,0.865456114910793,77.4140139464656,>30\%
rv,ti6al4v,wedm_r,conf,red,1,127.36203970069,127.36203970069,127.36203970069,127.36203970069,0.865456114910793,126.4965835857792,>100\%
rv,ti6al4v,wedm_r,fusion,blue,1,108.551268436353,108.551268436353,108.551268436353,108.551268436353,0.865456114910793,107.6858123214422,>100\%
rv,ti6al4v,wedm_r,fusion,green,1,237.496705245693,237.496705245693,237.496705245693,237.496705245693,0.865456114910793,236.6312491307822,>100\%
rv,ti6al4v,wedm_r,fusion,red,1,284.671943753145,284.671943753145,284.671943753145,284.671943753145,0.865456114910793,283.8064876382342,>100\%
rv,ti6al4v,wedm_r,int,blue,1,26.4514342116218,26.4514342116218,26.4514342116218,26.4514342116218,0.865456114910793,25.58597809671101,10--30\%
rv,ti6al4v,wedm_r,int,green,1,0.865456114910793,0.865456114910793,0.865456114910793,0.865456114910793,0.865456114910793,0,<10\%
rv,ti6al4v,wedm_r,int,red,1,1.41770233035849,1.41770233035849,1.41770233035849,1.41770233035849,0.865456114910793,0.5522462154476969,<10\%
rv,ti6al4v,wedm_r,int,white,1,1.40353497868443,1.40353497868443,1.40353497868443,1.40353497868443,0.865456114910793,0.538078863773637,<10\%
rz,14301,b,FV,blue,1,283.140776954136,283.140776954136,283.140776954136,283.140776954136,19.2933525337515,263.8474244203845,>100\%
rz,14301,b,FV,green,1,102.68520501203,102.68520501203,102.68520501203,102.68520501203,19.2933525337515,83.3918524782785,>100\%
rz,14301,b,FV,red,1,130.667716246616,130.667716246616,130.667716246616,130.667716246616,19.2933525337515,111.37436371286451,>100\%
rz,14301,b,conf,blue,1,175.391019559717,175.391019559717,175.391019559717,175.391019559717,19.2933525337515,156.0976670259655,>100\%
rz,14301,b,conf,green,1,198.450310402213,198.450310402213,198.450310402213,198.450310402213,19.2933525337515,179.15695786846152,>100\%
rz,14301,b,conf,red,1,263.167104955923,263.167104955923,263.167104955923,263.167104955923,19.2933525337515,243.8737524221715,>100\%
rz,14301,b,fusion,blue,1,272.29687590265,272.29687590265,272.29687590265,272.29687590265,19.2933525337515,253.00352336889853,>100\%
rz,14301,b,fusion,green,1,290.182187638158,290.182187638158,290.182187638158,290.182187638158,19.2933525337515,270.8888351044065,>100\%
rz,14301,b,fusion,red,1,375.068501790742,375.068501790742,375.068501790742,375.068501790742,19.2933525337515,355.7751492569905,>100\%
rz,14301,b,int,blue,1,158.501433120859,158.501433120859,158.501433120859,158.501433120859,19.2933525337515,139.2080805871075,>100\%
rz,14301,b,int,green,1,19.2933525337515,19.2933525337515,19.2933525337515,19.2933525337515,19.2933525337515,0,10--30\%
rz,14301,b,int,red,1,176.429323630726,176.429323630726,176.429323630726,176.429323630726,19.2933525337515,157.13597109697452,>100\%
rz,14301,b,int,white,1,24.2185181279699,24.2185181279699,24.2185181279699,24.2185181279699,19.2933525337515,4.925165594218402,10--30\%
rz,14301,gla,FV,blue,1,10.3120568226171,10.3120568226171,10.3120568226171,10.3120568226171,6.14167796481887,4.17037885779823,10--30\%
rz,14301,gla,FV,green,1,14.8178479010419,14.8178479010419,14.8178479010419,14.8178479010419,6.14167796481887,8.67616993622303,10--30\%
rz,14301,gla,FV,red,1,6.14167796481887,6.14167796481887,6.14167796481887,6.14167796481887,6.14167796481887,0,<10\%
rz,14301,gla,conf,blue,1,48.2065876987457,48.2065876987457,48.2065876987457,48.2065876987457,6.14167796481887,42.06490973392683,>30\%
rz,14301,gla,conf,green,1,62.7643052645234,62.7643052645234,62.7643052645234,62.7643052645234,6.14167796481887,56.62262729970453,>30\%
rz,14301,gla,conf,red,1,76.4046197877052,76.4046197877052,76.4046197877052,76.4046197877052,6.14167796481887,70.26294182288633,>30\%
rz,14301,gla,fusion,blue,1,120.097450659495,120.097450659495,120.097450659495,120.097450659495,6.14167796481887,113.95577269467613,>100\%
rz,14301,gla,fusion,green,1,131.978537733642,131.978537733642,131.978537733642,131.978537733642,6.14167796481887,125.83685976882315,>100\%
rz,14301,gla,fusion,red,1,159.348874703942,159.348874703942,159.348874703942,159.348874703942,6.14167796481887,153.2071967391231,>100\%
rz,14301,gla,int,blue,1,19.7010846066829,19.7010846066829,19.7010846066829,19.7010846066829,6.14167796481887,13.559406641864031,10--30\%
rz,14301,gla,int,green,1,30.1312880622239,30.1312880622239,30.1312880622239,30.1312880622239,6.14167796481887,23.989610097405027,>30\%
rz,14301,gla,int,red,1,30.6944550838307,30.6944550838307,30.6944550838307,30.6944550838307,6.14167796481887,24.55277711901183,>30\%
rz,14301,gla,int,white,1,30.8169321096029,30.8169321096029,30.8169321096029,30.8169321096029,6.14167796481887,24.675254144784027,>30\%
rz,14301,gri,FV,blue,1,38.6083086083288,38.6083086083288,38.6083086083288,38.6083086083288,0.589584479237993,38.018724129090806,>30\%
rz,14301,gri,FV,green,1,17.3288881353225,17.3288881353225,17.3288881353225,17.3288881353225,0.589584479237993,16.73930365608451,10--30\%
rz,14301,gri,FV,red,1,40.8904179157513,40.8904179157513,40.8904179157513,40.8904179157513,0.589584479237993,40.30083343651331,>30\%
rz,14301,gri,conf,blue,1,19.8546015338111,19.8546015338111,19.8546015338111,19.8546015338111,0.589584479237993,19.265017054573107,10--30\%
rz,14301,gri,conf,green,1,21.4354699368636,21.4354699368636,21.4354699368636,21.4354699368636,0.589584479237993,20.84588545762561,10--30\%
rz,14301,gri,conf,red,1,29.8328690789079,29.8328690789079,29.8328690789079,29.8328690789079,0.589584479237993,29.24328459966991,10--30\%
rz,14301,gri,fusion,blue,1,64.3265298326973,64.3265298326973,64.3265298326973,64.3265298326973,0.589584479237993,63.73694535345931,>30\%
rz,14301,gri,fusion,green,1,47.7333248209205,47.7333248209205,47.7333248209205,47.7333248209205,0.589584479237993,47.14374034168251,>30\%
rz,14301,gri,fusion,red,1,57.8881750837558,57.8881750837558,57.8881750837558,57.8881750837558,0.589584479237993,57.298590604517806,>30\%
rz,14301,gri,int,blue,1,0.589584479237993,0.589584479237993,0.589584479237993,0.589584479237993,0.589584479237993,0,<10\%
rz,14301,gri,int,green,1,6.25438925985604,6.25438925985604,6.25438925985604,6.25438925985604,0.589584479237993,5.664804780618048,<10\%
rz,14301,gri,int,red,1,0.996499127057507,0.996499127057507,0.996499127057507,0.996499127057507,0.589584479237993,0.40691464781951403,<10\%
rz,14301,gri,int,white,1,7.1912633599787,7.1912633599787,7.1912633599787,7.1912633599787,0.589584479237993,6.601678880740708,<10\%
rz,14301,hon,FV,blue,1,15.3086889309123,15.3086889309123,15.3086889309123,15.3086889309123,0.0803024428378078,15.228386488074493,10--30\%
rz,14301,hon,FV,green,1,27.0207763065133,27.0207763065133,27.0207763065133,27.0207763065133,0.0803024428378078,26.940473863675493,10--30\%
rz,14301,hon,FV,red,1,66.7439011339853,66.7439011339853,66.7439011339853,66.7439011339853,0.0803024428378078,66.6635986911475,>30\%
rz,14301,hon,conf,blue,1,14.5152502597965,14.5152502597965,14.5152502597965,14.5152502597965,0.0803024428378078,14.434947816958694,10--30\%
rz,14301,hon,conf,green,1,34.0911758100905,34.0911758100905,34.0911758100905,34.0911758100905,0.0803024428378078,34.01087336725269,>30\%
rz,14301,hon,conf,red,1,47.5086715071719,47.5086715071719,47.5086715071719,47.5086715071719,0.0803024428378078,47.42836906433409,>30\%
rz,14301,hon,fusion,blue,1,83.4324953590122,83.4324953590122,83.4324953590122,83.4324953590122,0.0803024428378078,83.35219291617439,>30\%
rz,14301,hon,fusion,green,1,88.9391875857116,88.9391875857116,88.9391875857116,88.9391875857116,0.0803024428378078,88.85888514287379,>30\%
rz,14301,hon,fusion,red,1,100.720060933435,100.720060933435,100.720060933435,100.720060933435,0.0803024428378078,100.63975849059719,>100\%
rz,14301,hon,int,blue,1,16.6074358999918,16.6074358999918,16.6074358999918,16.6074358999918,0.0803024428378078,16.52713345715399,10--30\%
rz,14301,hon,int,green,1,0.0803024428378078,0.0803024428378078,0.0803024428378078,0.0803024428378078,0.0803024428378078,0,<10\%
rz,14301,hon,int,red,1,6.06447016706019,6.06447016706019,6.06447016706019,6.06447016706019,0.0803024428378078,5.984167724222382,<10\%
rz,14301,hon,int,white,1,0.580321459391406,0.580321459391406,0.580321459391406,0.580321459391406,0.0803024428378078,0.5000190165535983,<10\%
rz,14301,mf,FV,blue,1,141.45253265238,141.45253265238,141.45253265238,141.45253265238,10.760344045869,130.692188606511,>100\%
rz,14301,mf,FV,green,1,53.6621673045492,53.6621673045492,53.6621673045492,53.6621673045492,10.760344045869,42.9018232586802,>30\%
rz,14301,mf,FV,red,1,66.776749793736,66.776749793736,66.776749793736,66.776749793736,10.760344045869,56.016405747867005,>30\%
rz,14301,mf,conf,blue,1,92.9327578504776,92.9327578504776,92.9327578504776,92.9327578504776,10.760344045869,82.1724138046086,>30\%
rz,14301,mf,conf,green,1,125.550631714435,125.550631714435,125.550631714435,125.550631714435,10.760344045869,114.790287668566,>100\%
rz,14301,mf,conf,red,1,161.971818647478,161.971818647478,161.971818647478,161.971818647478,10.760344045869,151.21147460160898,>100\%
rz,14301,mf,fusion,blue,1,127.677805979373,127.677805979373,127.677805979373,127.677805979373,10.760344045869,116.917461933504,>100\%
rz,14301,mf,fusion,green,1,185.817162181301,185.817162181301,185.817162181301,185.817162181301,10.760344045869,175.056818135432,>100\%
rz,14301,mf,fusion,red,1,230.557878103033,230.557878103033,230.557878103033,230.557878103033,10.760344045869,219.797534057164,>100\%
rz,14301,mf,int,blue,1,183.450703171602,183.450703171602,183.450703171602,183.450703171602,10.760344045869,172.69035912573298,>100\%
rz,14301,mf,int,green,1,12.5030011858558,12.5030011858558,12.5030011858558,12.5030011858558,10.760344045869,1.7426571399868003,10--30\%
rz,14301,mf,int,red,1,65.9498595565546,65.9498595565546,65.9498595565546,65.9498595565546,10.760344045869,55.1895155106856,>30\%
rz,14301,mf,int,white,1,10.760344045869,10.760344045869,10.760344045869,10.760344045869,10.760344045869,0,10--30\%
rz,14301,mr,FV,blue,1,58.797922765841,58.797922765841,58.797922765841,58.797922765841,40.2071197249728,18.590803040868202,>30\%
rz,14301,mr,FV,green,1,72.1248704645161,72.1248704645161,72.1248704645161,72.1248704645161,40.2071197249728,31.917750739543308,>30\%
rz,14301,mr,FV,red,1,72.4087517918494,72.4087517918494,72.4087517918494,72.4087517918494,40.2071197249728,32.2016320668766,>30\%
rz,14301,mr,conf,blue,1,74.0433878545507,74.0433878545507,74.0433878545507,74.0433878545507,40.2071197249728,33.8362681295779,>30\%
rz,14301,mr,conf,green,1,68.9420193980718,68.9420193980718,68.9420193980718,68.9420193980718,40.2071197249728,28.734899673099008,>30\%
rz,14301,mr,conf,red,1,63.3094226723666,63.3094226723666,63.3094226723666,63.3094226723666,40.2071197249728,23.102302947393802,>30\%
rz,14301,mr,fusion,blue,1,69.1209966913201,69.1209966913201,69.1209966913201,69.1209966913201,40.2071197249728,28.913876966347303,>30\%
rz,14301,mr,fusion,green,1,64.0660951671032,64.0660951671032,64.0660951671032,64.0660951671032,40.2071197249728,23.8589754421304,>30\%
rz,14301,mr,fusion,red,1,58.5364202728805,58.5364202728805,58.5364202728805,58.5364202728805,40.2071197249728,18.3293005479077,>30\%
rz,14301,mr,int,blue,1,40.2071197249728,40.2071197249728,40.2071197249728,40.2071197249728,40.2071197249728,0,>30\%
rz,14301,mr,int,green,1,84.8468311593401,84.8468311593401,84.8468311593401,84.8468311593401,40.2071197249728,44.6397114343673,>30\%
rz,14301,mr,int,red,1,49.1722983255395,49.1722983255395,49.1722983255395,49.1722983255395,40.2071197249728,8.965178600566702,>30\%
rz,14301,mr,int,white,1,85.9300066414111,85.9300066414111,85.9300066414111,85.9300066414111,40.2071197249728,45.7228869164383,>30\%
rz,14301,tf,FV,blue,1,40.2084925381864,40.2084925381864,40.2084925381864,40.2084925381864,30.0234385152586,10.185054022927797,>30\%
rz,14301,tf,FV,green,1,34.3301687025624,34.3301687025624,34.3301687025624,34.3301687025624,30.0234385152586,4.306730187303803,>30\%
rz,14301,tf,FV,red,1,39.9944507739174,39.9944507739174,39.9944507739174,39.9944507739174,30.0234385152586,9.9710122586588,>30\%
rz,14301,tf,conf,blue,1,44.8990392732787,44.8990392732787,44.8990392732787,44.8990392732787,30.0234385152586,14.875600758020102,>30\%
rz,14301,tf,conf,green,1,42.4905972357357,42.4905972357357,42.4905972357357,42.4905972357357,30.0234385152586,12.467158720477098,>30\%
rz,14301,tf,conf,red,1,40.3933196065264,40.3933196065264,40.3933196065264,40.3933196065264,30.0234385152586,10.369881091267796,>30\%
rz,14301,tf,fusion,blue,1,36.7259697571928,36.7259697571928,36.7259697571928,36.7259697571928,30.0234385152586,6.702531241934199,>30\%
rz,14301,tf,fusion,green,1,33.2459854398592,33.2459854398592,33.2459854398592,33.2459854398592,30.0234385152586,3.2225469246005964,>30\%
rz,14301,tf,fusion,red,1,30.1258804930235,30.1258804930235,30.1258804930235,30.1258804930235,30.0234385152586,0.10244197776490083,>30\%
rz,14301,tf,int,blue,1,30.0234385152586,30.0234385152586,30.0234385152586,30.0234385152586,30.0234385152586,0,>30\%
rz,14301,tf,int,green,1,60.7879105673676,60.7879105673676,60.7879105673676,60.7879105673676,30.0234385152586,30.764472052108996,>30\%
rz,14301,tf,int,red,1,47.52409602027,47.52409602027,47.52409602027,47.52409602027,30.0234385152586,17.5006575050114,>30\%
rz,14301,tf,int,white,1,61.5126782826521,61.5126782826521,61.5126782826521,61.5126782826521,30.0234385152586,31.489239767393496,>30\%
rz,14301,tr,FV,blue,1,26.6681007251832,26.6681007251832,26.6681007251832,26.6681007251832,26.6681007251832,0,10--30\%
rz,14301,tr,FV,green,1,49.2778933213621,49.2778933213621,49.2778933213621,49.2778933213621,26.6681007251832,22.6097925961789,>30\%
rz,14301,tr,FV,red,1,50.3735426256344,50.3735426256344,50.3735426256344,50.3735426256344,26.6681007251832,23.7054419004512,>30\%
rz,14301,tr,conf,blue,1,45.717175304145,45.717175304145,45.717175304145,45.717175304145,26.6681007251832,19.0490745789618,>30\%
rz,14301,tr,conf,green,1,42.6302920668621,42.6302920668621,42.6302920668621,42.6302920668621,26.6681007251832,15.962191341678896,>30\%
rz,14301,tr,conf,red,1,40.5398311936737,40.5398311936737,40.5398311936737,40.5398311936737,26.6681007251832,13.871730468490497,>30\%
rz,14301,tr,fusion,blue,1,38.4492105072159,38.4492105072159,38.4492105072159,38.4492105072159,26.6681007251832,11.7811097820327,>30\%
rz,14301,tr,fusion,green,1,33.7701049924918,33.7701049924918,33.7701049924918,33.7701049924918,26.6681007251832,7.102004267308601,>30\%
rz,14301,tr,fusion,red,1,30.5035778359542,30.5035778359542,30.5035778359542,30.5035778359542,26.6681007251832,3.8354771107709986,>30\%
rz,14301,tr,int,blue,1,34.7817085475198,34.7817085475198,34.7817085475198,34.7817085475198,26.6681007251832,8.113607822336597,>30\%
rz,14301,tr,int,green,1,51.5379150904784,51.5379150904784,51.5379150904784,51.5379150904784,26.6681007251832,24.8698143652952,>30\%
rz,14301,tr,int,red,1,43.4741048718534,43.4741048718534,43.4741048718534,43.4741048718534,26.6681007251832,16.806004146670197,>30\%
rz,14301,tr,int,white,1,51.5546850039725,51.5546850039725,51.5546850039725,51.5546850039725,26.6681007251832,24.8865842787893,>30\%
rz,14301,wedm_f,FV,blue,1,26.8854827104159,26.8854827104159,26.8854827104159,26.8854827104159,0.31055881323455,26.57492389718135,10--30\%
rz,14301,wedm_f,FV,green,1,0.31055881323455,0.31055881323455,0.31055881323455,0.31055881323455,0.31055881323455,0,<10\%
rz,14301,wedm_f,FV,red,1,22.449958431102,22.449958431102,22.449958431102,22.449958431102,0.31055881323455,22.13939961786745,10--30\%
rz,14301,wedm_f,conf,blue,1,66.7015692705307,66.7015692705307,66.7015692705307,66.7015692705307,0.31055881323455,66.39101045729615,>30\%
rz,14301,wedm_f,conf,green,1,84.6411870178679,84.6411870178679,84.6411870178679,84.6411870178679,0.31055881323455,84.33062820463336,>30\%
rz,14301,wedm_f,conf,red,1,119.041810046245,119.041810046245,119.041810046245,119.041810046245,0.31055881323455,118.73125123301045,>100\%
rz,14301,wedm_f,fusion,blue,1,170.401712949995,170.401712949995,170.401712949995,170.401712949995,0.31055881323455,170.09115413676045,>100\%
rz,14301,wedm_f,fusion,green,1,147.06332752966,147.06332752966,147.06332752966,147.06332752966,0.31055881323455,146.75276871642546,>100\%
rz,14301,wedm_f,fusion,red,1,188.082058010327,188.082058010327,188.082058010327,188.082058010327,0.31055881323455,187.77149919709245,>100\%
rz,14301,wedm_f,int,blue,1,25.20392186044,25.20392186044,25.20392186044,25.20392186044,0.31055881323455,24.89336304720545,10--30\%
rz,14301,wedm_f,int,green,1,9.1724120002302,9.1724120002302,9.1724120002302,9.1724120002302,0.31055881323455,8.86185318699565,<10\%
rz,14301,wedm_f,int,red,1,18.3170501690459,18.3170501690459,18.3170501690459,18.3170501690459,0.31055881323455,18.00649135581135,10--30\%
rz,14301,wedm_f,int,white,1,9.19670282036595,9.19670282036595,9.19670282036595,9.19670282036595,0.31055881323455,8.8861440071314,<10\%
rz,14301,wedm_r,FV,blue,1,0.190990814165147,0.190990814165147,0.190990814165147,0.190990814165147,0.190990814165147,0,<10\%
rz,14301,wedm_r,FV,green,1,2.00457353455494,2.00457353455494,2.00457353455494,2.00457353455494,0.190990814165147,1.813582720389793,<10\%
rz,14301,wedm_r,FV,red,1,1.11403579814076,1.11403579814076,1.11403579814076,1.11403579814076,0.190990814165147,0.9230449839756131,<10\%
rz,14301,wedm_r,conf,blue,1,4.82281452556088,4.82281452556088,4.82281452556088,4.82281452556088,0.190990814165147,4.631823711395733,<10\%
rz,14301,wedm_r,conf,green,1,9.75077336750971,9.75077336750971,9.75077336750971,9.75077336750971,0.190990814165147,9.559782553344563,<10\%
rz,14301,wedm_r,conf,red,1,15.1783981269146,15.1783981269146,15.1783981269146,15.1783981269146,0.190990814165147,14.987407312749452,10--30\%
rz,14301,wedm_r,fusion,blue,1,12.7268230006331,12.7268230006331,12.7268230006331,12.7268230006331,0.190990814165147,12.535832186467953,10--30\%
rz,14301,wedm_r,fusion,green,1,30.6452240109943,30.6452240109943,30.6452240109943,30.6452240109943,0.190990814165147,30.454233196829154,>30\%
rz,14301,wedm_r,fusion,red,1,45.1545826312182,45.1545826312182,45.1545826312182,45.1545826312182,0.190990814165147,44.96359181705305,>30\%
rz,14301,wedm_r,int,green,1,6.95195473993339,6.95195473993339,6.95195473993339,6.95195473993339,0.190990814165147,6.760963925768243,<10\%
rz,14301,wedm_r,int,red,1,4.56544930391862,4.56544930391862,4.56544930391862,4.56544930391862,0.190990814165147,4.374458489753473,<10\%
rz,14301,wedm_r,int,white,1,6.63394197054078,6.63394197054078,6.63394197054078,6.63394197054078,0.190990814165147,6.442951156375633,<10\%
rz,al7075,b,FV,blue,1,493.503966051371,493.503966051371,493.503966051371,493.503966051371,18.1045946730948,475.39937137827616,>100\%
rz,al7075,b,FV,green,1,182.40148664461,182.40148664461,182.40148664461,182.40148664461,18.1045946730948,164.2968919715152,>100\%
rz,al7075,b,FV,red,1,197.404191279592,197.404191279592,197.404191279592,197.404191279592,18.1045946730948,179.2995966064972,>100\%
rz,al7075,b,conf,blue,1,247.450405402668,247.450405402668,247.450405402668,247.450405402668,18.1045946730948,229.3458107295732,>100\%
rz,al7075,b,conf,green,1,256.260769606983,256.260769606983,256.260769606983,256.260769606983,18.1045946730948,238.1561749338882,>100\%
rz,al7075,b,conf,red,1,347.263833195646,347.263833195646,347.263833195646,347.263833195646,18.1045946730948,329.15923852255116,>100\%
rz,al7075,b,fusion,blue,1,330.134150322723,330.134150322723,330.134150322723,330.134150322723,18.1045946730948,312.02955564962815,>100\%
rz,al7075,b,fusion,green,1,332.631902564844,332.631902564844,332.631902564844,332.631902564844,18.1045946730948,314.52730789174916,>100\%
rz,al7075,b,fusion,red,1,459.072801536541,459.072801536541,459.072801536541,459.072801536541,18.1045946730948,440.9682068634462,>100\%
rz,al7075,b,int,blue,1,361.472500246574,361.472500246574,361.472500246574,361.472500246574,18.1045946730948,343.36790557347916,>100\%
rz,al7075,b,int,green,1,56.6945716202553,56.6945716202553,56.6945716202553,56.6945716202553,18.1045946730948,38.5899769471605,>30\%
rz,al7075,b,int,red,1,949.651954187749,949.651954187749,949.651954187749,949.651954187749,18.1045946730948,931.5473595146542,>100\%
rz,al7075,b,int,white,1,18.1045946730948,18.1045946730948,18.1045946730948,18.1045946730948,18.1045946730948,0,10--30\%
rz,al7075,gla,FV,blue,1,7.12930621519507,7.12930621519507,7.12930621519507,7.12930621519507,5.64696591048287,1.4823403047122001,<10\%
rz,al7075,gla,FV,green,1,15.2609957924074,15.2609957924074,15.2609957924074,15.2609957924074,5.64696591048287,9.61402988192453,10--30\%
rz,al7075,gla,FV,red,1,7.0204181406615,7.0204181406615,7.0204181406615,7.0204181406615,5.64696591048287,1.3734522301786294,<10\%
rz,al7075,gla,conf,blue,1,32.1008491684895,32.1008491684895,32.1008491684895,32.1008491684895,5.64696591048287,26.453883258006634,>30\%
rz,al7075,gla,conf,green,1,59.5984004544492,59.5984004544492,59.5984004544492,59.5984004544492,5.64696591048287,53.95143454396633,>30\%
rz,al7075,gla,conf,red,1,85.040903879201,85.040903879201,85.040903879201,85.040903879201,5.64696591048287,79.39393796871812,>30\%
rz,al7075,gla,fusion,blue,1,56.9892461568585,56.9892461568585,56.9892461568585,56.9892461568585,5.64696591048287,51.34228024637563,>30\%
rz,al7075,gla,fusion,green,1,120.955152082851,120.955152082851,120.955152082851,120.955152082851,5.64696591048287,115.30818617236812,>100\%
rz,al7075,gla,fusion,red,1,143.798668085812,143.798668085812,143.798668085812,143.798668085812,5.64696591048287,138.15170217532915,>100\%
rz,al7075,gla,int,blue,1,12.0587027306921,12.0587027306921,12.0587027306921,12.0587027306921,5.64696591048287,6.411736820209231,10--30\%
rz,al7075,gla,int,green,1,5.77704390768893,5.77704390768893,5.77704390768893,5.77704390768893,5.64696591048287,0.13007799720605995,<10\%
rz,al7075,gla,int,red,1,8.85718151368567,8.85718151368567,8.85718151368567,8.85718151368567,5.64696591048287,3.2102156032028004,<10\%
rz,al7075,gla,int,white,1,5.64696591048287,5.64696591048287,5.64696591048287,5.64696591048287,5.64696591048287,0,<10\%
rz,al7075,gri,FV,blue,1,64.171874357702393,64.171874357702393,64.171874357702393,64.171874357702393,10.5017023888791,53.6701719688233,>30\%
rz,al7075,gri,FV,green,1,28.0186295008907,28.0186295008907,28.0186295008907,28.0186295008907,10.5017023888791,17.5169271120116,10--30\%
rz,al7075,gri,FV,red,1,59.080153187548,59.080153187548,59.080153187548,59.080153187548,10.5017023888791,48.5784507986689,>30\%
rz,al7075,gri,conf,blue,1,10.7690029520181,10.7690029520181,10.7690029520181,10.7690029520181,10.5017023888791,0.26730056313900086,10--30\%
rz,al7075,gri,conf,green,1,23.2893131197506,23.2893131197506,23.2893131197506,23.2893131197506,10.5017023888791,12.7876107308715,10--30\%
rz,al7075,gri,conf,red,1,39.7983635101848,39.7983635101848,39.7983635101848,39.7983635101848,10.5017023888791,29.2966611213057,>30\%
rz,al7075,gri,fusion,blue,1,40.9367072059859,40.9367072059859,40.9367072059859,40.9367072059859,10.5017023888791,30.435004817106798,>30\%
rz,al7075,gri,fusion,green,1,51.8253789864422,51.8253789864422,51.8253789864422,51.8253789864422,10.5017023888791,41.32367659756311,>30\%
rz,al7075,gri,fusion,red,1,68.7788440419411,68.7788440419411,68.7788440419411,68.7788440419411,10.5017023888791,58.277141653062,>30\%
rz,al7075,gri,int,blue,1,10.5017023888791,10.5017023888791,10.5017023888791,10.5017023888791,10.5017023888791,0,10--30\%
rz,al7075,gri,int,green,1,20.4402601294026,20.4402601294026,20.4402601294026,20.4402601294026,10.5017023888791,9.9385577405235,10--30\%
rz,al7075,gri,int,red,1,12.6945787304914,12.6945787304914,12.6945787304914,12.6945787304914,10.5017023888791,2.192876341612301,10--30\%
rz,al7075,gri,int,white,1,21.1135255669733,21.1135255669733,21.1135255669733,21.1135255669733,10.5017023888791,10.611823178094202,10--30\%
rz,al7075,hon,FV,blue,1,14.4052659329741,14.4052659329741,14.4052659329741,14.4052659329741,0.655676454759609,13.74958947821449,10--30\%
rz,al7075,hon,FV,green,1,26.380166984538,26.380166984538,26.380166984538,26.380166984538,0.655676454759609,25.724490529778393,10--30\%
rz,al7075,hon,FV,red,1,0.655676454759609,0.655676454759609,0.655676454759609,0.655676454759609,0.655676454759609,0,<10\%
rz,al7075,hon,conf,blue,1,43.5302930356547,43.5302930356547,43.5302930356547,43.5302930356547,0.655676454759609,42.87461658089509,>30\%
rz,al7075,hon,conf,green,1,33.4415496366949,33.4415496366949,33.4415496366949,33.4415496366949,0.655676454759609,32.785873181935294,>30\%
rz,al7075,hon,conf,red,1,25.2617483592769,25.2617483592769,25.2617483592769,25.2617483592769,0.655676454759609,24.606071904517293,10--30\%
rz,al7075,hon,fusion,blue,1,24.1125385458747,24.1125385458747,24.1125385458747,24.1125385458747,0.655676454759609,23.45686209111509,10--30\%
rz,al7075,hon,fusion,green,1,14.8296807125577,14.8296807125577,14.8296807125577,14.8296807125577,0.655676454759609,14.17400425779809,10--30\%
rz,al7075,hon,fusion,red,1,5.73491103814795,5.73491103814795,5.73491103814795,5.73491103814795,0.655676454759609,5.079234583388341,<10\%
rz,al7075,hon,int,blue,1,51.8212519370745,51.8212519370745,51.8212519370745,51.8212519370745,0.655676454759609,51.16557548231489,>30\%
rz,al7075,hon,int,green,1,56.5470663094966,56.5470663094966,56.5470663094966,56.5470663094966,0.655676454759609,55.89138985473699,>30\%
rz,al7075,hon,int,red,1,53.8149944180222,53.8149944180222,53.8149944180222,53.8149944180222,0.655676454759609,53.159317963262595,>30\%
rz,al7075,hon,int,white,1,56.4900840480613,56.4900840480613,56.4900840480613,56.4900840480613,0.655676454759609,55.83440759330169,>30\%
rz,al7075,mf,FV,blue,1,252.77907133793,252.77907133793,252.77907133793,252.77907133793,22.3028363395342,230.4762349983958,>100\%
rz,al7075,mf,FV,green,1,91.1685773678885,91.1685773678885,91.1685773678885,91.1685773678885,22.3028363395342,68.86574102835431,>30\%
rz,al7075,mf,FV,red,1,104.070636767671,104.070636767671,104.070636767671,104.070636767671,22.3028363395342,81.76780042813681,>100\%
rz,al7075,mf,conf,blue,1,122.622812354001,122.622812354001,122.622812354001,122.622812354001,22.3028363395342,100.3199760144668,>100\%
rz,al7075,mf,conf,green,1,155.193710894307,155.193710894307,155.193710894307,155.193710894307,22.3028363395342,132.8908745547728,>100\%
rz,al7075,mf,conf,red,1,209.80551224107,209.80551224107,209.80551224107,209.80551224107,22.3028363395342,187.5026759015358,>100\%
rz,al7075,mf,fusion,blue,1,183.286546772138,183.286546772138,183.286546772138,183.286546772138,22.3028363395342,160.9837104326038,>100\%
rz,al7075,mf,fusion,green,1,214.824038255583,214.824038255583,214.824038255583,214.824038255583,22.3028363395342,192.5212019160488,>100\%
rz,al7075,mf,fusion,red,1,276.852120591076,276.852120591076,276.852120591076,276.852120591076,22.3028363395342,254.54928425154182,>100\%
rz,al7075,mf,int,blue,1,106.240914185518,106.240914185518,106.240914185518,106.240914185518,22.3028363395342,83.9380778459838,>100\%
rz,al7075,mf,int,green,1,22.3028363395342,22.3028363395342,22.3028363395342,22.3028363395342,22.3028363395342,0,10--30\%
rz,al7075,mf,int,red,1,286.457227724455,286.457227724455,286.457227724455,286.457227724455,22.3028363395342,264.15439138492076,>100\%
rz,al7075,mf,int,white,1,28.8123656164185,28.8123656164185,28.8123656164185,28.8123656164185,22.3028363395342,6.509529276884301,10--30\%
rz,al7075,mr,FV,blue,1,262.96982326551,262.96982326551,262.96982326551,262.96982326551,46.6447926945922,216.32503057091782,>100\%
rz,al7075,mr,FV,green,1,120.961601777036,120.961601777036,120.961601777036,120.961601777036,46.6447926945922,74.3168090824438,>100\%
rz,al7075,mr,FV,red,1,81.3037475821862,81.3037475821862,81.3037475821862,81.3037475821862,46.6447926945922,34.65895488759401,>30\%
rz,al7075,mr,conf,blue,1,70.3424419775117,70.3424419775117,70.3424419775117,70.3424419775117,46.6447926945922,23.6976492829195,>30\%
rz,al7075,mr,conf,green,1,86.0479077781144,86.0479077781144,86.0479077781144,86.0479077781144,46.6447926945922,39.40311508352221,>30\%
rz,al7075,mr,conf,red,1,106.135853260287,106.135853260287,106.135853260287,106.135853260287,46.6447926945922,59.49106056569481,>100\%
rz,al7075,mr,fusion,blue,1,122.48993843394,122.48993843394,122.48993843394,122.48993843394,46.6447926945922,75.8451457393478,>100\%
rz,al7075,mr,fusion,green,1,148.490317883925,148.490317883925,148.490317883925,148.490317883925,46.6447926945922,101.8455251893328,>100\%
rz,al7075,mr,fusion,red,1,167.754563410791,167.754563410791,167.754563410791,167.754563410791,46.6447926945922,121.10977071619881,>100\%
rz,al7075,mr,int,blue,1,63.8526702744025,63.8526702744025,63.8526702744025,63.8526702744025,46.6447926945922,17.2078775798103,>30\%
rz,al7075,mr,int,green,1,46.6447926945922,46.6447926945922,46.6447926945922,46.6447926945922,46.6447926945922,0,>30\%
rz,al7075,mr,int,red,1,162.499564867336,162.499564867336,162.499564867336,162.499564867336,46.6447926945922,115.85477217274381,>100\%
rz,al7075,mr,int,white,1,53.4495752069528,53.4495752069528,53.4495752069528,53.4495752069528,46.6447926945922,6.804782512360603,>30\%
rz,al7075,tf,FV,blue,1,4.36183555969512,4.36183555969512,4.36183555969512,4.36183555969512,1.39044649132781,2.9713890683673094,<10\%
rz,al7075,tf,FV,green,1,30.1025948871176,30.1025948871176,30.1025948871176,30.1025948871176,1.39044649132781,28.71214839578979,>30\%
rz,al7075,tf,FV,red,1,31.2943297871156,31.2943297871156,31.2943297871156,31.2943297871156,1.39044649132781,29.90388329578779,>30\%
rz,al7075,tf,conf,blue,1,34.8918658750753,34.8918658750753,34.8918658750753,34.8918658750753,1.39044649132781,33.50141938374749,>30\%
rz,al7075,tf,conf,green,1,22.3964965325482,22.3964965325482,22.3964965325482,22.3964965325482,1.39044649132781,21.006050041220387,10--30\%
rz,al7075,tf,conf,red,1,11.8135662504496,11.8135662504496,11.8135662504496,11.8135662504496,1.39044649132781,10.423119759121791,10--30\%
rz,al7075,tf,fusion,blue,1,18.880724199092,18.880724199092,18.880724199092,18.880724199092,1.39044649132781,17.49027770776419,10--30\%
rz,al7075,tf,fusion,green,1,1.39044649132781,1.39044649132781,1.39044649132781,1.39044649132781,1.39044649132781,0,<10\%
rz,al7075,tf,fusion,red,1,10.3107258270432,10.3107258270432,10.3107258270432,10.3107258270432,1.39044649132781,8.92027933571539,10--30\%
rz,al7075,tf,int,blue,1,18.5587339300905,18.5587339300905,18.5587339300905,18.5587339300905,1.39044649132781,17.16828743876269,10--30\%
rz,al7075,tf,int,green,1,58.5551563076688,58.5551563076688,58.5551563076688,58.5551563076688,1.39044649132781,57.164709816340995,>30\%
rz,al7075,tf,int,red,1,9.64580518181056,9.64580518181056,9.64580518181056,9.64580518181056,1.39044649132781,8.255358690482751,<10\%
rz,al7075,tf,int,white,1,61.3305646471665,61.3305646471665,61.3305646471665,61.3305646471665,1.39044649132781,59.94011815583869,>30\%
rz,al7075,tr,FV,blue,1,50.804801169391,50.804801169391,50.804801169391,50.804801169391,49.9721977142205,0.8326034551704993,>30\%
rz,al7075,tr,FV,green,1,62.9783003422378,62.9783003422378,62.9783003422378,62.9783003422378,49.9721977142205,13.006102628017302,>30\%
rz,al7075,tr,FV,red,1,63.0282777410264,63.0282777410264,63.0282777410264,63.0282777410264,49.9721977142205,13.056080026805901,>30\%
rz,al7075,tr,conf,blue,1,60.894472034115,60.894472034115,60.894472034115,60.894472034115,49.9721977142205,10.922274319894498,>30\%
rz,al7075,tr,conf,green,1,58.5833532081043,58.5833532081043,58.5833532081043,58.5833532081043,49.9721977142205,8.6111554938838,>30\%
rz,al7075,tr,conf,red,1,55.2551759893928,55.2551759893928,55.2551759893928,55.2551759893928,49.9721977142205,5.282978275172297,>30\%
rz,al7075,tr,fusion,blue,1,55.9465079419899,55.9465079419899,55.9465079419899,55.9465079419899,49.9721977142205,5.974310227769401,>30\%
rz,al7075,tr,fusion,green,1,53.557664880738,53.557664880738,53.557664880738,53.557664880738,49.9721977142205,3.5854671665175033,>30\%
rz,al7075,tr,fusion,red,1,49.9721977142205,49.9721977142205,49.9721977142205,49.9721977142205,49.9721977142205,0,>30\%
rz,al7075,tr,int,blue,1,54.3804793150129,54.3804793150129,54.3804793150129,54.3804793150129,49.9721977142205,4.4082816007923995,>30\%
rz,al7075,tr,int,green,1,68.6742032243859,68.6742032243859,68.6742032243859,68.6742032243859,49.9721977142205,18.702005510165407,>30\%
rz,al7075,tr,int,red,1,64.4231874338803,64.4231874338803,64.4231874338803,64.4231874338803,49.9721977142205,14.450989719659802,>30\%
rz,al7075,tr,int,white,1,68.8995917602406,68.8995917602406,68.8995917602406,68.8995917602406,49.9721977142205,18.927394046020098,>30\%
rz,al7075,wedm_f,FV,blue,1,57.2846362592145,57.2846362592145,57.2846362592145,57.2846362592145,5.33432182124376,51.95031443797074,>30\%
rz,al7075,wedm_f,FV,green,1,25.7280381807929,25.7280381807929,25.7280381807929,25.7280381807929,5.33432182124376,20.39371635954914,10--30\%
rz,al7075,wedm_f,FV,red,1,39.837997531381,39.837997531381,39.837997531381,39.837997531381,5.33432182124376,34.50367571013724,>30\%
rz,al7075,wedm_f,conf,blue,1,122.129526392585,122.129526392585,122.129526392585,122.129526392585,5.33432182124376,116.79520457134124,>100\%
rz,al7075,wedm_f,conf,green,1,106.47545709702,106.47545709702,106.47545709702,106.47545709702,5.33432182124376,101.14113527577624,>100\%
rz,al7075,wedm_f,conf,red,1,137.057569409882,137.057569409882,137.057569409882,137.057569409882,5.33432182124376,131.72324758863826,>100\%
rz,al7075,wedm_f,fusion,blue,1,228.685024505277,228.685024505277,228.685024505277,228.685024505277,5.33432182124376,223.35070268403325,>100\%
rz,al7075,wedm_f,fusion,green,1,183.947614197688,183.947614197688,183.947614197688,183.947614197688,5.33432182124376,178.61329237644426,>100\%
rz,al7075,wedm_f,fusion,red,1,215.267349920522,215.267349920522,215.267349920522,215.267349920522,5.33432182124376,209.93302809927826,>100\%
rz,al7075,wedm_f,int,blue,1,17.859390347895,17.859390347895,17.859390347895,17.859390347895,5.33432182124376,12.525068526651241,10--30\%
rz,al7075,wedm_f,int,green,1,6.25339241452517,6.25339241452517,6.25339241452517,6.25339241452517,5.33432182124376,0.9190705932814094,<10\%
rz,al7075,wedm_f,int,red,1,7.58281395047809,7.58281395047809,7.58281395047809,7.58281395047809,5.33432182124376,2.2484921292343296,<10\%
rz,al7075,wedm_f,int,white,1,5.33432182124376,5.33432182124376,5.33432182124376,5.33432182124376,5.33432182124376,0,<10\%
rz,al7075,wedm_r,FV,blue,1,10.4067970654703,10.4067970654703,10.4067970654703,10.4067970654703,0.0684835313310759,10.338313534139225,10--30\%
rz,al7075,wedm_r,FV,green,1,6.46997925184038,6.46997925184038,6.46997925184038,6.46997925184038,0.0684835313310759,6.401495720509304,<10\%
rz,al7075,wedm_r,FV,red,1,2.39838912833496,2.39838912833496,2.39838912833496,2.39838912833496,0.0684835313310759,2.3299055970038838,<10\%
rz,al7075,wedm_r,conf,blue,1,46.5094173914398,46.5094173914398,46.5094173914398,46.5094173914398,0.0684835313310759,46.44093386010872,>30\%
rz,al7075,wedm_r,conf,green,1,58.6790250615015,58.6790250615015,58.6790250615015,58.6790250615015,0.0684835313310759,58.61054153017042,>30\%
rz,al7075,wedm_r,conf,red,1,100.689596484526,100.689596484526,100.689596484526,100.689596484526,0.0684835313310759,100.62111295319492,>100\%
rz,al7075,wedm_r,fusion,blue,1,158.210142041375,158.210142041375,158.210142041375,158.210142041375,0.0684835313310759,158.14165851004392,>100\%
rz,al7075,wedm_r,fusion,green,1,217.512626061953,217.512626061953,217.512626061953,217.512626061953,0.0684835313310759,217.44414253062192,>100\%
rz,al7075,wedm_r,fusion,red,1,237.924494847198,237.924494847198,237.924494847198,237.924494847198,0.0684835313310759,237.8560113158669,>100\%
rz,al7075,wedm_r,int,blue,1,7.15519656929188,7.15519656929188,7.15519656929188,7.15519656929188,0.0684835313310759,7.086713037960805,<10\%
rz,al7075,wedm_r,int,green,1,2.12541428049616,2.12541428049616,2.12541428049616,2.12541428049616,0.0684835313310759,2.056930749165084,<10\%
rz,al7075,wedm_r,int,red,1,2.96379304177368,2.96379304177368,2.96379304177368,2.96379304177368,0.0684835313310759,2.895309510442604,<10\%
rz,al7075,wedm_r,int,white,1,0.0684835313310759,0.0684835313310759,0.0684835313310759,0.0684835313310759,0.0684835313310759,0,<10\%
rz,c45,b,FV,blue,1,194.94813080269,194.94813080269,194.94813080269,194.94813080269,21.3396374072343,173.6084933954557,>100\%
rz,c45,b,FV,green,1,62.1258888157713,62.1258888157713,62.1258888157713,62.1258888157713,21.3396374072343,40.786251408537,>30\%
rz,c45,b,FV,red,1,96.3296453992134,96.3296453992134,96.3296453992134,96.3296453992134,21.3396374072343,74.9900079919791,>30\%
rz,c45,b,conf,green,1,146.748838134572,146.748838134572,146.748838134572,146.748838134572,21.3396374072343,125.40920072733769,>100\%
rz,c45,b,conf,red,1,208.70160473323,208.70160473323,208.70160473323,208.70160473323,21.3396374072343,187.3619673259957,>100\%
rz,c45,b,fusion,blue,1,185.638415731854,185.638415731854,185.638415731854,185.638415731854,21.3396374072343,164.2987783246197,>100\%
rz,c45,b,fusion,green,1,213.08174997712,213.08174997712,213.08174997712,213.08174997712,21.3396374072343,191.7421125698857,>100\%
rz,c45,b,fusion,red,1,293.468078556106,293.468078556106,293.468078556106,293.468078556106,21.3396374072343,272.1284411488717,>100\%
rz,c45,b,int,blue,2,433.265268155012,433.265268155012,432.25591611412153,434.27462019590246,21.3396374072343,411.9256307477777,>100\%
rz,c45,b,int,green,1,21.3396374072343,21.3396374072343,21.3396374072343,21.3396374072343,21.3396374072343,0,10--30\%
rz,c45,b,int,red,1,42.1171402221331,42.1171402221331,42.1171402221331,42.1171402221331,21.3396374072343,20.777502814898803,>30\%
rz,c45,b,int,white,1,24.3227308109354,24.3227308109354,24.3227308109354,24.3227308109354,21.3396374072343,2.983093403701101,10--30\%
rz,c45,gla,FV,blue,1,4.05599917896914,4.05599917896914,4.05599917896914,4.05599917896914,3.53104796245259,0.5249512165165497,<10\%
rz,c45,gla,FV,green,1,14.4802905916371,14.4802905916371,14.4802905916371,14.4802905916371,3.53104796245259,10.94924262918451,10--30\%
rz,c45,gla,FV,red,1,3.53104796245259,3.53104796245259,3.53104796245259,3.53104796245259,3.53104796245259,0,<10\%
rz,c45,gla,conf,blue,1,38.5522251776506,38.5522251776506,38.5522251776506,38.5522251776506,3.53104796245259,35.02117721519801,>30\%
rz,c45,gla,conf,green,1,62.3180148200743,62.3180148200743,62.3180148200743,62.3180148200743,3.53104796245259,58.786966857621714,>30\%
rz,c45,gla,conf,red,1,82.9321046111554,82.9321046111554,82.9321046111554,82.9321046111554,3.53104796245259,79.4010566487028,>30\%
rz,c45,gla,fusion,blue,1,76.8778639105355,76.8778639105355,76.8778639105355,76.8778639105355,3.53104796245259,73.3468159480829,>30\%
rz,c45,gla,fusion,green,1,107.489807264053,107.489807264053,107.489807264053,107.489807264053,3.53104796245259,103.95875930160041,>100\%
rz,c45,gla,fusion,red,1,142.472516178697,142.472516178697,142.472516178697,142.472516178697,3.53104796245259,138.9414682162444,>100\%
rz,c45,gla,int,blue,1,16.6222148012943,16.6222148012943,16.6222148012943,16.6222148012943,3.53104796245259,13.091166838841712,10--30\%
rz,c45,gla,int,green,1,13.8576934852803,13.8576934852803,13.8576934852803,13.8576934852803,3.53104796245259,10.326645522827711,10--30\%
rz,c45,gla,int,red,1,16.4623613554442,16.4623613554442,16.4623613554442,16.4623613554442,3.53104796245259,12.931313392991612,10--30\%
rz,c45,gla,int,white,1,14.6741904413039,14.6741904413039,14.6741904413039,14.6741904413039,3.53104796245259,11.14314247885131,10--30\%
rz,c45,gri,FV,blue,1,120.005082973323,120.005082973323,120.005082973323,120.005082973323,4.71440882402667,115.29067414929634,>100\%
rz,c45,gri,FV,green,1,77.1564687281565,77.1564687281565,77.1564687281565,77.1564687281565,4.71440882402667,72.44205990412982,>30\%
rz,c45,gri,FV,red,1,127.099346863781,127.099346863781,127.099346863781,127.099346863781,4.71440882402667,122.38493803975433,>100\%
rz,c45,gri,conf,blue,1,39.5777364901527,39.5777364901527,39.5777364901527,39.5777364901527,4.71440882402667,34.86332766612603,>30\%
rz,c45,gri,conf,green,1,56.4086453399199,56.4086453399199,56.4086453399199,56.4086453399199,4.71440882402667,51.69423651589323,>30\%
rz,c45,gri,conf,red,1,72.8388890515643,72.8388890515643,72.8388890515643,72.8388890515643,4.71440882402667,68.12448022753762,>30\%
rz,c45,gri,fusion,blue,1,76.1079350957325,76.1079350957325,76.1079350957325,76.1079350957325,4.71440882402667,71.39352627170584,>30\%
rz,c45,gri,fusion,green,1,86.5781504603128,86.5781504603128,86.5781504603128,86.5781504603128,4.71440882402667,81.86374163628614,>30\%
rz,c45,gri,fusion,red,1,104.904886511209,104.904886511209,104.904886511209,104.904886511209,4.71440882402667,100.19047768718232,>100\%
rz,c45,gri,int,blue,1,7.32040106939548,7.32040106939548,7.32040106939548,7.32040106939548,4.71440882402667,2.6059922453688102,<10\%
rz,c45,gri,int,green,1,4.77643185398064,4.77643185398064,4.77643185398064,4.77643185398064,4.71440882402667,0.06202302995396991,<10\%
rz,c45,gri,int,red,1,4.71440882402667,4.71440882402667,4.71440882402667,4.71440882402667,4.71440882402667,0,<10\%
rz,c45,gri,int,white,1,5.66324908148632,5.66324908148632,5.66324908148632,5.66324908148632,4.71440882402667,0.9488402574596506,<10\%
rz,c45,hon,FV,blue,1,4.38958202344173,4.38958202344173,4.38958202344173,4.38958202344173,1.03904324503107,3.35053877841066,<10\%
rz,c45,hon,FV,green,1,12.7188310294926,12.7188310294926,12.7188310294926,12.7188310294926,1.03904324503107,11.67978778446153,10--30\%
rz,c45,hon,FV,red,1,50.9549602305268,50.9549602305268,50.9549602305268,50.9549602305268,1.03904324503107,49.915916985495734,>30\%
rz,c45,hon,conf,blue,1,1.59016555890256,1.59016555890256,1.59016555890256,1.59016555890256,1.03904324503107,0.55112231387149,<10\%
rz,c45,hon,conf,green,1,19.1922985428408,19.1922985428408,19.1922985428408,19.1922985428408,1.03904324503107,18.15325529780973,10--30\%
rz,c45,hon,conf,red,1,31.153418697001,31.153418697001,31.153418697001,31.153418697001,1.03904324503107,30.11437545196993,>30\%
rz,c45,hon,fusion,blue,1,36.4995139743113,36.4995139743113,36.4995139743113,36.4995139743113,1.03904324503107,35.46047072928023,>30\%
rz,c45,hon,fusion,green,1,51.5085950344296,51.5085950344296,51.5085950344296,51.5085950344296,1.03904324503107,50.46955178939853,>30\%
rz,c45,hon,fusion,red,1,60.4216300826126,60.4216300826126,60.4216300826126,60.4216300826126,1.03904324503107,59.382586837581535,>30\%
rz,c45,hon,int,blue,1,20.6298579597606,20.6298579597606,20.6298579597606,20.6298579597606,1.03904324503107,19.59081471472953,10--30\%
rz,c45,hon,int,green,1,1.55967494678169,1.55967494678169,1.55967494678169,1.55967494678169,1.03904324503107,0.5206317017506199,<10\%
rz,c45,hon,int,red,1,7.7062066043571,7.7062066043571,7.7062066043571,7.7062066043571,1.03904324503107,6.667163359326031,<10\%
rz,c45,hon,int,white,1,1.03904324503107,1.03904324503107,1.03904324503107,1.03904324503107,1.03904324503107,0,<10\%
rz,c45,mf,FV,blue,1,0.528967217577122,0.528967217577122,0.528967217577122,0.528967217577122,0.528967217577122,0,<10\%
rz,c45,mf,FV,green,1,12.1301709365583,12.1301709365583,12.1301709365583,12.1301709365583,0.528967217577122,11.601203718981179,10--30\%
rz,c45,mf,FV,red,1,8.70573360976191,8.70573360976191,8.70573360976191,8.70573360976191,0.528967217577122,8.176766392184788,<10\%
rz,c45,mf,conf,green,1,17.9921561154116,17.9921561154116,17.9921561154116,17.9921561154116,0.528967217577122,17.463188897834478,10--30\%
rz,c45,mf,conf,red,1,32.8462358156353,32.8462358156353,32.8462358156353,32.8462358156353,0.528967217577122,32.317268598058185,>30\%
rz,c45,mf,fusion,blue,1,32.959835700754,32.959835700754,32.959835700754,32.959835700754,0.528967217577122,32.43086848317688,>30\%
rz,c45,mf,fusion,green,1,47.5201949798458,47.5201949798458,47.5201949798458,47.5201949798458,0.528967217577122,46.99122776226868,>30\%
rz,c45,mf,fusion,red,1,65.4265175452884,65.4265175452884,65.4265175452884,65.4265175452884,0.528967217577122,64.89755032771129,>30\%
rz,c45,mf,int,blue,1,5.93319434897193,5.93319434897193,5.93319434897193,5.93319434897193,0.528967217577122,5.404227131394808,<10\%
rz,c45,mf,int,green,1,1.58525527147546,1.58525527147546,1.58525527147546,1.58525527147546,0.528967217577122,1.0562880538983381,<10\%
rz,c45,mf,int,red,1,8.34929915497483,8.34929915497483,8.34929915497483,8.34929915497483,0.528967217577122,7.820331937397707,<10\%
rz,c45,mf,int,white,1,8.49269401282145,8.49269401282145,8.49269401282145,8.49269401282145,0.528967217577122,7.9637267952443285,<10\%
rz,c45,mr,FV,blue,1,38.7318861344052,38.7318861344052,38.7318861344052,38.7318861344052,11.9475771203616,26.7843090140436,>30\%
rz,c45,mr,FV,green,1,45.9404416097436,45.9404416097436,45.9404416097436,45.9404416097436,11.9475771203616,33.992864489382,>30\%
rz,c45,mr,FV,red,1,42.7831073990907,42.7831073990907,42.7831073990907,42.7831073990907,11.9475771203616,30.835530278729102,>30\%
rz,c45,mr,conf,green,1,30.8587272032845,30.8587272032845,30.8587272032845,30.8587272032845,11.9475771203616,18.911150082922898,>30\%
rz,c45,mr,conf,red,1,24.3916870385505,24.3916870385505,24.3916870385505,24.3916870385505,11.9475771203616,12.4441099181889,10--30\%
rz,c45,mr,fusion,blue,1,24.4534448389048,24.4534448389048,24.4534448389048,24.4534448389048,11.9475771203616,12.5058677185432,10--30\%
rz,c45,mr,fusion,green,1,19.6651046218374,19.6651046218374,19.6651046218374,19.6651046218374,11.9475771203616,7.7175275014758,10--30\%
rz,c45,mr,fusion,red,1,11.9475771203616,11.9475771203616,11.9475771203616,11.9475771203616,11.9475771203616,0,10--30\%
rz,c45,mr,int,blue,1,32.9128941417696,32.9128941417696,32.9128941417696,32.9128941417696,11.9475771203616,20.965317021407998,>30\%
rz,c45,mr,int,green,1,45.8046258277835,45.8046258277835,45.8046258277835,45.8046258277835,11.9475771203616,33.857048707421896,>30\%
rz,c45,mr,int,red,1,45.0967980865067,45.0967980865067,45.0967980865067,45.0967980865067,11.9475771203616,33.1492209661451,>30\%
rz,c45,mr,int,white,1,45.9591275154218,45.9591275154218,45.9591275154218,45.9591275154218,11.9475771203616,34.0115503950602,>30\%
rz,c45,tf,FV,blue,1,61.4052830906182,61.4052830906182,61.4052830906182,61.4052830906182,42.3620077065623,19.043275384055896,>30\%
rz,c45,tf,FV,green,1,65.2005587471432,65.2005587471432,65.2005587471432,65.2005587471432,42.3620077065623,22.838551040580903,>30\%
rz,c45,tf,FV,red,1,61.9956704877901,61.9956704877901,61.9956704877901,61.9956704877901,42.3620077065623,19.633662781227798,>30\%
rz,c45,tf,conf,green,1,55.286568047531,55.286568047531,55.286568047531,55.286568047531,42.3620077065623,12.924560340968696,>30\%
rz,c45,tf,conf,red,1,51.2358111852583,51.2358111852583,51.2358111852583,51.2358111852583,42.3620077065623,8.873803478695997,>30\%
rz,c45,tf,fusion,blue,1,51.6575154676496,51.6575154676496,51.6575154676496,51.6575154676496,42.3620077065623,9.2955077610873,>30\%
rz,c45,tf,fusion,green,1,46.9614282457472,46.9614282457472,46.9614282457472,46.9614282457472,42.3620077065623,4.599420539184898,>30\%
rz,c45,tf,fusion,red,1,42.3620077065623,42.3620077065623,42.3620077065623,42.3620077065623,42.3620077065623,0,>30\%
rz,c45,tf,int,blue,1,57.24148798193,57.24148798193,57.24148798193,57.24148798193,42.3620077065623,14.879480275367698,>30\%
rz,c45,tf,int,green,1,64.6845675580413,64.6845675580413,64.6845675580413,64.6845675580413,42.3620077065623,22.322559851478992,>30\%
rz,c45,tf,int,red,1,64.2318088747774,64.2318088747774,64.2318088747774,64.2318088747774,42.3620077065623,21.869801168215098,>30\%
rz,c45,tf,int,white,1,64.948407661464,64.948407661464,64.948407661464,64.948407661464,42.3620077065623,22.5863999549017,>30\%
rz,c45,tr,FV,blue,1,76.7277915342966,76.7277915342966,76.7277915342966,76.7277915342966,74.7072984841186,2.020493050178004,>30\%
rz,c45,tr,FV,green,1,85.1489548107452,85.1489548107452,85.1489548107452,85.1489548107452,74.7072984841186,10.4416563266266,>30\%
rz,c45,tr,FV,red,1,85.161404760439,85.161404760439,85.161404760439,85.161404760439,74.7072984841186,10.454106276320402,>30\%
rz,c45,tr,conf,green,1,81.6861252627076,81.6861252627076,81.6861252627076,81.6861252627076,74.7072984841186,6.97882677858901,>30\%
rz,c45,tr,conf,red,1,80.0328582319242,80.0328582319242,80.0328582319242,80.0328582319242,74.7072984841186,5.325559747805599,>30\%
rz,c45,tr,fusion,blue,1,79.2827651693161,79.2827651693161,79.2827651693161,79.2827651693161,74.7072984841186,4.575466685197497,>30\%
rz,c45,tr,fusion,green,1,76.7422322440574,76.7422322440574,76.7422322440574,76.7422322440574,74.7072984841186,2.0349337599388093,>30\%
rz,c45,tr,fusion,red,1,74.7072984841186,74.7072984841186,74.7072984841186,74.7072984841186,74.7072984841186,0,>30\%
rz,c45,tr,int,blue,1,80.2271632127548,80.2271632127548,80.2271632127548,80.2271632127548,74.7072984841186,5.5198647286362075,>30\%
rz,c45,tr,int,green,1,89.844763083035,89.844763083035,89.844763083035,89.844763083035,74.7072984841186,15.13746459891641,>30\%
rz,c45,tr,int,red,1,84.9815011010252,84.9815011010252,84.9815011010252,84.9815011010252,74.7072984841186,10.274202616906607,>30\%
rz,c45,tr,int,white,1,90.0915558685271,90.0915558685271,90.0915558685271,90.0915558685271,74.7072984841186,15.3842573844085,>30\%
rz,c45,wedm_f,FV,blue,1,20.1223516320214,20.1223516320214,20.1223516320214,20.1223516320214,8.704105511159,11.418246120862399,10--30\%
rz,c45,wedm_f,FV,green,1,8.704105511159,8.704105511159,8.704105511159,8.704105511159,8.704105511159,0,<10\%
rz,c45,wedm_f,FV,red,1,36.1803288957556,36.1803288957556,36.1803288957556,36.1803288957556,8.704105511159,27.4762233845966,>30\%
rz,c45,wedm_f,conf,blue,1,105.728653266105,105.728653266105,105.728653266105,105.728653266105,8.704105511159,97.024547754946,>100\%
rz,c45,wedm_f,conf,green,1,154.944499287386,154.944499287386,154.944499287386,154.944499287386,8.704105511159,146.240393776227,>100\%
rz,c45,wedm_f,conf,red,1,177.701300367418,177.701300367418,177.701300367418,177.701300367418,8.704105511159,168.997194856259,>100\%
rz,c45,wedm_f,fusion,blue,1,231.659076382642,231.659076382642,231.659076382642,231.659076382642,8.704105511159,222.954970871483,>100\%
rz,c45,wedm_f,fusion,green,1,201.233683999438,201.233683999438,201.233683999438,201.233683999438,8.704105511159,192.52957848827901,>100\%
rz,c45,wedm_f,fusion,red,1,218.227593828119,218.227593828119,218.227593828119,218.227593828119,8.704105511159,209.52348831696003,>100\%
rz,c45,wedm_f,int,blue,1,30.1878218681081,30.1878218681081,30.1878218681081,30.1878218681081,8.704105511159,21.4837163569491,>30\%
rz,c45,wedm_f,int,green,1,18.6850069251092,18.6850069251092,18.6850069251092,18.6850069251092,8.704105511159,9.9809014139502,10--30\%
rz,c45,wedm_f,int,red,1,22.4811929286837,22.4811929286837,22.4811929286837,22.4811929286837,8.704105511159,13.777087417524701,10--30\%
rz,c45,wedm_f,int,white,1,18.3188023101153,18.3188023101153,18.3188023101153,18.3188023101153,8.704105511159,9.614696798956299,10--30\%
rz,c45,wedm_r,FV,blue,1,1.65537687195251,1.65537687195251,1.65537687195251,1.65537687195251,0.373638428307539,1.2817384436449708,<10\%
rz,c45,wedm_r,FV,green,1,3.05060586648999,3.05060586648999,3.05060586648999,3.05060586648999,0.373638428307539,2.676967438182451,<10\%
rz,c45,wedm_r,FV,red,1,0.373638428307539,0.373638428307539,0.373638428307539,0.373638428307539,0.373638428307539,0,<10\%
rz,c45,wedm_r,conf,blue,1,9.38772011623775,9.38772011623775,9.38772011623775,9.38772011623775,0.373638428307539,9.014081687930211,<10\%
rz,c45,wedm_r,conf,green,1,16.0408346838643,16.0408346838643,16.0408346838643,16.0408346838643,0.373638428307539,15.667196255556762,10--30\%
rz,c45,wedm_r,conf,red,1,21.4332475135822,21.4332475135822,21.4332475135822,21.4332475135822,0.373638428307539,21.05960908527466,10--30\%
rz,c45,wedm_r,fusion,blue,1,47.8130547874107,47.8130547874107,47.8130547874107,47.8130547874107,0.373638428307539,47.43941635910316,>30\%
rz,c45,wedm_r,fusion,green,1,80.141453223139,80.141453223139,80.141453223139,80.141453223139,0.373638428307539,79.76781479483145,>30\%
rz,c45,wedm_r,fusion,red,1,123.570651517184,123.570651517184,123.570651517184,123.570651517184,0.373638428307539,123.19701308887646,>100\%
rz,c45,wedm_r,int,blue,1,28.3850695042983,28.3850695042983,28.3850695042983,28.3850695042983,0.373638428307539,28.01143107599076,10--30\%
rz,c45,wedm_r,int,green,1,7.42919568163262,7.42919568163262,7.42919568163262,7.42919568163262,0.373638428307539,7.05555725332508,<10\%
rz,c45,wedm_r,int,red,1,5.46829642399705,5.46829642399705,5.46829642399705,5.46829642399705,0.373638428307539,5.094657995689511,<10\%
rz,c45,wedm_r,int,white,1,7.27858600684011,7.27858600684011,7.27858600684011,7.27858600684011,0.373638428307539,6.90494757853257,<10\%
rz,ellor,gla,FV,blue,1,14.0082731659296,14.0082731659296,14.0082731659296,14.0082731659296,3.35864948603957,10.64962367989003,10--30\%
rz,ellor,gla,FV,green,1,12.1020623171195,12.1020623171195,12.1020623171195,12.1020623171195,3.35864948603957,8.74341283107993,10--30\%
rz,ellor,gla,FV,red,1,11.8432822392019,11.8432822392019,11.8432822392019,11.8432822392019,3.35864948603957,8.48463275316233,10--30\%
rz,ellor,gla,conf,blue,1,19.7362861967989,19.7362861967989,19.7362861967989,19.7362861967989,3.35864948603957,16.37763671075933,10--30\%
rz,ellor,gla,conf,green,1,23.0977108861526,23.0977108861526,23.0977108861526,23.0977108861526,3.35864948603957,19.73906140011303,10--30\%
rz,ellor,gla,conf,red,1,23.1589600290385,23.1589600290385,23.1589600290385,23.1589600290385,3.35864948603957,19.80031054299893,10--30\%
rz,ellor,gla,fusion,blue,1,26.8199217963688,26.8199217963688,26.8199217963688,26.8199217963688,3.35864948603957,23.461272310329228,10--30\%
rz,ellor,gla,fusion,green,1,26.7979947176866,26.7979947176866,26.7979947176866,26.7979947176866,3.35864948603957,23.439345231647028,10--30\%
rz,ellor,gla,fusion,red,1,31.0819013948968,31.0819013948968,31.0819013948968,31.0819013948968,3.35864948603957,27.72325190885723,>30\%
rz,ellor,gla,int,blue,1,3.35864948603957,3.35864948603957,3.35864948603957,3.35864948603957,3.35864948603957,0,<10\%
rz,ellor,gla,int,green,1,21.5202909491186,21.5202909491186,21.5202909491186,21.5202909491186,3.35864948603957,18.16164146307903,10--30\%
rz,ellor,gla,int,red,1,20.2898843393687,20.2898843393687,20.2898843393687,20.2898843393687,3.35864948603957,16.93123485332913,10--30\%
rz,ellor,gla,int,white,1,22.6316020543783,22.6316020543783,22.6316020543783,22.6316020543783,3.35864948603957,19.272952568338727,10--30\%
rz,ellor,gri,FV,blue,1,171.323511651137,171.323511651137,171.323511651137,171.323511651137,158.697177543863,12.626334107274005,>100\%
rz,ellor,gri,FV,green,1,164.728052752479,164.728052752479,164.728052752479,164.728052752479,158.697177543863,6.030875208615981,>100\%
rz,ellor,gri,FV,red,1,167.692900039375,167.692900039375,167.692900039375,167.692900039375,158.697177543863,8.995722495511984,>100\%
rz,ellor,gri,conf,blue,1,192.818847482863,192.818847482863,192.818847482863,192.818847482863,158.697177543863,34.121669938999986,>100\%
rz,ellor,gri,conf,green,1,199.155824979814,199.155824979814,199.155824979814,199.155824979814,158.697177543863,40.45864743595101,>100\%
rz,ellor,gri,conf,red,1,204.772276457104,204.772276457104,204.772276457104,204.772276457104,158.697177543863,46.07509891324099,>100\%
rz,ellor,gri,fusion,blue,1,209.946946808784,209.946946808784,209.946946808784,209.946946808784,158.697177543863,51.249769264920985,>100\%
rz,ellor,gri,fusion,green,1,217.61089178525,217.61089178525,217.61089178525,217.61089178525,158.697177543863,58.913714241387,>100\%
rz,ellor,gri,fusion,red,1,230.234365226847,230.234365226847,230.234365226847,230.234365226847,158.697177543863,71.53718768298398,>100\%
rz,ellor,gri,int,blue,1,158.697177543863,158.697177543863,158.697177543863,158.697177543863,158.697177543863,0,>100\%
rz,ellor,gri,int,green,1,160.41574242053,160.41574242053,160.41574242053,160.41574242053,158.697177543863,1.7185648766669885,>100\%
rz,ellor,gri,int,red,1,189.356978276537,189.356978276537,189.356978276537,189.356978276537,158.697177543863,30.659800732674,>100\%
rz,ellor,gri,int,white,1,191.502675401019,191.502675401019,191.502675401019,191.502675401019,158.697177543863,32.805497857155984,>100\%
rz,ellor,hon,FV,blue,1,88.156944111284,88.156944111284,88.156944111284,88.156944111284,4.69628362951645,83.46066048176756,>30\%
rz,ellor,hon,FV,green,1,12.4609982445358,12.4609982445358,12.4609982445358,12.4609982445358,4.69628362951645,7.76471461501935,10--30\%
rz,ellor,hon,FV,red,1,30.8837261775273,30.8837261775273,30.8837261775273,30.8837261775273,4.69628362951645,26.18744254801085,>30\%
rz,ellor,hon,conf,blue,1,76.5816920881505,76.5816920881505,76.5816920881505,76.5816920881505,4.69628362951645,71.88540845863406,>30\%
rz,ellor,hon,conf,green,1,91.2080600963071,91.2080600963071,91.2080600963071,91.2080600963071,4.69628362951645,86.51177646679065,>30\%
rz,ellor,hon,conf,red,1,139.537852720813,139.537852720813,139.537852720813,139.537852720813,4.69628362951645,134.84156909129655,>100\%
rz,ellor,hon,fusion,blue,1,163.790418276258,163.790418276258,163.790418276258,163.790418276258,4.69628362951645,159.09413464674157,>100\%
rz,ellor,hon,fusion,green,1,165.103702488458,165.103702488458,165.103702488458,165.103702488458,4.69628362951645,160.40741885894155,>100\%
rz,ellor,hon,fusion,red,1,233.411141278899,233.411141278899,233.411141278899,233.411141278899,4.69628362951645,228.71485764938257,>100\%
rz,ellor,hon,int,blue,1,44.2429015422676,44.2429015422676,44.2429015422676,44.2429015422676,4.69628362951645,39.54661791275115,>30\%
rz,ellor,hon,int,green,1,19.6953939244566,19.6953939244566,19.6953939244566,19.6953939244566,4.69628362951645,14.999110294940149,10--30\%
rz,ellor,hon,int,red,1,4.69628362951645,4.69628362951645,4.69628362951645,4.69628362951645,4.69628362951645,0,<10\%
rz,ellor,hon,int,white,1,22.8060766424998,22.8060766424998,22.8060766424998,22.8060766424998,4.69628362951645,18.10979301298335,10--30\%
rz,ellor,mf,FV,blue,1,14.0659396446343,14.0659396446343,14.0659396446343,14.0659396446343,6.18814835949165,7.87779128514265,10--30\%
rz,ellor,mf,FV,green,1,26.0612431253834,26.0612431253834,26.0612431253834,26.0612431253834,6.18814835949165,19.87309476589175,10--30\%
rz,ellor,mf,FV,red,1,25.8215264064726,25.8215264064726,25.8215264064726,25.8215264064726,6.18814835949165,19.63337804698095,10--30\%
rz,ellor,mf,conf,blue,1,13.1445626650138,13.1445626650138,13.1445626650138,13.1445626650138,6.18814835949165,6.9564143055221495,10--30\%
rz,ellor,mf,conf,green,1,16.6090071154695,16.6090071154695,16.6090071154695,16.6090071154695,6.18814835949165,10.42085875597785,10--30\%
rz,ellor,mf,conf,red,1,16.8822983414523,16.8822983414523,16.8822983414523,16.8822983414523,6.18814835949165,10.694149981960653,10--30\%
rz,ellor,mf,fusion,blue,1,22.7142225092335,22.7142225092335,22.7142225092335,22.7142225092335,6.18814835949165,16.526074149741852,10--30\%
rz,ellor,mf,fusion,green,1,25.7159983144584,25.7159983144584,25.7159983144584,25.7159983144584,6.18814835949165,19.52784995496675,10--30\%
rz,ellor,mf,fusion,red,1,85.8848074873459,85.8848074873459,85.8848074873459,85.8848074873459,6.18814835949165,79.69665912785425,>30\%
rz,ellor,mf,int,blue,1,70.3893527791563,70.3893527791563,70.3893527791563,70.3893527791563,6.18814835949165,64.20120441966465,>30\%
rz,ellor,mf,int,green,1,8.48818761821525,8.48818761821525,8.48818761821525,8.48818761821525,6.18814835949165,2.3000392587236,<10\%
rz,ellor,mf,int,red,1,6.29014215164449,6.29014215164449,6.29014215164449,6.29014215164449,6.18814835949165,0.10199379215284043,<10\%
rz,ellor,mf,int,white,1,6.18814835949165,6.18814835949165,6.18814835949165,6.18814835949165,6.18814835949165,0,<10\%
rz,ellor,mr,FV,blue,1,7.14653215127404,7.14653215127404,7.14653215127404,7.14653215127404,1.118925898217,6.02760625305704,<10\%
rz,ellor,mr,FV,green,1,1.118925898217,1.118925898217,1.118925898217,1.118925898217,1.118925898217,0,<10\%
rz,ellor,mr,FV,red,1,1.84758547826499,1.84758547826499,1.84758547826499,1.84758547826499,1.118925898217,0.72865958004799,<10\%
rz,ellor,mr,conf,blue,1,27.6956355207465,27.6956355207465,27.6956355207465,27.6956355207465,1.118925898217,26.5767096225295,10--30\%
rz,ellor,mr,conf,green,1,33.1029055999383,33.1029055999383,33.1029055999383,33.1029055999383,1.118925898217,31.983979701721303,>30\%
rz,ellor,mr,conf,red,1,37.1620797440627,37.1620797440627,37.1620797440627,37.1620797440627,1.118925898217,36.0431538458457,>30\%
rz,ellor,mr,fusion,blue,1,39.6457087115976,39.6457087115976,39.6457087115976,39.6457087115976,1.118925898217,38.5267828133806,>30\%
rz,ellor,mr,fusion,green,1,43.447096084713,43.447096084713,43.447096084713,43.447096084713,1.118925898217,42.328170186496,>30\%
rz,ellor,mr,fusion,red,1,54.2435633035743,54.2435633035743,54.2435633035743,54.2435633035743,1.118925898217,53.1246374053573,>30\%
rz,ellor,mr,int,blue,1,63.7079888040364,63.7079888040364,63.7079888040364,63.7079888040364,1.118925898217,62.5890629058194,>30\%
rz,ellor,mr,int,green,1,22.9128193422656,22.9128193422656,22.9128193422656,22.9128193422656,1.118925898217,21.7938934440486,10--30\%
rz,ellor,mr,int,red,1,19.9546535821818,19.9546535821818,19.9546535821818,19.9546535821818,1.118925898217,18.835727683964798,10--30\%
rz,ellor,mr,int,white,1,22.4970686402442,22.4970686402442,22.4970686402442,22.4970686402442,1.118925898217,21.3781427420272,10--30\%
rz,ellor,tf,FV,blue,1,15.4345080275843,15.4345080275843,15.4345080275843,15.4345080275843,0.025419765049983,15.409088262534317,10--30\%
rz,ellor,tf,FV,green,1,20.7908323281994,20.7908323281994,20.7908323281994,20.7908323281994,0.025419765049983,20.765412563149418,10--30\%
rz,ellor,tf,FV,red,1,19.0295954620731,19.0295954620731,19.0295954620731,19.0295954620731,0.025419765049983,19.00417569702312,10--30\%
rz,ellor,tf,conf,blue,1,8.26168546046795,8.26168546046795,8.26168546046795,8.26168546046795,0.025419765049983,8.236265695417966,<10\%
rz,ellor,tf,conf,green,1,10.0043944439563,10.0043944439563,10.0043944439563,10.0043944439563,0.025419765049983,9.978974678906317,10--30\%
rz,ellor,tf,conf,red,1,15.1257702659931,15.1257702659931,15.1257702659931,15.1257702659931,0.025419765049983,15.100350500943117,10--30\%
rz,ellor,tf,fusion,blue,1,20.8114323426713,20.8114323426713,20.8114323426713,20.8114323426713,0.025419765049983,20.786012577621317,10--30\%
rz,ellor,tf,fusion,green,1,24.6804042013732,24.6804042013732,24.6804042013732,24.6804042013732,0.025419765049983,24.65498443632322,10--30\%
rz,ellor,tf,fusion,red,1,36.6811290535946,36.6811290535946,36.6811290535946,36.6811290535946,0.025419765049983,36.65570928854462,>30\%
rz,ellor,tf,int,blue,1,50.3922881195532,50.3922881195532,50.3922881195532,50.3922881195532,0.025419765049983,50.36686835450322,>30\%
rz,ellor,tf,int,green,1,4.88635844461158,4.88635844461158,4.88635844461158,4.88635844461158,0.025419765049983,4.860938679561597,<10\%
rz,ellor,tf,int,red,1,0.025419765049983,0.025419765049983,0.025419765049983,0.025419765049983,0.025419765049983,0,<10\%
rz,ellor,tf,int,white,1,5.44289895512894,5.44289895512894,5.44289895512894,5.44289895512894,0.025419765049983,5.417479190078957,<10\%
rz,ellor,tr,FV,blue,1,6.18990502238804,6.18990502238804,6.18990502238804,6.18990502238804,0.436797011783571,5.753108010604469,<10\%
rz,ellor,tr,FV,green,1,8.07236236037248,8.07236236037248,8.07236236037248,8.07236236037248,0.436797011783571,7.6355653485889095,<10\%
rz,ellor,tr,FV,red,1,7.78444454468011,7.78444454468011,7.78444454468011,7.78444454468011,0.436797011783571,7.347647532896539,<10\%
rz,ellor,tr,conf,blue,1,0.436797011783571,0.436797011783571,0.436797011783571,0.436797011783571,0.436797011783571,0,<10\%
rz,ellor,tr,conf,green,1,0.959590944119056,0.959590944119056,0.959590944119056,0.959590944119056,0.436797011783571,0.522793932335485,<10\%
rz,ellor,tr,conf,red,1,2.81830918635507,2.81830918635507,2.81830918635507,2.81830918635507,0.436797011783571,2.3815121745714993,<10\%
rz,ellor,tr,fusion,blue,1,6.88919518555926,6.88919518555926,6.88919518555926,6.88919518555926,0.436797011783571,6.4523981737756895,<10\%
rz,ellor,tr,fusion,green,1,6.67558202478174,6.67558202478174,6.67558202478174,6.67558202478174,0.436797011783571,6.238785012998169,<10\%
rz,ellor,tr,fusion,red,1,11.3384992077141,11.3384992077141,11.3384992077141,11.3384992077141,0.436797011783571,10.901702195930529,10--30\%
rz,ellor,tr,int,blue,1,49.4600677837303,49.4600677837303,49.4600677837303,49.4600677837303,0.436797011783571,49.023270771946734,>30\%
rz,ellor,tr,int,green,1,2.15341801171778,2.15341801171778,2.15341801171778,2.15341801171778,0.436797011783571,1.716620999934209,<10\%
rz,ellor,tr,int,red,1,0.733573430478673,0.733573430478673,0.733573430478673,0.733573430478673,0.436797011783571,0.29677641869510196,<10\%
rz,ellor,tr,int,white,1,3.09111064473891,3.09111064473891,3.09111064473891,3.09111064473891,0.436797011783571,2.654313632955339,<10\%
rz,ellor,wedm_f,FV,blue,1,25.9275565403494,25.9275565403494,25.9275565403494,25.9275565403494,17.6453294814162,8.282227058933199,10--30\%
rz,ellor,wedm_f,FV,green,1,17.6453294814162,17.6453294814162,17.6453294814162,17.6453294814162,17.6453294814162,0,10--30\%
rz,ellor,wedm_f,FV,red,1,19.1944089447919,19.1944089447919,19.1944089447919,19.1944089447919,17.6453294814162,1.5490794633756977,10--30\%
rz,ellor,wedm_f,conf,blue,1,40.6716449079027,40.6716449079027,40.6716449079027,40.6716449079027,17.6453294814162,23.0263154264865,>30\%
rz,ellor,wedm_f,conf,green,1,43.2696371634752,43.2696371634752,43.2696371634752,43.2696371634752,17.6453294814162,25.624307682059,>30\%
rz,ellor,wedm_f,conf,red,1,46.1759000221314,46.1759000221314,46.1759000221314,46.1759000221314,17.6453294814162,28.5305705407152,>30\%
rz,ellor,wedm_f,fusion,blue,1,55.9812128100998,55.9812128100998,55.9812128100998,55.9812128100998,17.6453294814162,38.33588332868359,>30\%
rz,ellor,wedm_f,fusion,green,1,59.1029429177324,59.1029429177324,59.1029429177324,59.1029429177324,17.6453294814162,41.457613436316194,>30\%
rz,ellor,wedm_f,fusion,red,1,67.6529536917649,67.6529536917649,67.6529536917649,67.6529536917649,17.6453294814162,50.00762421034871,>30\%
rz,ellor,wedm_f,int,green,1,31.2454007173433,31.2454007173433,31.2454007173433,31.2454007173433,17.6453294814162,13.6000712359271,>30\%
rz,ellor,wedm_f,int,red,1,41.54169397123,41.54169397123,41.54169397123,41.54169397123,17.6453294814162,23.896364489813802,>30\%
rz,ellor,wedm_f,int,white,1,36.7645735927676,36.7645735927676,36.7645735927676,36.7645735927676,17.6453294814162,19.119244111351396,>30\%
rz,ellor,wedm_r,FV,blue,1,6.20314982077746,6.20314982077746,6.20314982077746,6.20314982077746,0.602639223597992,5.600510597179468,<10\%
rz,ellor,wedm_r,FV,green,1,0.602639223597992,0.602639223597992,0.602639223597992,0.602639223597992,0.602639223597992,0,<10\%
rz,ellor,wedm_r,FV,red,1,2.13432319327997,2.13432319327997,2.13432319327997,2.13432319327997,0.602639223597992,1.531683969681978,<10\%
rz,ellor,wedm_r,conf,blue,1,19.9824427856016,19.9824427856016,19.9824427856016,19.9824427856016,0.602639223597992,19.379803562003605,10--30\%
rz,ellor,wedm_r,conf,green,1,25.2886866631037,25.2886866631037,25.2886866631037,25.2886866631037,0.602639223597992,24.686047439505707,10--30\%
rz,ellor,wedm_r,conf,red,1,27.5261589185206,27.5261589185206,27.5261589185206,27.5261589185206,0.602639223597992,26.923519694922607,10--30\%
rz,ellor,wedm_r,fusion,blue,1,29.580089813195,29.580089813195,29.580089813195,29.580089813195,0.602639223597992,28.977450589597005,10--30\%
rz,ellor,wedm_r,fusion,green,1,33.2789736693421,33.2789736693421,33.2789736693421,33.2789736693421,0.602639223597992,32.67633444574411,>30\%
rz,ellor,wedm_r,fusion,red,1,39.6827362894518,39.6827362894518,39.6827362894518,39.6827362894518,0.602639223597992,39.08009706585381,>30\%
rz,ellor,wedm_r,int,blue,1,104.312712029016,104.312712029016,104.312712029016,104.312712029016,0.602639223597992,103.71007280541801,>100\%
rz,ellor,wedm_r,int,green,1,5.58254729250842,5.58254729250842,5.58254729250842,5.58254729250842,0.602639223597992,4.979908068910428,<10\%
rz,ellor,wedm_r,int,red,1,29.5430100384843,29.5430100384843,29.5430100384843,29.5430100384843,0.602639223597992,28.940370814886307,10--30\%
rz,ellor,wedm_r,int,white,1,22.9337695111532,22.9337695111532,22.9337695111532,22.9337695111532,0.602639223597992,22.331130287555208,10--30\%
rz,mo58a,b,FV,blue,2,592.67937669747,592.67937669747,478.87140814292707,706.487345252013,40.5201360129099,552.1592406845601,>100\%
rz,mo58a,b,FV,green,1,299.087310380727,299.087310380727,299.087310380727,299.087310380727,40.5201360129099,258.5671743678171,>100\%
rz,mo58a,b,FV,red,1,299.01525398853,299.01525398853,299.01525398853,299.01525398853,40.5201360129099,258.4951179756201,>100\%
rz,mo58a,b,conf,blue,1,421.752081331554,421.752081331554,421.752081331554,421.752081331554,40.5201360129099,381.2319453186441,>100\%
rz,mo58a,b,conf,green,1,409.560267618727,409.560267618727,409.560267618727,409.560267618727,40.5201360129099,369.04013160581707,>100\%
rz,mo58a,b,conf,red,1,488.858214714805,488.858214714805,488.858214714805,488.858214714805,40.5201360129099,448.3380787018951,>100\%
rz,mo58a,b,fusion,blue,1,564.539697830798,564.539697830798,564.539697830798,564.539697830798,40.5201360129099,524.0195618178881,>100\%
rz,mo58a,b,fusion,green,1,544.042608278458,544.042608278458,544.042608278458,544.042608278458,40.5201360129099,503.5224722655481,>100\%
rz,mo58a,b,fusion,red,1,659.495622304296,659.495622304296,659.495622304296,659.495622304296,40.5201360129099,618.9754862913861,>100\%
rz,mo58a,b,int,blue,1,223.492536439202,223.492536439202,223.492536439202,223.492536439202,40.5201360129099,182.9724004262921,>100\%
rz,mo58a,b,int,green,1,40.5201360129099,40.5201360129099,40.5201360129099,40.5201360129099,40.5201360129099,0,>30\%
rz,mo58a,b,int,red,1,1005.94381140896,1005.94381140896,1005.94381140896,1005.94381140896,40.5201360129099,965.42367539605,>100\%
rz,mo58a,gla,FV,blue,1,20.3541118840612,20.3541118840612,20.3541118840612,20.3541118840612,5.18981092715931,15.16430095690189,10--30\%
rz,mo58a,gla,FV,green,1,14.5172077010039,14.5172077010039,14.5172077010039,14.5172077010039,5.18981092715931,9.32739677384459,10--30\%
rz,mo58a,gla,FV,red,1,38.1605978003315,38.1605978003315,38.1605978003315,38.1605978003315,5.18981092715931,32.970786873172194,>30\%
rz,mo58a,gla,conf,blue,1,54.5366115657713,54.5366115657713,54.5366115657713,54.5366115657713,5.18981092715931,49.346800638611995,>30\%
rz,mo58a,gla,conf,green,1,103.502370732572,103.502370732572,103.502370732572,103.502370732572,5.18981092715931,98.31255980541269,>100\%
rz,mo58a,gla,conf,red,1,134.363778026339,134.363778026339,134.363778026339,134.363778026339,5.18981092715931,129.1739670991797,>100\%
rz,mo58a,gla,fusion,blue,1,72.1224415041615,72.1224415041615,72.1224415041615,72.1224415041615,5.18981092715931,66.93263057700219,>30\%
rz,mo58a,gla,fusion,green,1,141.220344125569,141.220344125569,141.220344125569,141.220344125569,5.18981092715931,136.0305331984097,>100\%
rz,mo58a,gla,fusion,red,1,211.157145126021,211.157145126021,211.157145126021,211.157145126021,5.18981092715931,205.9673341988617,>100\%
rz,mo58a,gla,int,blue,1,5.18981092715931,5.18981092715931,5.18981092715931,5.18981092715931,5.18981092715931,0,<10\%
rz,mo58a,gla,int,green,1,19.4001968814264,19.4001968814264,19.4001968814264,19.4001968814264,5.18981092715931,14.210385954267089,10--30\%
rz,mo58a,gla,int,red,1,16.4598805862177,16.4598805862177,16.4598805862177,16.4598805862177,5.18981092715931,11.27006965905839,10--30\%
rz,mo58a,gla,int,white,1,18.9174575883222,18.9174575883222,18.9174575883222,18.9174575883222,5.18981092715931,13.72764666116289,10--30\%
rz,mo58a,gri,FV,blue,1,43.7567642936889,43.7567642936889,43.7567642936889,43.7567642936889,1.9818908869572,41.7748734067317,>30\%
rz,mo58a,gri,FV,green,1,37.0875811517495,37.0875811517495,37.0875811517495,37.0875811517495,1.9818908869572,35.105690264792294,>30\%
rz,mo58a,gri,FV,red,1,73.708552580121,73.708552580121,73.708552580121,73.708552580121,1.9818908869572,71.72666169316379,>30\%
rz,mo58a,gri,conf,blue,1,28.3253656229795,28.3253656229795,28.3253656229795,28.3253656229795,1.9818908869572,26.3434747360223,10--30\%
rz,mo58a,gri,conf,green,1,40.3893289533098,40.3893289533098,40.3893289533098,40.3893289533098,1.9818908869572,38.4074380663526,>30\%
rz,mo58a,gri,conf,red,1,50.7877327659035,50.7877327659035,50.7877327659035,50.7877327659035,1.9818908869572,48.805841878946296,>30\%
rz,mo58a,gri,fusion,blue,1,77.0275036668036,77.0275036668036,77.0275036668036,77.0275036668036,1.9818908869572,75.0456127798464,>30\%
rz,mo58a,gri,fusion,green,1,73.0495508276505,73.0495508276505,73.0495508276505,73.0495508276505,1.9818908869572,71.0676599406933,>30\%
rz,mo58a,gri,fusion,red,1,84.8263293261309,84.8263293261309,84.8263293261309,84.8263293261309,1.9818908869572,82.8444384391737,>30\%
rz,mo58a,gri,int,blue,1,1.9818908869572,1.9818908869572,1.9818908869572,1.9818908869572,1.9818908869572,0,<10\%
rz,mo58a,gri,int,green,1,11.3707539562447,11.3707539562447,11.3707539562447,11.3707539562447,1.9818908869572,9.388863069287499,10--30\%
rz,mo58a,gri,int,red,1,8.12894175112311,8.12894175112311,8.12894175112311,8.12894175112311,1.9818908869572,6.14705086416591,<10\%
rz,mo58a,gri,int,white,1,11.182001698346,11.182001698346,11.182001698346,11.182001698346,1.9818908869572,9.2001108113888,10--30\%
rz,mo58a,hon,FV,blue,1,9.35105283621524,9.35105283621524,9.35105283621524,9.35105283621524,1.31932163265783,8.03173120355741,<10\%
rz,mo58a,hon,FV,green,1,14.9496107854245,14.9496107854245,14.9496107854245,14.9496107854245,1.31932163265783,13.63028915276667,10--30\%
rz,mo58a,hon,FV,red,1,49.9314331160758,49.9314331160758,49.9314331160758,49.9314331160758,1.31932163265783,48.61211148341797,>30\%
rz,mo58a,hon,conf,blue,1,1.31932163265783,1.31932163265783,1.31932163265783,1.31932163265783,1.31932163265783,0,<10\%
rz,mo58a,hon,conf,green,1,20.0136200498312,20.0136200498312,20.0136200498312,20.0136200498312,1.31932163265783,18.69429841717337,10--30\%
rz,mo58a,hon,conf,red,1,30.6627656831584,30.6627656831584,30.6627656831584,30.6627656831584,1.31932163265783,29.343444050500572,>30\%
rz,mo58a,hon,fusion,blue,1,37.1929716612845,37.1929716612845,37.1929716612845,37.1929716612845,1.31932163265783,35.87365002862667,>30\%
rz,mo58a,hon,fusion,green,1,53.3906932876979,53.3906932876979,53.3906932876979,53.3906932876979,1.31932163265783,52.07137165504007,>30\%
rz,mo58a,hon,fusion,red,1,63.4420362985629,63.4420362985629,63.4420362985629,63.4420362985629,1.31932163265783,62.122714665905065,>30\%
rz,mo58a,hon,int,blue,1,18.7262360552009,18.7262360552009,18.7262360552009,18.7262360552009,1.31932163265783,17.40691442254307,10--30\%
rz,mo58a,hon,int,green,1,3.75935511242271,3.75935511242271,3.75935511242271,3.75935511242271,1.31932163265783,2.44003347976488,<10\%
rz,mo58a,hon,int,red,1,8.1734363053454,8.1734363053454,8.1734363053454,8.1734363053454,1.31932163265783,6.854114672687569,<10\%
rz,mo58a,hon,int,white,1,3.62271254234557,3.62271254234557,3.62271254234557,3.62271254234557,1.31932163265783,2.30339090968774,<10\%
rz,mo58a,mf,FV,blue,1,390.367674332466,390.367674332466,390.367674332466,390.367674332466,14.6177721995351,375.74990213293086,>100\%
rz,mo58a,mf,FV,green,1,160.229654919841,160.229654919841,160.229654919841,160.229654919841,14.6177721995351,145.6118827203059,>100\%
rz,mo58a,mf,FV,red,1,195.278038523268,195.278038523268,195.278038523268,195.278038523268,14.6177721995351,180.6602663237329,>100\%
rz,mo58a,mf,conf,blue,1,249.315861906306,249.315861906306,249.315861906306,249.315861906306,14.6177721995351,234.6980897067709,>100\%
rz,mo58a,mf,conf,green,1,286.075538513012,286.075538513012,286.075538513012,286.075538513012,14.6177721995351,271.4577663134769,>100\%
rz,mo58a,mf,conf,red,1,351.983589965818,351.983589965818,351.983589965818,351.983589965818,14.6177721995351,337.3658177662829,>100\%
rz,mo58a,mf,fusion,blue,1,357.30280328448,357.30280328448,357.30280328448,357.30280328448,14.6177721995351,342.68503108494485,>100\%
rz,mo58a,mf,fusion,green,1,387.524810612748,387.524810612748,387.524810612748,387.524810612748,14.6177721995351,372.9070384132129,>100\%
rz,mo58a,mf,fusion,red,1,489.266554819212,489.266554819212,489.266554819212,489.266554819212,14.6177721995351,474.64878261967687,>100\%
rz,mo58a,mf,int,blue,1,107.1031325869,107.1031325869,107.1031325869,107.1031325869,14.6177721995351,92.4853603873649,>100\%
rz,mo58a,mf,int,green,1,28.4335943600433,28.4335943600433,28.4335943600433,28.4335943600433,14.6177721995351,13.815822160508201,10--30\%
rz,mo58a,mf,int,red,1,344.219994540107,344.219994540107,344.219994540107,344.219994540107,14.6177721995351,329.60222234057187,>100\%
rz,mo58a,mf,int,white,1,14.6177721995351,14.6177721995351,14.6177721995351,14.6177721995351,14.6177721995351,0,10--30\%
rz,mo58a,mr,FV,blue,1,7.67895618006716,7.67895618006716,7.67895618006716,7.67895618006716,7.67895618006716,0,<10\%
rz,mo58a,mr,FV,green,1,53.4614937204431,53.4614937204431,53.4614937204431,53.4614937204431,7.67895618006716,45.78253754037594,>30\%
rz,mo58a,mr,FV,red,1,56.3007333667118,56.3007333667118,56.3007333667118,56.3007333667118,7.67895618006716,48.62177718664464,>30\%
rz,mo58a,mr,conf,blue,1,44.9616637982384,44.9616637982384,44.9616637982384,44.9616637982384,7.67895618006716,37.28270761817124,>30\%
rz,mo58a,mr,conf,green,1,45.3245816932765,45.3245816932765,45.3245816932765,45.3245816932765,7.67895618006716,37.64562551320934,>30\%
rz,mo58a,mr,conf,red,1,40.7821602205021,40.7821602205021,40.7821602205021,40.7821602205021,7.67895618006716,33.10320404043494,>30\%
rz,mo58a,mr,fusion,blue,1,26.007762294683,26.007762294683,26.007762294683,26.007762294683,7.67895618006716,18.32880611461584,10--30\%
rz,mo58a,mr,fusion,green,1,29.1821721112148,29.1821721112148,29.1821721112148,29.1821721112148,7.67895618006716,21.50321593114764,10--30\%
rz,mo58a,mr,fusion,red,1,24.3805610531266,24.3805610531266,24.3805610531266,24.3805610531266,7.67895618006716,16.701604873059438,10--30\%
rz,mo58a,mr,int,blue,1,48.994671500666,48.994671500666,48.994671500666,48.994671500666,7.67895618006716,41.31571532059884,>30\%
rz,mo58a,mr,int,green,1,70.1935790840525,70.1935790840525,70.1935790840525,70.1935790840525,7.67895618006716,62.51462290398534,>30\%
rz,mo58a,mr,int,red,1,63.6129835083373,63.6129835083373,63.6129835083373,63.6129835083373,7.67895618006716,55.93402732827014,>30\%
rz,mo58a,mr,int,white,1,70.830427029284,70.830427029284,70.830427029284,70.830427029284,7.67895618006716,63.151470849216835,>30\%
rz,mo58a,tf,FV,blue,1,52.9136661185752,52.9136661185752,52.9136661185752,52.9136661185752,39.4781443129604,13.435521805614798,>30\%
rz,mo58a,tf,FV,green,1,62.9591244892641,62.9591244892641,62.9591244892641,62.9591244892641,39.4781443129604,23.480980176303696,>30\%
rz,mo58a,tf,FV,red,1,60.5624080791172,60.5624080791172,60.5624080791172,60.5624080791172,39.4781443129604,21.084263766156795,>30\%
rz,mo58a,tf,conf,blue,1,55.6643141553729,55.6643141553729,55.6643141553729,55.6643141553729,39.4781443129604,16.186169842412497,>30\%
rz,mo58a,tf,conf,green,1,53.8839602809621,53.8839602809621,53.8839602809621,53.8839602809621,39.4781443129604,14.405815968001697,>30\%
rz,mo58a,tf,conf,red,1,49.8603983392374,49.8603983392374,49.8603983392374,49.8603983392374,39.4781443129604,10.382254026276996,>30\%
rz,mo58a,tf,fusion,blue,1,45.3307095619556,45.3307095619556,45.3307095619556,45.3307095619556,39.4781443129604,5.852565248995198,>30\%
rz,mo58a,tf,fusion,green,1,44.6813455666508,44.6813455666508,44.6813455666508,44.6813455666508,39.4781443129604,5.203201253690395,>30\%
rz,mo58a,tf,fusion,red,1,39.4781443129604,39.4781443129604,39.4781443129604,39.4781443129604,39.4781443129604,0,>30\%
rz,mo58a,tf,int,blue,1,56.0936044375201,56.0936044375201,56.0936044375201,56.0936044375201,39.4781443129604,16.615460124559696,>30\%
rz,mo58a,tf,int,green,1,63.6857989693711,63.6857989693711,63.6857989693711,63.6857989693711,39.4781443129604,24.207654656410696,>30\%
rz,mo58a,tf,int,red,1,62.116503089024,62.116503089024,62.116503089024,62.116503089024,39.4781443129604,22.638358776063598,>30\%
rz,mo58a,tf,int,white,1,63.8406817987473,63.8406817987473,63.8406817987473,63.8406817987473,39.4781443129604,24.362537485786895,>30\%
rz,mo58a,tr,FV,blue,1,17.3341913912535,17.3341913912535,17.3341913912535,17.3341913912535,3.43566212538994,13.898529265863562,10--30\%
rz,mo58a,tr,FV,green,1,29.9836432518299,29.9836432518299,29.9836432518299,29.9836432518299,3.43566212538994,26.54798112643996,10--30\%
rz,mo58a,tr,FV,red,1,26.2764685047018,26.2764685047018,26.2764685047018,26.2764685047018,3.43566212538994,22.84080637931186,10--30\%
rz,mo58a,tr,conf,blue,1,26.1394643132713,26.1394643132713,26.1394643132713,26.1394643132713,3.43566212538994,22.70380218788136,10--30\%
rz,mo58a,tr,conf,green,1,22.3332736539115,22.3332736539115,22.3332736539115,22.3332736539115,3.43566212538994,18.897611528521562,10--30\%
rz,mo58a,tr,conf,red,1,16.9602949746538,16.9602949746538,16.9602949746538,16.9602949746538,3.43566212538994,13.52463284926386,10--30\%
rz,mo58a,tr,fusion,blue,1,7.60110285807343,7.60110285807343,7.60110285807343,7.60110285807343,3.43566212538994,4.16544073268349,<10\%
rz,mo58a,tr,fusion,green,1,10.1934558955058,10.1934558955058,10.1934558955058,10.1934558955058,3.43566212538994,6.7577937701158595,10--30\%
rz,mo58a,tr,fusion,red,1,3.43566212538994,3.43566212538994,3.43566212538994,3.43566212538994,3.43566212538994,0,<10\%
rz,mo58a,tr,int,blue,1,26.0280530249154,26.0280530249154,26.0280530249154,26.0280530249154,3.43566212538994,22.592390899525462,10--30\%
rz,mo58a,tr,int,green,1,35.0328558077419,35.0328558077419,35.0328558077419,35.0328558077419,3.43566212538994,31.597193682351964,>30\%
rz,mo58a,tr,int,red,1,30.2177185633534,30.2177185633534,30.2177185633534,30.2177185633534,3.43566212538994,26.782056437963462,>30\%
rz,mo58a,tr,int,white,1,34.8236680442866,34.8236680442866,34.8236680442866,34.8236680442866,3.43566212538994,31.38800591889666,>30\%
rz,mo58a,wedm_f,FV,blue,1,38.6510184882854,38.6510184882854,38.6510184882854,38.6510184882854,0.747196236759834,37.90382225152557,>30\%
rz,mo58a,wedm_f,FV,green,1,17.2595963026362,17.2595963026362,17.2595963026362,17.2595963026362,0.747196236759834,16.512400065876367,10--30\%
rz,mo58a,wedm_f,FV,red,1,40.4466790871118,40.4466790871118,40.4466790871118,40.4466790871118,0.747196236759834,39.69948285035196,>30\%
rz,mo58a,wedm_f,conf,blue,1,60.7752545323837,60.7752545323837,60.7752545323837,60.7752545323837,0.747196236759834,60.028058295623865,>30\%
rz,mo58a,wedm_f,conf,green,1,74.2870331516772,74.2870331516772,74.2870331516772,74.2870331516772,0.747196236759834,73.53983691491737,>30\%
rz,mo58a,wedm_f,conf,red,1,97.3956739089053,97.3956739089053,97.3956739089053,97.3956739089053,0.747196236759834,96.64847767214546,>30\%
rz,mo58a,wedm_f,fusion,blue,1,122.796086439334,122.796086439334,122.796086439334,122.796086439334,0.747196236759834,122.04889020257417,>100\%
rz,mo58a,wedm_f,fusion,green,1,140.013401988143,140.013401988143,140.013401988143,140.013401988143,0.747196236759834,139.26620575138315,>100\%
rz,mo58a,wedm_f,fusion,red,1,177.304260244376,177.304260244376,177.304260244376,177.304260244376,0.747196236759834,176.55706400761616,>100\%
rz,mo58a,wedm_f,int,blue,1,4.96041115159131,4.96041115159131,4.96041115159131,4.96041115159131,0.747196236759834,4.213214914831476,<10\%
rz,mo58a,wedm_f,int,green,1,0.747196236759834,0.747196236759834,0.747196236759834,0.747196236759834,0.747196236759834,0,<10\%
rz,mo58a,wedm_f,int,red,1,6.20719102816145,6.20719102816145,6.20719102816145,6.20719102816145,0.747196236759834,5.459994791401616,<10\%
rz,mo58a,wedm_f,int,white,1,1.34369180139188,1.34369180139188,1.34369180139188,1.34369180139188,0.747196236759834,0.5964955646320459,<10\%
rz,mo58a,wedm_r,FV,blue,1,31.1643299585283,31.1643299585283,31.1643299585283,31.1643299585283,0.239788498800177,30.924541459728122,>30\%
rz,mo58a,wedm_r,FV,green,1,29.0450040502149,29.0450040502149,29.0450040502149,29.0450040502149,0.239788498800177,28.805215551414722,10--30\%
rz,mo58a,wedm_r,FV,red,1,24.2197094412993,24.2197094412993,24.2197094412993,24.2197094412993,0.239788498800177,23.979920942499124,10--30\%
rz,mo58a,wedm_r,conf,blue,1,24.741948390624,24.741948390624,24.741948390624,24.741948390624,0.239788498800177,24.502159891823823,10--30\%
rz,mo58a,wedm_r,conf,green,1,0.239788498800177,0.239788498800177,0.239788498800177,0.239788498800177,0.239788498800177,0,<10\%
rz,mo58a,wedm_r,conf,red,1,11.8895834963193,11.8895834963193,11.8895834963193,11.8895834963193,0.239788498800177,11.649794997519123,10--30\%
rz,mo58a,wedm_r,fusion,blue,1,18.3566930934957,18.3566930934957,18.3566930934957,18.3566930934957,0.239788498800177,18.116904594695523,10--30\%
rz,mo58a,wedm_r,fusion,green,1,3.44032227934276,3.44032227934276,3.44032227934276,3.44032227934276,0.239788498800177,3.200533780542583,<10\%
rz,mo58a,wedm_r,fusion,red,1,27.0866699922653,27.0866699922653,27.0866699922653,27.0866699922653,0.239788498800177,26.846881493465123,10--30\%
rz,mo58a,wedm_r,int,blue,1,33.9061125723529,33.9061125723529,33.9061125723529,33.9061125723529,0.239788498800177,33.66632407355273,>30\%
rz,mo58a,wedm_r,int,green,1,17.3253031124103,17.3253031124103,17.3253031124103,17.3253031124103,0.239788498800177,17.085514613610123,10--30\%
rz,mo58a,wedm_r,int,red,1,18.8871324890863,18.8871324890863,18.8871324890863,18.8871324890863,0.239788498800177,18.647343990286124,10--30\%
rz,mo58a,wedm_r,int,white,1,17.0138007256446,17.0138007256446,17.0138007256446,17.0138007256446,0.239788498800177,16.774012226844423,10--30\%
rz,ti6al4v,b,FV,blue,1,203.268071972884,203.268071972884,203.268071972884,203.268071972884,64.2683201835646,138.99975178931942,>100\%
rz,ti6al4v,b,FV,green,1,102.311527896111,102.311527896111,102.311527896111,102.311527896111,64.2683201835646,38.043207712546405,>100\%
rz,ti6al4v,b,FV,red,1,87.8382213091072,87.8382213091072,87.8382213091072,87.8382213091072,64.2683201835646,23.5699011255426,>30\%
rz,ti6al4v,b,conf,blue,1,140.147755544145,140.147755544145,140.147755544145,140.147755544145,64.2683201835646,75.87943536058042,>100\%
rz,ti6al4v,b,conf,green,1,182.81413035184,182.81413035184,182.81413035184,182.81413035184,64.2683201835646,118.5458101682754,>100\%
rz,ti6al4v,b,conf,red,1,236.320254801943,236.320254801943,236.320254801943,236.320254801943,64.2683201835646,172.05193461837843,>100\%
rz,ti6al4v,b,fusion,blue,1,186.083708115041,186.083708115041,186.083708115041,186.083708115041,64.2683201835646,121.8153879314764,>100\%
rz,ti6al4v,b,fusion,green,1,223.354118563812,223.354118563812,223.354118563812,223.354118563812,64.2683201835646,159.0857983802474,>100\%
rz,ti6al4v,b,fusion,red,1,274.363684674104,274.363684674104,274.363684674104,274.363684674104,64.2683201835646,210.0953644905394,>100\%
rz,ti6al4v,b,int,blue,1,155.112510580229,155.112510580229,155.112510580229,155.112510580229,64.2683201835646,90.84419039666442,>100\%
rz,ti6al4v,b,int,green,1,73.1131185982274,73.1131185982274,73.1131185982274,73.1131185982274,64.2683201835646,8.844798414662804,>30\%
rz,ti6al4v,b,int,red,1,111.543544857626,111.543544857626,111.543544857626,111.543544857626,64.2683201835646,47.275224674061405,>100\%
rz,ti6al4v,b,int,white,1,64.2683201835646,64.2683201835646,64.2683201835646,64.2683201835646,64.2683201835646,0,>30\%
rz,ti6al4v,gla,FV,blue,1,7.38234418165136,7.38234418165136,7.38234418165136,7.38234418165136,5.16487688012433,2.21746730152703,<10\%
rz,ti6al4v,gla,FV,green,1,5.16487688012433,5.16487688012433,5.16487688012433,5.16487688012433,5.16487688012433,0,<10\%
rz,ti6al4v,gla,FV,red,1,24.7474091050224,24.7474091050224,24.7474091050224,24.7474091050224,5.16487688012433,19.582532224898067,10--30\%
rz,ti6al4v,gla,conf,blue,1,67.4674024742499,67.4674024742499,67.4674024742499,67.4674024742499,5.16487688012433,62.30252559412556,>30\%
rz,ti6al4v,gla,conf,green,1,84.7757963225408,84.7757963225408,84.7757963225408,84.7757963225408,5.16487688012433,79.61091944241647,>30\%
rz,ti6al4v,gla,conf,red,1,103.692259795306,103.692259795306,103.692259795306,103.692259795306,5.16487688012433,98.52738291518168,>100\%
rz,ti6al4v,gla,fusion,blue,1,130.809426089174,130.809426089174,130.809426089174,130.809426089174,5.16487688012433,125.64454920904967,>100\%
rz,ti6al4v,gla,fusion,green,1,153.741547936654,153.741547936654,153.741547936654,153.741547936654,5.16487688012433,148.57667105652968,>100\%
rz,ti6al4v,gla,fusion,red,1,197.503655219962,197.503655219962,197.503655219962,197.503655219962,5.16487688012433,192.3387783398377,>100\%
rz,ti6al4v,gla,int,blue,1,10.8564200316336,10.8564200316336,10.8564200316336,10.8564200316336,5.16487688012433,5.69154315150927,10--30\%
rz,ti6al4v,gla,int,green,1,14.1181510478239,14.1181510478239,14.1181510478239,14.1181510478239,5.16487688012433,8.95327416769957,10--30\%
rz,ti6al4v,gla,int,red,1,17.2650011574625,17.2650011574625,17.2650011574625,17.2650011574625,5.16487688012433,12.10012427733817,10--30\%
rz,ti6al4v,gla,int,white,1,14.4131037927629,14.4131037927629,14.4131037927629,14.4131037927629,5.16487688012433,9.24822691263857,10--30\%
rz,ti6al4v,gri,FV,blue,1,147.986013042425,147.986013042425,147.986013042425,147.986013042425,78.19140209402,69.79461094840498,>100\%
rz,ti6al4v,gri,FV,green,1,100.410797156018,100.410797156018,100.410797156018,100.410797156018,78.19140209402,22.219395061998,>100\%
rz,ti6al4v,gri,FV,red,1,118.81516301068,118.81516301068,118.81516301068,118.81516301068,78.19140209402,40.62376091665999,>100\%
rz,ti6al4v,gri,conf,blue,1,123.172657586649,123.172657586649,123.172657586649,123.172657586649,78.19140209402,44.98125549262899,>100\%
rz,ti6al4v,gri,conf,green,1,147.431263568583,147.431263568583,147.431263568583,147.431263568583,78.19140209402,69.239861474563,>100\%
rz,ti6al4v,gri,conf,red,1,173.539756237934,173.539756237934,173.539756237934,173.539756237934,78.19140209402,95.348354143914,>100\%
rz,ti6al4v,gri,fusion,blue,1,172.055741475883,172.055741475883,172.055741475883,172.055741475883,78.19140209402,93.86433938186299,>100\%
rz,ti6al4v,gri,fusion,green,1,187.556980480412,187.556980480412,187.556980480412,187.556980480412,78.19140209402,109.36557838639199,>100\%
rz,ti6al4v,gri,fusion,red,1,218.634762092004,218.634762092004,218.634762092004,218.634762092004,78.19140209402,140.44335999798398,>100\%
rz,ti6al4v,gri,int,blue,1,105.04824019462,105.04824019462,105.04824019462,105.04824019462,78.19140209402,26.8568381006,>100\%
rz,ti6al4v,gri,int,green,1,81.2837767887608,81.2837767887608,81.2837767887608,81.2837767887608,78.19140209402,3.0923746947407977,>30\%
rz,ti6al4v,gri,int,red,1,94.2104595166444,94.2104595166444,94.2104595166444,94.2104595166444,78.19140209402,16.0190574226244,>30\%
rz,ti6al4v,gri,int,white,1,78.19140209402,78.19140209402,78.19140209402,78.19140209402,78.19140209402,0,>30\%
rz,ti6al4v,hon,FV,blue,1,87.4905548728142,87.4905548728142,87.4905548728142,87.4905548728142,6.02381999811104,81.46673487470316,>30\%
rz,ti6al4v,hon,FV,green,1,75.368677169838,75.368677169838,75.368677169838,75.368677169838,6.02381999811104,69.34485717172696,>30\%
rz,ti6al4v,hon,FV,red,1,135.393730767366,135.393730767366,135.393730767366,135.393730767366,6.02381999811104,129.36991076925497,>100\%
rz,ti6al4v,hon,conf,blue,1,56.3010149275288,56.3010149275288,56.3010149275288,56.3010149275288,6.02381999811104,50.27719492941776,>30\%
rz,ti6al4v,hon,conf,green,1,85.4475316592258,85.4475316592258,85.4475316592258,85.4475316592258,6.02381999811104,79.42371166111477,>30\%
rz,ti6al4v,hon,conf,red,1,104.752992521593,104.752992521593,104.752992521593,104.752992521593,6.02381999811104,98.72917252348196,>100\%
rz,ti6al4v,hon,fusion,blue,1,125.432791129134,125.432791129134,125.432791129134,125.432791129134,6.02381999811104,119.40897113102297,>100\%
rz,ti6al4v,hon,fusion,green,1,144.622854797305,144.622854797305,144.622854797305,144.622854797305,6.02381999811104,138.59903479919396,>100\%
rz,ti6al4v,hon,fusion,red,1,162.990992271694,162.990992271694,162.990992271694,162.990992271694,6.02381999811104,156.96717227358297,>100\%
rz,ti6al4v,hon,int,blue,1,9.55163709349044,9.55163709349044,9.55163709349044,9.55163709349044,6.02381999811104,3.5278170953794,<10\%
rz,ti6al4v,hon,int,green,1,13.051949524923,13.051949524923,13.051949524923,13.051949524923,6.02381999811104,7.02812952681196,10--30\%
rz,ti6al4v,hon,int,red,1,6.02381999811104,6.02381999811104,6.02381999811104,6.02381999811104,6.02381999811104,0,<10\%
rz,ti6al4v,hon,int,white,1,12.9488789466476,12.9488789466476,12.9488789466476,12.9488789466476,6.02381999811104,6.92505894853656,10--30\%
rz,ti6al4v,mf,FV,blue,1,89.0833590394806,89.0833590394806,89.0833590394806,89.0833590394806,7.52898733396384,81.55437170551676,>30\%
rz,ti6al4v,mf,FV,green,1,31.3608170140279,31.3608170140279,31.3608170140279,31.3608170140279,7.52898733396384,23.83182968006406,>30\%
rz,ti6al4v,mf,FV,red,1,38.1090226846195,38.1090226846195,38.1090226846195,38.1090226846195,7.52898733396384,30.580035350655656,>30\%
rz,ti6al4v,mf,conf,blue,1,66.3626565829587,66.3626565829587,66.3626565829587,66.3626565829587,7.52898733396384,58.833669248994866,>30\%
rz,ti6al4v,mf,conf,green,1,87.8452982635416,87.8452982635416,87.8452982635416,87.8452982635416,7.52898733396384,80.31631092957775,>30\%
rz,ti6al4v,mf,conf,red,1,108.051853976773,108.051853976773,108.051853976773,108.051853976773,7.52898733396384,100.52286664280916,>100\%
rz,ti6al4v,mf,fusion,blue,1,105.141483518072,105.141483518072,105.141483518072,105.141483518072,7.52898733396384,97.61249618410815,>100\%
rz,ti6al4v,mf,fusion,green,1,125.773506891631,125.773506891631,125.773506891631,125.773506891631,7.52898733396384,118.24451955766716,>100\%
rz,ti6al4v,mf,fusion,red,1,148.389237812733,148.389237812733,148.389237812733,148.389237812733,7.52898733396384,140.86025047876916,>100\%
rz,ti6al4v,mf,int,blue,1,25.8606983444012,25.8606983444012,25.8606983444012,25.8606983444012,7.52898733396384,18.33171101043736,10--30\%
rz,ti6al4v,mf,int,green,1,7.97257344401979,7.97257344401979,7.97257344401979,7.97257344401979,7.52898733396384,0.44358611005595083,<10\%
rz,ti6al4v,mf,int,red,1,22.5559574240532,22.5559574240532,22.5559574240532,22.5559574240532,7.52898733396384,15.02697009008936,10--30\%
rz,ti6al4v,mf,int,white,1,7.52898733396384,7.52898733396384,7.52898733396384,7.52898733396384,7.52898733396384,0,<10\%
rz,ti6al4v,mr,FV,blue,1,30.4262620216277,30.4262620216277,30.4262620216277,30.4262620216277,4.39585156858264,26.03041045304506,>30\%
rz,ti6al4v,mr,FV,green,1,29.3174971332431,29.3174971332431,29.3174971332431,29.3174971332431,4.39585156858264,24.921645564660462,10--30\%
rz,ti6al4v,mr,FV,red,1,27.1298791896702,27.1298791896702,27.1298791896702,27.1298791896702,4.39585156858264,22.73402762108756,10--30\%
rz,ti6al4v,mr,conf,blue,1,18.5315533242216,18.5315533242216,18.5315533242216,18.5315533242216,4.39585156858264,14.135701755638962,10--30\%
rz,ti6al4v,mr,conf,green,1,9.34298078199804,9.34298078199804,9.34298078199804,9.34298078199804,4.39585156858264,4.9471292134154,<10\%
rz,ti6al4v,mr,conf,red,1,4.39585156858264,4.39585156858264,4.39585156858264,4.39585156858264,4.39585156858264,0,<10\%
rz,ti6al4v,mr,fusion,blue,1,4.76526063631428,4.76526063631428,4.76526063631428,4.76526063631428,4.39585156858264,0.36940906773163995,<10\%
rz,ti6al4v,mr,fusion,green,1,15.6995043203018,15.6995043203018,15.6995043203018,15.6995043203018,4.39585156858264,11.30365275171916,10--30\%
rz,ti6al4v,mr,fusion,red,1,30.2496264452825,30.2496264452825,30.2496264452825,30.2496264452825,4.39585156858264,25.853774876699863,>30\%
rz,ti6al4v,mr,int,blue,1,6.53237084100785,6.53237084100785,6.53237084100785,6.53237084100785,4.39585156858264,2.1365192724252102,<10\%
rz,ti6al4v,mr,int,green,1,60.8815913373587,60.8815913373587,60.8815913373587,60.8815913373587,4.39585156858264,56.48573976877606,>30\%
rz,ti6al4v,mr,int,red,1,40.2526250481656,40.2526250481656,40.2526250481656,40.2526250481656,4.39585156858264,35.856773479582955,>30\%
rz,ti6al4v,mr,int,white,1,61.4268608098384,61.4268608098384,61.4268608098384,61.4268608098384,4.39585156858264,57.03100924125576,>30\%
rz,ti6al4v,tf,FV,blue,1,6.68631887178986,6.68631887178986,6.68631887178986,6.68631887178986,2.52043107945453,4.1658877923353295,<10\%
rz,ti6al4v,tf,FV,green,1,20.8562419996528,20.8562419996528,20.8562419996528,20.8562419996528,2.52043107945453,18.33581092019827,10--30\%
rz,ti6al4v,tf,FV,red,1,12.6076007502324,12.6076007502324,12.6076007502324,12.6076007502324,2.52043107945453,10.08716967077787,10--30\%
rz,ti6al4v,tf,conf,blue,1,16.1157255662644,16.1157255662644,16.1157255662644,16.1157255662644,2.52043107945453,13.595294486809868,10--30\%
rz,ti6al4v,tf,conf,green,1,5.70747946070508,5.70747946070508,5.70747946070508,5.70747946070508,2.52043107945453,3.1870483812505497,<10\%
rz,ti6al4v,tf,conf,red,1,8.5651152522594,8.5651152522594,8.5651152522594,8.5651152522594,2.52043107945453,6.044684172804869,<10\%
rz,ti6al4v,tf,fusion,blue,1,2.52043107945453,2.52043107945453,2.52043107945453,2.52043107945453,2.52043107945453,0,<10\%
rz,ti6al4v,tf,fusion,green,1,9.12260948886734,9.12260948886734,9.12260948886734,9.12260948886734,2.52043107945453,6.60217840941281,<10\%
rz,ti6al4v,tf,fusion,red,1,24.3909987643105,24.3909987643105,24.3909987643105,24.3909987643105,2.52043107945453,21.87056768485597,10--30\%
rz,ti6al4v,tf,int,blue,1,6.9478004226307,6.9478004226307,6.9478004226307,6.9478004226307,2.52043107945453,4.427369343176171,<10\%
rz,ti6al4v,tf,int,green,1,31.7810608262033,31.7810608262033,31.7810608262033,31.7810608262033,2.52043107945453,29.260629746748773,>30\%
rz,ti6al4v,tf,int,red,1,11.2923837180931,11.2923837180931,11.2923837180931,11.2923837180931,2.52043107945453,8.77195263863857,10--30\%
rz,ti6al4v,tf,int,white,1,32.0005024272397,32.0005024272397,32.0005024272397,32.0005024272397,2.52043107945453,29.480071347785174,>30\%
rz,ti6al4v,tr,FV,blue,1,62.5466987202591,62.5466987202591,62.5466987202591,62.5466987202591,35.7954512697205,26.7512474505386,>30\%
rz,ti6al4v,tr,FV,green,1,62.9380433879011,62.9380433879011,62.9380433879011,62.9380433879011,35.7954512697205,27.142592118180595,>30\%
rz,ti6al4v,tr,FV,red,1,58.0670280622284,58.0670280622284,58.0670280622284,58.0670280622284,35.7954512697205,22.2715767925079,>30\%
rz,ti6al4v,tr,conf,blue,1,59.2814960310248,59.2814960310248,59.2814960310248,59.2814960310248,35.7954512697205,23.4860447613043,>30\%
rz,ti6al4v,tr,conf,green,1,51.5621826349604,51.5621826349604,51.5621826349604,51.5621826349604,35.7954512697205,15.766731365239899,>30\%
rz,ti6al4v,tr,conf,red,1,45.2821860820625,45.2821860820625,45.2821860820625,45.2821860820625,35.7954512697205,9.486734812342,>30\%
rz,ti6al4v,tr,fusion,blue,1,49.21683307275,49.21683307275,49.21683307275,49.21683307275,35.7954512697205,13.421381803029497,>30\%
rz,ti6al4v,tr,fusion,green,1,41.9153625373201,41.9153625373201,41.9153625373201,41.9153625373201,35.7954512697205,6.119911267599598,>30\%
rz,ti6al4v,tr,fusion,red,1,35.7954512697205,35.7954512697205,35.7954512697205,35.7954512697205,35.7954512697205,0,>30\%
rz,ti6al4v,tr,int,blue,1,49.7801491892924,49.7801491892924,49.7801491892924,49.7801491892924,35.7954512697205,13.9846979195719,>30\%
rz,ti6al4v,tr,int,green,1,66.0422015866047,66.0422015866047,66.0422015866047,66.0422015866047,35.7954512697205,30.246750316884203,>30\%
rz,ti6al4v,tr,int,red,1,64.461971044104,64.461971044104,64.461971044104,64.461971044104,35.7954512697205,28.666519774383502,>30\%
rz,ti6al4v,tr,int,white,1,66.7315187926493,66.7315187926493,66.7315187926493,66.7315187926493,35.7954512697205,30.936067522928795,>30\%
rz,ti6al4v,wedm_f,FV,blue,1,60.7411892255989,60.7411892255989,60.7411892255989,60.7411892255989,1.54865563264495,59.19253359295395,>30\%
rz,ti6al4v,wedm_f,FV,green,1,42.9105957388178,42.9105957388178,42.9105957388178,42.9105957388178,1.54865563264495,41.361940106172845,>30\%
rz,ti6al4v,wedm_f,FV,red,1,85.8910252218655,85.8910252218655,85.8910252218655,85.8910252218655,1.54865563264495,84.34236958922055,>30\%
rz,ti6al4v,wedm_f,conf,blue,1,102.859740256188,102.859740256188,102.859740256188,102.859740256188,1.54865563264495,101.31108462354305,>100\%
rz,ti6al4v,wedm_f,conf,green,1,134.532724556046,134.532724556046,134.532724556046,134.532724556046,1.54865563264495,132.98406892340105,>100\%
rz,ti6al4v,wedm_f,conf,red,1,161.581046101865,161.581046101865,161.581046101865,161.581046101865,1.54865563264495,160.03239046922008,>100\%
rz,ti6al4v,wedm_f,fusion,blue,1,197.058538212279,197.058538212279,197.058538212279,197.058538212279,1.54865563264495,195.50988257963405,>100\%
rz,ti6al4v,wedm_f,fusion,green,1,219.767800484544,219.767800484544,219.767800484544,219.767800484544,1.54865563264495,218.21914485189907,>100\%
rz,ti6al4v,wedm_f,fusion,red,1,262.336967266624,262.336967266624,262.336967266624,262.336967266624,1.54865563264495,260.78831163397905,>100\%
rz,ti6al4v,wedm_f,int,blue,1,1.54865563264495,1.54865563264495,1.54865563264495,1.54865563264495,1.54865563264495,0,<10\%
rz,ti6al4v,wedm_f,int,green,1,24.2602917365266,24.2602917365266,24.2602917365266,24.2602917365266,1.54865563264495,22.71163610388165,10--30\%
rz,ti6al4v,wedm_f,int,red,1,22.6833246966206,22.6833246966206,22.6833246966206,22.6833246966206,1.54865563264495,21.134669063975647,10--30\%
rz,ti6al4v,wedm_f,int,white,1,25.2988962138277,25.2988962138277,25.2988962138277,25.2988962138277,1.54865563264495,23.750240581182748,10--30\%
rz,ti6al4v,wedm_r,FV,blue,1,4.81703050850095,4.81703050850095,4.81703050850095,4.81703050850095,1.41634456954652,3.40068593895443,<10\%
rz,ti6al4v,wedm_r,FV,green,1,3.69178546757826,3.69178546757826,3.69178546757826,3.69178546757826,1.41634456954652,2.27544089803174,<10\%
rz,ti6al4v,wedm_r,FV,red,1,1.41634456954652,1.41634456954652,1.41634456954652,1.41634456954652,1.41634456954652,0,<10\%
rz,ti6al4v,wedm_r,conf,blue,1,23.8007629647805,23.8007629647805,23.8007629647805,23.8007629647805,1.41634456954652,22.38441839523398,10--30\%
rz,ti6al4v,wedm_r,conf,green,1,47.4284820647724,47.4284820647724,47.4284820647724,47.4284820647724,1.41634456954652,46.012137495225886,>30\%
rz,ti6al4v,wedm_r,conf,red,1,71.8876940419158,71.8876940419158,71.8876940419158,71.8876940419158,1.41634456954652,70.47134947236927,>30\%
rz,ti6al4v,wedm_r,fusion,blue,1,79.6459900901228,79.6459900901228,79.6459900901228,79.6459900901228,1.41634456954652,78.22964552057627,>30\%
rz,ti6al4v,wedm_r,fusion,green,1,161.165106470796,161.165106470796,161.165106470796,161.165106470796,1.41634456954652,159.74876190124948,>100\%
rz,ti6al4v,wedm_r,fusion,red,1,183.065705909377,183.065705909377,183.065705909377,183.065705909377,1.41634456954652,181.64936133983048,>100\%
rz,ti6al4v,wedm_r,int,blue,1,24.6344034262163,24.6344034262163,24.6344034262163,24.6344034262163,1.41634456954652,23.218058856669778,10--30\%
rz,ti6al4v,wedm_r,int,green,1,5.80720277685084,5.80720277685084,5.80720277685084,5.80720277685084,1.41634456954652,4.39085820730432,<10\%
rz,ti6al4v,wedm_r,int,red,1,4.61535242279764,4.61535242279764,4.61535242279764,4.61535242279764,1.41634456954652,3.1990078532511204,<10\%
rz,ti6al4v,wedm_r,int,white,1,5.410822718724,5.410822718724,5.410822718724,5.410822718724,1.41634456954652,3.99447814917748,<10\%
rz1max,14301,b,FV,blue,1,103.167128576494,103.167128576494,103.167128576494,103.167128576494,8.44388296023295,94.72324561626104,>100\%
rz1max,14301,b,FV,green,1,8.44388296023295,8.44388296023295,8.44388296023295,8.44388296023295,8.44388296023295,0,<10\%
rz1max,14301,b,FV,red,1,25.9713077213747,25.9713077213747,25.9713077213747,25.9713077213747,8.44388296023295,17.527424761141752,10--30\%
rz1max,14301,b,conf,blue,1,55.3605554990468,55.3605554990468,55.3605554990468,55.3605554990468,8.44388296023295,46.91667253881385,>30\%
rz1max,14301,b,conf,green,1,69.2575965066414,69.2575965066414,69.2575965066414,69.2575965066414,8.44388296023295,60.81371354640846,>30\%
rz1max,14301,b,conf,red,1,102.976164391519,102.976164391519,102.976164391519,102.976164391519,8.44388296023295,94.53228143128605,>100\%
rz1max,14301,b,fusion,blue,1,113.772656550606,113.772656550606,113.772656550606,113.772656550606,8.44388296023295,105.32877359037305,>100\%
rz1max,14301,b,fusion,green,1,120.958715742726,120.958715742726,120.958715742726,120.958715742726,8.44388296023295,112.51483278249304,>100\%
rz1max,14301,b,fusion,red,1,161.04952782793,161.04952782793,161.04952782793,161.04952782793,8.44388296023295,152.60564486769707,>100\%
rz1max,14301,b,int,blue,1,44.1760308202046,44.1760308202046,44.1760308202046,44.1760308202046,8.44388296023295,35.732147859971654,>30\%
rz1max,14301,b,int,green,1,48.9015650511335,48.9015650511335,48.9015650511335,48.9015650511335,8.44388296023295,40.457682090900555,>30\%
rz1max,14301,b,int,red,1,36.5167725258179,36.5167725258179,36.5167725258179,36.5167725258179,8.44388296023295,28.07288956558495,>30\%
rz1max,14301,b,int,white,1,51.9647708584223,51.9647708584223,51.9647708584223,51.9647708584223,8.44388296023295,43.52088789818935,>30\%
rz1max,14301,gla,FV,blue,1,6.74305396079212,6.74305396079212,6.74305396079212,6.74305396079212,6.62392960889887,0.11912435189324988,<10\%
rz1max,14301,gla,FV,green,1,27.330224701163,27.330224701163,27.330224701163,27.330224701163,6.62392960889887,20.70629509226413,10--30\%
rz1max,14301,gla,FV,red,1,6.62392960889887,6.62392960889887,6.62392960889887,6.62392960889887,6.62392960889887,0,<10\%
rz1max,14301,gla,conf,blue,1,17.7723978846367,17.7723978846367,17.7723978846367,17.7723978846367,6.62392960889887,11.14846827573783,10--30\%
rz1max,14301,gla,conf,green,1,29.5203393884984,29.5203393884984,29.5203393884984,29.5203393884984,6.62392960889887,22.89640977959953,10--30\%
rz1max,14301,gla,conf,red,1,39.9849328210989,39.9849328210989,39.9849328210989,39.9849328210989,6.62392960889887,33.36100321220003,>30\%
rz1max,14301,gla,fusion,blue,1,77.9240647840125,77.9240647840125,77.9240647840125,77.9240647840125,6.62392960889887,71.30013517511362,>30\%
rz1max,14301,gla,fusion,green,1,88.201661608906,88.201661608906,88.201661608906,88.201661608906,6.62392960889887,81.57773200000712,>30\%
rz1max,14301,gla,fusion,red,1,115.043993771393,115.043993771393,115.043993771393,115.043993771393,6.62392960889887,108.42006416249413,>100\%
rz1max,14301,gla,int,blue,1,35.0947689812426,35.0947689812426,35.0947689812426,35.0947689812426,6.62392960889887,28.470839372343733,>30\%
rz1max,14301,gla,int,green,1,39.6435140142195,39.6435140142195,39.6435140142195,39.6435140142195,6.62392960889887,33.01958440532063,>30\%
rz1max,14301,gla,int,red,1,42.3540711037543,42.3540711037543,42.3540711037543,42.3540711037543,6.62392960889887,35.73014149485543,>30\%
rz1max,14301,gla,int,white,1,39.5031337610946,39.5031337610946,39.5031337610946,39.5031337610946,6.62392960889887,32.87920415219573,>30\%
rz1max,14301,gri,FV,blue,1,25.6640405976129,25.6640405976129,25.6640405976129,25.6640405976129,3.54557640382485,22.11846419378805,10--30\%
rz1max,14301,gri,FV,green,1,9.61774125531288,9.61774125531288,9.61774125531288,9.61774125531288,3.54557640382485,6.072164851488031,<10\%
rz1max,14301,gri,FV,red,1,38.6344963618943,38.6344963618943,38.6344963618943,38.6344963618943,3.54557640382485,35.08891995806945,>30\%
rz1max,14301,gri,conf,blue,1,3.54557640382485,3.54557640382485,3.54557640382485,3.54557640382485,3.54557640382485,0,<10\%
rz1max,14301,gri,conf,green,1,4.74814536308885,4.74814536308885,4.74814536308885,4.74814536308885,3.54557640382485,1.2025689592639996,<10\%
rz1max,14301,gri,conf,red,1,12.936528873951,12.936528873951,12.936528873951,12.936528873951,3.54557640382485,9.39095247012615,10--30\%
rz1max,14301,gri,fusion,blue,1,47.5599386703886,47.5599386703886,47.5599386703886,47.5599386703886,3.54557640382485,44.014362266563744,>30\%
rz1max,14301,gri,fusion,green,1,28.1483210425959,28.1483210425959,28.1483210425959,28.1483210425959,3.54557640382485,24.60274463877105,10--30\%
rz1max,14301,gri,fusion,red,1,36.54384262289,36.54384262289,36.54384262289,36.54384262289,3.54557640382485,32.998266219065144,>30\%
rz1max,14301,gri,int,blue,1,11.0042858293774,11.0042858293774,11.0042858293774,11.0042858293774,3.54557640382485,7.45870942555255,10--30\%
rz1max,14301,gri,int,green,1,5.96949316568754,5.96949316568754,5.96949316568754,5.96949316568754,3.54557640382485,2.42391676186269,<10\%
rz1max,14301,gri,int,red,1,10.3369143731195,10.3369143731195,10.3369143731195,10.3369143731195,3.54557640382485,6.79133796929465,10--30\%
rz1max,14301,gri,int,white,1,5.44132070618846,5.44132070618846,5.44132070618846,5.44132070618846,3.54557640382485,1.8957443023636098,<10\%
rz1max,14301,hon,FV,blue,1,4.42062209484989,4.42062209484989,4.42062209484989,4.42062209484989,4.42062209484989,0,<10\%
rz1max,14301,hon,FV,green,1,12.9657748211411,12.9657748211411,12.9657748211411,12.9657748211411,4.42062209484989,8.54515272629121,10--30\%
rz1max,14301,hon,FV,red,1,47.2391383413348,47.2391383413348,47.2391383413348,47.2391383413348,4.42062209484989,42.81851624648491,>30\%
rz1max,14301,hon,conf,blue,1,8.84111037035355,8.84111037035355,8.84111037035355,8.84111037035355,4.42062209484989,4.420488275503659,<10\%
rz1max,14301,hon,conf,green,1,5.49778710821962,5.49778710821962,5.49778710821962,5.49778710821962,4.42062209484989,1.0771650133697293,<10\%
rz1max,14301,hon,conf,red,1,15.6850095044198,15.6850095044198,15.6850095044198,15.6850095044198,4.42062209484989,11.26438740956991,10--30\%
rz1max,14301,hon,fusion,blue,1,45.673381036291,45.673381036291,45.673381036291,45.673381036291,4.42062209484989,41.25275894144111,>30\%
rz1max,14301,hon,fusion,green,1,52.4862065720621,52.4862065720621,52.4862065720621,52.4862065720621,4.42062209484989,48.06558447721221,>30\%
rz1max,14301,hon,fusion,red,1,60.9437197119144,60.9437197119144,60.9437197119144,60.9437197119144,4.42062209484989,56.52309761706451,>30\%
rz1max,14301,hon,int,blue,1,31.979316052625,31.979316052625,31.979316052625,31.979316052625,4.42062209484989,27.55869395777511,>30\%
rz1max,14301,hon,int,green,1,15.2879442407217,15.2879442407217,15.2879442407217,15.2879442407217,4.42062209484989,10.86732214587181,10--30\%
rz1max,14301,hon,int,red,1,18.5706605102609,18.5706605102609,18.5706605102609,18.5706605102609,4.42062209484989,14.15003841541101,10--30\%
rz1max,14301,hon,int,white,1,14.9857641126169,14.9857641126169,14.9857641126169,14.9857641126169,4.42062209484989,10.565142017767009,10--30\%
rz1max,14301,mf,FV,blue,1,59.7359656695336,59.7359656695336,59.7359656695336,59.7359656695336,0.703586679761802,59.0323789897718,>30\%
rz1max,14301,mf,FV,green,1,0.703586679761802,0.703586679761802,0.703586679761802,0.703586679761802,0.703586679761802,0,<10\%
rz1max,14301,mf,FV,red,1,7.76256723143188,7.76256723143188,7.76256723143188,7.76256723143188,0.703586679761802,7.058980551670078,<10\%
rz1max,14301,mf,conf,blue,1,16.5814892681943,16.5814892681943,16.5814892681943,16.5814892681943,0.703586679761802,15.877902588432498,10--30\%
rz1max,14301,mf,conf,green,1,40.2694385873505,40.2694385873505,40.2694385873505,40.2694385873505,0.703586679761802,39.565851907588694,>30\%
rz1max,14301,mf,conf,red,1,63.7427348914056,63.7427348914056,63.7427348914056,63.7427348914056,0.703586679761802,63.03914821164379,>30\%
rz1max,14301,mf,fusion,blue,1,36.0673430040405,36.0673430040405,36.0673430040405,36.0673430040405,0.703586679761802,35.3637563242787,>30\%
rz1max,14301,mf,fusion,green,1,75.0689666023824,75.0689666023824,75.0689666023824,75.0689666023824,0.703586679761802,74.3653799226206,>30\%
rz1max,14301,mf,fusion,red,1,104.282682942114,104.282682942114,104.282682942114,104.282682942114,0.703586679761802,103.5790962623522,>100\%
rz1max,14301,mf,int,blue,1,70.3912477199332,70.3912477199332,70.3912477199332,70.3912477199332,0.703586679761802,69.6876610401714,>30\%
rz1max,14301,mf,int,green,1,31.7180549949558,31.7180549949558,31.7180549949558,31.7180549949558,0.703586679761802,31.014468315193998,>30\%
rz1max,14301,mf,int,red,1,3.0597937358549,3.0597937358549,3.0597937358549,3.0597937358549,0.703586679761802,2.356207056093098,<10\%
rz1max,14301,mf,int,white,1,33.6056097379092,33.6056097379092,33.6056097379092,33.6056097379092,0.703586679761802,32.90202305814739,>30\%
rz1max,14301,mr,FV,blue,1,55.8280109856572,55.8280109856572,55.8280109856572,55.8280109856572,31.5588864620094,24.2691245236478,>30\%
rz1max,14301,mr,FV,green,1,71.2137704004989,71.2137704004989,71.2137704004989,71.2137704004989,31.5588864620094,39.654883938489505,>30\%
rz1max,14301,mr,FV,red,1,70.9016841650232,70.9016841650232,70.9016841650232,70.9016841650232,31.5588864620094,39.3427977030138,>30\%
rz1max,14301,mr,conf,blue,1,72.7040840238128,72.7040840238128,72.7040840238128,72.7040840238128,31.5588864620094,41.1451975618034,>30\%
rz1max,14301,mr,conf,green,1,66.8502616556202,66.8502616556202,66.8502616556202,66.8502616556202,31.5588864620094,35.291375193610804,>30\%
rz1max,14301,mr,conf,red,1,60.8647004381993,60.8647004381993,60.8647004381993,60.8647004381993,31.5588864620094,29.3058139761899,>30\%
rz1max,14301,mr,fusion,blue,1,64.5135654435948,64.5135654435948,64.5135654435948,64.5135654435948,31.5588864620094,32.9546789815854,>30\%
rz1max,14301,mr,fusion,green,1,59.9473585538571,59.9473585538571,59.9473585538571,59.9473585538571,31.5588864620094,28.3884720918477,>30\%
rz1max,14301,mr,fusion,red,1,54.2098429075003,54.2098429075003,54.2098429075003,54.2098429075003,31.5588864620094,22.650956445490902,>30\%
rz1max,14301,mr,int,blue,1,31.5588864620094,31.5588864620094,31.5588864620094,31.5588864620094,31.5588864620094,0,>30\%
rz1max,14301,mr,int,green,1,83.0746495900323,83.0746495900323,83.0746495900323,83.0746495900323,31.5588864620094,51.5157631280229,>30\%
rz1max,14301,mr,int,red,1,53.6245163353899,53.6245163353899,53.6245163353899,53.6245163353899,31.5588864620094,22.065629873380498,>30\%
rz1max,14301,mr,int,white,1,83.811363502042,83.811363502042,83.811363502042,83.811363502042,31.5588864620094,52.2524770400326,>30\%
rz1max,14301,tf,FV,blue,1,14.0614435742403,14.0614435742403,14.0614435742403,14.0614435742403,14.0614435742403,0,10--30\%
rz1max,14301,tf,FV,green,1,58.8827464230681,58.8827464230681,58.8827464230681,58.8827464230681,14.0614435742403,44.8213028488278,>30\%
rz1max,14301,tf,FV,red,1,63.0086628547401,63.0086628547401,63.0086628547401,63.0086628547401,14.0614435742403,48.9472192804998,>30\%
rz1max,14301,tf,conf,blue,1,66.4836782668678,66.4836782668678,66.4836782668678,66.4836782668678,14.0614435742403,52.4222346926275,>30\%
rz1max,14301,tf,conf,green,1,65.1450700980244,65.1450700980244,65.1450700980244,65.1450700980244,14.0614435742403,51.083626523784105,>30\%
rz1max,14301,tf,conf,red,1,63.551284717105,63.551284717105,63.551284717105,63.551284717105,14.0614435742403,49.4898411428647,>30\%
rz1max,14301,tf,fusion,blue,1,62.9069758795348,62.9069758795348,62.9069758795348,62.9069758795348,14.0614435742403,48.8455323052945,>30\%
rz1max,14301,tf,fusion,green,1,60.9879933419797,60.9879933419797,60.9879933419797,60.9879933419797,14.0614435742403,46.9265497677394,>30\%
rz1max,14301,tf,fusion,red,1,58.3720338366266,58.3720338366266,58.3720338366266,58.3720338366266,14.0614435742403,44.3105902623863,>30\%
rz1max,14301,tf,int,blue,1,57.8587312345227,57.8587312345227,57.8587312345227,57.8587312345227,14.0614435742403,43.7972876602824,>30\%
rz1max,14301,tf,int,green,1,71.8674514786144,71.8674514786144,71.8674514786144,71.8674514786144,14.0614435742403,57.8060079043741,>30\%
rz1max,14301,tf,int,red,1,66.1855879464223,66.1855879464223,66.1855879464223,66.1855879464223,14.0614435742403,52.124144372182,>30\%
rz1max,14301,tf,int,white,1,71.7789077191404,71.7789077191404,71.7789077191404,71.7789077191404,14.0614435742403,57.717464144900106,>30\%
rz1max,14301,tr,FV,blue,1,17.4032247482532,17.4032247482532,17.4032247482532,17.4032247482532,8.42910701243558,8.974117735817622,10--30\%
rz1max,14301,tr,FV,green,1,32.4078441056803,32.4078441056803,32.4078441056803,32.4078441056803,8.42910701243558,23.978737093244717,>30\%
rz1max,14301,tr,FV,red,1,31.8564228976853,31.8564228976853,31.8564228976853,31.8564228976853,8.42910701243558,23.42731588524972,>30\%
rz1max,14301,tr,conf,blue,1,24.9780138847956,24.9780138847956,24.9780138847956,24.9780138847956,8.42910701243558,16.54890687236002,10--30\%
rz1max,14301,tr,conf,green,1,21.8361050991501,21.8361050991501,21.8361050991501,21.8361050991501,8.42910701243558,13.40699808671452,10--30\%
rz1max,14301,tr,conf,red,1,20.1665892809188,20.1665892809188,20.1665892809188,20.1665892809188,8.42910701243558,11.73748226848322,10--30\%
rz1max,14301,tr,fusion,blue,1,18.2373224457211,18.2373224457211,18.2373224457211,18.2373224457211,8.42910701243558,9.808215433285522,10--30\%
rz1max,14301,tr,fusion,green,1,13.0842869240651,13.0842869240651,13.0842869240651,13.0842869240651,8.42910701243558,4.655179911629521,10--30\%
rz1max,14301,tr,fusion,red,1,8.42910701243558,8.42910701243558,8.42910701243558,8.42910701243558,8.42910701243558,0,<10\%
rz1max,14301,tr,int,blue,1,22.2067166485507,22.2067166485507,22.2067166485507,22.2067166485507,8.42910701243558,13.77760963611512,10--30\%
rz1max,14301,tr,int,green,1,19.7269856649922,19.7269856649922,19.7269856649922,19.7269856649922,8.42910701243558,11.29787865255662,10--30\%
rz1max,14301,tr,int,red,1,15.7930674413565,15.7930674413565,15.7930674413565,15.7930674413565,8.42910701243558,7.363960428920921,10--30\%
rz1max,14301,tr,int,white,1,19.77456398074,19.77456398074,19.77456398074,19.77456398074,8.42910701243558,11.345456968304422,10--30\%
rz1max,14301,wedm_f,FV,blue,1,16.190168618199,16.190168618199,16.190168618199,16.190168618199,5.55922049173682,10.63094812646218,10--30\%
rz1max,14301,wedm_f,FV,green,1,5.55922049173682,5.55922049173682,5.55922049173682,5.55922049173682,5.55922049173682,0,<10\%
rz1max,14301,wedm_f,FV,red,1,15.5850452608147,15.5850452608147,15.5850452608147,15.5850452608147,5.55922049173682,10.02582476907788,10--30\%
rz1max,14301,wedm_f,conf,blue,1,46.2190392208525,46.2190392208525,46.2190392208525,46.2190392208525,5.55922049173682,40.659818729115685,>30\%
rz1max,14301,wedm_f,conf,green,1,62.4197972633008,62.4197972633008,62.4197972633008,62.4197972633008,5.55922049173682,56.860576771563984,>30\%
rz1max,14301,wedm_f,conf,red,1,93.6401636735909,93.6401636735909,93.6401636735909,93.6401636735909,5.55922049173682,88.08094318185408,>30\%
rz1max,14301,wedm_f,fusion,blue,1,169.039363376852,169.039363376852,169.039363376852,169.039363376852,5.55922049173682,163.48014288511519,>100\%
rz1max,14301,wedm_f,fusion,green,1,120.037121841476,120.037121841476,120.037121841476,120.037121841476,5.55922049173682,114.47790134973917,>100\%
rz1max,14301,wedm_f,fusion,red,1,162.506704615433,162.506704615433,162.506704615433,162.506704615433,5.55922049173682,156.94748412369617,>100\%
rz1max,14301,wedm_f,int,blue,1,33.9173880115027,33.9173880115027,33.9173880115027,33.9173880115027,5.55922049173682,28.358167519765882,>30\%
rz1max,14301,wedm_f,int,green,1,16.7934125467596,16.7934125467596,16.7934125467596,16.7934125467596,5.55922049173682,11.234192055022781,10--30\%
rz1max,14301,wedm_f,int,red,1,26.7894809091074,26.7894809091074,26.7894809091074,26.7894809091074,5.55922049173682,21.23026041737058,10--30\%
rz1max,14301,wedm_f,int,white,1,17.019339371966,17.019339371966,17.019339371966,17.019339371966,5.55922049173682,11.460118880229182,10--30\%
rz1max,14301,wedm_r,FV,blue,1,8.165985894894,8.165985894894,8.165985894894,8.165985894894,0.236757887084581,7.929228007809419,<10\%
rz1max,14301,wedm_r,FV,green,1,8.72268259031103,8.72268259031103,8.72268259031103,8.72268259031103,0.236757887084581,8.485924703226448,<10\%
rz1max,14301,wedm_r,FV,red,1,7.91997316767505,7.91997316767505,7.91997316767505,7.91997316767505,0.236757887084581,7.68321528059047,<10\%
rz1max,14301,wedm_r,conf,blue,1,4.35980601215966,4.35980601215966,4.35980601215966,4.35980601215966,0.236757887084581,4.123048125075079,<10\%
rz1max,14301,wedm_r,conf,green,1,0.236757887084581,0.236757887084581,0.236757887084581,0.236757887084581,0.236757887084581,0,<10\%
rz1max,14301,wedm_r,conf,red,1,4.18069890576537,4.18069890576537,4.18069890576537,4.18069890576537,0.236757887084581,3.943941018680789,<10\%
rz1max,14301,wedm_r,fusion,blue,1,2.39143023494689,2.39143023494689,2.39143023494689,2.39143023494689,0.236757887084581,2.1546723478623093,<10\%
rz1max,14301,wedm_r,fusion,green,1,32.0596471167588,32.0596471167588,32.0596471167588,32.0596471167588,0.236757887084581,31.82288922967422,>30\%
rz1max,14301,wedm_r,fusion,red,1,45.2523294954731,45.2523294954731,45.2523294954731,45.2523294954731,0.236757887084581,45.01557160838852,>30\%
rz1max,14301,wedm_r,int,green,1,3.97395895032382,3.97395895032382,3.97395895032382,3.97395895032382,0.236757887084581,3.7372010632392394,<10\%
rz1max,14301,wedm_r,int,red,1,5.89808471078637,5.89808471078637,5.89808471078637,5.89808471078637,0.236757887084581,5.661326823701789,<10\%
rz1max,14301,wedm_r,int,white,1,5.01725107377195,5.01725107377195,5.01725107377195,5.01725107377195,0.236757887084581,4.7804931866873694,<10\%
rz1max,al7075,b,FV,blue,1,393.382010976361,393.382010976361,393.382010976361,393.382010976361,5.42067026201849,387.96134071434255,>100\%
rz1max,al7075,b,FV,green,1,138.751298894553,138.751298894553,138.751298894553,138.751298894553,5.42067026201849,133.3306286325345,>100\%
rz1max,al7075,b,FV,red,1,148.386225639914,148.386225639914,148.386225639914,148.386225639914,5.42067026201849,142.9655553778955,>100\%
rz1max,al7075,b,conf,blue,1,188.372213785587,188.372213785587,188.372213785587,188.372213785587,5.42067026201849,182.95154352356852,>100\%
rz1max,al7075,b,conf,green,1,200.542971456487,200.542971456487,200.542971456487,200.542971456487,5.42067026201849,195.12230119446852,>100\%
rz1max,al7075,b,conf,red,1,285.7536811009,285.7536811009,285.7536811009,285.7536811009,5.42067026201849,280.3330108388815,>100\%
rz1max,al7075,b,fusion,blue,1,267.520554274724,267.520554274724,267.520554274724,267.520554274724,5.42067026201849,262.0998840127055,>100\%
rz1max,al7075,b,fusion,green,1,265.381319584834,265.381319584834,265.381319584834,265.381319584834,5.42067026201849,259.96064932281547,>100\%
rz1max,al7075,b,fusion,red,1,380.777236166357,380.777236166357,380.777236166357,380.777236166357,5.42067026201849,375.3565659043385,>100\%
rz1max,al7075,b,int,blue,1,244.772660046036,244.772660046036,244.772660046036,244.772660046036,5.42067026201849,239.35198978401752,>100\%
rz1max,al7075,b,int,green,1,20.3089199895684,20.3089199895684,20.3089199895684,20.3089199895684,5.42067026201849,14.888249727549908,10--30\%
rz1max,al7075,b,int,red,1,675.496548559531,675.496548559531,675.496548559531,675.496548559531,5.42067026201849,670.0758782975125,>100\%
rz1max,al7075,b,int,white,1,5.42067026201849,5.42067026201849,5.42067026201849,5.42067026201849,5.42067026201849,0,<10\%
rz1max,al7075,gla,FV,blue,1,13.2821499115066,13.2821499115066,13.2821499115066,13.2821499115066,0.829329039894767,12.452820871611834,10--30\%
rz1max,al7075,gla,FV,green,1,23.2196741805655,23.2196741805655,23.2196741805655,23.2196741805655,0.829329039894767,22.390345140670735,10--30\%
rz1max,al7075,gla,FV,red,1,0.829329039894767,0.829329039894767,0.829329039894767,0.829329039894767,0.829329039894767,0,<10\%
rz1max,al7075,gla,conf,blue,1,13.4560020089953,13.4560020089953,13.4560020089953,13.4560020089953,0.829329039894767,12.626672969100532,10--30\%
rz1max,al7075,gla,conf,green,1,36.9419581812832,36.9419581812832,36.9419581812832,36.9419581812832,0.829329039894767,36.11262914138843,>30\%
rz1max,al7075,gla,conf,red,1,61.203139679554,61.203139679554,61.203139679554,61.203139679554,0.829329039894767,60.37381063965923,>30\%
rz1max,al7075,gla,fusion,blue,1,35.3037883436754,35.3037883436754,35.3037883436754,35.3037883436754,0.829329039894767,34.474459303780634,>30\%
rz1max,al7075,gla,fusion,green,1,160.808151498819,160.808151498819,160.808151498819,160.808151498819,0.829329039894767,159.97882245892424,>100\%
rz1max,al7075,gla,fusion,red,1,164.791869219173,164.791869219173,164.791869219173,164.791869219173,0.829329039894767,163.96254017927825,>100\%
rz1max,al7075,gla,int,blue,1,24.1681342484788,24.1681342484788,24.1681342484788,24.1681342484788,0.829329039894767,23.338805208584034,10--30\%
rz1max,al7075,gla,int,green,1,14.7532561282533,14.7532561282533,14.7532561282533,14.7532561282533,0.829329039894767,13.923927088358532,10--30\%
rz1max,al7075,gla,int,red,1,17.9981195938815,17.9981195938815,17.9981195938815,17.9981195938815,0.829329039894767,17.168790553986735,10--30\%
rz1max,al7075,gla,int,white,1,14.2372817152685,14.2372817152685,14.2372817152685,14.2372817152685,0.829329039894767,13.407952675373732,10--30\%
rz1max,al7075,gri,FV,blue,1,15.6349067092538,15.6349067092538,15.6349067092538,15.6349067092538,12.0234967010214,3.611410008232399,10--30\%
rz1max,al7075,gri,FV,green,1,33.6548735030325,33.6548735030325,33.6548735030325,33.6548735030325,12.0234967010214,21.631376802011097,>30\%
rz1max,al7075,gri,FV,red,1,12.0234967010214,12.0234967010214,12.0234967010214,12.0234967010214,12.0234967010214,0,10--30\%
rz1max,al7075,gri,conf,blue,1,44.6158360513617,44.6158360513617,44.6158360513617,44.6158360513617,12.0234967010214,32.592339350340296,>30\%
rz1max,al7075,gri,conf,green,1,39.0756207235844,39.0756207235844,39.0756207235844,39.0756207235844,12.0234967010214,27.052124022563,>30\%
rz1max,al7075,gri,conf,red,1,30.8414709270503,30.8414709270503,30.8414709270503,30.8414709270503,12.0234967010214,18.8179742260289,>30\%
rz1max,al7075,gri,fusion,blue,1,28.5397053531573,28.5397053531573,28.5397053531573,28.5397053531573,12.0234967010214,16.516208652135898,10--30\%
rz1max,al7075,gri,fusion,green,1,25.6820107711391,25.6820107711391,25.6820107711391,25.6820107711391,12.0234967010214,13.6585140701177,10--30\%
rz1max,al7075,gri,fusion,red,1,17.4544788077333,17.4544788077333,17.4544788077333,17.4544788077333,12.0234967010214,5.430982106711898,10--30\%
rz1max,al7075,gri,int,blue,1,52.4768875707296,52.4768875707296,52.4768875707296,52.4768875707296,12.0234967010214,40.4533908697082,>30\%
rz1max,al7075,gri,int,green,1,57.6851830316762,57.6851830316762,57.6851830316762,57.6851830316762,12.0234967010214,45.6616863306548,>30\%
rz1max,al7075,gri,int,red,1,54.9433488829544,54.9433488829544,54.9433488829544,54.9433488829544,12.0234967010214,42.919852181933,>30\%
rz1max,al7075,gri,int,white,1,58.0876582424875,58.0876582424875,58.0876582424875,58.0876582424875,12.0234967010214,46.0641615414661,>30\%
rz1max,al7075,hon,FV,blue,1,24.7987485808743,24.7987485808743,24.7987485808743,24.7987485808743,1.53977769243159,23.25897088844271,10--30\%
rz1max,al7075,hon,FV,green,1,29.4981692764137,29.4981692764137,29.4981692764137,29.4981692764137,1.53977769243159,27.958391583982113,10--30\%
rz1max,al7075,hon,FV,red,1,1.53977769243159,1.53977769243159,1.53977769243159,1.53977769243159,1.53977769243159,0,<10\%
rz1max,al7075,hon,conf,blue,1,51.9487939705961,51.9487939705961,51.9487939705961,51.9487939705961,1.53977769243159,50.40901627816451,>30\%
rz1max,al7075,hon,conf,green,1,43.4719198952347,43.4719198952347,43.4719198952347,43.4719198952347,1.53977769243159,41.93214220280311,>30\%
rz1max,al7075,hon,conf,red,1,35.8414103825353,35.8414103825353,35.8414103825353,35.8414103825353,1.53977769243159,34.30163269010371,>30\%
rz1max,al7075,hon,fusion,blue,1,33.1608609321285,33.1608609321285,33.1608609321285,33.1608609321285,1.53977769243159,31.62108323969691,>30\%
rz1max,al7075,hon,fusion,green,1,28.6686682937917,28.6686682937917,28.6686682937917,28.6686682937917,1.53977769243159,27.128890601360112,10--30\%
rz1max,al7075,hon,fusion,red,1,19.9569683551524,19.9569683551524,19.9569683551524,19.9569683551524,1.53977769243159,18.417190662720813,10--30\%
rz1max,al7075,hon,int,blue,1,56.604045841546,56.604045841546,56.604045841546,56.604045841546,1.53977769243159,55.064268149114405,>30\%
rz1max,al7075,hon,int,green,1,59.9654878060308,59.9654878060308,59.9654878060308,59.9654878060308,1.53977769243159,58.42571011359921,>30\%
rz1max,al7075,hon,int,red,1,58.9326604365616,58.9326604365616,58.9326604365616,58.9326604365616,1.53977769243159,57.392882744130006,>30\%
rz1max,al7075,hon,int,white,1,59.9201297679572,59.9201297679572,59.9201297679572,59.9201297679572,1.53977769243159,58.38035207552561,>30\%
rz1max,al7075,mf,FV,blue,1,65.9498296420158,65.9498296420158,65.9498296420158,65.9498296420158,5.32117584655307,60.62865379546273,>30\%
rz1max,al7075,mf,FV,green,1,15.4804604640577,15.4804604640577,15.4804604640577,15.4804604640577,5.32117584655307,10.15928461750463,10--30\%
rz1max,al7075,mf,FV,red,1,8.37974466953528,8.37974466953528,8.37974466953528,8.37974466953528,5.32117584655307,3.0585688229822097,<10\%
rz1max,al7075,mf,conf,blue,1,5.32117584655307,5.32117584655307,5.32117584655307,5.32117584655307,5.32117584655307,0,<10\%
rz1max,al7075,mf,conf,green,1,7.96306258029333,7.96306258029333,7.96306258029333,7.96306258029333,5.32117584655307,2.64188673374026,<10\%
rz1max,al7075,mf,conf,red,1,30.9624442112594,30.9624442112594,30.9624442112594,30.9624442112594,5.32117584655307,25.641268364706328,>30\%
rz1max,al7075,mf,fusion,blue,1,20.9910301452148,20.9910301452148,20.9910301452148,20.9910301452148,5.32117584655307,15.66985429866173,10--30\%
rz1max,al7075,mf,fusion,green,1,34.3756029773931,34.3756029773931,34.3756029773931,34.3756029773931,5.32117584655307,29.054427130840033,>30\%
rz1max,al7075,mf,fusion,red,1,61.2217595872297,61.2217595872297,61.2217595872297,61.2217595872297,5.32117584655307,55.90058374067663,>30\%
rz1max,al7075,mf,int,blue,1,14.5979528840378,14.5979528840378,14.5979528840378,14.5979528840378,5.32117584655307,9.276777037484731,10--30\%
rz1max,al7075,mf,int,green,1,64.892786941117,64.892786941117,64.892786941117,64.892786941117,5.32117584655307,59.57161109456393,>30\%
rz1max,al7075,mf,int,red,1,51.3646295233234,51.3646295233234,51.3646295233234,51.3646295233234,5.32117584655307,46.04345367677033,>30\%
rz1max,al7075,mf,int,white,1,66.3815020169345,66.3815020169345,66.3815020169345,66.3815020169345,5.32117584655307,61.06032617038144,>30\%
rz1max,al7075,mr,FV,blue,1,193.03740342288,193.03740342288,193.03740342288,193.03740342288,36.2730771588335,156.7643262640465,>100\%
rz1max,al7075,mr,FV,green,1,69.6250686888242,69.6250686888242,69.6250686888242,69.6250686888242,36.2730771588335,33.3519915299907,>30\%
rz1max,al7075,mr,FV,red,1,43.1993216486099,43.1993216486099,43.1993216486099,43.1993216486099,36.2730771588335,6.926244489776401,>30\%
rz1max,al7075,mr,conf,blue,1,36.2730771588335,36.2730771588335,36.2730771588335,36.2730771588335,36.2730771588335,0,>30\%
rz1max,al7075,mr,conf,green,1,50.1105918947341,50.1105918947341,50.1105918947341,50.1105918947341,36.2730771588335,13.837514735900598,>30\%
rz1max,al7075,mr,conf,red,1,69.7006032685839,69.7006032685839,69.7006032685839,69.7006032685839,36.2730771588335,33.4275261097504,>30\%
rz1max,al7075,mr,fusion,blue,1,78.436519637649,78.436519637649,78.436519637649,78.436519637649,36.2730771588335,42.1634424788155,>30\%
rz1max,al7075,mr,fusion,green,1,98.5911601992461,98.5911601992461,98.5911601992461,98.5911601992461,36.2730771588335,62.3180830404126,>30\%
rz1max,al7075,mr,fusion,red,1,121.092694417117,121.092694417117,121.092694417117,121.092694417117,36.2730771588335,84.8196172582835,>100\%
rz1max,al7075,mr,int,blue,1,56.6121938890914,56.6121938890914,56.6121938890914,56.6121938890914,36.2730771588335,20.3391167302579,>30\%
rz1max,al7075,mr,int,green,1,52.8319467924945,52.8319467924945,52.8319467924945,52.8319467924945,36.2730771588335,16.558869633660997,>30\%
rz1max,al7075,mr,int,red,1,101.011222593055,101.011222593055,101.011222593055,101.011222593055,36.2730771588335,64.7381454342215,>100\%
rz1max,al7075,mr,int,white,1,57.0645970409865,57.0645970409865,57.0645970409865,57.0645970409865,36.2730771588335,20.791519882152997,>30\%
rz1max,al7075,tf,FV,blue,1,35.9658869152047,35.9658869152047,35.9658869152047,35.9658869152047,34.389868485375,1.576018429829702,>30\%
rz1max,al7075,tf,FV,green,1,57.956139205903,57.956139205903,57.956139205903,57.956139205903,34.389868485375,23.566270720528003,>30\%
rz1max,al7075,tf,FV,red,1,57.6736722784505,57.6736722784505,57.6736722784505,57.6736722784505,34.389868485375,23.283803793075506,>30\%
rz1max,al7075,tf,conf,blue,1,59.7410078573658,59.7410078573658,59.7410078573658,59.7410078573658,34.389868485375,25.351139371990804,>30\%
rz1max,al7075,tf,conf,green,1,53.1353397934188,53.1353397934188,53.1353397934188,53.1353397934188,34.389868485375,18.745471308043804,>30\%
rz1max,al7075,tf,conf,red,1,46.4445286024746,46.4445286024746,46.4445286024746,46.4445286024746,34.389868485375,12.054660117099601,>30\%
rz1max,al7075,tf,fusion,blue,1,49.8313720330883,49.8313720330883,49.8313720330883,49.8313720330883,34.389868485375,15.441503547713303,>30\%
rz1max,al7075,tf,fusion,green,1,41.1998461062103,41.1998461062103,41.1998461062103,41.1998461062103,34.389868485375,6.809977620835305,>30\%
rz1max,al7075,tf,fusion,red,1,34.389868485375,34.389868485375,34.389868485375,34.389868485375,34.389868485375,0,>30\%
rz1max,al7075,tf,int,blue,1,48.228571334551,48.228571334551,48.228571334551,48.228571334551,34.389868485375,13.838702849176002,>30\%
rz1max,al7075,tf,int,green,1,71.4924150559692,71.4924150559692,71.4924150559692,71.4924150559692,34.389868485375,37.10254657059421,>30\%
rz1max,al7075,tf,int,red,1,48.5909054890118,48.5909054890118,48.5909054890118,48.5909054890118,34.389868485375,14.201037003636806,>30\%
rz1max,al7075,tf,int,white,1,72.2963963465642,72.2963963465642,72.2963963465642,72.2963963465642,34.389868485375,37.9065278611892,>30\%
rz1max,al7075,tr,FV,blue,1,25.2644466301628,25.2644466301628,25.2644466301628,25.2644466301628,16.0517315256212,9.212715104541601,10--30\%
rz1max,al7075,tr,FV,green,1,36.9552989411542,36.9552989411542,36.9552989411542,36.9552989411542,16.0517315256212,20.903567415532997,>30\%
rz1max,al7075,tr,FV,red,1,35.7988634634075,35.7988634634075,35.7988634634075,35.7988634634075,16.0517315256212,19.7471319377863,>30\%
rz1max,al7075,tr,conf,blue,1,32.3018947697561,32.3018947697561,32.3018947697561,32.3018947697561,16.0517315256212,16.250163244134903,>30\%
rz1max,al7075,tr,conf,green,1,26.4039526565786,26.4039526565786,26.4039526565786,26.4039526565786,16.0517315256212,10.3522211309574,10--30\%
rz1max,al7075,tr,conf,red,1,20.3545007179451,20.3545007179451,20.3545007179451,20.3545007179451,16.0517315256212,4.3027691923239,10--30\%
rz1max,al7075,tr,fusion,blue,1,27.4322805005392,27.4322805005392,27.4322805005392,27.4322805005392,16.0517315256212,11.380548974918,10--30\%
rz1max,al7075,tr,fusion,green,1,22.3658647359624,22.3658647359624,22.3658647359624,22.3658647359624,16.0517315256212,6.3141332103412005,10--30\%
rz1max,al7075,tr,fusion,red,1,16.0517315256212,16.0517315256212,16.0517315256212,16.0517315256212,16.0517315256212,0,10--30\%
rz1max,al7075,tr,int,blue,1,29.5881109769332,29.5881109769332,29.5881109769332,29.5881109769332,16.0517315256212,13.536379451312001,10--30\%
rz1max,al7075,tr,int,green,1,39.5598582513843,39.5598582513843,39.5598582513843,39.5598582513843,16.0517315256212,23.5081267257631,>30\%
rz1max,al7075,tr,int,red,1,35.5406035358191,35.5406035358191,35.5406035358191,35.5406035358191,16.0517315256212,19.488872010197902,>30\%
rz1max,al7075,tr,int,white,1,39.538735846709,39.538735846709,39.538735846709,39.538735846709,16.0517315256212,23.487004321087802,>30\%
rz1max,al7075,wedm_f,FV,blue,1,44.3514530281138,44.3514530281138,44.3514530281138,44.3514530281138,0.717278632926195,43.63417439518761,>30\%
rz1max,al7075,wedm_f,FV,green,1,15.6241704538046,15.6241704538046,15.6241704538046,15.6241704538046,0.717278632926195,14.906891820878405,10--30\%
rz1max,al7075,wedm_f,FV,red,1,27.5395525076784,27.5395525076784,27.5395525076784,27.5395525076784,0.717278632926195,26.822273874752206,10--30\%
rz1max,al7075,wedm_f,conf,blue,1,99.6402739979116,99.6402739979116,99.6402739979116,99.6402739979116,0.717278632926195,98.92299536498541,>30\%
rz1max,al7075,wedm_f,conf,green,1,80.9430990659815,80.9430990659815,80.9430990659815,80.9430990659815,0.717278632926195,80.2258204330553,>30\%
rz1max,al7075,wedm_f,conf,red,1,107.050303716985,107.050303716985,107.050303716985,107.050303716985,0.717278632926195,106.3330250840588,>100\%
rz1max,al7075,wedm_f,fusion,blue,1,231.450172173285,231.450172173285,231.450172173285,231.450172173285,0.717278632926195,230.73289354035882,>100\%
rz1max,al7075,wedm_f,fusion,green,1,150.241526743718,150.241526743718,150.241526743718,150.241526743718,0.717278632926195,149.5242481107918,>100\%
rz1max,al7075,wedm_f,fusion,red,1,172.937551263261,172.937551263261,172.937551263261,172.937551263261,0.717278632926195,172.22027263033482,>100\%
rz1max,al7075,wedm_f,int,blue,1,0.717278632926195,0.717278632926195,0.717278632926195,0.717278632926195,0.717278632926195,0,<10\%
rz1max,al7075,wedm_f,int,green,1,17.5217901841693,17.5217901841693,17.5217901841693,17.5217901841693,0.717278632926195,16.804511551243106,10--30\%
rz1max,al7075,wedm_f,int,red,1,19.4753577624435,19.4753577624435,19.4753577624435,19.4753577624435,0.717278632926195,18.758079129517306,10--30\%
rz1max,al7075,wedm_f,int,white,1,17.6431906739223,17.6431906739223,17.6431906739223,17.6431906739223,0.717278632926195,16.925912040996106,10--30\%
rz1max,al7075,wedm_r,FV,blue,1,18.3679766417452,18.3679766417452,18.3679766417452,18.3679766417452,11.4081262721428,6.9598503696024014,10--30\%
rz1max,al7075,wedm_r,FV,green,1,15.1399318346566,15.1399318346566,15.1399318346566,15.1399318346566,11.4081262721428,3.7318055625138005,10--30\%
rz1max,al7075,wedm_r,FV,red,1,11.9654485797685,11.9654485797685,11.9654485797685,11.9654485797685,11.4081262721428,0.5573223076257001,10--30\%
rz1max,al7075,wedm_r,conf,blue,1,54.8789415220976,54.8789415220976,54.8789415220976,54.8789415220976,11.4081262721428,43.470815249954796,>30\%
rz1max,al7075,wedm_r,conf,green,1,67.3691397713287,67.3691397713287,67.3691397713287,67.3691397713287,11.4081262721428,55.9610134991859,>30\%
rz1max,al7075,wedm_r,conf,red,1,105.775294632154,105.775294632154,105.775294632154,105.775294632154,11.4081262721428,94.3671683600112,>100\%
rz1max,al7075,wedm_r,fusion,blue,1,152.783851870862,152.783851870862,152.783851870862,152.783851870862,11.4081262721428,141.3757255987192,>100\%
rz1max,al7075,wedm_r,fusion,green,1,208.803164966755,208.803164966755,208.803164966755,208.803164966755,11.4081262721428,197.3950386946122,>100\%
rz1max,al7075,wedm_r,fusion,red,1,224.485188094447,224.485188094447,224.485188094447,224.485188094447,11.4081262721428,213.07706182230422,>100\%
rz1max,al7075,wedm_r,int,blue,1,40.7449291036049,40.7449291036049,40.7449291036049,40.7449291036049,11.4081262721428,29.3368028314621,>30\%
rz1max,al7075,wedm_r,int,green,1,13.652097002299,13.652097002299,13.652097002299,13.652097002299,11.4081262721428,2.2439707301561995,10--30\%
rz1max,al7075,wedm_r,int,red,1,14.0700982535991,14.0700982535991,14.0700982535991,14.0700982535991,11.4081262721428,2.6619719814563005,10--30\%
rz1max,al7075,wedm_r,int,white,1,11.4081262721428,11.4081262721428,11.4081262721428,11.4081262721428,11.4081262721428,0,10--30\%
rz1max,c45,b,FV,blue,1,134.573104703915,134.573104703915,134.573104703915,134.573104703915,16.5537868800798,118.0193178238352,>100\%
rz1max,c45,b,FV,green,1,25.7105523404342,25.7105523404342,25.7105523404342,25.7105523404342,16.5537868800798,9.1567654603544,10--30\%
rz1max,c45,b,FV,red,1,52.9807006667029,52.9807006667029,52.9807006667029,52.9807006667029,16.5537868800798,36.4269137866231,>30\%
rz1max,c45,b,conf,green,1,90.1307545679187,90.1307545679187,90.1307545679187,90.1307545679187,16.5537868800798,73.5769676878389,>30\%
rz1max,c45,b,conf,red,1,138.950654987941,138.950654987941,138.950654987941,138.950654987941,16.5537868800798,122.3968681078612,>100\%
rz1max,c45,b,fusion,blue,1,117.601815383989,117.601815383989,117.601815383989,117.601815383989,16.5537868800798,101.04802850390921,>100\%
rz1max,c45,b,fusion,green,1,139.284273156276,139.284273156276,139.284273156276,139.284273156276,16.5537868800798,122.73048627619619,>100\%
rz1max,c45,b,fusion,red,1,202.897699637471,202.897699637471,202.897699637471,202.897699637471,16.5537868800798,186.3439127573912,>100\%
rz1max,c45,b,int,blue,2,278.445228166091,278.445228166091,277.788456931096,279.101999401086,16.5537868800798,261.8914412860112,>100\%
rz1max,c45,b,int,green,1,38.5817861178976,38.5817861178976,38.5817861178976,38.5817861178976,16.5537868800798,22.0279992378178,>30\%
rz1max,c45,b,int,red,1,16.5537868800798,16.5537868800798,16.5537868800798,16.5537868800798,16.5537868800798,0,10--30\%
rz1max,c45,b,int,white,1,41.6154768870986,41.6154768870986,41.6154768870986,41.6154768870986,16.5537868800798,25.0616900070188,>30\%
rz1max,c45,gla,FV,blue,1,0.591010474664309,0.591010474664309,0.591010474664309,0.591010474664309,0.591010474664309,0,<10\%
rz1max,c45,gla,FV,green,1,15.8253939733352,15.8253939733352,15.8253939733352,15.8253939733352,0.591010474664309,15.23438349867089,10--30\%
rz1max,c45,gla,FV,red,1,4.16440243086422,4.16440243086422,4.16440243086422,4.16440243086422,0.591010474664309,3.573391956199911,<10\%
rz1max,c45,gla,conf,blue,1,23.327867412599,23.327867412599,23.327867412599,23.327867412599,0.591010474664309,22.736856937934693,10--30\%
rz1max,c45,gla,conf,green,1,43.115339914842,43.115339914842,43.115339914842,43.115339914842,0.591010474664309,42.52432944017769,>30\%
rz1max,c45,gla,conf,red,1,62.5687797110215,62.5687797110215,62.5687797110215,62.5687797110215,0.591010474664309,61.97776923635719,>30\%
rz1max,c45,gla,fusion,blue,1,60.7658353169771,60.7658353169771,60.7658353169771,60.7658353169771,0.591010474664309,60.174824842312795,>30\%
rz1max,c45,gla,fusion,green,1,86.1389637113508,86.1389637113508,86.1389637113508,86.1389637113508,0.591010474664309,85.54795323668648,>30\%
rz1max,c45,gla,fusion,red,1,127.312210548217,127.312210548217,127.312210548217,127.312210548217,0.591010474664309,126.72120007355268,>100\%
rz1max,c45,gla,int,blue,1,26.4409844720347,26.4409844720347,26.4409844720347,26.4409844720347,0.591010474664309,25.84997399737039,10--30\%
rz1max,c45,gla,int,green,1,14.1349263967673,14.1349263967673,14.1349263967673,14.1349263967673,0.591010474664309,13.543915922102991,10--30\%
rz1max,c45,gla,int,red,1,24.6815031891421,24.6815031891421,24.6815031891421,24.6815031891421,0.591010474664309,24.09049271447779,10--30\%
rz1max,c45,gla,int,white,1,16.0516258382822,16.0516258382822,16.0516258382822,16.0516258382822,0.591010474664309,15.46061536361789,10--30\%
rz1max,c45,gri,FV,blue,1,91.6106355337389,91.6106355337389,91.6106355337389,91.6106355337389,5.7169746257654,85.8936609079735,>30\%
rz1max,c45,gri,FV,green,1,57.9910811134375,57.9910811134375,57.9910811134375,57.9910811134375,5.7169746257654,52.2741064876721,>30\%
rz1max,c45,gri,FV,red,1,115.293887878403,115.293887878403,115.293887878403,115.293887878403,5.7169746257654,109.5769132526376,>100\%
rz1max,c45,gri,conf,blue,1,18.0137900622201,18.0137900622201,18.0137900622201,18.0137900622201,5.7169746257654,12.2968154364547,10--30\%
rz1max,c45,gri,conf,green,1,33.9276293586063,33.9276293586063,33.9276293586063,33.9276293586063,5.7169746257654,28.210654732840904,>30\%
rz1max,c45,gri,conf,red,1,51.5196243123771,51.5196243123771,51.5196243123771,51.5196243123771,5.7169746257654,45.802649686611694,>30\%
rz1max,c45,gri,fusion,blue,1,51.5580573456516,51.5580573456516,51.5580573456516,51.5580573456516,5.7169746257654,45.841082719886195,>30\%
rz1max,c45,gri,fusion,green,1,55.7661881921121,55.7661881921121,55.7661881921121,55.7661881921121,5.7169746257654,50.049213566346694,>30\%
rz1max,c45,gri,fusion,red,1,74.5360336270397,74.5360336270397,74.5360336270397,74.5360336270397,5.7169746257654,68.8190590012743,>30\%
rz1max,c45,gri,int,blue,1,5.7169746257654,5.7169746257654,5.7169746257654,5.7169746257654,5.7169746257654,0,<10\%
rz1max,c45,gri,int,green,1,13.7514950754923,13.7514950754923,13.7514950754923,13.7514950754923,5.7169746257654,8.034520449726902,10--30\%
rz1max,c45,gri,int,red,1,10.7831356882982,10.7831356882982,10.7831356882982,10.7831356882982,5.7169746257654,5.0661610625328,10--30\%
rz1max,c45,gri,int,white,1,14.1004370868004,14.1004370868004,14.1004370868004,14.1004370868004,5.7169746257654,8.383462461034998,10--30\%
rz1max,c45,hon,FV,blue,1,9.14380665382573,9.14380665382573,9.14380665382573,9.14380665382573,0.573454799647074,8.570351854178655,<10\%
rz1max,c45,hon,FV,green,1,2.39967942545887,2.39967942545887,2.39967942545887,2.39967942545887,0.573454799647074,1.8262246258117958,<10\%
rz1max,c45,hon,FV,red,1,34.0544229023883,34.0544229023883,34.0544229023883,34.0544229023883,0.573454799647074,33.48096810274123,>30\%
rz1max,c45,hon,conf,blue,1,14.555995421928,14.555995421928,14.555995421928,14.555995421928,0.573454799647074,13.982540622280926,10--30\%
rz1max,c45,hon,conf,green,1,0.573454799647074,0.573454799647074,0.573454799647074,0.573454799647074,0.573454799647074,0,<10\%
rz1max,c45,hon,conf,red,1,8.73101735734887,8.73101735734887,8.73101735734887,8.73101735734887,0.573454799647074,8.157562557701796,<10\%
rz1max,c45,hon,fusion,blue,1,12.7126695214693,12.7126695214693,12.7126695214693,12.7126695214693,0.573454799647074,12.139214721822226,10--30\%
rz1max,c45,hon,fusion,green,1,24.911334258345,24.911334258345,24.911334258345,24.911334258345,0.573454799647074,24.337879458697927,10--30\%
rz1max,c45,hon,fusion,red,1,30.9603577963126,30.9603577963126,30.9603577963126,30.9603577963126,0.573454799647074,30.386902996665526,>30\%
rz1max,c45,hon,int,blue,1,32.386528431715,32.386528431715,32.386528431715,32.386528431715,0.573454799647074,31.813073632067926,>30\%
rz1max,c45,hon,int,green,1,13.4380433627235,13.4380433627235,13.4380433627235,13.4380433627235,0.573454799647074,12.864588563076426,10--30\%
rz1max,c45,hon,int,red,1,17.5288543493268,17.5288543493268,17.5288543493268,17.5288543493268,0.573454799647074,16.955399549679726,10--30\%
rz1max,c45,hon,int,white,1,12.2797624613045,12.2797624613045,12.2797624613045,12.2797624613045,0.573454799647074,11.706307661657426,10--30\%
rz1max,c45,mf,FV,blue,1,7.38694832433334,7.38694832433334,7.38694832433334,7.38694832433334,0.0378090853551009,7.349139238978239,<10\%
rz1max,c45,mf,FV,green,1,15.5396304123426,15.5396304123426,15.5396304123426,15.5396304123426,0.0378090853551009,15.5018213269875,10--30\%
rz1max,c45,mf,FV,red,1,10.8475104744537,10.8475104744537,10.8475104744537,10.8475104744537,0.0378090853551009,10.8097013890986,10--30\%
rz1max,c45,mf,conf,green,1,0.0378090853551009,0.0378090853551009,0.0378090853551009,0.0378090853551009,0.0378090853551009,0,<10\%
rz1max,c45,mf,conf,red,1,12.2901729668605,12.2901729668605,12.2901729668605,12.2901729668605,0.0378090853551009,12.2523638815054,10--30\%
rz1max,c45,mf,fusion,blue,1,26.0124316203384,26.0124316203384,26.0124316203384,26.0124316203384,0.0378090853551009,25.9746225349833,10--30\%
rz1max,c45,mf,fusion,green,1,30.3810869309636,30.3810869309636,30.3810869309636,30.3810869309636,0.0378090853551009,30.3432778456085,>30\%
rz1max,c45,mf,fusion,red,1,44.6353155994482,44.6353155994482,44.6353155994482,44.6353155994482,0.0378090853551009,44.5975065140931,>30\%
rz1max,c45,mf,int,blue,1,18.6334613439079,18.6334613439079,18.6334613439079,18.6334613439079,0.0378090853551009,18.5956522585528,10--30\%
rz1max,c45,mf,int,green,1,39.2019251033781,39.2019251033781,39.2019251033781,39.2019251033781,0.0378090853551009,39.164116018023,>30\%
rz1max,c45,mf,int,red,1,49.993199382547,49.993199382547,49.993199382547,49.993199382547,0.0378090853551009,49.9553902971919,>30\%
rz1max,c45,mf,int,white,1,7.58338726635089,7.58338726635089,7.58338726635089,7.58338726635089,0.0378090853551009,7.545578180995789,<10\%
rz1max,c45,mr,FV,blue,1,32.3225256937431,32.3225256937431,32.3225256937431,32.3225256937431,5.65942608624069,26.663099607502414,>30\%
rz1max,c45,mr,FV,green,1,36.7959135167378,36.7959135167378,36.7959135167378,36.7959135167378,5.65942608624069,31.13648743049711,>30\%
rz1max,c45,mr,FV,red,1,34.2726070338775,34.2726070338775,34.2726070338775,34.2726070338775,5.65942608624069,28.61318094763681,>30\%
rz1max,c45,mr,conf,green,1,22.8363374196742,22.8363374196742,22.8363374196742,22.8363374196742,5.65942608624069,17.176911333433512,10--30\%
rz1max,c45,mr,conf,red,1,16.3939276995141,16.3939276995141,16.3939276995141,16.3939276995141,5.65942608624069,10.734501613273412,10--30\%
rz1max,c45,mr,fusion,blue,1,17.3484654984381,17.3484654984381,17.3484654984381,17.3484654984381,5.65942608624069,11.68903941219741,10--30\%
rz1max,c45,mr,fusion,green,1,13.3722440596139,13.3722440596139,13.3722440596139,13.3722440596139,5.65942608624069,7.71281797337321,10--30\%
rz1max,c45,mr,fusion,red,1,5.65942608624069,5.65942608624069,5.65942608624069,5.65942608624069,5.65942608624069,0,<10\%
rz1max,c45,mr,int,blue,1,26.438425882916,26.438425882916,26.438425882916,26.438425882916,5.65942608624069,20.77899979667531,10--30\%
rz1max,c45,mr,int,green,1,35.2552855354337,35.2552855354337,35.2552855354337,35.2552855354337,5.65942608624069,29.59585944919301,>30\%
rz1max,c45,mr,int,red,1,35.3020455125761,35.3020455125761,35.3020455125761,35.3020455125761,5.65942608624069,29.64261942633541,>30\%
rz1max,c45,mr,int,white,1,35.2055691574587,35.2055691574587,35.2055691574587,35.2055691574587,5.65942608624069,29.546143071218008,>30\%
rz1max,c45,tf,FV,blue,1,67.4528202983222,67.4528202983222,67.4528202983222,67.4528202983222,54.7372055303114,12.715614768010795,>30\%
rz1max,c45,tf,FV,green,1,70.0559902733384,70.0559902733384,70.0559902733384,70.0559902733384,54.7372055303114,15.318784743026995,>30\%
rz1max,c45,tf,FV,red,1,68.4417658310062,68.4417658310062,68.4417658310062,68.4417658310062,54.7372055303114,13.704560300694794,>30\%
rz1max,c45,tf,conf,green,1,63.1085986607625,63.1085986607625,63.1085986607625,63.1085986607625,54.7372055303114,8.371393130451104,>30\%
rz1max,c45,tf,conf,red,1,60.3264030648103,60.3264030648103,60.3264030648103,60.3264030648103,54.7372055303114,5.589197534498901,>30\%
rz1max,c45,tf,fusion,blue,1,60.677140229035,60.677140229035,60.677140229035,60.677140229035,54.7372055303114,5.939934698723597,>30\%
rz1max,c45,tf,fusion,green,1,57.9431268005849,57.9431268005849,57.9431268005849,57.9431268005849,54.7372055303114,3.2059212702734996,>30\%
rz1max,c45,tf,fusion,red,1,54.7372055303114,54.7372055303114,54.7372055303114,54.7372055303114,54.7372055303114,0,>30\%
rz1max,c45,tf,int,blue,1,64.1870623270164,64.1870623270164,64.1870623270164,64.1870623270164,54.7372055303114,9.449856796705006,>30\%
rz1max,c45,tf,int,green,1,67.7002894879261,67.7002894879261,67.7002894879261,67.7002894879261,54.7372055303114,12.9630839576147,>30\%
rz1max,c45,tf,int,red,1,67.4594098337716,67.4594098337716,67.4594098337716,67.4594098337716,54.7372055303114,12.722204303460202,>30\%
rz1max,c45,tf,int,white,1,67.7475112071012,67.7475112071012,67.7475112071012,67.7475112071012,54.7372055303114,13.010305676789798,>30\%
rz1max,c45,tr,FV,blue,1,89.5717187193419,89.5717187193419,89.5717187193419,89.5717187193419,87.0953900085443,2.4763287107976026,>30\%
rz1max,c45,tr,FV,green,1,92.7468111939523,92.7468111939523,92.7468111939523,92.7468111939523,87.0953900085443,5.651421185407997,>30\%
rz1max,c45,tr,FV,red,1,92.2801062550577,92.2801062550577,92.2801062550577,92.2801062550577,87.0953900085443,5.184716246513403,>30\%
rz1max,c45,tr,conf,green,1,90.6517569774805,90.6517569774805,90.6517569774805,90.6517569774805,87.0953900085443,3.556366968936203,>30\%
rz1max,c45,tr,conf,red,1,89.6307708808642,89.6307708808642,89.6307708808642,89.6307708808642,87.0953900085443,2.535380872319905,>30\%
rz1max,c45,tr,fusion,blue,1,89.3374671841026,89.3374671841026,89.3374671841026,89.3374671841026,87.0953900085443,2.2420771755582933,>30\%
rz1max,c45,tr,fusion,green,1,88.5026124039292,88.5026124039292,88.5026124039292,88.5026124039292,87.0953900085443,1.4072223953849061,>30\%
rz1max,c45,tr,fusion,red,1,87.0953900085443,87.0953900085443,87.0953900085443,87.0953900085443,87.0953900085443,0,>30\%
rz1max,c45,tr,int,blue,1,90.3610632698778,90.3610632698778,90.3610632698778,90.3610632698778,87.0953900085443,3.2656732613335038,>30\%
rz1max,c45,tr,int,green,1,93.8140341630404,93.8140341630404,93.8140341630404,93.8140341630404,87.0953900085443,6.718644154496104,>30\%
rz1max,c45,tr,int,red,1,92.6929116214191,92.6929116214191,92.6929116214191,92.6929116214191,87.0953900085443,5.5975216128748,>30\%
rz1max,c45,tr,int,white,1,93.9703808615044,93.9703808615044,93.9703808615044,93.9703808615044,87.0953900085443,6.874990852960096,>30\%
rz1max,c45,wedm_f,FV,blue,1,17.6418087902389,17.6418087902389,17.6418087902389,17.6418087902389,4.17526114355813,13.466547646680771,10--30\%
rz1max,c45,wedm_f,FV,green,1,4.17526114355813,4.17526114355813,4.17526114355813,4.17526114355813,4.17526114355813,0,<10\%
rz1max,c45,wedm_f,FV,red,1,29.4485178289563,29.4485178289563,29.4485178289563,29.4485178289563,4.17526114355813,25.273256685398174,10--30\%
rz1max,c45,wedm_f,conf,blue,1,99.8056941347128,99.8056941347128,99.8056941347128,99.8056941347128,4.17526114355813,95.63043299115466,>30\%
rz1max,c45,wedm_f,conf,green,1,136.884093097364,136.884093097364,136.884093097364,136.884093097364,4.17526114355813,132.70883195380588,>100\%
rz1max,c45,wedm_f,conf,red,1,157.624952108209,157.624952108209,157.624952108209,157.624952108209,4.17526114355813,153.44969096465087,>100\%
rz1max,c45,wedm_f,fusion,blue,1,287.314606211023,287.314606211023,287.314606211023,287.314606211023,4.17526114355813,283.13934506746483,>100\%
rz1max,c45,wedm_f,fusion,green,1,184.414079958691,184.414079958691,184.414079958691,184.414079958691,4.17526114355813,180.23881881513287,>100\%
rz1max,c45,wedm_f,fusion,red,1,198.151911776425,198.151911776425,198.151911776425,198.151911776425,4.17526114355813,193.9766506328669,>100\%
rz1max,c45,wedm_f,int,blue,1,34.0058917816418,34.0058917816418,34.0058917816418,34.0058917816418,4.17526114355813,29.83063063808367,>30\%
rz1max,c45,wedm_f,int,green,1,21.0429767273443,21.0429767273443,21.0429767273443,21.0429767273443,4.17526114355813,16.867715583786172,10--30\%
rz1max,c45,wedm_f,int,red,1,27.025016221575,27.025016221575,27.025016221575,27.025016221575,4.17526114355813,22.84975507801687,10--30\%
rz1max,c45,wedm_f,int,white,1,21.0739265709015,21.0739265709015,21.0739265709015,21.0739265709015,4.17526114355813,16.898665427343367,10--30\%
rz1max,c45,wedm_r,FV,blue,1,6.10465981519049,6.10465981519049,6.10465981519049,6.10465981519049,0.959167299880158,5.145492515310332,<10\%
rz1max,c45,wedm_r,FV,green,1,7.14225501243205,7.14225501243205,7.14225501243205,7.14225501243205,0.959167299880158,6.183087712551892,<10\%
rz1max,c45,wedm_r,FV,red,1,5.03543374879192,5.03543374879192,5.03543374879192,5.03543374879192,0.959167299880158,4.076266448911762,<10\%
rz1max,c45,wedm_r,conf,blue,1,2.55334059757113,2.55334059757113,2.55334059757113,2.55334059757113,0.959167299880158,1.594173297690972,<10\%
rz1max,c45,wedm_r,conf,green,1,7.4284037744018,7.4284037744018,7.4284037744018,7.4284037744018,0.959167299880158,6.469236474521642,<10\%
rz1max,c45,wedm_r,conf,red,1,12.2873078548698,12.2873078548698,12.2873078548698,12.2873078548698,0.959167299880158,11.328140554989641,10--30\%
rz1max,c45,wedm_r,fusion,blue,1,70.9528816872048,70.9528816872048,70.9528816872048,70.9528816872048,0.959167299880158,69.99371438732463,>30\%
rz1max,c45,wedm_r,fusion,green,1,106.12145292104,106.12145292104,106.12145292104,106.12145292104,0.959167299880158,105.16228562115984,>100\%
rz1max,c45,wedm_r,fusion,red,1,144.906461228978,144.906461228978,144.906461228978,144.906461228978,0.959167299880158,143.94729392909784,>100\%
rz1max,c45,wedm_r,int,blue,1,24.5511131491406,24.5511131491406,24.5511131491406,24.5511131491406,0.959167299880158,23.591945849260444,10--30\%
rz1max,c45,wedm_r,int,green,1,1.03489788109586,1.03489788109586,1.03489788109586,1.03489788109586,0.959167299880158,0.07573058121570198,<10\%
rz1max,c45,wedm_r,int,red,1,2.20972248550705,2.20972248550705,2.20972248550705,2.20972248550705,0.959167299880158,1.250555185626892,<10\%
rz1max,c45,wedm_r,int,white,1,0.959167299880158,0.959167299880158,0.959167299880158,0.959167299880158,0.959167299880158,0,<10\%
rz1max,ellor,gla,FV,blue,1,8.5223529432754,8.5223529432754,8.5223529432754,8.5223529432754,0.842500000200544,7.679852943074857,<10\%
rz1max,ellor,gla,FV,green,1,9.53832543875168,9.53832543875168,9.53832543875168,9.53832543875168,0.842500000200544,8.695825438551136,<10\%
rz1max,ellor,gla,FV,red,1,9.88045953383997,9.88045953383997,9.88045953383997,9.88045953383997,0.842500000200544,9.037959533639425,<10\%
rz1max,ellor,gla,conf,blue,1,6.29977702869492,6.29977702869492,6.29977702869492,6.29977702869492,0.842500000200544,5.457277028494376,<10\%
rz1max,ellor,gla,conf,green,1,2.32561230203258,2.32561230203258,2.32561230203258,2.32561230203258,0.842500000200544,1.4831123018320358,<10\%
rz1max,ellor,gla,conf,red,1,4.14486910208637,4.14486910208637,4.14486910208637,4.14486910208637,0.842500000200544,3.3023691018858266,<10\%
rz1max,ellor,gla,fusion,blue,1,1.0305206546771,1.0305206546771,1.0305206546771,1.0305206546771,0.842500000200544,0.18802065447655592,<10\%
rz1max,ellor,gla,fusion,green,1,2.09452148310299,2.09452148310299,2.09452148310299,2.09452148310299,0.842500000200544,1.2520214829024459,<10\%
rz1max,ellor,gla,fusion,red,1,0.842500000200544,0.842500000200544,0.842500000200544,0.842500000200544,0.842500000200544,0,<10\%
rz1max,ellor,gla,int,blue,1,8.58216311889572,8.58216311889572,8.58216311889572,8.58216311889572,0.842500000200544,7.739663118695176,<10\%
rz1max,ellor,gla,int,green,1,5.12394262901398,5.12394262901398,5.12394262901398,5.12394262901398,0.842500000200544,4.281442628813436,<10\%
rz1max,ellor,gla,int,red,1,5.52791606872585,5.52791606872585,5.52791606872585,5.52791606872585,0.842500000200544,4.685416068525306,<10\%
rz1max,ellor,gla,int,white,1,4.42915470426915,4.42915470426915,4.42915470426915,4.42915470426915,0.842500000200544,3.5866547040686063,<10\%
rz1max,ellor,gri,FV,blue,1,142.291334357161,142.291334357161,142.291334357161,142.291334357161,134.521101651269,7.770232705891999,>100\%
rz1max,ellor,gri,FV,green,1,140.135245667767,140.135245667767,140.135245667767,140.135245667767,134.521101651269,5.614144016498017,>100\%
rz1max,ellor,gri,FV,red,1,140.191070366486,140.191070366486,140.191070366486,140.191070366486,134.521101651269,5.66996871521701,>100\%
rz1max,ellor,gri,conf,blue,1,152.626251512249,152.626251512249,152.626251512249,152.626251512249,134.521101651269,18.10514986098002,>100\%
rz1max,ellor,gri,conf,green,1,156.786110746886,156.786110746886,156.786110746886,156.786110746886,134.521101651269,22.265009095617017,>100\%
rz1max,ellor,gri,conf,red,1,157.930136429297,157.930136429297,157.930136429297,157.930136429297,134.521101651269,23.409034778028,>100\%
rz1max,ellor,gri,fusion,blue,1,163.389812539254,163.389812539254,163.389812539254,163.389812539254,134.521101651269,28.868710887985003,>100\%
rz1max,ellor,gri,fusion,green,1,167.159771017346,167.159771017346,167.159771017346,167.159771017346,134.521101651269,32.63866936607701,>100\%
rz1max,ellor,gri,fusion,red,1,175.031703505257,175.031703505257,175.031703505257,175.031703505257,134.521101651269,40.51060185398802,>100\%
rz1max,ellor,gri,int,blue,1,192.584340735558,192.584340735558,192.584340735558,192.584340735558,134.521101651269,58.063239084288995,>100\%
rz1max,ellor,gri,int,green,1,134.521101651269,134.521101651269,134.521101651269,134.521101651269,134.521101651269,0,>100\%
rz1max,ellor,gri,int,red,1,145.690972856198,145.690972856198,145.690972856198,145.690972856198,134.521101651269,11.169871204928995,>100\%
rz1max,ellor,gri,int,white,1,146.885704634349,146.885704634349,146.885704634349,146.885704634349,134.521101651269,12.364602983080005,>100\%
rz1max,ellor,hon,FV,blue,1,4.95209518928569,4.95209518928569,4.95209518928569,4.95209518928569,2.44405724366683,2.50803794561886,<10\%
rz1max,ellor,hon,FV,green,1,36.9336675507514,36.9336675507514,36.9336675507514,36.9336675507514,2.44405724366683,34.48961030708457,>30\%
rz1max,ellor,hon,FV,red,1,27.0530362661531,27.0530362661531,27.0530362661531,27.0530362661531,2.44405724366683,24.60897902248627,10--30\%
rz1max,ellor,hon,conf,blue,1,2.44405724366683,2.44405724366683,2.44405724366683,2.44405724366683,2.44405724366683,0,<10\%
rz1max,ellor,hon,conf,green,1,6.87074508404366,6.87074508404366,6.87074508404366,6.87074508404366,2.44405724366683,4.426687840376831,<10\%
rz1max,ellor,hon,conf,red,1,31.5418198216922,31.5418198216922,31.5418198216922,31.5418198216922,2.44405724366683,29.09776257802537,>30\%
rz1max,ellor,hon,fusion,blue,1,49.8470465050079,49.8470465050079,49.8470465050079,49.8470465050079,2.44405724366683,47.40298926134107,>30\%
rz1max,ellor,hon,fusion,green,1,48.0870136344868,48.0870136344868,48.0870136344868,48.0870136344868,2.44405724366683,45.64295639081997,>30\%
rz1max,ellor,hon,fusion,red,1,84.4494237873096,84.4494237873096,84.4494237873096,84.4494237873096,2.44405724366683,82.005366543642765,>30\%
rz1max,ellor,hon,int,blue,1,20.5534095321351,20.5534095321351,20.5534095321351,20.5534095321351,2.44405724366683,18.10935228846827,10--30\%
rz1max,ellor,hon,int,green,1,45.3694380551208,45.3694380551208,45.3694380551208,45.3694380551208,2.44405724366683,42.92538081145397,>30\%
rz1max,ellor,hon,int,red,1,36.3927879011976,36.3927879011976,36.3927879011976,36.3927879011976,2.44405724366683,33.94873065753077,>30\%
rz1max,ellor,hon,int,white,1,46.9413576869324,46.9413576869324,46.9413576869324,46.9413576869324,2.44405724366683,44.497300443265566,>30\%
rz1max,ellor,mf,FV,blue,1,19.3681941991789,19.3681941991789,19.3681941991789,19.3681941991789,0.648700864573475,18.719493334605428,10--30\%
rz1max,ellor,mf,FV,green,1,25.9362698476054,25.9362698476054,25.9362698476054,25.9362698476054,0.648700864573475,25.287568983031925,10--30\%
rz1max,ellor,mf,FV,red,1,28.0888895121112,28.0888895121112,28.0888895121112,28.0888895121112,0.648700864573475,27.440188647537727,10--30\%
rz1max,ellor,mf,conf,blue,1,9.72609404352373,9.72609404352373,9.72609404352373,9.72609404352373,0.648700864573475,9.077393178950254,<10\%
rz1max,ellor,mf,conf,green,1,8.61646242403463,8.61646242403463,8.61646242403463,8.61646242403463,0.648700864573475,7.967761559461155,<10\%
rz1max,ellor,mf,conf,red,1,9.9995710342945,9.9995710342945,9.9995710342945,9.9995710342945,0.648700864573475,9.350870169721023,<10\%
rz1max,ellor,mf,fusion,blue,1,1.46810971659182,1.46810971659182,1.46810971659182,1.46810971659182,0.648700864573475,0.819408852018345,<10\%
rz1max,ellor,mf,fusion,green,1,0.648700864573475,0.648700864573475,0.648700864573475,0.648700864573475,0.648700864573475,0,<10\%
rz1max,ellor,mf,fusion,red,1,83.6961902936117,83.6961902936117,83.6961902936117,83.6961902936117,0.648700864573475,83.04748942903824,>30\%
rz1max,ellor,mf,int,blue,1,79.954312374339,79.954312374339,79.954312374339,79.954312374339,0.648700864573475,79.30561150976553,>30\%
rz1max,ellor,mf,int,green,1,8.54995467649079,8.54995467649079,8.54995467649079,8.54995467649079,0.648700864573475,7.901253811917315,<10\%
rz1max,ellor,mf,int,red,1,10.0586237003852,10.0586237003852,10.0586237003852,10.0586237003852,0.648700864573475,9.409922835811724,10--30\%
rz1max,ellor,mf,int,white,1,10.8192747055812,10.8192747055812,10.8192747055812,10.8192747055812,0.648700864573475,10.170573841007725,10--30\%
rz1max,ellor,mr,FV,blue,1,2.20745749704685,2.20745749704685,2.20745749704685,2.20745749704685,0.229253101085502,1.978204395961348,<10\%
rz1max,ellor,mr,FV,green,1,6.74393143487828,6.74393143487828,6.74393143487828,6.74393143487828,0.229253101085502,6.514678333792778,<10\%
rz1max,ellor,mr,FV,red,1,6.30864496596931,6.30864496596931,6.30864496596931,6.30864496596931,0.229253101085502,6.079391864883808,<10\%
rz1max,ellor,mr,conf,blue,1,6.46110560888358,6.46110560888358,6.46110560888358,6.46110560888358,0.229253101085502,6.231852507798078,<10\%
rz1max,ellor,mr,conf,green,1,7.73322692267046,7.73322692267046,7.73322692267046,7.73322692267046,0.229253101085502,7.5039738215849585,<10\%
rz1max,ellor,mr,conf,red,1,10.2883028160166,10.2883028160166,10.2883028160166,10.2883028160166,0.229253101085502,10.059049714931097,10--30\%
rz1max,ellor,mr,fusion,blue,1,13.7985642820289,13.7985642820289,13.7985642820289,13.7985642820289,0.229253101085502,13.569311180943398,10--30\%
rz1max,ellor,mr,fusion,green,1,14.8839780619402,14.8839780619402,14.8839780619402,14.8839780619402,0.229253101085502,14.654724960854697,10--30\%
rz1max,ellor,mr,fusion,red,1,24.9284858766207,24.9284858766207,24.9284858766207,24.9284858766207,0.229253101085502,24.6992327755352,10--30\%
rz1max,ellor,mr,int,blue,1,71.8947628114914,71.8947628114914,71.8947628114914,71.8947628114914,0.229253101085502,71.6655097104059,>30\%
rz1max,ellor,mr,int,green,1,1.39963177681945,1.39963177681945,1.39963177681945,1.39963177681945,0.229253101085502,1.1703786757339478,<10\%
rz1max,ellor,mr,int,red,1,0.6858611887352,0.6858611887352,0.6858611887352,0.6858611887352,0.229253101085502,0.45660808764969796,<10\%
rz1max,ellor,mr,int,white,1,0.229253101085502,0.229253101085502,0.229253101085502,0.229253101085502,0.229253101085502,0,<10\%
rz1max,ellor,tf,FV,blue,1,20.955903733501,20.955903733501,20.955903733501,20.955903733501,0.265844585496087,20.690059148004913,10--30\%
rz1max,ellor,tf,FV,green,1,23.9692233333939,23.9692233333939,23.9692233333939,23.9692233333939,0.265844585496087,23.703378747897812,10--30\%
rz1max,ellor,tf,FV,red,1,24.5236473542151,24.5236473542151,24.5236473542151,24.5236473542151,0.265844585496087,24.257802768719014,10--30\%
rz1max,ellor,tf,conf,blue,1,7.74137759055797,7.74137759055797,7.74137759055797,7.74137759055797,0.265844585496087,7.475533005061883,<10\%
rz1max,ellor,tf,conf,green,1,8.02642254652542,8.02642254652542,8.02642254652542,8.02642254652542,0.265844585496087,7.760577961029334,<10\%
rz1max,ellor,tf,conf,red,1,6.04745867926373,6.04745867926373,6.04745867926373,6.04745867926373,0.265844585496087,5.781614093767644,<10\%
rz1max,ellor,tf,fusion,blue,1,0.265844585496087,0.265844585496087,0.265844585496087,0.265844585496087,0.265844585496087,0,<10\%
rz1max,ellor,tf,fusion,green,1,1.82152231705221,1.82152231705221,1.82152231705221,1.82152231705221,0.265844585496087,1.555677731556123,<10\%
rz1max,ellor,tf,fusion,red,1,10.751047576245,10.751047576245,10.751047576245,10.751047576245,0.265844585496087,10.485202990748913,10--30\%
rz1max,ellor,tf,int,blue,1,62.6860881626988,62.6860881626988,62.6860881626988,62.6860881626988,0.265844585496087,62.42024357720271,>30\%
rz1max,ellor,tf,int,green,1,7.06782752755327,7.06782752755327,7.06782752755327,7.06782752755327,0.265844585496087,6.801982942057183,<10\%
rz1max,ellor,tf,int,red,1,9.46685682157096,9.46685682157096,9.46685682157096,9.46685682157096,0.265844585496087,9.201012236074874,<10\%
rz1max,ellor,tf,int,white,1,7.08138718435911,7.08138718435911,7.08138718435911,7.08138718435911,0.265844585496087,6.815542598863023,<10\%
rz1max,ellor,tr,FV,blue,1,15.0632143714551,15.0632143714551,15.0632143714551,15.0632143714551,4.49524588215201,10.567968489303091,10--30\%
rz1max,ellor,tr,FV,green,1,16.2158954682899,16.2158954682899,16.2158954682899,16.2158954682899,4.49524588215201,11.720649586137892,10--30\%
rz1max,ellor,tr,FV,red,1,15.8485203782555,15.8485203782555,15.8485203782555,15.8485203782555,4.49524588215201,11.353274496103491,10--30\%
rz1max,ellor,tr,conf,blue,1,12.0240513477204,12.0240513477204,12.0240513477204,12.0240513477204,4.49524588215201,7.52880546556839,10--30\%
rz1max,ellor,tr,conf,green,1,11.640008584718,11.640008584718,11.640008584718,11.640008584718,4.49524588215201,7.14476270256599,10--30\%
rz1max,ellor,tr,conf,red,1,11.0395359655405,11.0395359655405,11.0395359655405,11.0395359655405,4.49524588215201,6.54429008338849,10--30\%
rz1max,ellor,tr,fusion,blue,1,7.88228370658591,7.88228370658591,7.88228370658591,7.88228370658591,4.49524588215201,3.3870378244339,<10\%
rz1max,ellor,tr,fusion,green,1,7.81240061614377,7.81240061614377,7.81240061614377,7.81240061614377,4.49524588215201,3.31715473399176,<10\%
rz1max,ellor,tr,fusion,red,1,4.49524588215201,4.49524588215201,4.49524588215201,4.49524588215201,4.49524588215201,0,<10\%
rz1max,ellor,tr,int,blue,1,46.1776050776854,46.1776050776854,46.1776050776854,46.1776050776854,4.49524588215201,41.68235919553339,>30\%
rz1max,ellor,tr,int,green,1,10.6372971164565,10.6372971164565,10.6372971164565,10.6372971164565,4.49524588215201,6.14205123430449,10--30\%
rz1max,ellor,tr,int,red,1,10.7691453553764,10.7691453553764,10.7691453553764,10.7691453553764,4.49524588215201,6.2738994732243905,10--30\%
rz1max,ellor,tr,int,white,1,9.64730312203738,9.64730312203738,9.64730312203738,9.64730312203738,4.49524588215201,5.15205723988537,<10\%
rz1max,ellor,wedm_f,FV,blue,1,18.0747062015733,18.0747062015733,18.0747062015733,18.0747062015733,9.9046042615721,8.1701019400012,10--30\%
rz1max,ellor,wedm_f,FV,green,1,11.6221191464138,11.6221191464138,11.6221191464138,11.6221191464138,9.9046042615721,1.7175148848417,10--30\%
rz1max,ellor,wedm_f,FV,red,1,13.5788830166721,13.5788830166721,13.5788830166721,13.5788830166721,9.9046042615721,3.6742787550999996,10--30\%
rz1max,ellor,wedm_f,conf,blue,1,19.6275038219256,19.6275038219256,19.6275038219256,19.6275038219256,9.9046042615721,9.7228995603535,10--30\%
rz1max,ellor,wedm_f,conf,green,1,13.8582041983515,13.8582041983515,13.8582041983515,13.8582041983515,9.9046042615721,3.9535999367793995,10--30\%
rz1max,ellor,wedm_f,conf,red,1,13.9914146218514,13.9914146218514,13.9914146218514,13.9914146218514,9.9046042615721,4.0868103602793,10--30\%
rz1max,ellor,wedm_f,fusion,blue,1,31.6048476296057,31.6048476296057,31.6048476296057,31.6048476296057,9.9046042615721,21.7002433680336,>30\%
rz1max,ellor,wedm_f,fusion,green,1,30.7062836863399,30.7062836863399,30.7062836863399,30.7062836863399,9.9046042615721,20.8016794247678,>30\%
rz1max,ellor,wedm_f,fusion,red,1,36.9447533632426,36.9447533632426,36.9447533632426,36.9447533632426,9.9046042615721,27.040149101670497,>30\%
rz1max,ellor,wedm_f,int,green,1,9.9046042615721,9.9046042615721,9.9046042615721,9.9046042615721,9.9046042615721,0,<10\%
rz1max,ellor,wedm_f,int,red,1,15.7738327266263,15.7738327266263,15.7738327266263,15.7738327266263,9.9046042615721,5.869228465054199,10--30\%
rz1max,ellor,wedm_f,int,white,1,9.93921705105166,9.93921705105166,9.93921705105166,9.93921705105166,9.9046042615721,0.034612789479560035,<10\%
rz1max,ellor,wedm_r,FV,blue,1,12.4218119440613,12.4218119440613,12.4218119440613,12.4218119440613,0.856092239949363,11.565719704111936,10--30\%
rz1max,ellor,wedm_r,FV,green,1,14.5515191337721,14.5515191337721,14.5515191337721,14.5515191337721,0.856092239949363,13.695426893822736,10--30\%
rz1max,ellor,wedm_r,FV,red,1,14.507683981265,14.507683981265,14.507683981265,14.507683981265,0.856092239949363,13.651591741315636,10--30\%
rz1max,ellor,wedm_r,conf,blue,1,9.51530834487007,9.51530834487007,9.51530834487007,9.51530834487007,0.856092239949363,8.659216104920706,<10\%
rz1max,ellor,wedm_r,conf,green,1,6.15100866135651,6.15100866135651,6.15100866135651,6.15100866135651,0.856092239949363,5.294916421407147,<10\%
rz1max,ellor,wedm_r,conf,red,1,6.03951764991946,6.03951764991946,6.03951764991946,6.03951764991946,0.856092239949363,5.183425409970097,<10\%
rz1max,ellor,wedm_r,fusion,blue,1,2.21880456169363,2.21880456169363,2.21880456169363,2.21880456169363,0.856092239949363,1.362712321744267,<10\%
rz1max,ellor,wedm_r,fusion,green,1,0.856092239949363,0.856092239949363,0.856092239949363,0.856092239949363,0.856092239949363,0,<10\%
rz1max,ellor,wedm_r,fusion,red,1,2.82625831575193,2.82625831575193,2.82625831575193,2.82625831575193,0.856092239949363,1.9701660758025672,<10\%
rz1max,ellor,wedm_r,int,blue,1,88.6921460602384,88.6921460602384,88.6921460602384,88.6921460602384,0.856092239949363,87.83605382028904,>30\%
rz1max,ellor,wedm_r,int,green,1,16.988827990315,16.988827990315,16.988827990315,16.988827990315,0.856092239949363,16.132735750365637,10--30\%
rz1max,ellor,wedm_r,int,red,1,4.91486139543263,4.91486139543263,4.91486139543263,4.91486139543263,0.856092239949363,4.058769155483267,<10\%
rz1max,ellor,wedm_r,int,white,1,10.3609636735721,10.3609636735721,10.3609636735721,10.3609636735721,0.856092239949363,9.504871433622736,10--30\%
rz1max,mo58a,b,FV,blue,2,441.93630260842747,441.93630260842747,355.7526825106057,528.1199227062492,19.0139678097246,422.9223347987029,>100\%
rz1max,mo58a,b,FV,green,1,223.733088485999,223.733088485999,223.733088485999,223.733088485999,19.0139678097246,204.7191206762744,>100\%
rz1max,mo58a,b,FV,red,1,228.442742607582,228.442742607582,228.442742607582,228.442742607582,19.0139678097246,209.42877479785741,>100\%
rz1max,mo58a,b,conf,blue,1,300.292410410893,300.292410410893,300.292410410893,300.292410410893,19.0139678097246,281.2784426011684,>100\%
rz1max,mo58a,b,conf,green,1,297.870153758913,297.870153758913,297.870153758913,297.870153758913,19.0139678097246,278.8561859491884,>100\%
rz1max,mo58a,b,conf,red,1,363.30765961091,363.30765961091,363.30765961091,363.30765961091,19.0139678097246,344.2936918011854,>100\%
rz1max,mo58a,b,fusion,blue,1,420.38216711692,420.38216711692,420.38216711692,420.38216711692,19.0139678097246,401.3681993071954,>100\%
rz1max,mo58a,b,fusion,green,1,409.215483827644,409.215483827644,409.215483827644,409.215483827644,19.0139678097246,390.2015160179194,>100\%
rz1max,mo58a,b,fusion,red,1,503.226853733749,503.226853733749,503.226853733749,503.226853733749,19.0139678097246,484.2128859240244,>100\%
rz1max,mo58a,b,int,blue,1,189.134237220306,189.134237220306,189.134237220306,189.134237220306,19.0139678097246,170.12026941058141,>100\%
rz1max,mo58a,b,int,green,1,19.0139678097246,19.0139678097246,19.0139678097246,19.0139678097246,19.0139678097246,0,10--30\%
rz1max,mo58a,b,int,red,1,841.860986168977,841.860986168977,841.860986168977,841.860986168977,19.0139678097246,822.8470183592524,>100\%
rz1max,mo58a,gla,FV,blue,1,17.0679485017645,17.0679485017645,17.0679485017645,17.0679485017645,0.510030991071466,16.557917510693034,10--30\%
rz1max,mo58a,gla,FV,green,1,11.2067632859515,11.2067632859515,11.2067632859515,11.2067632859515,0.510030991071466,10.696732294880034,10--30\%
rz1max,mo58a,gla,FV,red,1,37.0224267549008,37.0224267549008,37.0224267549008,37.0224267549008,0.510030991071466,36.51239576382933,>30\%
rz1max,mo58a,gla,conf,blue,1,42.2210393321142,42.2210393321142,42.2210393321142,42.2210393321142,0.510030991071466,41.711008341042735,>30\%
rz1max,mo58a,gla,conf,green,1,86.6062761849118,86.6062761849118,86.6062761849118,86.6062761849118,0.510030991071466,86.09624519384035,>30\%
rz1max,mo58a,gla,conf,red,1,118.383106936975,118.383106936975,118.383106936975,118.383106936975,0.510030991071466,117.87307594590354,>100\%
rz1max,mo58a,gla,fusion,blue,1,58.3493350738368,58.3493350738368,58.3493350738368,58.3493350738368,0.510030991071466,57.83930408276533,>30\%
rz1max,mo58a,gla,fusion,green,1,126.974779918429,126.974779918429,126.974779918429,126.974779918429,0.510030991071466,126.46474892735753,>100\%
rz1max,mo58a,gla,fusion,red,1,223.108083379882,223.108083379882,223.108083379882,223.108083379882,0.510030991071466,222.59805238881054,>100\%
rz1max,mo58a,gla,int,blue,1,0.510030991071466,0.510030991071466,0.510030991071466,0.510030991071466,0.510030991071466,0,<10\%
rz1max,mo58a,gla,int,green,1,14.7754150221986,14.7754150221986,14.7754150221986,14.7754150221986,0.510030991071466,14.265384031127134,10--30\%
rz1max,mo58a,gla,int,red,1,11.5305340224527,11.5305340224527,11.5305340224527,11.5305340224527,0.510030991071466,11.020503031381235,10--30\%
rz1max,mo58a,gla,int,white,1,14.4371145948517,14.4371145948517,14.4371145948517,14.4371145948517,0.510030991071466,13.927083603780234,10--30\%
rz1max,mo58a,gri,FV,blue,1,26.4540022815432,26.4540022815432,26.4540022815432,26.4540022815432,5.73044035761508,20.72356192392812,10--30\%
rz1max,mo58a,gri,FV,green,1,25.5361975573041,25.5361975573041,25.5361975573041,25.5361975573041,5.73044035761508,19.80575719968902,10--30\%
rz1max,mo58a,gri,FV,red,1,62.6023523906643,62.6023523906643,62.6023523906643,62.6023523906643,5.73044035761508,56.87191203304922,>30\%
rz1max,mo58a,gri,conf,blue,1,6.2094645386999,6.2094645386999,6.2094645386999,6.2094645386999,5.73044035761508,0.4790241810848199,<10\%
rz1max,mo58a,gri,conf,green,1,16.1076344138535,16.1076344138535,16.1076344138535,16.1076344138535,5.73044035761508,10.37719405623842,10--30\%
rz1max,mo58a,gri,conf,red,1,25.7959947914975,25.7959947914975,25.7959947914975,25.7959947914975,5.73044035761508,20.06555443388242,10--30\%
rz1max,mo58a,gri,fusion,blue,1,46.124932568964,46.124932568964,46.124932568964,46.124932568964,5.73044035761508,40.39449221134892,>30\%
rz1max,mo58a,gri,fusion,green,1,42.8851215158896,42.8851215158896,42.8851215158896,42.8851215158896,5.73044035761508,37.15468115827452,>30\%
rz1max,mo58a,gri,fusion,red,1,53.0205917654606,53.0205917654606,53.0205917654606,53.0205917654606,5.73044035761508,47.29015140784552,>30\%
rz1max,mo58a,gri,int,blue,1,10.8199292906634,10.8199292906634,10.8199292906634,10.8199292906634,5.73044035761508,5.089488933048319,10--30\%
rz1max,mo58a,gri,int,green,1,5.73044035761508,5.73044035761508,5.73044035761508,5.73044035761508,5.73044035761508,0,<10\%
rz1max,mo58a,gri,int,red,1,8.9579346397707,8.9579346397707,8.9579346397707,8.9579346397707,5.73044035761508,3.22749428215562,<10\%
rz1max,mo58a,gri,int,white,1,6.32086149270514,6.32086149270514,6.32086149270514,6.32086149270514,5.73044035761508,0.5904211350900592,<10\%
rz1max,mo58a,hon,FV,blue,1,6.3279780415643,6.3279780415643,6.3279780415643,6.3279780415643,2.51776334607131,3.8102146954929905,<10\%
rz1max,mo58a,hon,FV,green,1,4.91172196003657,4.91172196003657,4.91172196003657,4.91172196003657,2.51776334607131,2.3939586139652604,<10\%
rz1max,mo58a,hon,FV,red,1,33.515557837204,33.515557837204,33.515557837204,33.515557837204,2.51776334607131,30.99779449113269,>30\%
rz1max,mo58a,hon,conf,blue,1,17.2719375375847,17.2719375375847,17.2719375375847,17.2719375375847,2.51776334607131,14.754174191513393,10--30\%
rz1max,mo58a,hon,conf,green,1,2.51776334607131,2.51776334607131,2.51776334607131,2.51776334607131,2.51776334607131,0,<10\%
rz1max,mo58a,hon,conf,red,1,5.85716251339942,5.85716251339942,5.85716251339942,5.85716251339942,2.51776334607131,3.33939916732811,<10\%
rz1max,mo58a,hon,fusion,blue,1,9.62159649569124,9.62159649569124,9.62159649569124,9.62159649569124,2.51776334607131,7.10383314961993,<10\%
rz1max,mo58a,hon,fusion,green,1,23.7208014090427,23.7208014090427,23.7208014090427,23.7208014090427,2.51776334607131,21.20303806297139,10--30\%
rz1max,mo58a,hon,fusion,red,1,32.3597960102232,32.3597960102232,32.3597960102232,32.3597960102232,2.51776334607131,29.84203266415189,>30\%
rz1max,mo58a,hon,int,blue,1,32.6843467494579,32.6843467494579,32.6843467494579,32.6843467494579,2.51776334607131,30.166583403386593,>30\%
rz1max,mo58a,hon,int,green,1,19.2098612773637,19.2098612773637,19.2098612773637,19.2098612773637,2.51776334607131,16.69209793129239,10--30\%
rz1max,mo58a,hon,int,red,1,22.0391534674995,22.0391534674995,22.0391534674995,22.0391534674995,2.51776334607131,19.52139012142819,10--30\%
rz1max,mo58a,hon,int,white,1,19.167838507417,19.167838507417,19.167838507417,19.167838507417,2.51776334607131,16.65007516134569,10--30\%
rz1max,mo58a,mf,FV,blue,1,235.892316932923,235.892316932923,235.892316932923,235.892316932923,8.61432745002719,227.2779894828958,>100\%
rz1max,mo58a,mf,FV,green,1,85.88132116701,85.88132116701,85.88132116701,85.88132116701,8.61432745002719,77.26699371698281,>30\%
rz1max,mo58a,mf,FV,red,1,111.024884214366,111.024884214366,111.024884214366,111.024884214366,8.61432745002719,102.4105567643388,>100\%
rz1max,mo58a,mf,conf,blue,1,136.309584631564,136.309584631564,136.309584631564,136.309584631564,8.61432745002719,127.69525718153682,>100\%
rz1max,mo58a,mf,conf,green,1,155.221396199111,155.221396199111,155.221396199111,155.221396199111,8.61432745002719,146.60706874908382,>100\%
rz1max,mo58a,mf,conf,red,1,197.212195538692,197.212195538692,197.212195538692,197.212195538692,8.61432745002719,188.5978680886648,>100\%
rz1max,mo58a,mf,fusion,blue,1,206.081301786212,206.081301786212,206.081301786212,206.081301786212,8.61432745002719,197.46697433618482,>100\%
rz1max,mo58a,mf,fusion,green,1,221.030991084067,221.030991084067,221.030991084067,221.030991084067,8.61432745002719,212.41666363403982,>100\%
rz1max,mo58a,mf,fusion,red,1,304.056386572929,304.056386572929,304.056386572929,304.056386572929,8.61432745002719,295.4420591229018,>100\%
rz1max,mo58a,mf,int,blue,1,47.5432865945492,47.5432865945492,47.5432865945492,47.5432865945492,8.61432745002719,38.92895914452201,>30\%
rz1max,mo58a,mf,int,green,1,8.61432745002719,8.61432745002719,8.61432745002719,8.61432745002719,8.61432745002719,0,<10\%
rz1max,mo58a,mf,int,red,1,166.765363745292,166.765363745292,166.765363745292,166.765363745292,8.61432745002719,158.15103629526482,>100\%
rz1max,mo58a,mf,int,white,1,16.4760734626971,16.4760734626971,16.4760734626971,16.4760734626971,8.61432745002719,7.8617460126699115,10--30\%
rz1max,mo58a,mr,FV,blue,1,7.87095643717297,7.87095643717297,7.87095643717297,7.87095643717297,7.87095643717297,0,<10\%
rz1max,mo58a,mr,FV,green,1,50.5649183133507,50.5649183133507,50.5649183133507,50.5649183133507,7.87095643717297,42.69396187617773,>30\%
rz1max,mo58a,mr,FV,red,1,53.2037630994533,53.2037630994533,53.2037630994533,53.2037630994533,7.87095643717297,45.332806662280326,>30\%
rz1max,mo58a,mr,conf,blue,1,35.3580783024564,35.3580783024564,35.3580783024564,35.3580783024564,7.87095643717297,27.487121865283427,>30\%
rz1max,mo58a,mr,conf,green,1,35.736459048558,35.736459048558,35.736459048558,35.736459048558,7.87095643717297,27.865502611385025,>30\%
rz1max,mo58a,mr,conf,red,1,29.7435896667784,29.7435896667784,29.7435896667784,29.7435896667784,7.87095643717297,21.87263322960543,10--30\%
rz1max,mo58a,mr,fusion,blue,1,22.0918678416454,22.0918678416454,22.0918678416454,22.0918678416454,7.87095643717297,14.220911404472428,10--30\%
rz1max,mo58a,mr,fusion,green,1,19.2115944235723,19.2115944235723,19.2115944235723,19.2115944235723,7.87095643717297,11.34063798639933,10--30\%
rz1max,mo58a,mr,fusion,red,1,12.0570271653982,12.0570271653982,12.0570271653982,12.0570271653982,7.87095643717297,4.186070728225229,10--30\%
rz1max,mo58a,mr,int,blue,1,42.9526030971946,42.9526030971946,42.9526030971946,42.9526030971946,7.87095643717297,35.081646660021626,>30\%
rz1max,mo58a,mr,int,green,1,61.1712293129317,61.1712293129317,61.1712293129317,61.1712293129317,7.87095643717297,53.30027287575873,>30\%
rz1max,mo58a,mr,int,red,1,58.4778449652388,58.4778449652388,58.4778449652388,58.4778449652388,7.87095643717297,50.60688852806583,>30\%
rz1max,mo58a,mr,int,white,1,61.3730011726465,61.3730011726465,61.3730011726465,61.3730011726465,7.87095643717297,53.502044735473525,>30\%
rz1max,mo58a,tf,FV,blue,1,62.1957889094119,62.1957889094119,62.1957889094119,62.1957889094119,50.3597966019268,11.8359923074851,>30\%
rz1max,mo58a,tf,FV,green,1,67.8297487851913,67.8297487851913,67.8297487851913,67.8297487851913,50.3597966019268,17.469952183264496,>30\%
rz1max,mo58a,tf,FV,red,1,65.3542869668791,65.3542869668791,65.3542869668791,65.3542869668791,50.3597966019268,14.994490364952298,>30\%
rz1max,mo58a,tf,conf,blue,1,62.746443086837,62.746443086837,62.746443086837,62.746443086837,50.3597966019268,12.386646484910194,>30\%
rz1max,mo58a,tf,conf,green,1,60.8909502871927,60.8909502871927,60.8909502871927,60.8909502871927,50.3597966019268,10.531153685265899,>30\%
rz1max,mo58a,tf,conf,red,1,57.3982792455958,57.3982792455958,57.3982792455958,57.3982792455958,50.3597966019268,7.038482643668999,>30\%
rz1max,mo58a,tf,fusion,blue,1,57.4497035185675,57.4497035185675,57.4497035185675,57.4497035185675,50.3597966019268,7.0899069166407,>30\%
rz1max,mo58a,tf,fusion,green,1,54.9462912938193,54.9462912938193,54.9462912938193,54.9462912938193,50.3597966019268,4.586494691892497,>30\%
rz1max,mo58a,tf,fusion,red,1,50.3597966019268,50.3597966019268,50.3597966019268,50.3597966019268,50.3597966019268,0,>30\%
rz1max,mo58a,tf,int,blue,1,63.4526234317988,63.4526234317988,63.4526234317988,63.4526234317988,50.3597966019268,13.092826829871996,>30\%
rz1max,mo58a,tf,int,green,1,66.8676462608355,66.8676462608355,66.8676462608355,66.8676462608355,50.3597966019268,16.507849658908697,>30\%
rz1max,mo58a,tf,int,red,1,66.0785445912255,66.0785445912255,66.0785445912255,66.0785445912255,50.3597966019268,15.718747989298691,>30\%
rz1max,mo58a,tf,int,white,1,66.9815095117105,66.9815095117105,66.9815095117105,66.9815095117105,50.3597966019268,16.621712909783696,>30\%
rz1max,mo58a,tr,FV,blue,1,21.724315017894,21.724315017894,21.724315017894,21.724315017894,7.15081007438221,14.57350494351179,10--30\%
rz1max,mo58a,tr,FV,green,1,32.8934289096142,32.8934289096142,32.8934289096142,32.8934289096142,7.15081007438221,25.74261883523199,>30\%
rz1max,mo58a,tr,FV,red,1,27.8967941874122,27.8967941874122,27.8967941874122,27.8967941874122,7.15081007438221,20.74598411302999,10--30\%
rz1max,mo58a,tr,conf,blue,1,28.2256702554041,28.2256702554041,28.2256702554041,28.2256702554041,7.15081007438221,21.07486018102189,10--30\%
rz1max,mo58a,tr,conf,green,1,25.5257364046603,25.5257364046603,25.5257364046603,25.5257364046603,7.15081007438221,18.37492633027809,10--30\%
rz1max,mo58a,tr,conf,red,1,19.6418094385023,19.6418094385023,19.6418094385023,19.6418094385023,7.15081007438221,12.49099936412009,10--30\%
rz1max,mo58a,tr,fusion,blue,1,14.7933732294458,14.7933732294458,14.7933732294458,14.7933732294458,7.15081007438221,7.64256315506359,10--30\%
rz1max,mo58a,tr,fusion,green,1,14.6500629104517,14.6500629104517,14.6500629104517,14.6500629104517,7.15081007438221,7.49925283606949,10--30\%
rz1max,mo58a,tr,fusion,red,1,7.15081007438221,7.15081007438221,7.15081007438221,7.15081007438221,7.15081007438221,0,<10\%
rz1max,mo58a,tr,int,blue,1,30.0159837460439,30.0159837460439,30.0159837460439,30.0159837460439,7.15081007438221,22.86517367166169,>30\%
rz1max,mo58a,tr,int,green,1,37.2778817712607,37.2778817712607,37.2778817712607,37.2778817712607,7.15081007438221,30.12707169687849,>30\%
rz1max,mo58a,tr,int,red,1,33.4129260981911,33.4129260981911,33.4129260981911,33.4129260981911,7.15081007438221,26.26211602380889,>30\%
rz1max,mo58a,tr,int,white,1,36.9935653506025,36.9935653506025,36.9935653506025,36.9935653506025,7.15081007438221,29.84275527622029,>30\%
rz1max,mo58a,wedm_f,FV,blue,1,33.3035244236898,33.3035244236898,33.3035244236898,33.3035244236898,7.3904647228142,25.9130597008756,>30\%
rz1max,mo58a,wedm_f,FV,green,1,14.6083754540349,14.6083754540349,14.6083754540349,14.6083754540349,7.3904647228142,7.217910731220699,10--30\%
rz1max,mo58a,wedm_f,FV,red,1,37.2088316833637,37.2088316833637,37.2088316833637,37.2088316833637,7.3904647228142,29.818366960549497,>30\%
rz1max,mo58a,wedm_f,conf,blue,1,52.907435813984,52.907435813984,52.907435813984,52.907435813984,7.3904647228142,45.5169710911698,>30\%
rz1max,mo58a,wedm_f,conf,green,1,59.4952714461577,59.4952714461577,59.4952714461577,59.4952714461577,7.3904647228142,52.1048067233435,>30\%
rz1max,mo58a,wedm_f,conf,red,1,81.6043790353838,81.6043790353838,81.6043790353838,81.6043790353838,7.3904647228142,74.2139143125696,>30\%
rz1max,mo58a,wedm_f,fusion,blue,1,109.06038211248,109.06038211248,109.06038211248,109.06038211248,7.3904647228142,101.6699173896658,>100\%
rz1max,mo58a,wedm_f,fusion,green,1,120.843695233432,120.843695233432,120.843695233432,120.843695233432,7.3904647228142,113.4532305106178,>100\%
rz1max,mo58a,wedm_f,fusion,red,1,156.665748325361,156.665748325361,156.665748325361,156.665748325361,7.3904647228142,149.2752836025468,>100\%
rz1max,mo58a,wedm_f,int,blue,1,13.7416010640771,13.7416010640771,13.7416010640771,13.7416010640771,7.3904647228142,6.3511363412629,10--30\%
rz1max,mo58a,wedm_f,int,green,1,8.24873592966875,8.24873592966875,8.24873592966875,8.24873592966875,7.3904647228142,0.8582712068545506,<10\%
rz1max,mo58a,wedm_f,int,red,1,13.909182279629,13.909182279629,13.909182279629,13.909182279629,7.3904647228142,6.5187175568148,10--30\%
rz1max,mo58a,wedm_f,int,white,1,7.3904647228142,7.3904647228142,7.3904647228142,7.3904647228142,7.3904647228142,0,<10\%
rz1max,mo58a,wedm_r,FV,blue,1,34.003289772914,34.003289772914,34.003289772914,34.003289772914,2.69799097255361,31.30529880036039,>30\%
rz1max,mo58a,wedm_r,FV,green,1,32.1973648593687,32.1973648593687,32.1973648593687,32.1973648593687,2.69799097255361,29.499373886815086,>30\%
rz1max,mo58a,wedm_r,FV,red,1,28.1318752442269,28.1318752442269,28.1318752442269,28.1318752442269,2.69799097255361,25.433884271673293,10--30\%
rz1max,mo58a,wedm_r,conf,blue,1,27.9480176978907,27.9480176978907,27.9480176978907,27.9480176978907,2.69799097255361,25.250026725337086,10--30\%
rz1max,mo58a,wedm_r,conf,green,1,6.54520556351513,6.54520556351513,6.54520556351513,6.54520556351513,2.69799097255361,3.84721459096152,<10\%
rz1max,mo58a,wedm_r,conf,red,1,8.29727501394737,8.29727501394737,8.29727501394737,8.29727501394737,2.69799097255361,5.59928404139376,<10\%
rz1max,mo58a,wedm_r,fusion,blue,1,23.0225132127247,23.0225132127247,23.0225132127247,23.0225132127247,2.69799097255361,20.324522240171092,10--30\%
rz1max,mo58a,wedm_r,fusion,green,1,2.69799097255361,2.69799097255361,2.69799097255361,2.69799097255361,2.69799097255361,0,<10\%
rz1max,mo58a,wedm_r,fusion,red,1,28.4030190121008,28.4030190121008,28.4030190121008,28.4030190121008,2.69799097255361,25.705028039547187,10--30\%
rz1max,mo58a,wedm_r,int,blue,1,35.9759934769816,35.9759934769816,35.9759934769816,35.9759934769816,2.69799097255361,33.27800250442799,>30\%
rz1max,mo58a,wedm_r,int,green,1,22.9120266591824,22.9120266591824,22.9120266591824,22.9120266591824,2.69799097255361,20.21403568662879,10--30\%
rz1max,mo58a,wedm_r,int,red,1,24.588286302471,24.588286302471,24.588286302471,24.588286302471,2.69799097255361,21.890295329917393,10--30\%
rz1max,mo58a,wedm_r,int,white,1,22.6497041627991,22.6497041627991,22.6497041627991,22.6497041627991,2.69799097255361,19.951713190245492,10--30\%
rz1max,ti6al4v,b,FV,blue,1,158.575049989557,158.575049989557,158.575049989557,158.575049989557,28.6280767033953,129.9469732861617,>100\%
rz1max,ti6al4v,b,FV,green,1,70.0950392939125,70.0950392939125,70.0950392939125,70.0950392939125,28.6280767033953,41.466962590517205,>30\%
rz1max,ti6al4v,b,FV,red,1,57.8266012699683,57.8266012699683,57.8266012699683,57.8266012699683,28.6280767033953,29.198524566573,>30\%
rz1max,ti6al4v,b,conf,blue,1,97.3745796979949,97.3745796979949,97.3745796979949,97.3745796979949,28.6280767033953,68.74650299459961,>30\%
rz1max,ti6al4v,b,conf,green,1,137.340185123678,137.340185123678,137.340185123678,137.340185123678,28.6280767033953,108.7121084202827,>100\%
rz1max,ti6al4v,b,conf,red,1,182.760727201631,182.760727201631,182.760727201631,182.760727201631,28.6280767033953,154.1326504982357,>100\%
rz1max,ti6al4v,b,fusion,blue,1,137.907764197728,137.907764197728,137.907764197728,137.907764197728,28.6280767033953,109.2796874943327,>100\%
rz1max,ti6al4v,b,fusion,green,1,171.146631522277,171.146631522277,171.146631522277,171.146631522277,28.6280767033953,142.5185548188817,>100\%
rz1max,ti6al4v,b,fusion,red,1,216.483038392599,216.483038392599,216.483038392599,216.483038392599,28.6280767033953,187.85496168920372,>100\%
rz1max,ti6al4v,b,int,blue,1,135.219322805432,135.219322805432,135.219322805432,135.219322805432,28.6280767033953,106.5912461020367,>100\%
rz1max,ti6al4v,b,int,green,1,36.3018976082637,36.3018976082637,36.3018976082637,36.3018976082637,28.6280767033953,7.6738209048684,>30\%
rz1max,ti6al4v,b,int,red,1,73.4524183447542,73.4524183447542,73.4524183447542,73.4524183447542,28.6280767033953,44.82434164135889,>30\%
rz1max,ti6al4v,b,int,white,1,28.6280767033953,28.6280767033953,28.6280767033953,28.6280767033953,28.6280767033953,0,10--30\%
rz1max,ti6al4v,gla,FV,blue,1,7.73358733713347,7.73358733713347,7.73358733713347,7.73358733713347,7.73358733713347,0,<10\%
rz1max,ti6al4v,gla,FV,green,1,17.3641946577007,17.3641946577007,17.3641946577007,17.3641946577007,7.73358733713347,9.630607320567231,10--30\%
rz1max,ti6al4v,gla,FV,red,1,10.7995421253476,10.7995421253476,10.7995421253476,10.7995421253476,7.73358733713347,3.06595478821413,10--30\%
rz1max,ti6al4v,gla,conf,blue,1,35.2525480054513,35.2525480054513,35.2525480054513,35.2525480054513,7.73358733713347,27.51896066831783,>30\%
rz1max,ti6al4v,gla,conf,green,1,48.9242880753157,48.9242880753157,48.9242880753157,48.9242880753157,7.73358733713347,41.19070073818223,>30\%
rz1max,ti6al4v,gla,conf,red,1,64.6765909415699,64.6765909415699,64.6765909415699,64.6765909415699,7.73358733713347,56.94300360443643,>30\%
rz1max,ti6al4v,gla,fusion,blue,1,87.5551575433876,87.5551575433876,87.5551575433876,87.5551575433876,7.73358733713347,79.82157020625412,>30\%
rz1max,ti6al4v,gla,fusion,green,1,107.517173583114,107.517173583114,107.517173583114,107.517173583114,7.73358733713347,99.78358624598053,>100\%
rz1max,ti6al4v,gla,fusion,red,1,155.867577009287,155.867577009287,155.867577009287,155.867577009287,7.73358733713347,148.13398967215355,>100\%
rz1max,ti6al4v,gla,int,blue,1,26.3059554978911,26.3059554978911,26.3059554978911,26.3059554978911,7.73358733713347,18.572368160757634,10--30\%
rz1max,ti6al4v,gla,int,green,1,22.583985849384,22.583985849384,22.583985849384,22.583985849384,7.73358733713347,14.85039851225053,10--30\%
rz1max,ti6al4v,gla,int,red,1,28.3066084258795,28.3066084258795,28.3066084258795,28.3066084258795,7.73358733713347,20.57302108874603,10--30\%
rz1max,ti6al4v,gla,int,white,1,22.8845403141125,22.8845403141125,22.8845403141125,22.8845403141125,7.73358733713347,15.15095297697903,10--30\%
rz1max,ti6al4v,gri,FV,blue,1,59.3955731232195,59.3955731232195,59.3955731232195,59.3955731232195,20.7953606617574,38.6002124614621,>30\%
rz1max,ti6al4v,gri,FV,green,1,32.6553748019217,32.6553748019217,32.6553748019217,32.6553748019217,20.7953606617574,11.860014140164303,>30\%
rz1max,ti6al4v,gri,FV,red,1,44.8491479290339,44.8491479290339,44.8491479290339,44.8491479290339,20.7953606617574,24.053787267276498,>30\%
rz1max,ti6al4v,gri,conf,blue,1,44.0708836104567,44.0708836104567,44.0708836104567,44.0708836104567,20.7953606617574,23.275522948699297,>30\%
rz1max,ti6al4v,gri,conf,green,1,59.8783427845711,59.8783427845711,59.8783427845711,59.8783427845711,20.7953606617574,39.082982122813704,>30\%
rz1max,ti6al4v,gri,conf,red,1,76.1692473510844,76.1692473510844,76.1692473510844,76.1692473510844,20.7953606617574,55.373886689326994,>30\%
rz1max,ti6al4v,gri,fusion,blue,1,76.2109248693443,76.2109248693443,76.2109248693443,76.2109248693443,20.7953606617574,55.4155642075869,>30\%
rz1max,ti6al4v,gri,fusion,green,1,80.3038152963356,80.3038152963356,80.3038152963356,80.3038152963356,20.7953606617574,59.5084546345782,>30\%
rz1max,ti6al4v,gri,fusion,red,1,100.018750272023,100.018750272023,100.018750272023,100.018750272023,20.7953606617574,79.2233896102656,>100\%
rz1max,ti6al4v,gri,int,blue,1,36.2118204857024,36.2118204857024,36.2118204857024,36.2118204857024,20.7953606617574,15.416459823944997,>30\%
rz1max,ti6al4v,gri,int,green,1,22.7005444217131,22.7005444217131,22.7005444217131,22.7005444217131,20.7953606617574,1.905183759955701,10--30\%
rz1max,ti6al4v,gri,int,red,1,29.345098152064,29.345098152064,29.345098152064,29.345098152064,20.7953606617574,8.549737490306601,10--30\%
rz1max,ti6al4v,gri,int,white,1,20.7953606617574,20.7953606617574,20.7953606617574,20.7953606617574,20.7953606617574,0,10--30\%
rz1max,ti6al4v,hon,FV,blue,1,48.9255006342268,48.9255006342268,48.9255006342268,48.9255006342268,10.9290280222959,37.9964726119309,>30\%
rz1max,ti6al4v,hon,FV,green,1,42.874007119477,42.874007119477,42.874007119477,42.874007119477,10.9290280222959,31.944979097181097,>30\%
rz1max,ti6al4v,hon,FV,red,1,91.884167869774,91.884167869774,91.884167869774,91.884167869774,10.9290280222959,80.95513984747811,>30\%
rz1max,ti6al4v,hon,conf,blue,1,18.4607041511411,18.4607041511411,18.4607041511411,18.4607041511411,10.9290280222959,7.5316761288452,10--30\%
rz1max,ti6al4v,hon,conf,green,1,37.746304446087,37.746304446087,37.746304446087,37.746304446087,10.9290280222959,26.8172764237911,>30\%
rz1max,ti6al4v,hon,conf,red,1,53.8492349267672,53.8492349267672,53.8492349267672,53.8492349267672,10.9290280222959,42.9202069044713,>30\%
rz1max,ti6al4v,hon,fusion,blue,1,74.3558332941285,74.3558332941285,74.3558332941285,74.3558332941285,10.9290280222959,63.4268052718326,>30\%
rz1max,ti6al4v,hon,fusion,green,1,81.7708666173785,81.7708666173785,81.7708666173785,81.7708666173785,10.9290280222959,70.8418385950826,>30\%
rz1max,ti6al4v,hon,fusion,red,1,94.734106360777,94.734106360777,94.734106360777,94.734106360777,10.9290280222959,83.80507833848111,>30\%
rz1max,ti6al4v,hon,int,blue,1,15.0799049510904,15.0799049510904,15.0799049510904,15.0799049510904,10.9290280222959,4.150876928794499,10--30\%
rz1max,ti6al4v,hon,int,green,1,10.9290280222959,10.9290280222959,10.9290280222959,10.9290280222959,10.9290280222959,0,10--30\%
rz1max,ti6al4v,hon,int,red,1,18.3103775690259,18.3103775690259,18.3103775690259,18.3103775690259,10.9290280222959,7.381349546729998,10--30\%
rz1max,ti6al4v,hon,int,white,1,11.3096956689059,11.3096956689059,11.3096956689059,11.3096956689059,10.9290280222959,0.3806676466099983,10--30\%
rz1max,ti6al4v,mf,FV,blue,1,53.6628050255562,53.6628050255562,53.6628050255562,53.6628050255562,2.79035375949262,50.872451266063585,>30\%
rz1max,ti6al4v,mf,FV,green,1,5.53739614808642,5.53739614808642,5.53739614808642,5.53739614808642,2.79035375949262,2.7470423885938,<10\%
rz1max,ti6al4v,mf,FV,red,1,13.0216411263523,13.0216411263523,13.0216411263523,13.0216411263523,2.79035375949262,10.23128736685968,10--30\%
rz1max,ti6al4v,mf,conf,blue,1,32.4539333012413,32.4539333012413,32.4539333012413,32.4539333012413,2.79035375949262,29.66357954174868,>30\%
rz1max,ti6al4v,mf,conf,green,1,55.0182606665416,55.0182606665416,55.0182606665416,55.0182606665416,2.79035375949262,52.22790690704898,>30\%
rz1max,ti6al4v,mf,conf,red,1,75.2574971895257,75.2574971895257,75.2574971895257,75.2574971895257,2.79035375949262,72.46714343003308,>30\%
rz1max,ti6al4v,mf,fusion,blue,1,61.9391232471287,61.9391232471287,61.9391232471287,61.9391232471287,2.79035375949262,59.14876948763608,>30\%
rz1max,ti6al4v,mf,fusion,green,1,84.5054096938581,84.5054096938581,84.5054096938581,84.5054096938581,2.79035375949262,81.71505593436548,>30\%
rz1max,ti6al4v,mf,fusion,red,1,108.978347423088,108.978347423088,108.978347423088,108.978347423088,2.79035375949262,106.18799366359538,>100\%
rz1max,ti6al4v,mf,int,blue,1,4.23443028054614,4.23443028054614,4.23443028054614,4.23443028054614,2.79035375949262,1.4440765210535198,<10\%
rz1max,ti6al4v,mf,int,green,1,13.9393487034752,13.9393487034752,13.9393487034752,13.9393487034752,2.79035375949262,11.148994943982581,10--30\%
rz1max,ti6al4v,mf,int,red,1,2.79035375949262,2.79035375949262,2.79035375949262,2.79035375949262,2.79035375949262,0,<10\%
rz1max,ti6al4v,mf,int,white,1,14.157680763364,14.157680763364,14.157680763364,14.157680763364,2.79035375949262,11.367327003871381,10--30\%
rz1max,ti6al4v,mr,FV,blue,1,37.867410616282,37.867410616282,37.867410616282,37.867410616282,30.0564579250355,7.810952691246502,>30\%
rz1max,ti6al4v,mr,FV,green,1,65.591226799729,65.591226799729,65.591226799729,65.591226799729,30.0564579250355,35.5347688746935,>30\%
rz1max,ti6al4v,mr,FV,red,1,63.1606787175076,63.1606787175076,63.1606787175076,63.1606787175076,30.0564579250355,33.104220792472105,>30\%
rz1max,ti6al4v,mr,conf,blue,1,58.1350328940285,58.1350328940285,58.1350328940285,58.1350328940285,30.0564579250355,28.078574968993,>30\%
rz1max,ti6al4v,mr,conf,green,1,51.4599827775418,51.4599827775418,51.4599827775418,51.4599827775418,30.0564579250355,21.403524852506305,>30\%
rz1max,ti6al4v,mr,conf,red,1,44.1335610454958,44.1335610454958,44.1335610454958,44.1335610454958,30.0564579250355,14.077103120460304,>30\%
rz1max,ti6al4v,mr,fusion,blue,1,45.5864959915009,45.5864959915009,45.5864959915009,45.5864959915009,30.0564579250355,15.530038066465398,>30\%
rz1max,ti6al4v,mr,fusion,green,1,37.3111598398749,37.3111598398749,37.3111598398749,37.3111598398749,30.0564579250355,7.254701914839398,>30\%
rz1max,ti6al4v,mr,fusion,red,1,30.0564579250355,30.0564579250355,30.0564579250355,30.0564579250355,30.0564579250355,0,>30\%
rz1max,ti6al4v,mr,int,blue,1,41.6761056432107,41.6761056432107,41.6761056432107,41.6761056432107,30.0564579250355,11.619647718175198,>30\%
rz1max,ti6al4v,mr,int,green,1,79.138613497351,79.138613497351,79.138613497351,79.138613497351,30.0564579250355,49.0821555723155,>30\%
rz1max,ti6al4v,mr,int,red,1,35.5197022876338,35.5197022876338,35.5197022876338,35.5197022876338,30.0564579250355,5.463244362598299,>30\%
rz1max,ti6al4v,mr,int,white,1,79.0706692184476,79.0706692184476,79.0706692184476,79.0706692184476,30.0564579250355,49.0142112934121,>30\%
rz1max,ti6al4v,tf,FV,blue,1,27.8689884830333,27.8689884830333,27.8689884830333,27.8689884830333,4.59290534175228,23.27608314128102,10--30\%
rz1max,ti6al4v,tf,FV,green,1,35.9539020983195,35.9539020983195,35.9539020983195,35.9539020983195,4.59290534175228,31.360996756567225,>30\%
rz1max,ti6al4v,tf,FV,red,1,23.8150261098303,23.8150261098303,23.8150261098303,23.8150261098303,4.59290534175228,19.22212076807802,10--30\%
rz1max,ti6al4v,tf,conf,blue,1,29.7551591552541,29.7551591552541,29.7551591552541,29.7551591552541,4.59290534175228,25.16225381350182,10--30\%
rz1max,ti6al4v,tf,conf,green,1,20.9935564380238,20.9935564380238,20.9935564380238,20.9935564380238,4.59290534175228,16.400651096271517,10--30\%
rz1max,ti6al4v,tf,conf,red,1,7.18790969699973,7.18790969699973,7.18790969699973,7.18790969699973,4.59290534175228,2.5950043552474504,<10\%
rz1max,ti6al4v,tf,fusion,blue,1,19.1805991007999,19.1805991007999,19.1805991007999,19.1805991007999,4.59290534175228,14.58769375904762,10--30\%
rz1max,ti6al4v,tf,fusion,green,1,10.0850341821001,10.0850341821001,10.0850341821001,10.0850341821001,4.59290534175228,5.492128840347821,10--30\%
rz1max,ti6al4v,tf,fusion,red,1,4.59290534175228,4.59290534175228,4.59290534175228,4.59290534175228,4.59290534175228,0,<10\%
rz1max,ti6al4v,tf,int,blue,1,16.9503583682403,16.9503583682403,16.9503583682403,16.9503583682403,4.59290534175228,12.357453026488018,10--30\%
rz1max,ti6al4v,tf,int,green,1,44.0193718012576,44.0193718012576,44.0193718012576,44.0193718012576,4.59290534175228,39.42646645950532,>30\%
rz1max,ti6al4v,tf,int,red,1,27.3611729866906,27.3611729866906,27.3611729866906,27.3611729866906,4.59290534175228,22.76826764493832,10--30\%
rz1max,ti6al4v,tf,int,white,1,43.7494372938086,43.7494372938086,43.7494372938086,43.7494372938086,4.59290534175228,39.15653195205632,>30\%
rz1max,ti6al4v,tr,FV,blue,1,45.1661550878614,45.1661550878614,45.1661550878614,45.1661550878614,3.10811576805179,42.05803931980961,>30\%
rz1max,ti6al4v,tr,FV,green,1,41.9915401917741,41.9915401917741,41.9915401917741,41.9915401917741,3.10811576805179,38.88342442372231,>30\%
rz1max,ti6al4v,tr,FV,red,1,32.6044307319806,32.6044307319806,32.6044307319806,32.6044307319806,3.10811576805179,29.49631496392881,>30\%
rz1max,ti6al4v,tr,conf,blue,1,40.3078467822876,40.3078467822876,40.3078467822876,40.3078467822876,3.10811576805179,37.19973101423581,>30\%
rz1max,ti6al4v,tr,conf,green,1,26.7866867179997,26.7866867179997,26.7866867179997,26.7866867179997,3.10811576805179,23.67857094994791,10--30\%
rz1max,ti6al4v,tr,conf,red,1,16.7810474196782,16.7810474196782,16.7810474196782,16.7810474196782,3.10811576805179,13.67293165162641,10--30\%
rz1max,ti6al4v,tr,fusion,blue,1,25.4728185436065,25.4728185436065,25.4728185436065,25.4728185436065,3.10811576805179,22.36470277555471,10--30\%
rz1max,ti6al4v,tr,fusion,green,1,13.4666795322812,13.4666795322812,13.4666795322812,13.4666795322812,3.10811576805179,10.358563764229409,10--30\%
rz1max,ti6al4v,tr,fusion,red,1,3.10811576805179,3.10811576805179,3.10811576805179,3.10811576805179,3.10811576805179,0,<10\%
rz1max,ti6al4v,tr,int,blue,1,34.0845527665174,34.0845527665174,34.0845527665174,34.0845527665174,3.10811576805179,30.97643699846561,>30\%
rz1max,ti6al4v,tr,int,green,1,48.2057457658275,48.2057457658275,48.2057457658275,48.2057457658275,3.10811576805179,45.09762999777571,>30\%
rz1max,ti6al4v,tr,int,red,1,45.8673458698485,45.8673458698485,45.8673458698485,45.8673458698485,3.10811576805179,42.75923010179671,>30\%
rz1max,ti6al4v,tr,int,white,1,47.6900372385072,47.6900372385072,47.6900372385072,47.6900372385072,3.10811576805179,44.58192147045541,>30\%
rz1max,ti6al4v,wedm_f,FV,blue,1,43.9390632804265,43.9390632804265,43.9390632804265,43.9390632804265,12.4826441242981,31.456419156128405,>30\%
rz1max,ti6al4v,wedm_f,FV,green,1,30.2933428906755,30.2933428906755,30.2933428906755,30.2933428906755,12.4826441242981,17.8106987663774,>30\%
rz1max,ti6al4v,wedm_f,FV,red,1,69.5505738047153,69.5505738047153,69.5505738047153,69.5505738047153,12.4826441242981,57.0679296804172,>30\%
rz1max,ti6al4v,wedm_f,conf,blue,1,74.7482748695834,74.7482748695834,74.7482748695834,74.7482748695834,12.4826441242981,62.2656307452853,>30\%
rz1max,ti6al4v,wedm_f,conf,green,1,101.694624615249,101.694624615249,101.694624615249,101.694624615249,12.4826441242981,89.211980490950893,>100\%
rz1max,ti6al4v,wedm_f,conf,red,1,127.467419422946,127.467419422946,127.467419422946,127.467419422946,12.4826441242981,114.98477529864789,>100\%
rz1max,ti6al4v,wedm_f,fusion,blue,1,161.46596119573,161.46596119573,161.46596119573,161.46596119573,12.4826441242981,148.98331707143188,>100\%
rz1max,ti6al4v,wedm_f,fusion,green,1,173.080643840416,173.080643840416,173.080643840416,173.080643840416,12.4826441242981,160.5979997161179,>100\%
rz1max,ti6al4v,wedm_f,fusion,red,1,213.430355974186,213.430355974186,213.430355974186,213.430355974186,12.4826441242981,200.9477118498879,>100\%
rz1max,ti6al4v,wedm_f,int,blue,1,12.4826441242981,12.4826441242981,12.4826441242981,12.4826441242981,12.4826441242981,0,10--30\%
rz1max,ti6al4v,wedm_f,int,green,1,31.965715943883,31.965715943883,31.965715943883,31.965715943883,12.4826441242981,19.4830718195849,>30\%
rz1max,ti6al4v,wedm_f,int,red,1,30.7874082285084,30.7874082285084,30.7874082285084,30.7874082285084,12.4826441242981,18.3047641042103,>30\%
rz1max,ti6al4v,wedm_f,int,white,1,32.7983290095981,32.7983290095981,32.7983290095981,32.7983290095981,12.4826441242981,20.3156848853,>30\%
rz1max,ti6al4v,wedm_r,FV,blue,1,14.1484167448286,14.1484167448286,14.1484167448286,14.1484167448286,6.93535732127715,7.213059423551449,10--30\%
rz1max,ti6al4v,wedm_r,FV,green,1,12.8129240241401,12.8129240241401,12.8129240241401,12.8129240241401,6.93535732127715,5.87756670286295,10--30\%
rz1max,ti6al4v,wedm_r,FV,red,1,10.9335553324066,10.9335553324066,10.9335553324066,10.9335553324066,6.93535732127715,3.9981980111294497,10--30\%
rz1max,ti6al4v,wedm_r,conf,blue,1,18.14904845926,18.14904845926,18.14904845926,18.14904845926,6.93535732127715,11.21369113798285,10--30\%
rz1max,ti6al4v,wedm_r,conf,green,1,55.6187777850388,55.6187777850388,55.6187777850388,55.6187777850388,6.93535732127715,48.68342046376165,>30\%
rz1max,ti6al4v,wedm_r,conf,red,1,79.360527018313,79.360527018313,79.360527018313,79.360527018313,6.93535732127715,72.42516969703584,>30\%
rz1max,ti6al4v,wedm_r,fusion,blue,1,85.2328381003585,85.2328381003585,85.2328381003585,85.2328381003585,6.93535732127715,78.29748077908135,>30\%
rz1max,ti6al4v,wedm_r,fusion,green,1,154.750768633658,154.750768633658,154.750768633658,154.750768633658,6.93535732127715,147.81541131238086,>100\%
rz1max,ti6al4v,wedm_r,fusion,red,1,169.081185561928,169.081185561928,169.081185561928,169.081185561928,6.93535732127715,162.14582824065087,>100\%
rz1max,ti6al4v,wedm_r,int,blue,1,27.4945196140741,27.4945196140741,27.4945196140741,27.4945196140741,6.93535732127715,20.559162292796948,10--30\%
rz1max,ti6al4v,wedm_r,int,green,1,6.93535732127715,6.93535732127715,6.93535732127715,6.93535732127715,6.93535732127715,0,<10\%
rz1max,ti6al4v,wedm_r,int,red,1,7.92286096750778,7.92286096750778,7.92286096750778,7.92286096750778,6.93535732127715,0.9875036462306293,<10\%
rz1max,ti6al4v,wedm_r,int,white,1,8.0703676905882,8.0703676905882,8.0703676905882,8.0703676905882,6.93535732127715,1.1350103693110487,<10\%
